wall_time,step,value
1777979710.291290,0,0.001000000047
1777979711.729164,1,0.001000000047
1777979712.998557,2,0.001000000047
1777979714.120512,3,0.001000000047
1777979715.389668,4,0.001000000047
1777979716.356686,5,0.001000000047
1777979717.415724,6,0.001000000047
1777979718.635415,7,0.001000000047
1777979720.160614,8,0.001000000047
1777979721.793446,9,0.001000000047
1777979723.283070,10,0.001000000047
1777979724.674027,11,0.001000000047
1777979725.788115,12,0.001000000047
1777979726.868163,13,0.001000000047
1777979728.290968,14,0.001000000047
1777979729.392771,15,0.001000000047
1777979730.594124,16,0.001000000047
1777979732.290542,17,0.001000000047
1777979733.408367,18,0.001000000047
1777979734.732342,19,0.001000000047
1777979736.094831,20,0.001000000047
1777979737.288624,21,0.001000000047
1777979738.458450,22,0.001000000047
1777979739.760427,23,0.001000000047
1777979741.231995,24,0.001000000047
1777979742.545185,25,0.001000000047
1777979743.808770,26,0.001000000047
1777979745.076959,27,0.001000000047
1777979746.383917,28,0.001000000047
1777979747.524396,29,0.001000000047
1777979748.858010,30,0.001000000047
1777979750.073448,31,0.001000000047
1777979751.276439,32,0.001000000047
1777979752.619537,33,0.001000000047
1777979753.954370,34,0.001000000047
1777979755.214524,35,0.001000000047
1777979756.435636,36,0.001000000047
1777979757.674436,37,0.001000000047
1777979758.948541,38,0.001000000047
1777979760.176877,39,0.001000000047
1777979761.523487,40,0.001000000047
1777979762.838772,41,0.001000000047
1777979764.092669,42,0.001000000047
1777979765.358868,43,0.001000000047
1777979766.754277,44,0.001000000047
1777979768.043219,45,0.001000000047
1777979769.414074,46,0.001000000047
1777979770.651566,47,0.001000000047
1777979794.497409,48,0.001000000047
1777979795.334067,49,0.001000000047
1777979796.073974,50,0.001000000047
1777979797.011503,51,0.001000000047
1777979797.816750,52,0.001000000047
1777979798.657101,53,0.001000000047
1777979799.546092,54,0.001000000047
1777979800.414707,55,0.001000000047
1777979801.221125,56,0.001000000047
1777979802.132204,57,0.001000000047
1777979802.954550,58,0.001000000047
1777979803.820506,59,0.001000000047
1777979804.613456,60,0.001000000047
1777979805.478556,61,0.001000000047
1777979806.276129,62,0.001000000047
1777979807.131953,63,0.001000000047
1777979807.894727,64,0.001000000047
1777979808.777339,65,0.001000000047
1777979809.634470,66,0.001000000047
1777979810.420888,67,0.001000000047
1777979811.279095,68,0.001000000047
1777979812.072143,69,0.001000000047
1777979812.946737,70,0.001000000047
1777979813.875046,71,0.001000000047
1777979814.697026,72,0.001000000047
1777979815.476484,73,0.001000000047
1777979816.269168,74,0.001000000047
1777979817.112042,75,0.001000000047
1777979817.955290,76,0.001000000047
1777979818.792685,77,0.001000000047
1777979819.644655,78,0.001000000047
1777979820.481219,79,0.001000000047
1777979821.270124,80,0.001000000047
1777979822.171917,81,0.001000000047
1777979822.988562,82,0.001000000047
1777979823.784022,83,0.001000000047
1777979824.594410,84,0.001000000047
1777979825.380579,85,0.001000000047
1777979826.187913,86,0.001000000047
1777979826.990231,87,0.001000000047
1777979827.773372,88,0.001000000047
1777979828.534890,89,0.001000000047
1777979829.337646,90,0.001000000047
1777979830.121015,91,0.001000000047
1777979830.987238,92,0.001000000047
1777979831.771369,93,0.001000000047
1777979832.528841,94,0.001000000047
1777979833.295732,95,0.001000000047
1777979834.088670,96,0.001000000047
1777979834.915602,97,0.001000000047
1777979835.807432,98,0.001000000047
1777979836.649859,99,0.001000000047
1777979837.497656,100,0.001000000047
1777979838.366061,101,0.001000000047
1777979839.242965,102,0.001000000047
1777979840.088677,103,0.001000000047
1777979840.840536,104,0.001000000047
1777979841.627268,105,0.001000000047
1777979842.374054,106,0.001000000047
1777979843.256077,107,0.001000000047
1777979844.128390,108,0.001000000047
1777979844.966514,109,0.001000000047
1777979845.804724,110,0.001000000047
1777979846.715038,111,0.001000000047
1777979847.559482,112,0.001000000047
1777979848.523587,113,0.001000000047
1777979849.353813,114,0.001000000047
1777979850.172347,115,0.001000000047
1777979850.920118,116,0.001000000047
1777979851.754291,117,0.001000000047
1777979852.545426,118,0.001000000047
1777979853.409683,119,0.001000000047
1777979854.300508,120,0.001000000047
1777979855.130141,121,0.001000000047
1777979856.005748,122,0.001000000047
1777979856.920872,123,0.001000000047
1777979857.811101,124,0.001000000047
1777979858.655598,125,0.001000000047
1777979859.563326,126,0.001000000047
1777979860.434184,127,0.001000000047
1777979861.309436,128,0.001000000047
1777979862.130580,129,0.001000000047
1777979862.918413,130,0.001000000047
1777979863.634101,131,0.001000000047
1777979864.504531,132,0.001000000047
1777979865.289866,133,0.001000000047
1777979866.081561,134,0.001000000047
1777979866.934316,135,0.001000000047
1777979867.803811,136,0.001000000047
1777979868.608657,137,0.001000000047
1777979869.472824,138,0.001000000047
1777979870.312655,139,0.001000000047
1777979871.207444,140,0.001000000047
1777979872.007596,141,0.001000000047
1777979872.836646,142,0.001000000047
1777979873.698999,143,0.001000000047
1777979874.436285,144,0.001000000047
1777979875.237850,145,0.001000000047
1777979876.025524,146,0.001000000047
1777979876.706294,147,0.001000000047
1777979877.615680,148,0.001000000047
1777979878.486389,149,0.001000000047
1777979879.453837,150,0.001000000047
1777979880.243602,151,0.001000000047
1777979881.076780,152,0.001000000047
1777979881.930284,153,0.001000000047
1777979882.827477,154,0.001000000047
1777979883.620925,155,0.001000000047
1777979884.536499,156,0.001000000047
1777979885.401703,157,0.001000000047
1777979886.264335,158,0.001000000047
1777979887.110532,159,0.001000000047
1777979887.911305,160,0.001000000047
1777979888.778662,161,0.001000000047
1777979889.676760,162,0.001000000047
1777979890.534342,163,0.001000000047
1777979891.323761,164,0.001000000047
1777979892.164609,165,0.001000000047
1777979893.100389,166,0.001000000047
1777979893.937850,167,0.001000000047
1777979894.876509,168,0.001000000047
1777979895.734184,169,0.001000000047
1777979896.557095,170,0.001000000047
1777979897.368979,171,0.001000000047
1777979898.191535,172,0.001000000047
1777979899.064933,173,0.001000000047
1777979900.033201,174,0.001000000047
1777979900.957842,175,0.001000000047
1777979901.746475,176,0.001000000047
1777979902.552345,177,0.001000000047
1777979903.540050,178,0.001000000047
1777979904.380167,179,0.001000000047
1777979905.224385,180,0.001000000047
1777979906.139099,181,0.001000000047
1777979907.015009,182,0.001000000047
1777979907.816205,183,0.001000000047
1777979908.677720,184,0.001000000047
1777979909.429469,185,0.001000000047
1777979922.422140,186,0.001000000047
1777979923.278349,187,0.001000000047
1777979924.126317,188,0.001000000047
1777979924.921824,189,0.001000000047
1777979925.770279,190,0.001000000047
1777979926.765863,191,0.001000000047
1777979927.575149,192,0.001000000047
1777979928.404604,193,0.001000000047
1777979929.205326,194,0.001000000047
1777979929.998038,195,0.001000000047
1777979930.901219,196,0.001000000047
1777979931.808717,197,0.001000000047
1777979932.848584,198,0.001000000047
1777979933.682404,199,0.001000000047
1777979934.728525,200,0.001000000047
1777979936.175363,201,0.001000000047
1777979937.485694,202,0.001000000047
1777979938.740277,203,0.001000000047
1777979939.909431,204,0.001000000047
1777979941.279811,205,0.001000000047
1777979942.527608,206,0.001000000047
1777979943.785912,207,0.001000000047
1777979945.086296,208,0.001000000047
1777979946.314348,209,0.001000000047
1777979947.557531,210,0.001000000047
1777979948.686583,211,0.001000000047
1777979949.880880,212,0.001000000047
1777979962.708630,213,0.001000000047
1777979963.635651,214,0.001000000047
1777979964.386480,215,0.001000000047
1777979965.237106,216,0.001000000047
1777979966.104366,217,0.001000000047
1777979966.934480,218,0.001000000047
1777979967.824856,219,0.001000000047
1777979968.673574,220,0.001000000047
1777979969.498296,221,0.001000000047
1777979970.444464,222,0.001000000047
1777979971.212714,223,0.001000000047
1777979972.064263,224,0.001000000047
1777979972.957577,225,0.001000000047
1777979973.782083,226,0.001000000047
1777979974.609101,227,0.001000000047
1777979975.499854,228,0.001000000047
1777979976.350369,229,0.001000000047
1777979977.181825,230,0.001000000047
1777979978.031802,231,0.001000000047
1777979978.879702,232,0.001000000047
1777979979.753191,233,0.001000000047
1777979980.613431,234,0.001000000047
1777979981.429493,235,0.001000000047
1777979982.224586,236,0.001000000047
1777979983.073731,237,0.001000000047
1777979983.990647,238,0.001000000047
1777979984.888466,239,0.001000000047
1777979985.803305,240,0.001000000047
1777979986.670052,241,0.001000000047
1777979987.523563,242,0.001000000047
1777979988.454464,243,0.001000000047
1777979989.354684,244,0.001000000047
1777979990.291359,245,0.001000000047
1777979991.075783,246,0.001000000047
1777979992.008972,247,0.001000000047
1777979992.852033,248,0.001000000047
1777979993.784331,249,0.001000000047
1777979994.719787,250,0.001000000047
1777979995.524611,251,0.001000000047
1777979996.379833,252,0.001000000047
1777979997.256745,253,0.001000000047
1777979998.045493,254,0.001000000047
1777979998.847995,255,0.001000000047
1777979999.637461,256,0.001000000047
1777980000.500468,257,0.001000000047
1777980001.312851,258,0.001000000047
1777980002.164314,259,0.001000000047
1777980002.985655,260,0.001000000047
1777980003.761509,261,0.001000000047
1777980004.721951,262,0.001000000047
1777980005.512445,263,0.001000000047
1777980006.366835,264,0.001000000047
1777980007.174471,265,0.001000000047
1777980007.992179,266,0.001000000047
1777980008.776026,267,0.001000000047
1777980009.629869,268,0.001000000047
1777980010.446121,269,0.001000000047
1777980011.282991,270,0.001000000047
1777980012.127830,271,0.001000000047
1777980012.980379,272,0.001000000047
1777980013.871755,273,0.001000000047
1777980014.654953,274,0.001000000047
1777980015.519400,275,0.001000000047
1777980016.324773,276,0.001000000047
1777980017.149398,277,0.001000000047
1777980018.049025,278,0.001000000047
1777980018.906353,279,0.001000000047
1777980019.735508,280,0.001000000047
1777980020.576152,281,0.001000000047
1777980021.410563,282,0.001000000047
1777980022.211779,283,0.001000000047
1777980023.128738,284,0.001000000047
1777980023.966585,285,0.001000000047
1777980024.857160,286,0.001000000047
1777980025.740130,287,0.001000000047
1777980026.580090,288,0.001000000047
1777980027.432548,289,0.001000000047
1777980028.355394,290,0.001000000047
1777980029.191127,291,0.001000000047
1777980030.009249,292,0.001000000047
1777980030.821455,293,0.001000000047
1777980031.668243,294,0.001000000047
1777980032.507234,295,0.001000000047
1777980033.392919,296,0.001000000047
1777980034.166208,297,0.001000000047
1777980048.319873,298,0.001000000047
1777980049.161899,299,0.001000000047
1777980049.975651,300,0.001000000047
1777980050.830539,301,0.001000000047
1777980051.720560,302,0.001000000047
1777980052.589258,303,0.001000000047
1777980053.516190,304,0.001000000047
1777980054.336317,305,0.001000000047
1777980055.192844,306,0.001000000047
1777980056.063914,307,0.001000000047
1777980056.931046,308,0.001000000047
1777980057.738111,309,0.001000000047
1777980058.674868,310,0.001000000047
1777980059.501986,311,0.001000000047
1777980060.443117,312,0.001000000047
1777980061.269455,313,0.001000000047
1777980062.125757,314,0.001000000047
1777980062.988228,315,0.001000000047
1777980063.880896,316,0.001000000047
1777980064.688502,317,0.001000000047
1777980065.616629,318,0.001000000047
1777980066.477537,319,0.001000000047
1777980067.303570,320,0.001000000047
1777980068.239213,321,0.001000000047
1777980069.112706,322,0.001000000047
1777980069.890431,323,0.001000000047
1777980070.630834,324,0.001000000047
1777980071.527783,325,0.001000000047
1777980072.391781,326,0.001000000047
1777980073.202018,327,0.001000000047
1777980074.024100,328,0.001000000047
1777980087.857842,329,0.001000000047
1777980088.687684,330,0.001000000047
1777980089.584220,331,0.001000000047
1777980090.414366,332,0.001000000047
1777980091.231846,333,0.001000000047
1777980092.079948,334,0.001000000047
1777980092.918313,335,0.001000000047
1777980093.709406,336,0.001000000047
1777980094.550700,337,0.001000000047
1777980095.396144,338,0.001000000047
1777980096.260747,339,0.001000000047
1777980097.129522,340,0.001000000047
1777980098.136745,341,0.001000000047
1777980098.975934,342,0.001000000047
1777980099.893481,343,0.001000000047
1777980100.741726,344,0.001000000047
1777980101.587239,345,0.001000000047
1777980102.479529,346,0.001000000047
1777980103.357030,347,0.001000000047
1777980104.204690,348,0.001000000047
1777980104.953052,349,0.001000000047
1777980105.753873,350,0.001000000047
1777980106.688970,351,0.001000000047
1777980107.548301,352,0.001000000047
1777980108.474294,353,0.001000000047
1777980109.330598,354,0.001000000047
1777980110.227174,355,0.001000000047
1777980111.097190,356,0.001000000047
1777980111.996116,357,0.001000000047
1777980112.867596,358,0.001000000047
1777980113.806744,359,0.001000000047
1777980114.658145,360,0.001000000047
1777980115.568620,361,0.001000000047
1777980116.473118,362,0.001000000047
1777980117.207989,363,0.001000000047
1777980118.031209,364,0.001000000047
1777980118.912340,365,0.001000000047
1777980119.695076,366,0.001000000047
1777980120.522537,367,0.001000000047
1777980121.304310,368,0.001000000047
1777980122.158361,369,0.001000000047
1777980123.059154,370,0.001000000047
1777980123.932816,371,0.001000000047
1777980124.783474,372,0.001000000047
1777980125.675776,373,0.001000000047
1777980126.533519,374,0.001000000047
1777980127.404196,375,0.001000000047
1777980128.243366,376,0.001000000047
1777980129.111262,377,0.001000000047
1777980129.985380,378,0.001000000047
1777980130.760549,379,0.001000000047
1777980131.653859,380,0.001000000047
1777980132.411656,381,0.001000000047
1777980133.255616,382,0.001000000047
1777980134.039657,383,0.001000000047
1777980134.899626,384,0.001000000047
1777980135.839890,385,0.001000000047
1777980136.733700,386,0.001000000047
1777980137.626034,387,0.001000000047
1777980138.472534,388,0.001000000047
1777980139.305199,389,0.001000000047
1777980140.113281,390,0.001000000047
1777980140.909216,391,0.001000000047
1777980141.811017,392,0.001000000047
1777980142.685472,393,0.001000000047
1777980143.519191,394,0.001000000047
1777980144.330867,395,0.001000000047
1777980145.148962,396,0.001000000047
1777980145.940230,397,0.001000000047
1777980146.742918,398,0.001000000047
1777980147.617735,399,0.001000000047
1777980148.454185,400,0.001000000047
1777980149.329437,401,0.001000000047
1777980150.187948,402,0.001000000047
1777980151.115422,403,0.001000000047
1777980151.920510,404,0.001000000047
1777980152.807232,405,0.001000000047
1777980153.675149,406,0.001000000047
1777980154.501269,407,0.001000000047
1777980155.281254,408,0.001000000047
1777980156.150379,409,0.001000000047
1777980156.988437,410,0.001000000047
1777980157.809648,411,0.001000000047
1777980158.738178,412,0.001000000047
1777980159.533047,413,0.001000000047
1777980160.417868,414,0.001000000047
1777980161.241347,415,0.001000000047
1777980162.008009,416,0.001000000047
1777980162.839775,417,0.001000000047
1777980163.698343,418,0.001000000047
1777980164.576771,419,0.001000000047
1777980165.495628,420,0.001000000047
1777980166.303837,421,0.001000000047
1777980167.150204,422,0.001000000047
1777980168.071439,423,0.001000000047
1777980168.837116,424,0.001000000047
1777980169.733551,425,0.001000000047
1777980170.626876,426,0.001000000047
1777980171.492903,427,0.001000000047
1777980172.301338,428,0.001000000047
1777980173.170316,429,0.001000000047
1777980173.935190,430,0.001000000047
1777980174.772083,431,0.001000000047
1777980175.589362,432,0.001000000047
1777980176.385094,433,0.001000000047
1777980177.310652,434,0.001000000047
1777980178.033328,435,0.001000000047
1777980178.812643,436,0.001000000047
1777980179.625199,437,0.001000000047
1777980180.413689,438,0.001000000047
1777980181.294015,439,0.001000000047
1777980182.217415,440,0.001000000047
1777980183.043420,441,0.001000000047
1777980183.819505,442,0.001000000047
1777980184.642989,443,0.001000000047
1777980185.567219,444,0.001000000047
1777980186.340120,445,0.001000000047
1777980187.199388,446,0.001000000047
1777980188.103801,447,0.001000000047
1777980188.907166,448,0.001000000047
1777980189.735603,449,0.001000000047
1777980190.620887,450,0.001000000047
1777980191.498839,451,0.001000000047
1777980192.387400,452,0.001000000047
1777980193.244144,453,0.001000000047
1777980194.151089,454,0.001000000047
1777980195.001959,455,0.001000000047
1777980195.886737,456,0.001000000047
1777980196.729856,457,0.001000000047
1777980197.580003,458,0.001000000047
1777980198.374809,459,0.001000000047
1777980199.202598,460,0.001000000047
1777980200.058675,461,0.001000000047
1777980200.885626,462,0.001000000047
1777980201.746281,463,0.001000000047
1777980202.572992,464,0.001000000047
1777980203.406157,465,0.001000000047
1777980204.172960,466,0.001000000047
1777980205.047734,467,0.001000000047
1777980205.817868,468,0.001000000047
1777980206.610037,469,0.001000000047
1777980207.451411,470,0.001000000047
1777980208.289380,471,0.001000000047
1777980209.189853,472,0.001000000047
1777980210.085454,473,0.001000000047
1777980210.877805,474,0.001000000047
1777980211.717519,475,0.001000000047
1777980212.500871,476,0.001000000047
1777980213.327310,477,0.001000000047
1777980214.249853,478,0.001000000047
1777980215.070505,479,0.001000000047
1777980215.896769,480,0.001000000047
1777980216.765931,481,0.001000000047
1777980217.738157,482,0.001000000047
1777980218.557658,483,0.001000000047
1777980219.356961,484,0.001000000047
1777980220.185925,485,0.001000000047
1777980221.048803,486,0.001000000047
1777980221.933779,487,0.001000000047
1777980222.856894,488,0.001000000047
1777980223.725489,489,0.001000000047
1777980224.613591,490,0.001000000047
1777980225.536329,491,0.001000000047
1777980226.380268,492,0.001000000047
1777980227.204492,493,0.001000000047
1777980228.031941,494,0.001000000047
1777980228.850728,495,0.001000000047
1777980229.709056,496,0.001000000047
1777980230.568408,497,0.001000000047
1777980231.418679,498,0.001000000047
1777980232.291779,499,0.001000000047
1777980233.111665,500,0.001000000047
1777980233.983284,501,0.001000000047
1777980234.809247,502,0.001000000047
1777980235.642085,503,0.001000000047
1777980236.533106,504,0.001000000047
1777980237.339881,505,0.001000000047
1777980238.159428,506,0.001000000047
1777980238.993722,507,0.001000000047
1777980239.902393,508,0.001000000047
1777980240.767510,509,0.001000000047
1777980241.737327,510,0.001000000047
1777980242.501814,511,0.001000000047
1777980243.365089,512,0.001000000047
1777980244.191048,513,0.001000000047
1777980245.003454,514,0.001000000047
1777980245.886772,515,0.001000000047
1777980246.746709,516,0.001000000047
1777980247.656253,517,0.001000000047
1777980248.519461,518,0.001000000047
1777980249.317940,519,0.001000000047
1777980250.150672,520,0.001000000047
1777980251.047230,521,0.001000000047
1777980251.896168,522,0.001000000047
1777980252.798468,523,0.001000000047
1777980253.620902,524,0.001000000047
1777980254.456854,525,0.001000000047
1777980255.294407,526,0.001000000047
1777980256.133353,527,0.001000000047
1777980256.982685,528,0.001000000047
1777980257.870579,529,0.001000000047
1777980258.736334,530,0.001000000047
1777980259.925901,531,0.001000000047
1777980260.765837,532,0.001000000047
1777980261.594133,533,0.001000000047
1777980262.431304,534,0.001000000047
1777980263.267714,535,0.001000000047
1777980264.133988,536,0.001000000047
1777980264.944502,537,0.001000000047
1777980265.847094,538,0.001000000047
1777980266.608122,539,0.001000000047
1777980267.538997,540,0.001000000047
1777980268.314078,541,0.001000000047
1777980269.200232,542,0.001000000047
1777980270.066555,543,0.001000000047
1777980270.902280,544,0.001000000047
1777980271.780636,545,0.001000000047
1777980272.636675,546,0.001000000047
1777980273.484345,547,0.001000000047
1777980274.404769,548,0.001000000047
1777980275.324023,549,0.001000000047
1777980276.205702,550,0.001000000047
1777980277.101516,551,0.001000000047
1777980277.931687,552,0.001000000047
1777980278.765357,553,0.001000000047
1777980279.654474,554,0.001000000047
1777980280.566238,555,0.001000000047
1777980281.437260,556,0.001000000047
1777980282.289724,557,0.001000000047
1777980283.157130,558,0.001000000047
1777980284.084285,559,0.001000000047
1777980285.025963,560,0.001000000047
1777980285.961506,561,0.001000000047
1777980286.784077,562,0.001000000047
1777980287.786427,563,0.001000000047
1777980288.666322,564,0.001000000047
1777980289.595479,565,0.001000000047
1777980290.429605,566,0.001000000047
1777980291.262212,567,0.001000000047
1777980292.164915,568,0.001000000047
1777980292.952035,569,0.001000000047
1777980293.873383,570,0.001000000047
1777980294.757379,571,0.001000000047
1777980295.642158,572,0.001000000047
1777980296.531972,573,0.001000000047
1777980297.354657,574,0.001000000047
1777980298.131613,575,0.001000000047
1777980298.955691,576,0.001000000047
1777980299.877901,577,0.001000000047
1777980300.661168,578,0.001000000047
1777980301.503885,579,0.001000000047
1777980302.382074,580,0.001000000047
1777980303.226188,581,0.001000000047
1777980303.977565,582,0.001000000047
1777980304.811205,583,0.001000000047
1777980305.668261,584,0.001000000047
1777980306.469925,585,0.001000000047
1777980307.300183,586,0.001000000047
1777980308.096293,587,0.001000000047
1777980308.921740,588,0.001000000047
1777980309.754915,589,0.001000000047
1777980310.623278,590,0.001000000047
1777980311.507739,591,0.001000000047
1777980312.333487,592,0.001000000047
1777980313.207498,593,0.001000000047
1777980314.013479,594,0.001000000047
1777980314.803370,595,0.001000000047
1777980315.684236,596,0.001000000047
1777980316.492265,597,0.001000000047
1777980317.454439,598,0.001000000047
1777980318.293250,599,0.001000000047
1777980319.160312,600,0.001000000047
1777980319.973927,601,0.001000000047
1777980320.891770,602,0.001000000047
1777980321.744056,603,0.001000000047
1777980322.575831,604,0.001000000047
1777980323.346629,605,0.001000000047
1777980324.157491,606,0.001000000047
1777980325.011867,607,0.001000000047
1777980325.855522,608,0.001000000047
1777980326.641828,609,0.001000000047
1777980327.444213,610,0.001000000047
1777980328.255759,611,0.001000000047
1777980329.109457,612,0.001000000047
1777980330.034878,613,0.001000000047
1777980330.904505,614,0.001000000047
1777980331.689440,615,0.001000000047
1777980332.585960,616,0.001000000047
1777980333.424771,617,0.001000000047
1777980334.298497,618,0.001000000047
1777980335.071429,619,0.001000000047
1777980335.915055,620,0.001000000047
1777980336.794722,621,0.001000000047
1777980337.684065,622,0.001000000047
1777980338.575182,623,0.001000000047
1777980339.431129,624,0.001000000047
1777980340.306824,625,0.001000000047
1777980341.234917,626,0.001000000047
1777980342.083464,627,0.001000000047
1777980342.970295,628,0.001000000047
1777980343.751301,629,0.001000000047
1777980344.572052,630,0.001000000047
1777980345.415123,631,0.001000000047
1777980346.209427,632,0.001000000047
1777980347.056520,633,0.001000000047
1777980347.864311,634,0.001000000047
1777980348.741627,635,0.001000000047
1777980349.717799,636,0.001000000047
1777980350.554090,637,0.001000000047
1777980351.480983,638,0.001000000047
1777980352.349539,639,0.001000000047
1777980353.181899,640,0.001000000047
1777980354.062666,641,0.001000000047
1777980354.955341,642,0.001000000047
1777980355.835056,643,0.001000000047
1777980356.774724,644,0.001000000047
1777980357.685703,645,0.001000000047
1777980358.470230,646,0.001000000047
1777980359.305480,647,0.001000000047
1777980360.059799,648,0.001000000047
1777980360.862330,649,0.001000000047
1777980361.713663,650,0.001000000047
1777980362.608466,651,0.001000000047
1777980363.421602,652,0.001000000047
1777980364.349819,653,0.001000000047
1777980365.240306,654,0.001000000047
1777980366.089591,655,0.001000000047
1777980366.983454,656,0.001000000047
1777980367.795841,657,0.001000000047
1777980368.651767,658,0.001000000047
1777980369.587606,659,0.001000000047
1777980370.416749,660,0.001000000047
1777980371.232106,661,0.001000000047
1777980372.080013,662,0.001000000047
1777980372.920935,663,0.001000000047
1777980373.751993,664,0.001000000047
1777980374.665913,665,0.001000000047
1777980375.458430,666,0.001000000047
1777980376.318274,667,0.001000000047
1777980377.178899,668,0.001000000047
1777980378.055781,669,0.001000000047
1777980378.849681,670,0.001000000047
1777980379.647904,671,0.001000000047
1777980380.622175,672,0.001000000047
1777980381.493857,673,0.001000000047
1777980382.304472,674,0.001000000047
1777980383.123236,675,0.001000000047
1777980384.046820,676,0.001000000047
1777980384.972577,677,0.001000000047
1777980385.812763,678,0.001000000047
1777980386.712270,679,0.001000000047
1777980387.552195,680,0.001000000047
1777980402.275703,681,0.001000000047
1777980403.166023,682,0.001000000047
1777980404.059269,683,0.001000000047
1777980405.022366,684,0.001000000047
1777980405.836612,685,0.001000000047
1777980406.699677,686,0.001000000047
1777980407.589623,687,0.001000000047
1777980408.489211,688,0.001000000047
1777980409.384584,689,0.001000000047
1777980410.330480,690,0.001000000047
1777980411.272004,691,0.001000000047
1777980412.042773,692,0.001000000047
1777980412.943474,693,0.001000000047
1777980413.879513,694,0.001000000047
1777980414.739273,695,0.001000000047
1777980415.616736,696,0.001000000047
1777980416.433197,697,0.001000000047
1777980417.316514,698,0.001000000047
1777980418.168533,699,0.001000000047
1777980419.066867,700,0.001000000047
1777980419.877458,701,0.001000000047
1777980420.782845,702,0.001000000047
1777980421.605448,703,0.001000000047
1777980422.457624,704,0.001000000047
1777980423.343978,705,0.001000000047
1777980424.212076,706,0.001000000047
1777980425.075013,707,0.001000000047
1777980425.936209,708,0.001000000047
1777980426.819324,709,0.001000000047
1777980427.739967,710,0.001000000047
1777980428.611335,711,0.001000000047
1777980429.494439,712,0.001000000047
1777980430.344699,713,0.001000000047
1777980431.214797,714,0.001000000047
1777980432.190294,715,0.001000000047
1777980433.019624,716,0.001000000047
1777980433.819991,717,0.001000000047
1777980434.711159,718,0.001000000047
1777980435.632922,719,0.001000000047
1777980436.554238,720,0.001000000047
1777980437.394384,721,0.001000000047
1777980438.317495,722,0.001000000047
1777980439.145302,723,0.001000000047
1777980440.005560,724,0.001000000047
1777980440.801509,725,0.001000000047
1777980441.714765,726,0.001000000047
1777980442.627574,727,0.001000000047
1777980443.530129,728,0.001000000047
1777980444.423920,729,0.001000000047
1777980445.236974,730,0.001000000047
1777980446.067605,731,0.001000000047
1777980446.973516,732,0.001000000047
1777980447.714597,733,0.001000000047
1777980448.492924,734,0.001000000047
1777980449.426645,735,0.001000000047
1777980450.213379,736,0.001000000047
1777980451.031924,737,0.001000000047
1777980451.903491,738,0.001000000047
1777980452.838629,739,0.001000000047
1777980453.703767,740,0.001000000047
1777980454.528492,741,0.001000000047
1777980455.335059,742,0.001000000047
1777983226.065577,0,0.001000000047
1777983227.005070,1,0.001000000047
1777983227.879859,2,0.001000000047
1777983228.744314,3,0.001000000047
1777983229.547530,4,0.001000000047
1777983230.440640,5,0.001000000047
1777983231.214185,6,0.001000000047
1777983232.112784,7,0.001000000047
1777983233.207034,8,0.001000000047
1777983234.283169,9,0.001000000047
1777983235.308830,10,0.001000000047
1777983236.246804,11,0.001000000047
1777983237.106189,12,0.001000000047
1777983238.136113,13,0.001000000047
1777983238.996333,14,0.001000000047
1777983240.023402,15,0.001000000047
1777983241.092017,16,0.001000000047
1777983241.954650,17,0.001000000047
1777983242.875267,18,0.001000000047
1777983243.869356,19,0.001000000047
1777983244.776911,20,0.001000000047
1777983245.644215,21,0.001000000047
1777983246.434187,22,0.001000000047
1777983247.281226,23,0.001000000047
1777983248.424540,24,0.001000000047
1777983249.334101,25,0.001000000047
1777983250.184259,26,0.001000000047
1777983251.021094,27,0.001000000047
1777983251.921427,28,0.001000000047
1777983252.771551,29,0.001000000047
1777983253.720710,30,0.001000000047
1777983254.548823,31,0.001000000047
1777983255.413921,32,0.001000000047
1777983256.291975,33,0.001000000047
1777983257.199000,34,0.001000000047
1777983258.041202,35,0.001000000047
1777983258.937125,36,0.001000000047
1777983259.823689,37,0.001000000047
1777983260.669044,38,0.001000000047
1777983261.566587,39,0.001000000047
1777983262.712691,40,0.001000000047
1777983263.769128,41,0.001000000047
1777983264.633836,42,0.001000000047
1777983278.668934,43,0.001000000047
1777983279.593894,44,0.001000000047
1777983280.427921,45,0.001000000047
1777983281.332637,46,0.001000000047
1777983282.151215,47,0.001000000047
1777983283.029760,48,0.001000000047
1777983283.887961,49,0.001000000047
1777983284.662787,50,0.001000000047
1777983285.604299,51,0.001000000047
1777983286.433065,52,0.001000000047
1777983287.291219,53,0.001000000047
1777983288.179690,54,0.001000000047
1777983289.066702,55,0.001000000047
1777983289.906350,56,0.001000000047
1777983290.832652,57,0.001000000047
1777983291.678793,58,0.001000000047
1777983292.554981,59,0.001000000047
1777983293.414322,60,0.001000000047
1777983294.354136,61,0.001000000047
1777983295.210648,62,0.001000000047
1777983309.329007,63,0.001000000047
1777983310.161390,64,0.001000000047
1777983311.051198,65,0.001000000047
1777983311.981934,66,0.001000000047
1777983312.838953,67,0.001000000047
1777983313.753919,68,0.001000000047
1777983314.585054,69,0.001000000047
1777983315.497056,70,0.001000000047
1777983316.450851,71,0.001000000047
1777983317.290543,72,0.001000000047
1777983318.082579,73,0.001000000047
1777983318.869963,74,0.001000000047
1777983319.758692,75,0.001000000047
1777983320.629362,76,0.001000000047
1777983321.497326,77,0.001000000047
1777983322.391869,78,0.001000000047
1777983323.291715,79,0.001000000047
1777983324.136864,80,0.001000000047
1777983325.098838,81,0.001000000047
1777983325.979253,82,0.001000000047
1777983326.815937,83,0.001000000047
1777983327.716197,84,0.001000000047
1777983328.587193,85,0.001000000047
1777983329.461333,86,0.001000000047
1777983330.321102,87,0.001000000047
1777983331.200941,88,0.001000000047
1777983332.054335,89,0.001000000047
1777983332.941207,90,0.001000000047
1777983333.804069,91,0.001000000047
1777983334.749584,92,0.001000000047
1777983335.588256,93,0.001000000047
1777983336.423756,94,0.001000000047
1777983337.267891,95,0.001000000047
1777983338.092322,96,0.001000000047
1777983338.935583,97,0.001000000047
1777983339.849774,98,0.001000000047
1777983340.749062,99,0.001000000047
1777983341.623873,100,0.001000000047
1777983342.520243,101,0.001000000047
1777983343.426638,102,0.001000000047
1777983344.328148,103,0.001000000047
1777983345.169966,104,0.001000000047
1777983346.043187,105,0.001000000047
1777983346.850371,106,0.001000000047
1777983347.782235,107,0.001000000047
1777983348.708535,108,0.001000000047
1777983349.587627,109,0.001000000047
1777983350.473696,110,0.001000000047
1777983351.414075,111,0.001000000047
1777983352.312571,112,0.001000000047
1777983353.307445,113,0.001000000047
1777983354.179041,114,0.001000000047
1777983355.032547,115,0.001000000047
1777983355.817633,116,0.001000000047
1777983356.708441,117,0.001000000047
1777983357.557885,118,0.001000000047
1777983358.458343,119,0.001000000047
1777983359.392235,120,0.001000000047
1777983360.281458,121,0.001000000047
1777983361.183667,122,0.001000000047
1777983362.115876,123,0.001000000047
1777983363.046157,124,0.001000000047
1777983363.920737,125,0.001000000047
1777983364.847548,126,0.001000000047
1777983365.737698,127,0.001000000047
1777983366.680402,128,0.001000000047
1777983367.571979,129,0.001000000047
1777983368.431451,130,0.001000000047
1777983369.201331,131,0.001000000047
1777983370.122194,132,0.001000000047
1777983370.965321,133,0.001000000047
1777983371.824944,134,0.001000000047
1777983372.735786,135,0.001000000047
1777983373.668904,136,0.001000000047
1777983374.543612,137,0.001000000047
1777983375.451790,138,0.001000000047
1777983376.368462,139,0.001000000047
1777983377.315726,140,0.001000000047
1777983378.195524,141,0.001000000047
1777983379.120932,142,0.001000000047
1777983380.066228,143,0.001000000047
1777983380.853827,144,0.001000000047
1777983381.698771,145,0.001000000047
1777983382.503861,146,0.001000000047
1777983383.214852,147,0.001000000047
1777983384.149660,148,0.001000000047
1777983385.028599,149,0.001000000047
1777983385.988520,150,0.001000000047
1777983386.813173,151,0.001000000047
1777983387.651857,152,0.001000000047
1777983388.500053,153,0.001000000047
1777983389.378535,154,0.001000000047
1777983390.202680,155,0.001000000047
1777983391.140515,156,0.001000000047
1777983392.051416,157,0.001000000047
1777983392.951950,158,0.001000000047
1777983393.842377,159,0.001000000047
1777983394.647746,160,0.001000000047
1777983395.523499,161,0.001000000047
1777983396.442144,162,0.001000000047
1777983397.334469,163,0.001000000047
1777983398.167884,164,0.001000000047
1777983399.074997,165,0.001000000047
1777983400.060435,166,0.001000000047
1777983400.933514,167,0.001000000047
1777983401.912079,168,0.001000000047
1777983402.747410,169,0.001000000047
1777983403.692429,170,0.001000000047
1777983404.556349,171,0.001000000047
1777983405.435046,172,0.001000000047
1777983406.312079,173,0.001000000047
1777983407.291290,174,0.001000000047
1777983408.257240,175,0.001000000047
1777983409.038162,176,0.001000000047
1777983409.860780,177,0.001000000047
1777983410.872408,178,0.001000000047
1777983411.738072,179,0.001000000047
1777983412.607066,180,0.001000000047
1777983413.553421,181,0.001000000047
1777983414.450245,182,0.001000000047
1777983415.238483,183,0.001000000047
1777983416.099200,184,0.001000000047
1777983416.847236,185,0.001000000047
1777983417.633928,186,0.001000000047
1777983418.493861,187,0.001000000047
1777983419.382056,188,0.001000000047
1777983420.334373,189,0.001000000047
1777983421.367155,190,0.001000000047
1777983422.221024,191,0.001000000047
1777983423.036697,192,0.001000000047
1777983423.872546,193,0.001000000047
1777983424.712017,194,0.001000000047
1777983425.565057,195,0.001000000047
1777983426.504793,196,0.001000000047
1777983427.409555,197,0.001000000047
1777983428.590550,198,0.001000000047
1777983429.461505,199,0.001000000047
1777983430.360053,200,0.001000000047
1777983431.269759,201,0.001000000047
1777983432.160049,202,0.001000000047
1777983433.025528,203,0.001000000047
1777983433.856720,204,0.001000000047
1777983434.766747,205,0.001000000047
1777983435.584981,206,0.001000000047
1777983436.445562,207,0.001000000047
1777983437.388228,208,0.001000000047
1777983438.274372,209,0.001000000047
1777983439.147355,210,0.001000000047
1777983439.972897,211,0.001000000047
1777983440.839341,212,0.001000000047
1777983441.667142,213,0.001000000047
1777983442.500072,214,0.001000000047
1777983443.330752,215,0.001000000047
1777983444.215804,216,0.001000000047
1777983445.133035,217,0.001000000047
1777983446.004125,218,0.001000000047
1777983446.891473,219,0.001000000047
1777983447.753876,220,0.001000000047
1777983448.550972,221,0.001000000047
1777983449.453783,222,0.001000000047
1777983450.238238,223,0.001000000047
1777983451.121325,224,0.001000000047
1777983452.039128,225,0.001000000047
1777983452.867832,226,0.001000000047
1777983453.751766,227,0.001000000047
1777983454.680736,228,0.001000000047
1777983455.574913,229,0.001000000047
1777983456.478452,230,0.001000000047
1777983457.375563,231,0.001000000047
1777983458.259018,232,0.001000000047
1777983459.165537,233,0.001000000047
1777983460.070367,234,0.001000000047
1777983460.948627,235,0.001000000047
1777983461.796973,236,0.001000000047
1777983462.637986,237,0.001000000047
1777983463.555345,238,0.001000000047
1777983464.445878,239,0.001000000047
1777983465.355321,240,0.001000000047
1777983466.221208,241,0.001000000047
1777983467.089330,242,0.001000000047
1777983468.048946,243,0.001000000047
1777983468.911747,244,0.001000000047
1777983469.805460,245,0.001000000047
1777983470.560601,246,0.001000000047
1777983471.480558,247,0.001000000047
1777983472.288823,248,0.001000000047
1777983473.178882,249,0.001000000047
1777983474.083300,250,0.001000000047
1777983474.872790,251,0.001000000047
1777983475.691524,252,0.001000000047
1777983476.539929,253,0.001000000047
1777983477.320425,254,0.001000000047
1777983478.111268,255,0.001000000047
1777983478.905396,256,0.001000000047
1777983479.817655,257,0.001000000047
1777983480.654161,258,0.001000000047
1777983481.494928,259,0.001000000047
1777983482.319535,260,0.001000000047
1777983483.069111,261,0.001000000047
1777983484.007766,262,0.001000000047
1777983484.788835,263,0.001000000047
1777983485.616996,264,0.001000000047
1777983486.404742,265,0.001000000047
1777983487.201358,266,0.001000000047
1777983487.967013,267,0.001000000047
1777983488.792898,268,0.001000000047
1777983489.615728,269,0.001000000047
1777983490.439223,270,0.001000000047
1777983491.267285,271,0.001000000047
1777983492.109766,272,0.001000000047
1777983493.006042,273,0.001000000047
1777983493.767431,274,0.001000000047
1777983494.648086,275,0.001000000047
1777983495.473542,276,0.001000000047
1777983496.334447,277,0.001000000047
1777983497.253747,278,0.001000000047
1777983498.223548,279,0.001000000047
1777983499.076184,280,0.001000000047
1777983499.932239,281,0.001000000047
1777983500.766240,282,0.001000000047
1777983501.629862,283,0.001000000047
1777983502.593921,284,0.001000000047
1777983503.489741,285,0.001000000047
1777983504.440121,286,0.001000000047
1777983505.346776,287,0.001000000047
1777983506.241647,288,0.001000000047
1777983507.110303,289,0.001000000047
1777983508.066000,290,0.001000000047
1777983508.913463,291,0.001000000047
1777983509.777653,292,0.001000000047
1777983510.640818,293,0.001000000047
1777983511.544625,294,0.001000000047
1777983512.421814,295,0.001000000047
1777983513.326894,296,0.001000000047
1777983514.102607,297,0.001000000047
1777983514.976390,298,0.001000000047
1777983515.807862,299,0.001000000047
1777983516.634880,300,0.001000000047
1777983517.526967,301,0.001000000047
1777983518.424497,302,0.001000000047
1777983519.321862,303,0.001000000047
1777983520.273057,304,0.001000000047
1777983521.092185,305,0.001000000047
1777983521.942099,306,0.001000000047
1777983522.811692,307,0.001000000047
1777983523.688921,308,0.001000000047
1777983524.471737,309,0.001000000047
1777983525.425311,310,0.001000000047
1777983526.276765,311,0.001000000047
1777983527.236449,312,0.001000000047
1777983528.077552,313,0.001000000047
1777983528.947117,314,0.001000000047
1777983529.808901,315,0.001000000047
1777983530.751422,316,0.001000000047
1777983531.619155,317,0.001000000047
1777983532.561461,318,0.001000000047
1777983533.443097,319,0.001000000047
1777983534.284106,320,0.001000000047
1777983535.206752,321,0.001000000047
1777983536.104662,322,0.001000000047
1777983536.912836,323,0.001000000047
1777983537.672053,324,0.001000000047
1777983538.576106,325,0.001000000047
1777983539.456650,326,0.001000000047
1777983540.288795,327,0.001000000047
1777983541.149598,328,0.001000000047
1777983542.062489,329,0.001000000047
1777983542.901757,330,0.001000000047
1777983543.782522,331,0.001000000047
1777983544.592655,332,0.001000000047
1777983545.389626,333,0.001000000047
1777983546.266718,334,0.001000000047
1777983547.127204,335,0.001000000047
1777983547.914589,336,0.001000000047
1777983548.721653,337,0.001000000047
1777983549.547755,338,0.001000000047
1777983550.406667,339,0.001000000047
1777983551.260663,340,0.001000000047
1777983552.286152,341,0.001000000047
1777983553.129249,342,0.001000000047
1777983553.997391,343,0.001000000047
1777983554.805006,344,0.001000000047
1777983555.668821,345,0.001000000047
1777983556.563862,346,0.001000000047
1777983557.440243,347,0.001000000047
1777983558.242015,348,0.001000000047
1777983558.929727,349,0.001000000047
1777983559.680458,350,0.001000000047
1777983560.586988,351,0.001000000047
1777983561.398125,352,0.001000000047
1777983562.281076,353,0.001000000047
1777983563.090933,354,0.001000000047
1777983563.968698,355,0.001000000047
1777983564.825665,356,0.001000000047
1777983565.725563,357,0.001000000047
1777983566.584280,358,0.001000000047
1777983567.515479,359,0.001000000047
1777983568.371182,360,0.001000000047
1777983569.278107,361,0.001000000047
1777983570.182489,362,0.001000000047
1777983570.923242,363,0.001000000047
1777983571.738268,364,0.001000000047
1777983572.589864,365,0.001000000047
1777983573.344911,366,0.001000000047
1777983574.140364,367,0.001000000047
1777983574.914600,368,0.001000000047
1777983575.764223,369,0.001000000047
1777983576.642239,370,0.001000000047
1777983577.513901,371,0.001000000047
1777983578.322124,372,0.001000000047
1777983579.186367,373,0.001000000047
1777983580.016928,374,0.001000000047
1777983580.865823,375,0.001000000047
1777983581.697264,376,0.001000000047
1777983582.571471,377,0.001000000047
1777983583.445608,378,0.001000000047
1777983584.204394,379,0.001000000047
1777983585.087382,380,0.001000000047
1777983585.804385,381,0.001000000047
1777983586.618604,382,0.001000000047
1777983587.375952,383,0.001000000047
1777983588.202080,384,0.001000000047
1777983589.104177,385,0.001000000047
1777983589.967394,386,0.001000000047
1777983590.844872,387,0.001000000047
1777983591.669246,388,0.001000000047
1777983592.462451,389,0.001000000047
1777983593.269455,390,0.001000000047
1777983594.037724,391,0.001000000047
1777983594.907843,392,0.001000000047
1777983595.768269,393,0.001000000047
1777983596.566234,394,0.001000000047
1777983597.380316,395,0.001000000047
1777983598.189214,396,0.001000000047
1777983598.974154,397,0.001000000047
1777983599.793076,398,0.001000000047
1777983600.710831,399,0.001000000047
1777983601.572991,400,0.001000000047
1777983602.449413,401,0.001000000047
1777983603.314668,402,0.001000000047
1777983604.254183,403,0.001000000047
1777983605.088657,404,0.001000000047
1777983605.998488,405,0.001000000047
1777983606.882841,406,0.001000000047
1777983607.735169,407,0.001000000047
1777983608.494898,408,0.001000000047
1777983609.377472,409,0.001000000047
1777983610.237998,410,0.001000000047
1777983611.083852,411,0.001000000047
1777983612.015975,412,0.001000000047
1777983612.853119,413,0.001000000047
1777983613.777205,414,0.001000000047
1777983614.620144,415,0.001000000047
1777983615.411198,416,0.001000000047
1777983616.288426,417,0.001000000047
1777983617.142489,418,0.001000000047
1777983618.036270,419,0.001000000047
1777983618.950253,420,0.001000000047
1777983619.778185,421,0.001000000047
1777983620.604501,422,0.001000000047
1777983621.497023,423,0.001000000047
1777983622.281927,424,0.001000000047
1777983623.152156,425,0.001000000047
1777983624.015051,426,0.001000000047
1777983624.882982,427,0.001000000047
1777983625.710562,428,0.001000000047
1777983626.562292,429,0.001000000047
1777983627.312643,430,0.001000000047
1777983628.181345,431,0.001000000047
1777983628.992364,432,0.001000000047
1777983629.781395,433,0.001000000047
1777983630.706922,434,0.001000000047
1777983631.387395,435,0.001000000047
1777983632.170941,436,0.001000000047
1777983632.984213,437,0.001000000047
1777983633.760254,438,0.001000000047
1777983634.624775,439,0.001000000047
1777983635.540575,440,0.001000000047
1777983636.400787,441,0.001000000047
1777983637.218713,442,0.001000000047
1777983638.034050,443,0.001000000047
1777983638.963695,444,0.001000000047
1777983639.745211,445,0.001000000047
1777983640.567782,446,0.001000000047
1777983641.452798,447,0.001000000047
1777983642.282398,448,0.001000000047
1777983643.103998,449,0.001000000047
1777983643.985056,450,0.001000000047
1777983644.831043,451,0.001000000047
1777983645.693955,452,0.001000000047
1777983646.504896,453,0.001000000047
1777983647.370189,454,0.001000000047
1777983648.195492,455,0.001000000047
1777983649.052690,456,0.001000000047
1777983649.875593,457,0.001000000047
1777983650.688743,458,0.001000000047
1777983651.486893,459,0.001000000047
1777983652.257537,460,0.001000000047
1777983653.087573,461,0.001000000047
1777983653.918005,462,0.001000000047
1777983654.803141,463,0.001000000047
1777983655.642067,464,0.001000000047
1777983656.467004,465,0.001000000047
1777983657.251524,466,0.001000000047
1777983658.096648,467,0.001000000047
1777983658.856406,468,0.001000000047
1777983659.602546,469,0.001000000047
1777983660.417732,470,0.001000000047
1777983661.248331,471,0.001000000047
1777983662.119142,472,0.001000000047
1777983662.994886,473,0.001000000047
1777983663.793024,474,0.001000000047
1777983664.594320,475,0.001000000047
1777983665.406012,476,0.001000000047
1777983666.214978,477,0.001000000047
1777983667.093447,478,0.001000000047
1777983667.893323,479,0.001000000047
1777983668.662238,480,0.001000000047
1777983669.501938,481,0.001000000047
1777983670.424921,482,0.001000000047
1777983671.214842,483,0.001000000047
1777983672.009816,484,0.001000000047
1777983672.839243,485,0.001000000047
1777983686.252654,486,0.001000000047
1777983687.112742,487,0.001000000047
1777983688.037223,488,0.001000000047
1777983688.907034,489,0.001000000047
1777983689.798478,490,0.001000000047
1777983690.724189,491,0.001000000047
1777983691.580097,492,0.001000000047
1777983692.436366,493,0.001000000047
1777983693.281123,494,0.001000000047
1777983694.116244,495,0.001000000047
1777983694.992555,496,0.001000000047
1777983695.863684,497,0.001000000047
1777983696.692965,498,0.001000000047
1777983697.581599,499,0.001000000047
1777983698.425127,500,0.001000000047
1777983699.308016,501,0.001000000047
1777983700.147918,502,0.001000000047
1777983700.983845,503,0.001000000047
1777983701.883215,504,0.001000000047
1777983702.733106,505,0.001000000047
1777983703.612707,506,0.001000000047
1777983704.493428,507,0.001000000047
1777983705.437662,508,0.001000000047
1777983706.347193,509,0.001000000047
1777983707.351723,510,0.001000000047
1777983708.164945,511,0.001000000047
1777983709.052447,512,0.001000000047
1777983709.883465,513,0.001000000047
1777983710.712600,514,0.001000000047
1777983711.599522,515,0.001000000047
1777983712.507580,516,0.001000000047
1777983713.462964,517,0.001000000047
1777983714.342938,518,0.001000000047
1777983715.164968,519,0.001000000047
1777983716.031709,520,0.001000000047
1777983716.959214,521,0.001000000047
1777983717.828620,522,0.001000000047
1777983718.739924,523,0.001000000047
1777983719.577698,524,0.001000000047
1777983720.429486,525,0.001000000047
1777983721.289264,526,0.001000000047
1777983722.138669,527,0.001000000047
1777983722.982186,528,0.001000000047
1777983723.872932,529,0.001000000047
1777983724.748047,530,0.001000000047
1777983725.924181,531,0.001000000047
1777983726.774862,532,0.001000000047
1777983727.607694,533,0.001000000047
1777983728.459112,534,0.001000000047
1777983729.305557,535,0.001000000047
1777983730.158141,536,0.001000000047
1777983730.958618,537,0.001000000047
1777983731.851933,538,0.001000000047
1777983732.659782,539,0.001000000047
1777983733.594143,540,0.001000000047
1777983734.400110,541,0.001000000047
1777983735.309516,542,0.001000000047
1777983736.164026,543,0.001000000047
1777983737.009033,544,0.001000000047
1777983737.898194,545,0.001000000047
1777983738.776289,546,0.001000000047
1777983739.605551,547,0.001000000047
1777983740.493561,548,0.001000000047
1777983741.421639,549,0.001000000047
1777983742.327502,550,0.001000000047
1777983743.275513,551,0.001000000047
1777983744.129121,552,0.001000000047
1777983744.981545,553,0.001000000047
1777983745.871141,554,0.001000000047
1777983746.781653,555,0.001000000047
1777983747.639552,556,0.001000000047
1777983748.477619,557,0.001000000047
1777983749.345334,558,0.001000000047
1777983750.274455,559,0.001000000047
1777983751.211331,560,0.001000000047
1777983752.155672,561,0.001000000047
1777983753.008363,562,0.001000000047
1777983754.002288,563,0.001000000047
1777983754.906671,564,0.001000000047
1777983755.843124,565,0.001000000047
1777983756.722701,566,0.001000000047
1777983757.585919,567,0.001000000047
1777983758.541193,568,0.001000000047
1777983759.372551,569,0.001000000047
1777983760.325182,570,0.001000000047
1777983761.234285,571,0.001000000047
1777983762.150266,572,0.001000000047
1777983763.084774,573,0.001000000047
1777983763.928912,574,0.001000000047
1777983764.724388,575,0.001000000047
1777983765.555083,576,0.001000000047
1777983766.501628,577,0.001000000047
1777983767.314133,578,0.001000000047
1777983768.168785,579,0.001000000047
1777983769.053003,580,0.001000000047
1777983769.905439,581,0.001000000047
1777983770.691552,582,0.001000000047
1777983771.570031,583,0.001000000047
1777983772.447372,584,0.001000000047
1777983773.289636,585,0.001000000047
1777983774.129944,586,0.001000000047
1777983774.934225,587,0.001000000047
1777983775.762017,588,0.001000000047
1777983776.594471,589,0.001000000047
1777983777.471985,590,0.001000000047
1777983778.355461,591,0.001000000047
1777983779.193418,592,0.001000000047
1777983780.078253,593,0.001000000047
1777983780.912785,594,0.001000000047
1777983781.769828,595,0.001000000047
1777983782.692858,596,0.001000000047
1777983783.499040,597,0.001000000047
1777983784.475956,598,0.001000000047
1777983785.296656,599,0.001000000047
1777983786.123777,600,0.001000000047
1777983786.921221,601,0.001000000047
1777983787.835536,602,0.001000000047
1777983803.450281,603,0.001000000047
1777983804.309031,604,0.001000000047
1777983805.102952,605,0.001000000047
1777983805.940123,606,0.001000000047
1777983806.801407,607,0.001000000047
1777983807.643198,608,0.001000000047
1777983808.442871,609,0.001000000047
1777983809.256303,610,0.001000000047
1777983810.062236,611,0.001000000047
1777983810.924536,612,0.001000000047
1777983811.859765,613,0.001000000047
1777983812.739309,614,0.001000000047
1777983813.527970,615,0.001000000047
1777983814.428917,616,0.001000000047
1777983815.269301,617,0.001000000047
1777983816.150695,618,0.001000000047
1777983816.912871,619,0.001000000047
1777983817.741017,620,0.001000000047
1777983818.618653,621,0.001000000047
1777983819.511261,622,0.001000000047
1777983820.393993,623,0.001000000047
1777983821.268759,624,0.001000000047
1777983822.154779,625,0.001000000047
1777983823.068415,626,0.001000000047
1777983823.941919,627,0.001000000047
1777983824.856733,628,0.001000000047
1777983825.654827,629,0.001000000047
1777983826.451431,630,0.001000000047
1777983827.264614,631,0.001000000047
1777983828.045821,632,0.001000000047
1777983828.880019,633,0.001000000047
1777983829.726163,634,0.001000000047
1777983830.607576,635,0.001000000047
1777983831.587476,636,0.001000000047
1777983832.415075,637,0.001000000047
1777983833.315176,638,0.001000000047
1777983834.178764,639,0.001000000047
1777983835.000695,640,0.001000000047
1777983835.841211,641,0.001000000047
1777983836.703388,642,0.001000000047
1777983837.567211,643,0.001000000047
1777983838.485381,644,0.001000000047
1777983839.377186,645,0.001000000047
1777983840.162143,646,0.001000000047
1777983840.994410,647,0.001000000047
1777983841.771425,648,0.001000000047
1777983842.620426,649,0.001000000047
1777983843.511110,650,0.001000000047
1777983844.438240,651,0.001000000047
1777983845.290174,652,0.001000000047
1777983846.182373,653,0.001000000047
1777983847.069074,654,0.001000000047
1777983847.920498,655,0.001000000047
1777983848.758611,656,0.001000000047
1777983849.567958,657,0.001000000047
1777983850.435005,658,0.001000000047
1777983851.361899,659,0.001000000047
1777983852.159369,660,0.001000000047
1777983852.962030,661,0.001000000047
1777983853.783354,662,0.001000000047
1777983854.586124,663,0.001000000047
1777983869.244586,664,0.001000000047
1777983870.170174,665,0.001000000047
1777983870.943334,666,0.001000000047
1777983871.804377,667,0.001000000047
1777983872.623053,668,0.001000000047
1777983873.454003,669,0.001000000047
1777983874.233511,670,0.001000000047
1777983875.029243,671,0.001000000047
1777983876.003711,672,0.001000000047
1777983876.846112,673,0.001000000047
1777983877.619925,674,0.001000000047
1777983878.446542,675,0.001000000047
1777983879.361361,676,0.001000000047
1777983880.279889,677,0.001000000047
1777983881.101285,678,0.001000000047
1777983881.999393,679,0.001000000047
1777983882.837302,680,0.001000000047
1777983883.611858,681,0.001000000047
1777983884.484338,682,0.001000000047
1777983885.393610,683,0.001000000047
1777983886.350473,684,0.001000000047
1777983887.171175,685,0.001000000047
1777983888.059156,686,0.001000000047
1777983888.948033,687,0.001000000047
1777983889.842093,688,0.001000000047
1777983890.744356,689,0.001000000047
1777983891.687846,690,0.001000000047
1777983892.623537,691,0.001000000047
1777983893.406679,692,0.001000000047
1777983894.307294,693,0.001000000047
1777983895.268620,694,0.001000000047
1777983896.091678,695,0.001000000047
1777983896.946544,696,0.001000000047
1777983897.743637,697,0.001000000047
1777983898.604717,698,0.001000000047
1777983899.448933,699,0.001000000047
1777983900.359660,700,0.001000000047
1777983901.176091,701,0.001000000047
1777983902.087199,702,0.001000000047
1777983902.909564,703,0.001000000047
1777983903.770231,704,0.001000000047
1777983904.651333,705,0.001000000047
1777983905.484416,706,0.001000000047
1777983906.315322,707,0.001000000047
1777983907.156564,708,0.001000000047
1777983908.028723,709,0.001000000047
1777983908.918153,710,0.001000000047
1777983909.751411,711,0.001000000047
1777983910.636515,712,0.001000000047
1777983911.480867,713,0.001000000047
1777983912.328608,714,0.001000000047
1777983913.288969,715,0.001000000047
1777983914.111656,716,0.001000000047
1777983914.920305,717,0.001000000047
1777983915.805762,718,0.001000000047
1777983916.755920,719,0.001000000047
1777983917.670224,720,0.001000000047
1777983918.504968,721,0.001000000047
1777983919.415755,722,0.001000000047
1777983920.240882,723,0.001000000047
1777983921.098499,724,0.001000000047
1777983921.890301,725,0.001000000047
1777983922.788231,726,0.001000000047
1777983923.684282,727,0.001000000047
1777983924.558325,728,0.001000000047
1777983925.404799,729,0.001000000047
1777983926.159560,730,0.001000000047
1777983926.956743,731,0.001000000047
1777983927.879985,732,0.001000000047
1777983928.639745,733,0.001000000047
1777983929.428399,734,0.001000000047
1777983930.334520,735,0.001000000047
1777983931.075947,736,0.001000000047
1777983931.853388,737,0.001000000047
1777983932.701516,738,0.001000000047
1777983933.604141,739,0.001000000047
1777983934.456116,740,0.001000000047
1777983935.267048,741,0.001000000047
1777983936.045337,742,0.001000000047
1777984417.506439,0,0.001000000047
1777984418.103289,1,0.001000000047
1777984418.543176,2,0.001000000047
1777984418.942387,3,0.001000000047
1777984419.337658,4,0.001000000047
1777984419.746504,5,0.001000000047
1777984420.129630,6,0.001000000047
1777984427.123050,7,0.001000000047
1777984427.534325,8,0.001000000047
1777984427.901512,9,0.001000000047
1777984436.175551,10,0.001000000047
1777984436.615721,11,0.001000000047
1777984436.998115,12,0.001000000047
1777984437.344617,13,0.001000000047
1777984437.806808,14,0.001000000047
1777984438.186363,15,0.001000000047
1777984438.642635,16,0.001000000047
1777984439.006866,17,0.001000000047
1777984439.405805,18,0.001000000047
1777984439.871948,19,0.001000000047
1777984440.275253,20,0.001000000047
1777984440.656248,21,0.001000000047
1777984441.040938,22,0.001000000047
1777984441.490860,23,0.001000000047
1777984441.935133,24,0.001000000047
1777984442.442844,25,0.001000000047
1777984442.901055,26,0.001000000047
1777984443.325728,27,0.001000000047
1777984443.735243,28,0.001000000047
1777984444.196043,29,0.001000000047
1777984444.632101,30,0.001000000047
1777984445.064125,31,0.001000000047
1777984445.517643,32,0.001000000047
1777984445.954065,33,0.001000000047
1777984446.479328,34,0.001000000047
1777984446.921401,35,0.001000000047
1777984447.535262,36,0.001000000047
1777984448.015793,37,0.001000000047
1777984448.485335,38,0.001000000047
1777984448.980573,39,0.001000000047
1777984449.421183,40,0.001000000047
1777984449.872053,41,0.001000000047
1777984450.259524,42,0.001000000047
1777984450.683038,43,0.001000000047
1777984451.082866,44,0.001000000047
1777984451.622868,45,0.001000000047
1777984452.047801,46,0.001000000047
1777984452.460102,47,0.001000000047
1777984452.941561,48,0.001000000047
1777984453.384338,49,0.001000000047
1777984453.790723,50,0.001000000047
1777984454.279573,51,0.001000000047
1777984454.739747,52,0.001000000047
1777984455.127646,53,0.001000000047
1777984455.524068,54,0.001000000047
1777984455.933271,55,0.001000000047
1777984456.360002,56,0.001000000047
1777984456.800543,57,0.001000000047
1777984457.228281,58,0.001000000047
1777984457.656833,59,0.001000000047
1777984458.105784,60,0.001000000047
1777984458.569829,61,0.001000000047
1777984459.008191,62,0.001000000047
1777984459.439567,63,0.001000000047
1777984459.884770,64,0.001000000047
1777984460.325516,65,0.001000000047
1777984460.787820,66,0.001000000047
1777984461.214341,67,0.001000000047
1777984461.685529,68,0.001000000047
1777984462.106452,69,0.001000000047
1777984462.508306,70,0.001000000047
1777984462.946968,71,0.001000000047
1777984463.403504,72,0.001000000047
1777984463.836794,73,0.001000000047
1777984464.304848,74,0.001000000047
1777984464.725216,75,0.001000000047
1777984465.154166,76,0.001000000047
1777984465.535501,77,0.001000000047
1777984465.954108,78,0.001000000047
1777984466.420456,79,0.001000000047
1777984466.856034,80,0.001000000047
1777984467.454637,81,0.001000000047
1777984467.924659,82,0.001000000047
1777984468.366849,83,0.001000000047
1777984468.814674,84,0.001000000047
1777984469.265688,85,0.001000000047
1777984469.700172,86,0.001000000047
1777984470.162493,87,0.001000000047
1777984470.642478,88,0.001000000047
1777984471.097026,89,0.001000000047
1777984471.559044,90,0.001000000047
1777984472.017768,91,0.001000000047
1777984472.474053,92,0.001000000047
1777984472.948295,93,0.001000000047
1777984473.401033,94,0.001000000047
1777984473.806746,95,0.001000000047
1777984474.263940,96,0.001000000047
1777984474.705828,97,0.001000000047
1777984475.150822,98,0.001000000047
1777984475.580498,99,0.001000000047
1777984476.001461,100,0.001000000047
1777984476.392982,101,0.001000000047
1777984476.836440,102,0.001000000047
1777984477.306297,103,0.001000000047
1777984477.743387,104,0.001000000047
1777984478.154572,105,0.001000000047
1777984478.575246,106,0.001000000047
1777984478.995916,107,0.001000000047
1777984479.427175,108,0.001000000047
1777984479.893254,109,0.001000000047
1777984480.320832,110,0.001000000047
1777984480.759723,111,0.001000000047
1777984481.182889,112,0.001000000047
1777984481.584349,113,0.001000000047
1777984482.034409,114,0.001000000047
1777984482.473388,115,0.001000000047
1777984482.902334,116,0.001000000047
1777984483.332630,117,0.001000000047
1777984483.771009,118,0.001000000047
1777984484.230749,119,0.001000000047
1777984484.661688,120,0.001000000047
1777984485.115618,121,0.001000000047
1777984485.568885,122,0.001000000047
1777984485.970161,123,0.001000000047
1777984486.376727,124,0.001000000047
1777984486.836180,125,0.001000000047
1777984487.297776,126,0.001000000047
1777984487.751129,127,0.001000000047
1777984488.148673,128,0.001000000047
1777984488.566682,129,0.001000000047
1777984489.037521,130,0.001000000047
1777984489.498166,131,0.001000000047
1777984489.935726,132,0.001000000047
1777984490.374749,133,0.001000000047
1777984490.775605,134,0.001000000047
1777984491.172104,135,0.001000000047
1777984491.609617,136,0.001000000047
1777984492.043946,137,0.001000000047
1777984492.456915,138,0.001000000047
1777984492.885927,139,0.001000000047
1777984493.338623,140,0.001000000047
1777984493.748639,141,0.001000000047
1777984494.234869,142,0.001000000047
1777984494.699252,143,0.001000000047
1777984495.063625,144,0.001000000047
1777984495.439220,145,0.001000000047
1777984495.865181,146,0.001000000047
1777984496.262090,147,0.001000000047
1777984496.659276,148,0.001000000047
1777984497.089635,149,0.001000000047
1777984497.537199,150,0.001000000047
1777984497.988121,151,0.001000000047
1777984498.400554,152,0.001000000047
1777984498.855025,153,0.001000000047
1777984499.289747,154,0.001000000047
1777984499.706015,155,0.001000000047
1777984500.177403,156,0.001000000047
1777984500.611957,157,0.001000000047
1777984501.022486,158,0.001000000047
1777984501.465060,159,0.001000000047
1777984501.899554,160,0.001000000047
1777984502.331053,161,0.001000000047
1777984502.795141,162,0.001000000047
1777984503.257950,163,0.001000000047
1777984503.721208,164,0.001000000047
1777984504.142522,165,0.001000000047
1777984504.540491,166,0.001000000047
1777984504.991034,167,0.001000000047
1777984505.405800,168,0.001000000047
1777984505.867174,169,0.001000000047
1777984506.326503,170,0.001000000047
1777984506.742597,171,0.001000000047
1777984507.166897,172,0.001000000047
1777984507.588571,173,0.001000000047
1777984507.993230,174,0.001000000047
1777984508.440690,175,0.001000000047
1777984508.866747,176,0.001000000047
1777984509.275160,177,0.001000000047
1777984509.653821,178,0.001000000047
1777984510.066108,179,0.001000000047
1777984510.495838,180,0.001000000047
1777984510.902574,181,0.001000000047
1777984511.308262,182,0.001000000047
1777984511.713743,183,0.001000000047
1777984512.116570,184,0.001000000047
1777984512.566410,185,0.001000000047
1777984512.964642,186,0.001000000047
1777984513.382168,187,0.001000000047
1777984513.782055,188,0.001000000047
1777984514.202515,189,0.001000000047
1777984514.637194,190,0.001000000047
1777984515.046328,191,0.001000000047
1777984515.455578,192,0.001000000047
1777984515.825590,193,0.001000000047
1777984516.214981,194,0.001000000047
1777984516.639352,195,0.001000000047
1777984517.064567,196,0.001000000047
1777984517.467809,197,0.001000000047
1777984517.855639,198,0.001000000047
1777984518.290349,199,0.001000000047
1777984518.684032,200,0.001000000047
1777984519.104810,201,0.001000000047
1777984519.516425,202,0.001000000047
1777984519.933701,203,0.001000000047
1777984520.333098,204,0.001000000047
1777984520.720023,205,0.001000000047
1777984521.130903,206,0.001000000047
1777984521.559281,207,0.001000000047
1777984521.947361,208,0.001000000047
1777984522.324783,209,0.001000000047
1777984522.707919,210,0.001000000047
1777984523.085486,211,0.001000000047
1777984523.415925,212,0.001000000047
1777984523.765129,213,0.001000000047
1777984524.118533,214,0.001000000047
1777984524.543229,215,0.001000000047
1777984524.948808,216,0.001000000047
1777984525.352265,217,0.001000000047
1777984525.720169,218,0.001000000047
1777984526.098228,219,0.001000000047
1777984526.457653,220,0.001000000047
1777984526.834284,221,0.001000000047
1777984527.232766,222,0.001000000047
1777984527.648926,223,0.001000000047
1777984528.062391,224,0.001000000047
1777984528.506801,225,0.001000000047
1777984528.983433,226,0.001000000047
1777984529.408104,227,0.001000000047
1777984529.851247,228,0.001000000047
1777984530.270253,229,0.001000000047
1777984530.694915,230,0.001000000047
1777984531.123041,231,0.001000000047
1777984531.514330,232,0.001000000047
1777984531.914725,233,0.001000000047
1777984532.334207,234,0.001000000047
1777984532.768443,235,0.001000000047
1777984533.166023,236,0.001000000047
1777984533.602112,237,0.001000000047
1777984534.032992,238,0.001000000047
1777984534.495796,239,0.001000000047
1777984534.924017,240,0.001000000047
1777984535.529193,241,0.001000000047
1777984535.994437,242,0.001000000047
1777984536.423158,243,0.001000000047
1777984536.894403,244,0.001000000047
1777984537.320123,245,0.001000000047
1777984537.775786,246,0.001000000047
1777984538.237114,247,0.001000000047
1777984538.661824,248,0.001000000047
1777984539.127345,249,0.001000000047
1777984539.585096,250,0.001000000047
1777984540.001719,251,0.001000000047
1777984540.461688,252,0.001000000047
1777984540.999167,253,0.001000000047
1777984541.453241,254,0.001000000047
1777984541.892104,255,0.001000000047
1777984542.354351,256,0.001000000047
1777984542.800375,257,0.001000000047
1777984543.254882,258,0.001000000047
1777984543.635447,259,0.001000000047
1777984544.080863,260,0.001000000047
1777984544.500260,261,0.001000000047
1777984544.884986,262,0.001000000047
1777984545.273601,263,0.001000000047
1777984545.725024,264,0.001000000047
1777984546.143008,265,0.001000000047
1777984546.539038,266,0.001000000047
1777984546.894424,267,0.001000000047
1777984547.262646,268,0.001000000047
1777984547.644393,269,0.001000000047
1777984548.056458,270,0.001000000047
1777984548.447972,271,0.001000000047
1777984548.853352,272,0.001000000047
1777984549.248995,273,0.001000000047
1777984549.610512,274,0.001000000047
1777984550.023682,275,0.001000000047
1777984550.440071,276,0.001000000047
1777984550.821111,277,0.001000000047
1777984551.264078,278,0.001000000047
1777984551.684545,279,0.001000000047
1777984552.106022,280,0.001000000047
1777984552.556254,281,0.001000000047
1777984552.959255,282,0.001000000047
1777984553.388118,283,0.001000000047
1777984553.756058,284,0.001000000047
1777984554.176382,285,0.001000000047
1777984554.643144,286,0.001000000047
1777984555.018064,287,0.001000000047
1777984555.400744,288,0.001000000047
1777984555.814409,289,0.001000000047
1777984556.209023,290,0.001000000047
1777984556.646109,291,0.001000000047
1777984557.048730,292,0.001000000047
1777984557.456537,293,0.001000000047
1777984557.845361,294,0.001000000047
1777984558.203543,295,0.001000000047
1777984558.630211,296,0.001000000047
1777984559.073230,297,0.001000000047
1777984559.510684,298,0.001000000047
1777984559.925362,299,0.001000000047
1777984560.377837,300,0.001000000047
1777984560.842728,301,0.001000000047
1777984561.270953,302,0.001000000047
1777984561.643993,303,0.001000000047
1777984562.073509,304,0.001000000047
1777984562.488242,305,0.001000000047
1777984562.928322,306,0.001000000047
1777984563.344039,307,0.001000000047
1777984563.762877,308,0.001000000047
1777984564.183491,309,0.001000000047
1777984564.607939,310,0.001000000047
1777984565.002518,311,0.001000000047
1777984565.441293,312,0.001000000047
1777984565.852207,313,0.001000000047
1777984566.219995,314,0.001000000047
1777984566.609354,315,0.001000000047
1777984566.993275,316,0.001000000047
1777984567.373288,317,0.001000000047
1777984567.762380,318,0.001000000047
1777984568.194114,319,0.001000000047
1777984568.662946,320,0.001000000047
1777984569.024898,321,0.001000000047
1777984569.430388,322,0.001000000047
1777984569.817997,323,0.001000000047
1777984570.215788,324,0.001000000047
1777984570.651135,325,0.001000000047
1777984571.063583,326,0.001000000047
1777984571.477757,327,0.001000000047
1777984571.867879,328,0.001000000047
1777984572.248858,329,0.001000000047
1777984572.645320,330,0.001000000047
1777984573.022916,331,0.001000000047
1777984573.449022,332,0.001000000047
1777984573.846069,333,0.001000000047
1777984574.212079,334,0.001000000047
1777984574.581661,335,0.001000000047
1777984575.022366,336,0.001000000047
1777984575.446715,337,0.001000000047
1777984575.830445,338,0.001000000047
1777984576.225376,339,0.001000000047
1777984576.625333,340,0.001000000047
1777984576.981145,341,0.001000000047
1777984577.382810,342,0.001000000047
1777984577.773351,343,0.001000000047
1777984578.181694,344,0.001000000047
1777984578.576448,345,0.001000000047
1777984579.010586,346,0.001000000047
1777984579.387136,347,0.001000000047
1777984579.797053,348,0.001000000047
1777984580.213795,349,0.001000000047
1777984580.583568,350,0.001000000047
1777984581.008870,351,0.001000000047
1777984581.357282,352,0.001000000047
1777984581.719486,353,0.001000000047
1777984582.075236,354,0.001000000047
1777984582.433177,355,0.001000000047
1777984582.835113,356,0.001000000047
1777984583.257692,357,0.001000000047
1777984583.611996,358,0.001000000047
1777984583.993238,359,0.001000000047
1777984584.368311,360,0.001000000047
1777984584.739065,361,0.001000000047
1777984585.133628,362,0.001000000047
1777984585.528014,363,0.001000000047
1777984585.934970,364,0.001000000047
1777984586.308407,365,0.001000000047
1777984586.690587,366,0.001000000047
1777984587.069484,367,0.001000000047
1777984587.476715,368,0.001000000047
1777984587.864903,369,0.001000000047
1777984588.233807,370,0.001000000047
1777984588.593238,371,0.001000000047
1777984588.981201,372,0.001000000047
1777984589.379110,373,0.001000000047
1777984589.773407,374,0.001000000047
1777984590.200493,375,0.001000000047
1777984590.627286,376,0.001000000047
1777984591.050365,377,0.001000000047
1777984591.461337,378,0.001000000047
1777984591.917640,379,0.001000000047
1777984592.404329,380,0.001000000047
1777984592.839294,381,0.001000000047
1777984593.247958,382,0.001000000047
1777984593.723948,383,0.001000000047
1777984594.170408,384,0.001000000047
1777984594.583210,385,0.001000000047
1777984595.040119,386,0.001000000047
1777984595.501024,387,0.001000000047
1777984595.952303,388,0.001000000047
1777984596.379366,389,0.001000000047
1777984596.830883,390,0.001000000047
1777984597.256442,391,0.001000000047
1777984597.735646,392,0.001000000047
1777984598.216483,393,0.001000000047
1777984598.691409,394,0.001000000047
1777984599.076212,395,0.001000000047
1777984599.453633,396,0.001000000047
1777984599.866949,397,0.001000000047
1777984600.232163,398,0.001000000047
1777984600.605644,399,0.001000000047
1777984601.059439,400,0.001000000047
1777984601.437026,401,0.001000000047
1777984601.913845,402,0.001000000047
1777984602.338263,403,0.001000000047
1777984602.726819,404,0.001000000047
1777984603.088068,405,0.001000000047
1777984603.445943,406,0.001000000047
1777984603.833253,407,0.001000000047
1777984604.183001,408,0.001000000047
1777984604.600122,409,0.001000000047
1777984605.096445,410,0.001000000047
1777984605.515595,411,0.001000000047
1777984605.938373,412,0.001000000047
1777984606.320777,413,0.001000000047
1777984606.727576,414,0.001000000047
1777984607.108342,415,0.001000000047
1777984607.550559,416,0.001000000047
1777984607.967680,417,0.001000000047
1777984608.348094,418,0.001000000047
1777984608.840984,419,0.001000000047
1777984609.232182,420,0.001000000047
1777984609.640552,421,0.001000000047
1777984610.056874,422,0.001000000047
1777984610.421485,423,0.001000000047
1777984610.781684,424,0.001000000047
1777984611.176049,425,0.001000000047
1777984611.515187,426,0.001000000047
1777984611.986651,427,0.001000000047
1777984612.437656,428,0.001000000047
1777984612.765516,429,0.001000000047
1777984613.159065,430,0.001000000047
1777984613.559322,431,0.001000000047
1777984613.953770,432,0.001000000047
1777984614.365795,433,0.001000000047
1777984614.768829,434,0.001000000047
1777984615.219453,435,0.001000000047
1777984615.619137,436,0.001000000047
1777984615.981593,437,0.001000000047
1777984616.431558,438,0.001000000047
1777984616.878126,439,0.001000000047
1777984617.316337,440,0.001000000047
1777984617.739594,441,0.001000000047
1777984618.188116,442,0.001000000047
1777984618.533082,443,0.001000000047
1777984618.956830,444,0.001000000047
1777984619.346795,445,0.001000000047
1777984619.710689,446,0.001000000047
1777984620.120219,447,0.001000000047
1777984620.508669,448,0.001000000047
1777984620.921051,449,0.001000000047
1777984621.363904,450,0.001000000047
1777984621.729296,451,0.001000000047
1777984622.067815,452,0.001000000047
1777984622.445467,453,0.001000000047
1777984622.812539,454,0.001000000047
1777984623.172538,455,0.001000000047
1777984623.542158,456,0.001000000047
1777984623.914195,457,0.001000000047
1777984624.271026,458,0.001000000047
1777984624.652940,459,0.001000000047
1777984625.007976,460,0.001000000047
1777984625.392507,461,0.001000000047
1777984625.753119,462,0.001000000047
1777984626.115114,463,0.001000000047
1777984626.477409,464,0.001000000047
1777984626.823311,465,0.001000000047
1777984627.201025,466,0.001000000047
1777984627.563373,467,0.001000000047
1777984627.943293,468,0.001000000047
1777984628.316973,469,0.001000000047
1777984628.668785,470,0.001000000047
1777984629.023450,471,0.001000000047
1777984629.386500,472,0.001000000047
1777984629.733162,473,0.001000000047
1777984630.091091,474,0.001000000047
1777984630.472893,475,0.001000000047
1777984630.876400,476,0.001000000047
1777984631.210505,477,0.001000000047
1777984631.607422,478,0.001000000047
1777984631.956282,479,0.001000000047
1777984632.319458,480,0.001000000047
1777984632.698015,481,0.001000000047
1777984633.067104,482,0.001000000047
1777984633.443032,483,0.001000000047
1777984633.799582,484,0.001000000047
1777984634.184894,485,0.001000000047
1777984634.614254,486,0.001000000047
1777984635.023200,487,0.001000000047
1777984635.378120,488,0.001000000047
1777984635.775516,489,0.001000000047
1777984636.125016,490,0.001000000047
1777984636.535037,491,0.001000000047
1777984636.875885,492,0.001000000047
1777984637.198446,493,0.001000000047
1777984637.569106,494,0.001000000047
1777984637.971759,495,0.001000000047
1777984638.309037,496,0.001000000047
1777984638.677093,497,0.001000000047
1777984639.049863,498,0.001000000047
1777984639.456573,499,0.001000000047
1777984639.851503,500,0.001000000047
1777984640.234003,501,0.001000000047
1777984640.581595,502,0.001000000047
1777984640.942173,503,0.001000000047
1777984641.325319,504,0.001000000047
1777984641.664526,505,0.001000000047
1777984642.021370,506,0.001000000047
1777984642.411165,507,0.001000000047
1777984642.783432,508,0.001000000047
1777984643.134030,509,0.001000000047
1777984643.489340,510,0.001000000047
1777984643.866934,511,0.001000000047
1777984644.263130,512,0.001000000047
1777984644.645241,513,0.001000000047
1777984645.067288,514,0.001000000047
1777984645.476938,515,0.001000000047
1777984645.890475,516,0.001000000047
1777984646.357565,517,0.001000000047
1777984646.817947,518,0.001000000047
1777984647.301868,519,0.001000000047
1777984647.762588,520,0.001000000047
1777984648.170681,521,0.001000000047
1777984648.593566,522,0.001000000047
1777984649.007818,523,0.001000000047
1777984649.452016,524,0.001000000047
1777984649.945982,525,0.001000000047
1777984650.341980,526,0.001000000047
1777984650.777997,527,0.001000000047
1777984651.233005,528,0.001000000047
1777984651.666851,529,0.001000000047
1777984652.106973,530,0.001000000047
1777984652.515633,531,0.001000000047
1777984652.938223,532,0.001000000047
1777984653.336138,533,0.001000000047
1777984653.767912,534,0.001000000047
1777984654.175995,535,0.001000000047
1777984654.548522,536,0.001000000047
1777984654.967575,537,0.001000000047
1777984655.330141,538,0.001000000047
1777984655.783704,539,0.001000000047
1777984656.218248,540,0.001000000047
1777984656.629734,541,0.001000000047
1777984657.079454,542,0.001000000047
1777984657.480425,543,0.001000000047
1777984657.935424,544,0.001000000047
1777984658.363655,545,0.001000000047
1777984658.818997,546,0.001000000047
1777984659.258288,547,0.001000000047
1777984659.629793,548,0.001000000047
1777984660.029440,549,0.001000000047
1777984660.452147,550,0.001000000047
1777984660.874868,551,0.001000000047
1777984661.248450,552,0.001000000047
1777984661.731103,553,0.001000000047
1777984662.115932,554,0.001000000047
1777984662.510505,555,0.001000000047
1777984662.931948,556,0.001000000047
1777984663.299255,557,0.001000000047
1777984663.765217,558,0.001000000047
1777984664.221021,559,0.001000000047
1777984664.695965,560,0.001000000047
1777984665.122259,561,0.001000000047
1777984665.570370,562,0.001000000047
1777984665.994651,563,0.001000000047
1777984666.420762,564,0.001000000047
1777984666.853879,565,0.001000000047
1777984667.247758,566,0.001000000047
1777984667.664307,567,0.001000000047
1777984668.078032,568,0.001000000047
1777984668.479628,569,0.001000000047
1777984668.933770,570,0.001000000047
1777984669.361439,571,0.001000000047
1777984669.779702,572,0.001000000047
1777984670.220402,573,0.001000000047
1777984670.661902,574,0.001000000047
1777984671.103610,575,0.001000000047
1777984671.496872,576,0.001000000047
1777984671.885974,577,0.001000000047
1777984687.822059,578,0.001000000047
1777984688.239378,579,0.001000000047
1777984688.688946,580,0.001000000047
1777984689.131792,581,0.001000000047
1777984689.582107,582,0.001000000047
1777984689.970645,583,0.001000000047
1777984690.346506,584,0.001000000047
1777984690.734873,585,0.001000000047
1777984691.102306,586,0.001000000047
1777984691.519324,587,0.001000000047
1777984691.928902,588,0.001000000047
1777984692.349218,589,0.001000000047
1777984692.754486,590,0.001000000047
1777984693.177382,591,0.001000000047
1777984693.654384,592,0.001000000047
1777984694.034260,593,0.001000000047
1777984694.453276,594,0.001000000047
1777984694.826720,595,0.001000000047
1777984695.238558,596,0.001000000047
1777984695.679273,597,0.001000000047
1777984696.101507,598,0.001000000047
1777984696.532837,599,0.001000000047
1777984696.953445,600,0.001000000047
1777984697.339335,601,0.001000000047
1777984697.735480,602,0.001000000047
1777984698.155796,603,0.001000000047
1777984698.583946,604,0.001000000047
1777984698.980261,605,0.001000000047
1777984699.384803,606,0.001000000047
1777984699.767846,607,0.001000000047
1777984700.212523,608,0.001000000047
1777984700.585283,609,0.001000000047
1777984700.957639,610,0.001000000047
1777984701.366160,611,0.001000000047
1777984701.781373,612,0.001000000047
1777984702.155017,613,0.001000000047
1777984702.568963,614,0.001000000047
1777984702.974832,615,0.001000000047
1777984703.411604,616,0.001000000047
1777984703.785050,617,0.001000000047
1777984704.171401,618,0.001000000047
1777984704.494769,619,0.001000000047
1777984704.876515,620,0.001000000047
1777984705.317986,621,0.001000000047
1777984705.734584,622,0.001000000047
1777984706.090096,623,0.001000000047
1777984706.509493,624,0.001000000047
1777984706.932572,625,0.001000000047
1777984707.344630,626,0.001000000047
1777984707.722226,627,0.001000000047
1777984708.109497,628,0.001000000047
1777984708.471456,629,0.001000000047
1777984708.850920,630,0.001000000047
1777984709.199710,631,0.001000000047
1777984709.602777,632,0.001000000047
1777984709.971398,633,0.001000000047
1777984710.337423,634,0.001000000047
1777984710.663462,635,0.001000000047
1777984711.062280,636,0.001000000047
1777984711.432748,637,0.001000000047
1777984711.796254,638,0.001000000047
1777984712.150764,639,0.001000000047
1777984712.490495,640,0.001000000047
1777984712.845795,641,0.001000000047
1777984713.249728,642,0.001000000047
1777984713.628421,643,0.001000000047
1777984713.988717,644,0.001000000047
1777984714.366818,645,0.001000000047
1777984714.710512,646,0.001000000047
1777984715.066000,647,0.001000000047
1777984715.394757,648,0.001000000047
1777984715.729328,649,0.001000000047
1777984716.100917,650,0.001000000047
1777984716.515377,651,0.001000000047
1777984716.892352,652,0.001000000047
1777984717.263248,653,0.001000000047
1777984717.619298,654,0.001000000047
1777984718.066512,655,0.001000000047
1777984718.453454,656,0.001000000047
1777984718.834045,657,0.001000000047
1777984719.236475,658,0.001000000047
1777984719.615366,659,0.001000000047
1777984719.999503,660,0.001000000047
1777984720.350411,661,0.001000000047
1777984720.741672,662,0.001000000047
1777984721.095847,663,0.001000000047
1777984721.428131,664,0.001000000047
1777984721.800348,665,0.001000000047
1777984722.132235,666,0.001000000047
1777984722.494059,667,0.001000000047
1777984722.846091,668,0.001000000047
1777984723.234383,669,0.001000000047
1777984723.598548,670,0.001000000047
1777984723.967090,671,0.001000000047
1777984724.306353,672,0.001000000047
1777984724.640368,673,0.001000000047
1777984724.991933,674,0.001000000047
1777984725.350093,675,0.001000000047
1777984725.722015,676,0.001000000047
1777984726.069984,677,0.001000000047
1777984726.472081,678,0.001000000047
1777984726.795879,679,0.001000000047
1777984727.154916,680,0.001000000047
1777984727.521320,681,0.001000000047
1777984727.906604,682,0.001000000047
1777984728.321189,683,0.001000000047
1777984728.682450,684,0.001000000047
1777984729.038195,685,0.001000000047
1777984729.372156,686,0.001000000047
1777984729.802210,687,0.001000000047
1777984730.151181,688,0.001000000047
1777984730.527366,689,0.001000000047
1777984730.906875,690,0.001000000047
1777984731.235113,691,0.001000000047
1777984731.587070,692,0.001000000047
1777984731.976886,693,0.001000000047
1777984732.358114,694,0.001000000047
1777984732.707543,695,0.001000000047
1777984733.034987,696,0.001000000047
1777984733.429045,697,0.001000000047
1777984733.748741,698,0.001000000047
1777984734.070319,699,0.001000000047
1777984734.408066,700,0.001000000047
1777984734.752043,701,0.001000000047
1777984735.118332,702,0.001000000047
1777984735.526462,703,0.001000000047
1777984735.895511,704,0.001000000047
1777984736.237952,705,0.001000000047
1777984736.618251,706,0.001000000047
1777984737.006523,707,0.001000000047
1777984737.398336,708,0.001000000047
1777984737.752741,709,0.001000000047
1777984738.115281,710,0.001000000047
1777984738.512337,711,0.001000000047
1777984738.889546,712,0.001000000047
1777984739.240321,713,0.001000000047
1777984739.633158,714,0.001000000047
1777984739.978975,715,0.001000000047
1777984740.342427,716,0.001000000047
1777984740.705934,717,0.001000000047
1777984741.048939,718,0.001000000047
1777984741.470196,719,0.001000000047
1777984741.815688,720,0.001000000047
1777984742.192680,721,0.001000000047
1777984742.577490,722,0.001000000047
1777984742.941864,723,0.001000000047
1777984743.343264,724,0.001000000047
1777984743.729704,725,0.001000000047
1777984744.074039,726,0.001000000047
1777984744.406625,727,0.001000000047
1777984744.752008,728,0.001000000047
1777984745.122395,729,0.001000000047
1777984745.496588,730,0.001000000047
1777984745.857407,731,0.001000000047
1777984746.185872,732,0.001000000047
1777984746.523754,733,0.001000000047
1777984746.867638,734,0.001000000047
1777984747.215638,735,0.001000000047
1777984747.554898,736,0.001000000047
1777984747.879957,737,0.001000000047
1777984748.229940,738,0.001000000047
1777984748.591560,739,0.001000000047
1777984748.954022,740,0.001000000047
1777984749.335492,741,0.001000000047
1777984749.721379,742,0.001000000047
1777984750.063401,743,0.001000000047
1777984750.407069,744,0.001000000047
1777984750.772558,745,0.001000000047
1777984751.110474,746,0.001000000047
1777984751.501488,747,0.001000000047
1777984751.845411,748,0.001000000047
1777984752.212336,749,0.001000000047
1777984752.596673,750,0.001000000047
1777984752.951426,751,0.001000000047
1777984753.305042,752,0.001000000047
1777984753.651308,753,0.001000000047
1777984753.998903,754,0.001000000047
1777984754.364331,755,0.001000000047
1777984754.705621,756,0.001000000047
1777984755.090458,757,0.001000000047
1777984755.438331,758,0.001000000047
1777984755.805613,759,0.001000000047
1777984756.207751,760,0.001000000047
1777984756.580199,761,0.001000000047
1777984756.922710,762,0.001000000047
1777984757.273211,763,0.001000000047
1777984757.638365,764,0.001000000047
1777984758.019968,765,0.001000000047
1777984758.385176,766,0.001000000047
1777984758.722115,767,0.001000000047
1777984759.119065,768,0.001000000047
1777984759.482288,769,0.001000000047
1777984759.885520,770,0.001000000047
1777984760.270191,771,0.001000000047
1777984760.653242,772,0.001000000047
1777984761.045953,773,0.001000000047
1777984761.455709,774,0.001000000047
1777984761.837500,775,0.001000000047
1777984762.214856,776,0.001000000047
1777984762.587182,777,0.001000000047
1777984762.961398,778,0.001000000047
1777984763.316469,779,0.001000000047
1777984763.692996,780,0.001000000047
1777984764.050152,781,0.001000000047
1777984764.387854,782,0.001000000047
1777984764.767066,783,0.001000000047
1777984765.157820,784,0.001000000047
1777984765.554890,785,0.001000000047
1777984765.959869,786,0.001000000047
1777984766.308044,787,0.001000000047
1777984766.679299,788,0.001000000047
1777984767.083068,789,0.001000000047
1777984767.455656,790,0.001000000047
1777984767.860243,791,0.001000000047
1777984768.224222,792,0.001000000047
1777984768.607435,793,0.001000000047
1777984768.980120,794,0.001000000047
1777984769.454148,795,0.001000000047
1777984769.877912,796,0.001000000047
1777984770.314409,797,0.001000000047
1777984770.765890,798,0.001000000047
1777984771.220953,799,0.001000000047
1777984771.610847,800,0.001000000047
1777984772.037492,801,0.001000000047
1777984772.440590,802,0.001000000047
1777984772.845171,803,0.001000000047
1777984773.235002,804,0.001000000047
1777984773.646970,805,0.001000000047
1777984774.092275,806,0.001000000047
1777984774.485901,807,0.001000000047
1777984774.878818,808,0.001000000047
1777984775.255617,809,0.001000000047
1777984775.639385,810,0.001000000047
1777984776.023513,811,0.001000000047
1777984776.426044,812,0.001000000047
1777984776.791286,813,0.001000000047
1777984777.147851,814,0.001000000047
1777984777.526842,815,0.001000000047
1777984777.865536,816,0.001000000047
1777984778.224786,817,0.001000000047
1777984778.584350,818,0.001000000047
1777984779.006601,819,0.001000000047
1777984779.397723,820,0.001000000047
1777984779.766117,821,0.001000000047
1777984780.119673,822,0.001000000047
1777984780.500531,823,0.001000000047
1777984780.879114,824,0.001000000047
1777984781.288437,825,0.001000000047
1777984781.650924,826,0.001000000047
1777984782.018997,827,0.001000000047
1777984782.409524,828,0.001000000047
1777984782.803427,829,0.001000000047
1777984783.162102,830,0.001000000047
1777984783.524121,831,0.001000000047
1777984783.880342,832,0.001000000047
1777984784.231710,833,0.001000000047
1777984784.631516,834,0.001000000047
1777984784.991308,835,0.001000000047
1777984785.394562,836,0.001000000047
1777984785.745869,837,0.001000000047
1777984786.150215,838,0.001000000047
1777984786.520035,839,0.001000000047
1777984786.909761,840,0.001000000047
1777984787.303743,841,0.001000000047
1777984787.677512,842,0.001000000047
1777984788.026895,843,0.001000000047
1777984788.407931,844,0.001000000047
1777984788.780610,845,0.001000000047
1777984789.157790,846,0.001000000047
1777984789.569759,847,0.001000000047
1777984789.940658,848,0.001000000047
1777984790.297902,849,0.001000000047
1777984790.714751,850,0.001000000047
1777984791.088484,851,0.001000000047
1777984791.500589,852,0.001000000047
1777984791.870976,853,0.001000000047
1777984792.274105,854,0.001000000047
1777984792.643687,855,0.001000000047
1777984793.001460,856,0.001000000047
1777984793.387729,857,0.001000000047
1777984793.758910,858,0.001000000047
1777984794.149365,859,0.001000000047
1777984794.506694,860,0.001000000047
1777984794.848405,861,0.001000000047
1777984795.237149,862,0.001000000047
1777984795.618596,863,0.001000000047
1777984795.973166,864,0.001000000047
1777984796.369847,865,0.001000000047
1777984796.724552,866,0.001000000047
1777984797.093294,867,0.001000000047
1777984797.473807,868,0.001000000047
1777984797.893579,869,0.001000000047
1777984798.230836,870,0.001000000047
1777984798.559786,871,0.001000000047
1777984798.926354,872,0.001000000047
1777984799.282171,873,0.001000000047
1777984799.656109,874,0.001000000047
1777984800.043735,875,0.001000000047
1777984800.410900,876,0.001000000047
1777984800.760827,877,0.001000000047
1777984801.114151,878,0.001000000047
1777984801.525443,879,0.001000000047
1777984801.912648,880,0.001000000047
1777984802.324171,881,0.001000000047
1777984802.709859,882,0.001000000047
1777984803.070315,883,0.001000000047
1777984803.438325,884,0.001000000047
1777984803.808728,885,0.001000000047
1777984804.196601,886,0.001000000047
1777984804.556847,887,0.001000000047
1777984804.945683,888,0.001000000047
1777984805.352071,889,0.001000000047
1777984805.716979,890,0.001000000047
1777984806.063432,891,0.001000000047
1777984806.444911,892,0.001000000047
1777984806.811564,893,0.001000000047
1777984807.181364,894,0.001000000047
1777984807.589207,895,0.001000000047
1777984807.983049,896,0.001000000047
1777984808.331771,897,0.001000000047
1777984808.690169,898,0.001000000047
1777984809.083573,899,0.001000000047
1777984809.463768,900,0.001000000047
1777984809.856977,901,0.001000000047
1777984810.240309,902,0.001000000047
1777984810.603422,903,0.001000000047
1777984811.005977,904,0.001000000047
1777984811.370949,905,0.001000000047
1777984811.743505,906,0.001000000047
1777984812.116837,907,0.001000000047
1777984812.497123,908,0.001000000047
1777984812.893658,909,0.001000000047
1777984813.258633,910,0.001000000047
1777984813.631241,911,0.001000000047
1777984813.972031,912,0.001000000047
1777984814.375348,913,0.001000000047
1777984814.736591,914,0.001000000047
1777984815.093298,915,0.001000000047
1777984815.448220,916,0.001000000047
1777984815.816556,917,0.001000000047
1777984816.178130,918,0.001000000047
1777984816.539437,919,0.001000000047
1777984816.884776,920,0.001000000047
1777984817.231545,921,0.001000000047
1777984817.594544,922,0.001000000047
1777984817.970603,923,0.001000000047
1777984818.324225,924,0.001000000047
1777984818.707156,925,0.001000000047
1777984819.115686,926,0.001000000047
1777984819.456473,927,0.001000000047
1777984819.802053,928,0.001000000047
1777984820.186238,929,0.001000000047
1777984820.546975,930,0.001000000047
1777984820.916375,931,0.001000000047
1777984821.277015,932,0.001000000047
1777984821.613162,933,0.001000000047
1777984821.980229,934,0.001000000047
1777984822.356499,935,0.001000000047
1777984822.682216,936,0.001000000047
1777984823.040079,937,0.001000000047
1777984823.384102,938,0.001000000047
1777984823.740306,939,0.001000000047
1777984824.112000,940,0.001000000047
1777984824.542031,941,0.001000000047
1777984824.949124,942,0.001000000047
1777984825.395982,943,0.001000000047
1777984825.808310,944,0.001000000047
1777984826.268357,945,0.001000000047
1777984826.719086,946,0.001000000047
1777984827.159374,947,0.001000000047
1777984827.542763,948,0.001000000047
1777984827.905225,949,0.001000000047
1777984828.261276,950,0.001000000047
1777984828.693107,951,0.001000000047
1777984829.094620,952,0.001000000047
1777984829.571377,953,0.001000000047
1777984830.005790,954,0.001000000047
1777984830.397226,955,0.001000000047
1777984830.838423,956,0.001000000047
1777984831.284187,957,0.001000000047
1777984831.685163,958,0.001000000047
1777984832.111494,959,0.001000000047
1777984832.525306,960,0.001000000047
1777984832.939503,961,0.001000000047
1777984833.356058,962,0.001000000047
1777984833.789459,963,0.001000000047
1777984834.267636,964,0.001000000047
1777984834.689448,965,0.001000000047
1777984835.110523,966,0.001000000047
1777984835.495038,967,0.001000000047
1777984835.909648,968,0.001000000047
1777984836.330087,969,0.001000000047
1777984836.792417,970,0.001000000047
1777984837.176520,971,0.001000000047
1777984837.570858,972,0.001000000047
1777984838.006434,973,0.001000000047
1777984838.426604,974,0.001000000047
1777984838.865592,975,0.001000000047
1777984839.281630,976,0.001000000047
1777984839.678426,977,0.001000000047
1777984840.070045,978,0.001000000047
1777984840.438227,979,0.001000000047
1777984840.825367,980,0.001000000047
1777984841.202004,981,0.001000000047
1777984841.599833,982,0.001000000047
1777984841.972290,983,0.001000000047
1777984842.347158,984,0.001000000047
1777984842.711532,985,0.001000000047
1777984843.080301,986,0.001000000047
1777984843.491380,987,0.001000000047
1777984843.889222,988,0.001000000047
1777984844.273932,989,0.001000000047
1777984844.639631,990,0.001000000047
1777984845.012732,991,0.001000000047
1777984845.413352,992,0.001000000047
1777984845.788337,993,0.001000000047
1777984846.170288,994,0.001000000047
1777984846.549527,995,0.001000000047
1777984846.920236,996,0.001000000047
1777984847.303187,997,0.001000000047
1777984847.669859,998,0.001000000047
1777984848.084429,999,0.001000000047
1777984848.416404,1000,0.001000000047
1777984848.804574,1001,0.001000000047
1777984849.176791,1002,0.001000000047
1777984849.540420,1003,0.001000000047
1777984849.901272,1004,0.001000000047
1777984850.261164,1005,0.001000000047
1777984850.628984,1006,0.001000000047
1777984866.306462,1007,0.001000000047
1777984866.721839,1008,0.001000000047
1777984867.124571,1009,0.001000000047
1777984867.490988,1010,0.001000000047
1777984867.840111,1011,0.001000000047
1777984868.199839,1012,0.001000000047
1777984868.552557,1013,0.001000000047
1777984868.887823,1014,0.001000000047
1777984869.255575,1015,0.001000000047
1777984869.664862,1016,0.001000000047
1777984870.010452,1017,0.001000000047
1777984870.343092,1018,0.001000000047
1777984870.746553,1019,0.001000000047
1777984871.182925,1020,0.001000000047
1777984871.570816,1021,0.001000000047
1777984871.936797,1022,0.001000000047
1777984872.273814,1023,0.001000000047
1777984872.668626,1024,0.001000000047
1777984873.012040,1025,0.001000000047
1777984873.360811,1026,0.001000000047
1777984873.726462,1027,0.001000000047
1777984874.094458,1028,0.001000000047
1777984874.440570,1029,0.001000000047
1777984874.814848,1030,0.001000000047
1777984875.181792,1031,0.001000000047
1777984875.532214,1032,0.001000000047
1777984875.959472,1033,0.001000000047
1777984876.406053,1034,0.001000000047
1777984876.826784,1035,0.001000000047
1777984877.225544,1036,0.001000000047
1777984877.636902,1037,0.001000000047
1777984878.069603,1038,0.001000000047
1777984878.453585,1039,0.001000000047
1777984878.870126,1040,0.001000000047
1777984879.278575,1041,0.001000000047
1777984879.745771,1042,0.001000000047
1777984880.147552,1043,0.001000000047
1777984880.564758,1044,0.001000000047
1777984880.962790,1045,0.001000000047
1777984881.385640,1046,0.001000000047
1777984881.836657,1047,0.001000000047
1777984882.247272,1048,0.001000000047
1777984882.641367,1049,0.001000000047
1777984883.061960,1050,0.001000000047
1777984883.490569,1051,0.001000000047
1777984883.895747,1052,0.001000000047
1777984884.294050,1053,0.001000000047
1777984884.682156,1054,0.001000000047
1777984885.059738,1055,0.001000000047
1777984885.431026,1056,0.001000000047
1777984885.827450,1057,0.001000000047
1777984886.276104,1058,0.001000000047
1777985001.519931,0,0.001000000047
1777985002.123986,1,0.001000000047
1777985002.577070,2,0.001000000047
1777985002.983237,3,0.001000000047
1777985003.419086,4,0.001000000047
1777985003.817889,5,0.001000000047
1777985004.244600,6,0.001000000047
1777985004.711386,7,0.001000000047
1777985005.118982,8,0.001000000047
1777985005.595436,9,0.001000000047
1777985005.947337,10,0.001000000047
1777985006.376261,11,0.001000000047
1777985006.867806,12,0.001000000047
1777985007.334020,13,0.001000000047
1777985007.774445,14,0.001000000047
1777985008.132183,15,0.001000000047
1777985008.710052,16,0.001000000047
1777985009.089478,17,0.001000000047
1777985009.475811,18,0.001000000047
1777985009.885906,19,0.001000000047
1777985010.354074,20,0.001000000047
1777985010.775368,21,0.001000000047
1777985011.204086,22,0.001000000047
1777985011.633455,23,0.001000000047
1777985012.019832,24,0.001000000047
1777985012.412654,25,0.001000000047
1777985012.825471,26,0.001000000047
1777985013.180955,27,0.001000000047
1777985013.545641,28,0.001000000047
1777985013.948539,29,0.001000000047
1777985014.328198,30,0.001000000047
1777985014.679184,31,0.001000000047
1777985015.051095,32,0.001000000047
1777985015.422026,33,0.001000000047
1777985015.785177,34,0.001000000047
1777985016.156365,35,0.001000000047
1777985016.555188,36,0.001000000047
1777985016.913905,37,0.001000000047
1777985017.311335,38,0.001000000047
1777985017.735822,39,0.001000000047
1777985018.111941,40,0.001000000047
1777985018.500948,41,0.001000000047
1777985018.849963,42,0.001000000047
1777985019.242331,43,0.001000000047
1777985019.574746,44,0.001000000047
1777985019.949593,45,0.001000000047
1777985020.397731,46,0.001000000047
1777985020.775394,47,0.001000000047
1777985021.309703,48,0.001000000047
1777985021.695782,49,0.001000000047
1777985022.031722,50,0.001000000047
1777985022.445863,51,0.001000000047
1777985022.830609,52,0.001000000047
1777985023.184225,53,0.001000000047
1777985023.539789,54,0.001000000047
1777985023.891004,55,0.001000000047
1777985024.256062,56,0.001000000047
1777985024.633741,57,0.001000000047
1777985024.973929,58,0.001000000047
1777985025.368380,59,0.001000000047
1777985025.778028,60,0.001000000047
1777985026.182354,61,0.001000000047
1777985026.547305,62,0.001000000047
1777985026.898955,63,0.001000000047
1777985027.271691,64,0.001000000047
1777985027.649794,65,0.001000000047
1777985028.045768,66,0.001000000047
1777985028.403492,67,0.001000000047
1777985028.791736,68,0.001000000047
1777985029.163691,69,0.001000000047
1777985029.522105,70,0.001000000047
1777985029.883310,71,0.001000000047
1777985030.256746,72,0.001000000047
1777985030.617884,73,0.001000000047
1777985031.007676,74,0.001000000047
1777985031.351959,75,0.001000000047
1777985031.722785,76,0.001000000047
1777985032.069368,77,0.001000000047
1777985032.432123,78,0.001000000047
1777985032.833578,79,0.001000000047
1777985033.215384,80,0.001000000047
1777985033.661851,81,0.001000000047
1777985034.061040,82,0.001000000047
1777985034.415267,83,0.001000000047
1777985034.783725,84,0.001000000047
1777985035.143612,85,0.001000000047
1777985035.520228,86,0.001000000047
1777985035.937956,87,0.001000000047
1777985036.330489,88,0.001000000047
1777985036.713478,89,0.001000000047
1777985037.068488,90,0.001000000047
1777985037.440236,91,0.001000000047
1777985037.841206,92,0.001000000047
1777985038.241951,93,0.001000000047
1777985038.607736,94,0.001000000047
1777985038.945297,95,0.001000000047
1777985039.320608,96,0.001000000047
1777985039.682138,97,0.001000000047
1777985040.046350,98,0.001000000047
1777985040.387851,99,0.001000000047
1777985040.737272,100,0.001000000047
1777985041.056848,101,0.001000000047
1777985041.432595,102,0.001000000047
1777985041.823637,103,0.001000000047
1777985042.172025,104,0.001000000047
1777985042.535661,105,0.001000000047
1777985042.905076,106,0.001000000047
1777985043.270229,107,0.001000000047
1777985043.627516,108,0.001000000047
1777985044.030051,109,0.001000000047
1777985044.421530,110,0.001000000047
1777985044.821535,111,0.001000000047
1777985045.179986,112,0.001000000047
1777985045.532701,113,0.001000000047
1777985045.936816,114,0.001000000047
1777985046.297060,115,0.001000000047
1777985046.646874,116,0.001000000047
1777985046.999468,117,0.001000000047
1777985047.351806,118,0.001000000047
1777985047.743268,119,0.001000000047
1777985048.100429,120,0.001000000047
1777985048.465560,121,0.001000000047
1777985048.863917,122,0.001000000047
1777985049.249001,123,0.001000000047
1777985049.586912,124,0.001000000047
1777985049.967048,125,0.001000000047
1777985050.347037,126,0.001000000047
1777985050.736792,127,0.001000000047
1777985051.081391,128,0.001000000047
1777985051.433735,129,0.001000000047
1777985051.823756,130,0.001000000047
1777985052.203505,131,0.001000000047
1777985052.578657,132,0.001000000047
1777985052.952795,133,0.001000000047
1777985053.308997,134,0.001000000047
1777985053.669552,135,0.001000000047
1777985054.048930,136,0.001000000047
1777985054.432332,137,0.001000000047
1777985054.775995,138,0.001000000047
1777985055.147841,139,0.001000000047
1777985055.580114,140,0.001000000047
1777985055.941128,141,0.001000000047
1777985056.367655,142,0.001000000047
1777985056.775963,143,0.001000000047
1777985057.147949,144,0.001000000047
1777985057.525283,145,0.001000000047
1777985057.919384,146,0.001000000047
1777985058.250425,147,0.001000000047
1777985058.578467,148,0.001000000047
1777985058.942099,149,0.001000000047
1777985059.323409,150,0.001000000047
1777985059.699769,151,0.001000000047
1777985060.047315,152,0.001000000047
1777985060.432043,153,0.001000000047
1777985060.799130,154,0.001000000047
1777985061.151618,155,0.001000000047
1777985061.539561,156,0.001000000047
1777985061.926081,157,0.001000000047
1777985062.283200,158,0.001000000047
1777985062.660937,159,0.001000000047
1777985063.015153,160,0.001000000047
1777985063.360121,161,0.001000000047
1777985063.753508,162,0.001000000047
1777985064.145517,163,0.001000000047
1777985064.533358,164,0.001000000047
1777985064.861970,165,0.001000000047
1777985065.201437,166,0.001000000047
1777985065.572387,167,0.001000000047
1777985065.903803,168,0.001000000047
1777985066.303412,169,0.001000000047
1777985066.680522,170,0.001000000047
1777985067.013194,171,0.001000000047
1777985067.375049,172,0.001000000047
1777985067.756169,173,0.001000000047
1777985068.102115,174,0.001000000047
1777985068.467728,175,0.001000000047
1777985068.838437,176,0.001000000047
1777985069.203270,177,0.001000000047
1777985069.546884,178,0.001000000047
1777985069.933120,179,0.001000000047
1777985070.334488,180,0.001000000047
1777985070.711863,181,0.001000000047
1777985071.058118,182,0.001000000047
1777985071.417586,183,0.001000000047
1777985071.772804,184,0.001000000047
1777985072.165844,185,0.001000000047
1777985072.538053,186,0.001000000047
1777985072.898130,187,0.001000000047
1777985073.253276,188,0.001000000047
1777985073.593665,189,0.001000000047
1777985073.948767,190,0.001000000047
1777985074.275890,191,0.001000000047
1777985074.616588,192,0.001000000047
1777985074.945118,193,0.001000000047
1777985075.293824,194,0.001000000047
1777985075.665337,195,0.001000000047
1777985076.042467,196,0.001000000047
1777985076.403354,197,0.001000000047
1777985076.726929,198,0.001000000047
1777985077.125612,199,0.001000000047
1777985077.506438,200,0.001000000047
1777985077.867563,201,0.001000000047
1777985078.213681,202,0.001000000047
1777985078.593711,203,0.001000000047
1777985078.971661,204,0.001000000047
1777985079.326595,205,0.001000000047
1777985079.710200,206,0.001000000047
1777985080.083350,207,0.001000000047
1777985080.421941,208,0.001000000047
1777985080.762232,209,0.001000000047
1777985081.146229,210,0.001000000047
1777985081.509902,211,0.001000000047
1777985081.848573,212,0.001000000047
1777985082.190588,213,0.001000000047
1777985082.538979,214,0.001000000047
1777985082.944425,215,0.001000000047
1777985083.308300,216,0.001000000047
1777985083.673424,217,0.001000000047
1777985084.029541,218,0.001000000047
1777985084.388483,219,0.001000000047
1777985084.743967,220,0.001000000047
1777985085.117953,221,0.001000000047
1777985085.486977,222,0.001000000047
1777985085.859286,223,0.001000000047
1777985086.212230,224,0.001000000047
1777985086.571472,225,0.001000000047
1777985086.974918,226,0.001000000047
1777985087.343549,227,0.001000000047
1777985087.723907,228,0.001000000047
1777985088.073828,229,0.001000000047
1777985088.416306,230,0.001000000047
1777985088.781114,231,0.001000000047
1777985089.100361,232,0.001000000047
1777985089.438919,233,0.001000000047
1777985089.802592,234,0.001000000047
1777985090.171168,235,0.001000000047
1777985090.509525,236,0.001000000047
1777985090.909414,237,0.001000000047
1777985091.271412,238,0.001000000047
1777985091.644494,239,0.001000000047
1777985091.977067,240,0.001000000047
1777985092.485764,241,0.001000000047
1777985092.863587,242,0.001000000047
1777985093.201308,243,0.001000000047
1777985093.594332,244,0.001000000047
1777985093.942236,245,0.001000000047
1777985094.336395,246,0.001000000047
1777985094.737412,247,0.001000000047
1777985095.118796,248,0.001000000047
1777985095.539645,249,0.001000000047
1777985095.922833,250,0.001000000047
1777985096.261488,251,0.001000000047
1777985096.639301,252,0.001000000047
1777985097.036190,253,0.001000000047
1777985097.424011,254,0.001000000047
1777985097.787817,255,0.001000000047
1777985098.150389,256,0.001000000047
1777985098.536013,257,0.001000000047
1777985098.905530,258,0.001000000047
1777985099.256276,259,0.001000000047
1777985099.621743,260,0.001000000047
1777985099.964743,261,0.001000000047
1777985100.295514,262,0.001000000047
1777985100.625020,263,0.001000000047
1777985101.009628,264,0.001000000047
1777985101.371358,265,0.001000000047
1777985101.734824,266,0.001000000047
1777985102.068061,267,0.001000000047
1777985102.420782,268,0.001000000047
1777985102.787802,269,0.001000000047
1777985103.172224,270,0.001000000047
1777985103.527835,271,0.001000000047
1777985103.890543,272,0.001000000047
1777985104.265466,273,0.001000000047
1777985104.612392,274,0.001000000047
1777985104.980872,275,0.001000000047
1777985105.368736,276,0.001000000047
1777985105.729631,277,0.001000000047
1777985106.109416,278,0.001000000047
1777985106.479798,279,0.001000000047
1777985106.855041,280,0.001000000047
1777985107.245717,281,0.001000000047
1777985107.590860,282,0.001000000047
1777985107.965145,283,0.001000000047
1777985108.305859,284,0.001000000047
1777985108.686659,285,0.001000000047
1777985109.108450,286,0.001000000047
1777985109.447336,287,0.001000000047
1777985109.804734,288,0.001000000047
1777985110.154852,289,0.001000000047
1777985110.482856,290,0.001000000047
1777985110.884688,291,0.001000000047
1777985111.231921,292,0.001000000047
1777985111.578702,293,0.001000000047
1777985111.920272,294,0.001000000047
1777985112.228330,295,0.001000000047
1777985112.615205,296,0.001000000047
1777985112.989918,297,0.001000000047
1777985113.351110,298,0.001000000047
1777985113.736154,299,0.001000000047
1777985114.154655,300,0.001000000047
1777985114.533973,301,0.001000000047
1777985114.906880,302,0.001000000047
1777985115.233890,303,0.001000000047
1777985115.619940,304,0.001000000047
1777985115.981075,305,0.001000000047
1777985116.384764,306,0.001000000047
1777985116.772073,307,0.001000000047
1777985117.156931,308,0.001000000047
1777985117.527543,309,0.001000000047
1777985117.899734,310,0.001000000047
1777985118.229273,311,0.001000000047
1777985118.613719,312,0.001000000047
1777985119.000599,313,0.001000000047
1777985119.353664,314,0.001000000047
1777985119.736857,315,0.001000000047
1777985120.125436,316,0.001000000047
1777985120.526491,317,0.001000000047
1777985120.903312,318,0.001000000047
1777985121.286996,319,0.001000000047
1777985121.730489,320,0.001000000047
1777985122.077152,321,0.001000000047
1777985122.458434,322,0.001000000047
1777985122.821646,323,0.001000000047
1777985123.211256,324,0.001000000047
1777985123.629198,325,0.001000000047
1777985124.023544,326,0.001000000047
1777985124.397372,327,0.001000000047
1777985124.736406,328,0.001000000047
1777985125.079443,329,0.001000000047
1777985125.448727,330,0.001000000047
1777985125.816052,331,0.001000000047
1777985126.230508,332,0.001000000047
1777985126.622056,333,0.001000000047
1777985127.018958,334,0.001000000047
1777985127.400942,335,0.001000000047
1777985127.800818,336,0.001000000047
1777985128.198978,337,0.001000000047
1777985128.568358,338,0.001000000047
1777985128.946106,339,0.001000000047
1777985129.334681,340,0.001000000047
1777985129.688486,341,0.001000000047
1777985130.052038,342,0.001000000047
1777985130.413462,343,0.001000000047
1777985130.785495,344,0.001000000047
1777985131.136107,345,0.001000000047
1777985131.535980,346,0.001000000047
1777985131.903051,347,0.001000000047
1777985132.318972,348,0.001000000047
1777985132.753831,349,0.001000000047
1777985133.140315,350,0.001000000047
1777985133.558700,351,0.001000000047
1777985133.897801,352,0.001000000047
1777985134.242545,353,0.001000000047
1777985134.610661,354,0.001000000047
1777985135.064213,355,0.001000000047
1777985135.503604,356,0.001000000047
1777985135.949551,357,0.001000000047
1777985136.316987,358,0.001000000047
1777985136.690368,359,0.001000000047
1777985137.156190,360,0.001000000047
1777985137.521250,361,0.001000000047
1777985137.900149,362,0.001000000047
1777985138.296957,363,0.001000000047
1777985138.687232,364,0.001000000047
1777985139.059016,365,0.001000000047
1777985139.443301,366,0.001000000047
1777985139.797489,367,0.001000000047
1777985140.192456,368,0.001000000047
1777985140.589563,369,0.001000000047
1777985140.951220,370,0.001000000047
1777985141.304512,371,0.001000000047
1777985141.679431,372,0.001000000047
1777985142.045242,373,0.001000000047
1777985142.415928,374,0.001000000047
1777985142.787223,375,0.001000000047
1777985143.156416,376,0.001000000047
1777985143.546161,377,0.001000000047
1777985143.885013,378,0.001000000047
1777985144.252258,379,0.001000000047
1777985144.650980,380,0.001000000047
1777985145.033895,381,0.001000000047
1777985145.414785,382,0.001000000047
1777985145.818136,383,0.001000000047
1777985146.198784,384,0.001000000047
1777985146.539137,385,0.001000000047
1777985146.925298,386,0.001000000047
1777985147.269987,387,0.001000000047
1777985147.641890,388,0.001000000047
1777985148.002375,389,0.001000000047
1777985148.376544,390,0.001000000047
1777985148.723077,391,0.001000000047
1777985149.121810,392,0.001000000047
1777985149.537240,393,0.001000000047
1777985149.949314,394,0.001000000047
1777985150.322967,395,0.001000000047
1777985150.697436,396,0.001000000047
1777985151.109357,397,0.001000000047
1777985151.494267,398,0.001000000047
1777985151.897941,399,0.001000000047
1777985152.319061,400,0.001000000047
1777985152.673776,401,0.001000000047
1777985153.126827,402,0.001000000047
1777985153.496813,403,0.001000000047
1777985153.901035,404,0.001000000047
1777985154.276046,405,0.001000000047
1777985154.626429,406,0.001000000047
1777985155.034558,407,0.001000000047
1777985155.423610,408,0.001000000047
1777985155.802207,409,0.001000000047
1777985156.229311,410,0.001000000047
1777985156.572619,411,0.001000000047
1777985156.909995,412,0.001000000047
1777985157.282290,413,0.001000000047
1777985157.637846,414,0.001000000047
1777985158.050927,415,0.001000000047
1777985158.446619,416,0.001000000047
1777985158.823594,417,0.001000000047
1777985159.173377,418,0.001000000047
1777985159.559509,419,0.001000000047
1777985159.923860,420,0.001000000047
1777985160.305378,421,0.001000000047
1777985160.676051,422,0.001000000047
1777985161.026384,423,0.001000000047
1777985161.361157,424,0.001000000047
1777985161.717058,425,0.001000000047
1777985162.061247,426,0.001000000047
1777985162.437046,427,0.001000000047
1777985162.819927,428,0.001000000047
1777985163.145941,429,0.001000000047
1777985163.522264,430,0.001000000047
1777985163.935878,431,0.001000000047
1777985164.366806,432,0.001000000047
1777985164.781075,433,0.001000000047
1777985165.168977,434,0.001000000047
1777985165.569846,435,0.001000000047
1777985165.965556,436,0.001000000047
1777985166.314878,437,0.001000000047
1777985166.695912,438,0.001000000047
1777985167.097492,439,0.001000000047
1777985167.474119,440,0.001000000047
1777985167.823304,441,0.001000000047
1777985168.226454,442,0.001000000047
1777985168.540034,443,0.001000000047
1777985168.938365,444,0.001000000047
1777985169.328202,445,0.001000000047
1777985169.675061,446,0.001000000047
1777985170.030735,447,0.001000000047
1777985170.395977,448,0.001000000047
1777985170.816826,449,0.001000000047
1777985171.240457,450,0.001000000047
1777985171.573736,451,0.001000000047
1777985171.913321,452,0.001000000047
1777985172.289248,453,0.001000000047
1777985172.655954,454,0.001000000047
1777985173.012917,455,0.001000000047
1777985173.390449,456,0.001000000047
1777985173.766623,457,0.001000000047
1777985174.156886,458,0.001000000047
1777985174.563463,459,0.001000000047
1777985174.914565,460,0.001000000047
1777985175.337529,461,0.001000000047
1777985175.725322,462,0.001000000047
1777985176.128513,463,0.001000000047
1777985176.530342,464,0.001000000047
1777985176.885960,465,0.001000000047
1777985177.264649,466,0.001000000047
1777985177.630641,467,0.001000000047
1777985178.020961,468,0.001000000047
1777985178.433551,469,0.001000000047
1777985178.826889,470,0.001000000047
1777985179.222750,471,0.001000000047
1777985179.614412,472,0.001000000047
1777985180.024221,473,0.001000000047
1777985180.406556,474,0.001000000047
1777985180.810802,475,0.001000000047
1777985181.265667,476,0.001000000047
1777985181.627599,477,0.001000000047
1777985182.050611,478,0.001000000047
1777985182.430054,479,0.001000000047
1777985182.832742,480,0.001000000047
1777985183.257717,481,0.001000000047
1777985183.650103,482,0.001000000047
1777985184.059946,483,0.001000000047
1777985184.474254,484,0.001000000047
1777985184.883212,485,0.001000000047
1777985185.332161,486,0.001000000047
1777985185.733835,487,0.001000000047
1777985186.106015,488,0.001000000047
1777985186.537819,489,0.001000000047
1777985186.930532,490,0.001000000047
1777985187.486222,491,0.001000000047
1777985187.869330,492,0.001000000047
1777985188.217201,493,0.001000000047
1777985188.612055,494,0.001000000047
1777985189.025344,495,0.001000000047
1777985189.376971,496,0.001000000047
1777985189.738432,497,0.001000000047
1777985190.103700,498,0.001000000047
1777985190.534243,499,0.001000000047
1777985190.946395,500,0.001000000047
1777985191.342297,501,0.001000000047
1777985191.705527,502,0.001000000047
1777985192.073544,503,0.001000000047
1777985192.470396,504,0.001000000047
1777985192.812692,505,0.001000000047
1777985193.171300,506,0.001000000047
1777985193.571743,507,0.001000000047
1777985193.934131,508,0.001000000047
1777985194.266597,509,0.001000000047
1777985194.603519,510,0.001000000047
1777985194.964926,511,0.001000000047
1777985195.363557,512,0.001000000047
1777985195.717876,513,0.001000000047
1777985196.101353,514,0.001000000047
1777985196.481082,515,0.001000000047
1777985196.868161,516,0.001000000047
1777985197.247586,517,0.001000000047
1777985197.627985,518,0.001000000047
1777985197.996671,519,0.001000000047
1777985198.372981,520,0.001000000047
1777985198.714704,521,0.001000000047
1777985199.048165,522,0.001000000047
1777985199.408847,523,0.001000000047
1777985199.812932,524,0.001000000047
1777985200.246484,525,0.001000000047
1777985200.585094,526,0.001000000047
1777985200.949222,527,0.001000000047
1777985201.356696,528,0.001000000047
1777985201.741692,529,0.001000000047
1777985202.136642,530,0.001000000047
1777985202.477794,531,0.001000000047
1777985202.844684,532,0.001000000047
1777985203.188586,533,0.001000000047
1777985203.547509,534,0.001000000047
1777985203.889773,535,0.001000000047
1777985204.250551,536,0.001000000047
1777985204.631629,537,0.001000000047
1777985204.954174,538,0.001000000047
1777985205.363890,539,0.001000000047
1777985205.757926,540,0.001000000047
1777985206.115878,541,0.001000000047
1777985206.509316,542,0.001000000047
1777985206.865757,543,0.001000000047
1777985207.263816,544,0.001000000047
1777985207.626087,545,0.001000000047
1777985208.016726,546,0.001000000047
1777985208.388849,547,0.001000000047
1777985208.751714,548,0.001000000047
1777985209.112802,549,0.001000000047
1777985209.489204,550,0.001000000047
1777985209.875409,551,0.001000000047
1777985210.202962,552,0.001000000047
1777985210.614577,553,0.001000000047
1777985210.991407,554,0.001000000047
1777985211.352173,555,0.001000000047
1777985211.757425,556,0.001000000047
1777985212.141275,557,0.001000000047
1777985212.547005,558,0.001000000047
1777985212.923003,559,0.001000000047
1777985213.323758,560,0.001000000047
1777985213.672431,561,0.001000000047
1777985214.049959,562,0.001000000047
1777985214.426397,563,0.001000000047
1777985214.757524,564,0.001000000047
1777985215.155560,565,0.001000000047
1777985215.537695,566,0.001000000047
1777985215.937634,567,0.001000000047
1777985216.341545,568,0.001000000047
1777985216.729225,569,0.001000000047
1777985217.107268,570,0.001000000047
1777985217.485909,571,0.001000000047
1777985217.902482,572,0.001000000047
1777985218.323675,573,0.001000000047
1777985218.725576,574,0.001000000047
1777985219.120514,575,0.001000000047
1777985219.496366,576,0.001000000047
1777985219.871680,577,0.001000000047
1777985220.239174,578,0.001000000047
1777985220.635619,579,0.001000000047
1777985221.035459,580,0.001000000047
1777985221.426870,581,0.001000000047
1777985221.824372,582,0.001000000047
1777985222.162453,583,0.001000000047
1777985222.517004,584,0.001000000047
1777985222.895986,585,0.001000000047
1777985223.238018,586,0.001000000047
1777985223.635027,587,0.001000000047
1777985224.019928,588,0.001000000047
1777985224.425021,589,0.001000000047
1777985224.803801,590,0.001000000047
1777985225.182543,591,0.001000000047
1777985225.634150,592,0.001000000047
1777985226.003955,593,0.001000000047
1777985226.366424,594,0.001000000047
1777985226.680292,595,0.001000000047
1777985227.061703,596,0.001000000047
1777985227.457251,597,0.001000000047
1777985227.817883,598,0.001000000047
1777985228.197771,599,0.001000000047
1777985228.561449,600,0.001000000047
1777985228.922288,601,0.001000000047
1777985229.277671,602,0.001000000047
1777985229.662137,603,0.001000000047
1777985230.055008,604,0.001000000047
1777985230.445983,605,0.001000000047
1777985230.833381,606,0.001000000047
1777985231.187042,607,0.001000000047
1777985231.642176,608,0.001000000047
1777985232.026061,609,0.001000000047
1777985232.444540,610,0.001000000047
1777985232.844157,611,0.001000000047
1777985233.265965,612,0.001000000047
1777985233.656408,613,0.001000000047
1777985234.085717,614,0.001000000047
1777985234.495462,615,0.001000000047
1777985234.936041,616,0.001000000047
1777985235.339786,617,0.001000000047
1777985235.756134,618,0.001000000047
1777985236.129510,619,0.001000000047
1777985236.541597,620,0.001000000047
1777985237.005955,621,0.001000000047
1777985237.435242,622,0.001000000047
1777985237.811567,623,0.001000000047
1777985238.257347,624,0.001000000047
1777985238.673909,625,0.001000000047
1777985239.045357,626,0.001000000047
1777985239.431626,627,0.001000000047
1777985239.817653,628,0.001000000047
1777985240.205252,629,0.001000000047
1777985240.581399,630,0.001000000047
1777985240.936945,631,0.001000000047
1777985255.793106,632,0.001000000047
1777985256.226865,633,0.001000000047
1777985256.643341,634,0.001000000047
1777985257.010794,635,0.001000000047
1777985257.457945,636,0.001000000047
1777985257.897887,637,0.001000000047
1777985258.302423,638,0.001000000047
1777985258.692455,639,0.001000000047
1777985259.085071,640,0.001000000047
1777985259.514884,641,0.001000000047
1777985259.979316,642,0.001000000047
1777985260.418498,643,0.001000000047
1777985260.833619,644,0.001000000047
1777985261.289113,645,0.001000000047
1777985261.647657,646,0.001000000047
1777985262.023338,647,0.001000000047
1777985262.359490,648,0.001000000047
1777985262.725941,649,0.001000000047
1777985263.088383,650,0.001000000047
1777985263.488390,651,0.001000000047
1777985263.880626,652,0.001000000047
1777985264.259331,653,0.001000000047
1777985264.609449,654,0.001000000047
1777985264.971290,655,0.001000000047
1777985265.326278,656,0.001000000047
1777985265.680435,657,0.001000000047
1777985266.062906,658,0.001000000047
1777985266.452765,659,0.001000000047
1777985266.820118,660,0.001000000047
1777985267.153464,661,0.001000000047
1777985267.564816,662,0.001000000047
1777985267.919663,663,0.001000000047
1777985268.271445,664,0.001000000047
1777985268.669349,665,0.001000000047
1777985269.032252,666,0.001000000047
1777985269.424837,667,0.001000000047
1777985269.779062,668,0.001000000047
1777985270.179317,669,0.001000000047
1777985270.552518,670,0.001000000047
1777985270.940307,671,0.001000000047
1777985271.286442,672,0.001000000047
1777985271.628590,673,0.001000000047
1777985271.987420,674,0.001000000047
1777985272.369273,675,0.001000000047
1777985272.748817,676,0.001000000047
1777985273.108592,677,0.001000000047
1777985273.555146,678,0.001000000047
1777985273.903186,679,0.001000000047
1777985274.271701,680,0.001000000047
1777985274.687277,681,0.001000000047
1777985275.114353,682,0.001000000047
1777985275.537425,683,0.001000000047
1777985275.904528,684,0.001000000047
1777985276.280382,685,0.001000000047
1777985276.625601,686,0.001000000047
1777985277.046826,687,0.001000000047
1777985277.422401,688,0.001000000047
1777985277.880674,689,0.001000000047
1777985278.328014,690,0.001000000047
1777985278.735834,691,0.001000000047
1777985279.168649,692,0.001000000047
1777985279.638451,693,0.001000000047
1777985280.130873,694,0.001000000047
1777985280.543411,695,0.001000000047
1777985280.887275,696,0.001000000047
1777985281.297334,697,0.001000000047
1777985281.635210,698,0.001000000047
1777985281.979914,699,0.001000000047
1777985282.354995,700,0.001000000047
1777985282.707422,701,0.001000000047
1777985283.099735,702,0.001000000047
1777985283.547632,703,0.001000000047
1777985284.005342,704,0.001000000047
1777985284.424243,705,0.001000000047
1777985284.874516,706,0.001000000047
1777985285.318239,707,0.001000000047
1777985285.786913,708,0.001000000047
1777985286.176991,709,0.001000000047
1777985286.566076,710,0.001000000047
1777985286.976432,711,0.001000000047
1777985287.383459,712,0.001000000047
1777985287.797790,713,0.001000000047
1777985288.279573,714,0.001000000047
1777985288.681944,715,0.001000000047
1777985289.092504,716,0.001000000047
1777985289.490834,717,0.001000000047
1777985289.894982,718,0.001000000047
1777985290.381251,719,0.001000000047
1777985290.785102,720,0.001000000047
1777985291.213151,721,0.001000000047
1777985291.638878,722,0.001000000047
1777985292.038436,723,0.001000000047
1777985292.441605,724,0.001000000047
1777985292.861333,725,0.001000000047
1777985293.226702,726,0.001000000047
1777985293.611902,727,0.001000000047
1777985294.000355,728,0.001000000047
1777985294.391791,729,0.001000000047
1777985294.803821,730,0.001000000047
1777985295.195018,731,0.001000000047
1777985295.553690,732,0.001000000047
1777985295.920264,733,0.001000000047
1777985296.304964,734,0.001000000047
1777985296.691433,735,0.001000000047
1777985297.069423,736,0.001000000047
1777985297.455916,737,0.001000000047
1777985297.826897,738,0.001000000047
1777985298.204044,739,0.001000000047
1777985298.597391,740,0.001000000047
1777985299.059554,741,0.001000000047
1777985299.529185,742,0.001000000047
1777985299.927412,743,0.001000000047
1777985300.313529,744,0.001000000047
1777985300.709161,745,0.001000000047
1777985301.097373,746,0.001000000047
1777985301.551320,747,0.001000000047
1777985301.950927,748,0.001000000047
1777985302.338875,749,0.001000000047
1777985302.764739,750,0.001000000047
1777985303.156633,751,0.001000000047
1777985303.551769,752,0.001000000047
1777985303.984527,753,0.001000000047
1777985304.391231,754,0.001000000047
1777985304.816785,755,0.001000000047
1777985305.205448,756,0.001000000047
1777985305.618663,757,0.001000000047
1777985305.999624,758,0.001000000047
1777985306.386729,759,0.001000000047
1777985306.836484,760,0.001000000047
1777985307.234758,761,0.001000000047
1777985307.599409,762,0.001000000047
1777985307.998112,763,0.001000000047
1777985308.409397,764,0.001000000047
1777985308.860571,765,0.001000000047
1777985309.298144,766,0.001000000047
1777985309.689701,767,0.001000000047
1777985310.126913,768,0.001000000047
1777985310.514658,769,0.001000000047
1777985310.951491,770,0.001000000047
1777985311.352020,771,0.001000000047
1777985311.760287,772,0.001000000047
1777985312.207163,773,0.001000000047
1777985312.660205,774,0.001000000047
1777985313.072464,775,0.001000000047
1777985313.459153,776,0.001000000047
1777985313.920052,777,0.001000000047
1777985314.345309,778,0.001000000047
1777985314.744508,779,0.001000000047
1777985315.175544,780,0.001000000047
1777985315.555015,781,0.001000000047
1777985315.918375,782,0.001000000047
1777985316.319751,783,0.001000000047
1777985316.728136,784,0.001000000047
1777985317.152672,785,0.001000000047
1777985317.614505,786,0.001000000047
1777985318.013312,787,0.001000000047
1777985318.389979,788,0.001000000047
1777985318.829842,789,0.001000000047
1777985319.204923,790,0.001000000047
1777985319.602484,791,0.001000000047
1777985319.990483,792,0.001000000047
1777985320.385874,793,0.001000000047
1777985320.741935,794,0.001000000047
1777985321.180478,795,0.001000000047
1777985321.558145,796,0.001000000047
1777985321.969913,797,0.001000000047
1777985322.401021,798,0.001000000047
1777985322.802827,799,0.001000000047
1777985323.186837,800,0.001000000047
1777985323.577765,801,0.001000000047
1777985323.974648,802,0.001000000047
1777985324.390597,803,0.001000000047
1777985324.782958,804,0.001000000047
1777985325.176336,805,0.001000000047
1777985325.603236,806,0.001000000047
1777985325.996045,807,0.001000000047
1777985326.361573,808,0.001000000047
1777985326.732992,809,0.001000000047
1777985327.111689,810,0.001000000047
1777985327.503858,811,0.001000000047
1777985327.912645,812,0.001000000047
1777985328.284743,813,0.001000000047
1777985328.636996,814,0.001000000047
1777985329.036140,815,0.001000000047
1777985329.374554,816,0.001000000047
1777985329.732856,817,0.001000000047
1777985330.127830,818,0.001000000047
1777985330.587330,819,0.001000000047
1777985330.983193,820,0.001000000047
1777985331.349288,821,0.001000000047
1777985331.702372,822,0.001000000047
1777985332.082948,823,0.001000000047
1777985332.485260,824,0.001000000047
1777985332.909496,825,0.001000000047
1777985333.305485,826,0.001000000047
1777985333.701733,827,0.001000000047
1777985334.188863,828,0.001000000047
1777985334.622967,829,0.001000000047
1777985335.034423,830,0.001000000047
1777985335.424048,831,0.001000000047
1777985335.769429,832,0.001000000047
1777985336.117836,833,0.001000000047
1777985336.518397,834,0.001000000047
1777985336.889374,835,0.001000000047
1777985337.310908,836,0.001000000047
1777985337.693873,837,0.001000000047
1777985338.168761,838,0.001000000047
1777985338.541899,839,0.001000000047
1777985338.963428,840,0.001000000047
1777985339.404950,841,0.001000000047
1777985339.845595,842,0.001000000047
1777985340.273940,843,0.001000000047
1777985340.717183,844,0.001000000047
1777985341.136702,845,0.001000000047
1777985341.579248,846,0.001000000047
1777985342.040720,847,0.001000000047
1777985342.458754,848,0.001000000047
1777985342.846843,849,0.001000000047
1777985343.283970,850,0.001000000047
1777985343.643182,851,0.001000000047
1777985344.051629,852,0.001000000047
1777985344.436326,853,0.001000000047
1777985359.940697,854,0.001000000047
1777985360.300252,855,0.001000000047
1777985360.652234,856,0.001000000047
1777985361.039519,857,0.001000000047
1777985361.397579,858,0.001000000047
1777985361.772383,859,0.001000000047
1777985362.113605,860,0.001000000047
1777985362.443787,861,0.001000000047
1777985362.823924,862,0.001000000047
1777985363.194325,863,0.001000000047
1777985363.522210,864,0.001000000047
1777985363.892932,865,0.001000000047
1777985364.229460,866,0.001000000047
1777985364.577011,867,0.001000000047
1777985364.936578,868,0.001000000047
1777985365.345776,869,0.001000000047
1777985365.665451,870,0.001000000047
1777985365.978431,871,0.001000000047
1777985366.335319,872,0.001000000047
1777985366.682151,873,0.001000000047
1777985367.038275,874,0.001000000047
1777985367.417608,875,0.001000000047
1777985367.759876,876,0.001000000047
1777985368.103140,877,0.001000000047
1777985368.449421,878,0.001000000047
1777985368.842952,879,0.001000000047
1777985369.222747,880,0.001000000047
1777985369.622568,881,0.001000000047
1777985369.997222,882,0.001000000047
1777985370.363489,883,0.001000000047
1777985370.715961,884,0.001000000047
1777985371.095204,885,0.001000000047
1777985371.497555,886,0.001000000047
1777985371.871312,887,0.001000000047
1777985372.260087,888,0.001000000047
1777985372.670705,889,0.001000000047
1777985373.046009,890,0.001000000047
1777985421.325390,0,0.001000000047
1777985422.052368,1,0.001000000047
1777985422.504265,2,0.001000000047
1777985422.935336,3,0.001000000047
1777985423.371809,4,0.001000000047
1777985423.781252,5,0.001000000047
1777985424.285112,6,0.001000000047
1777985424.716027,7,0.001000000047
1777985425.169382,8,0.001000000047
1777985425.696624,9,0.001000000047
1777985426.077059,10,0.001000000047
1777985426.538200,11,0.001000000047
1777985426.933610,12,0.001000000047
1777985427.390701,13,0.001000000047
1777985427.903243,14,0.001000000047
1777985428.339595,15,0.001000000047
1777985428.985466,16,0.001000000047
1777985429.403958,17,0.001000000047
1777985429.860673,18,0.001000000047
1777985430.342985,19,0.001000000047
1777985430.729835,20,0.001000000047
1777985431.156276,21,0.001000000047
1777985431.567529,22,0.001000000047
1777985431.968367,23,0.001000000047
1777985432.356034,24,0.001000000047
1777985432.707700,25,0.001000000047
1777985433.099675,26,0.001000000047
1777985433.501969,27,0.001000000047
1777985433.900451,28,0.001000000047
1777985434.350743,29,0.001000000047
1777985434.787086,30,0.001000000047
1777985435.209445,31,0.001000000047
1777985435.660197,32,0.001000000047
1777985436.080815,33,0.001000000047
1777985436.519840,34,0.001000000047
1777985436.899491,35,0.001000000047
1777985437.421884,36,0.001000000047
1777985437.923310,37,0.001000000047
1777985438.329190,38,0.001000000047
1777985438.768791,39,0.001000000047
1777985439.151423,40,0.001000000047
1777985439.545303,41,0.001000000047
1777985439.912884,42,0.001000000047
1777985440.304946,43,0.001000000047
1777985440.618582,44,0.001000000047
1777985441.165676,45,0.001000000047
1777985441.544940,46,0.001000000047
1777985441.931335,47,0.001000000047
1777985442.391709,48,0.001000000047
1777985442.772838,49,0.001000000047
1777985443.114483,50,0.001000000047
1777985443.534632,51,0.001000000047
1777985443.904344,52,0.001000000047
1777985444.251549,53,0.001000000047
1777985444.595190,54,0.001000000047
1777985444.950813,55,0.001000000047
1777985445.341162,56,0.001000000047
1777985445.717891,57,0.001000000047
1777985446.066781,58,0.001000000047
1777985446.438076,59,0.001000000047
1777985446.820567,60,0.001000000047
1777985447.222738,61,0.001000000047
1777985447.574844,62,0.001000000047
1777985447.921297,63,0.001000000047
1777985448.295535,64,0.001000000047
1777985448.650287,65,0.001000000047
1777985449.036452,66,0.001000000047
1777985449.394839,67,0.001000000047
1777985449.785802,68,0.001000000047
1777985450.153931,69,0.001000000047
1777985450.496850,70,0.001000000047
1777985450.856468,71,0.001000000047
1777985451.227378,72,0.001000000047
1777985451.582085,73,0.001000000047
1777985451.970166,74,0.001000000047
1777985452.308503,75,0.001000000047
1777985452.679198,76,0.001000000047
1777985453.029336,77,0.001000000047
1777985453.388447,78,0.001000000047
1777985453.779824,79,0.001000000047
1777985454.160194,80,0.001000000047
1777985454.592032,81,0.001000000047
1777985454.986511,82,0.001000000047
1777985455.341246,83,0.001000000047
1777985455.713746,84,0.001000000047
1777985456.082090,85,0.001000000047
1777985456.430500,86,0.001000000047
1777985456.805877,87,0.001000000047
1777985457.191368,88,0.001000000047
1777985457.571430,89,0.001000000047
1777985457.946617,90,0.001000000047
1777985458.328306,91,0.001000000047
1777985458.690331,92,0.001000000047
1777985459.077462,93,0.001000000047
1777985459.433050,94,0.001000000047
1777985459.776609,95,0.001000000047
1777985460.154414,96,0.001000000047
1777985460.511980,97,0.001000000047
1777985460.871485,98,0.001000000047
1777985461.210071,99,0.001000000047
1777985461.555232,100,0.001000000047
1777985461.879927,101,0.001000000047
1777985462.254607,102,0.001000000047
1777985462.642022,103,0.001000000047
1777985462.984296,104,0.001000000047
1777985463.322189,105,0.001000000047
1777985463.674229,106,0.001000000047
1777985464.045040,107,0.001000000047
1777985464.413856,108,0.001000000047
1777985464.809550,109,0.001000000047
1777985465.173880,110,0.001000000047
1777985465.547846,111,0.001000000047
1777985465.901510,112,0.001000000047
1777985466.241155,113,0.001000000047
1777985466.645725,114,0.001000000047
1777985466.996774,115,0.001000000047
1777985467.351710,116,0.001000000047
1777985467.703907,117,0.001000000047
1777985468.050055,118,0.001000000047
1777985468.468616,119,0.001000000047
1777985468.827389,120,0.001000000047
1777985469.197966,121,0.001000000047
1777985469.584621,122,0.001000000047
1777985469.958328,123,0.001000000047
1777985470.295766,124,0.001000000047
1777985470.673558,125,0.001000000047
1777985471.035875,126,0.001000000047
1777985471.423521,127,0.001000000047
1777985471.770963,128,0.001000000047
1777985472.126275,129,0.001000000047
1777985472.536374,130,0.001000000047
1777985472.915101,131,0.001000000047
1777985473.294416,132,0.001000000047
1777985473.673491,133,0.001000000047
1777985474.024091,134,0.001000000047
1777985474.380232,135,0.001000000047
1777985474.774435,136,0.001000000047
1777985475.176283,137,0.001000000047
1777985475.518138,138,0.001000000047
1777985475.904406,139,0.001000000047
1777985476.336287,140,0.001000000047
1777985476.703840,141,0.001000000047
1777985477.125204,142,0.001000000047
1777985477.505534,143,0.001000000047
1777985477.883869,144,0.001000000047
1777985478.268543,145,0.001000000047
1777985478.637332,146,0.001000000047
1777985478.965006,147,0.001000000047
1777985479.305810,148,0.001000000047
1777985479.660264,149,0.001000000047
1777985480.042559,150,0.001000000047
1777985480.416673,151,0.001000000047
1777985480.765819,152,0.001000000047
1777985481.161644,153,0.001000000047
1777985481.535788,154,0.001000000047
1777985481.898863,155,0.001000000047
1777985482.286373,156,0.001000000047
1777985482.654128,157,0.001000000047
1777985483.007300,158,0.001000000047
1777985483.378200,159,0.001000000047
1777985483.724943,160,0.001000000047
1777985484.070105,161,0.001000000047
1777985484.458822,162,0.001000000047
1777985484.856026,163,0.001000000047
1777985485.241681,164,0.001000000047
1777985485.574311,165,0.001000000047
1777985485.931084,166,0.001000000047
1777985486.303103,167,0.001000000047
1777985486.648436,168,0.001000000047
1777985487.039850,169,0.001000000047
1777985487.425040,170,0.001000000047
1777985487.801530,171,0.001000000047
1777985488.179377,172,0.001000000047
1777985488.543104,173,0.001000000047
1777985488.899435,174,0.001000000047
1777985489.279117,175,0.001000000047
1777985489.630048,176,0.001000000047
1777985489.986964,177,0.001000000047
1777985490.330668,178,0.001000000047
1777985490.694937,179,0.001000000047
1777985491.064841,180,0.001000000047
1777985491.425812,181,0.001000000047
1777985491.784930,182,0.001000000047
1777985492.151931,183,0.001000000047
1777985492.522617,184,0.001000000047
1777985492.941540,185,0.001000000047
1777985493.304359,186,0.001000000047
1777985493.652008,187,0.001000000047
1777985493.993939,188,0.001000000047
1777985494.357446,189,0.001000000047
1777985494.737650,190,0.001000000047
1777985495.088358,191,0.001000000047
1777985495.438009,192,0.001000000047
1777985495.775109,193,0.001000000047
1777985496.116225,194,0.001000000047
1777985496.478974,195,0.001000000047
1777985496.883563,196,0.001000000047
1777985497.255133,197,0.001000000047
1777985497.588146,198,0.001000000047
1777985497.996321,199,0.001000000047
1777985498.358247,200,0.001000000047
1777985498.711266,201,0.001000000047
1777985499.060038,202,0.001000000047
1777985499.436659,203,0.001000000047
1777985499.817248,204,0.001000000047
1777985500.194820,205,0.001000000047
1777985500.576943,206,0.001000000047
1777985500.962271,207,0.001000000047
1777985501.325952,208,0.001000000047
1777985501.705796,209,0.001000000047
1777985502.104202,210,0.001000000047
1777985502.463383,211,0.001000000047
1777985502.794679,212,0.001000000047
1777985503.143474,213,0.001000000047
1777985503.513781,214,0.001000000047
1777985503.949700,215,0.001000000047
1777985504.383336,216,0.001000000047
1777985504.812309,217,0.001000000047
1777985505.215290,218,0.001000000047
1777985505.628103,219,0.001000000047
1777985506.009182,220,0.001000000047
1777985506.428791,221,0.001000000047
1777985506.878935,222,0.001000000047
1777985507.322262,223,0.001000000047
1777985507.740822,224,0.001000000047
1777985508.188091,225,0.001000000047
1777985508.649971,226,0.001000000047
1777985509.077090,227,0.001000000047
1777985509.499638,228,0.001000000047
1777985509.909701,229,0.001000000047
1777985510.323685,230,0.001000000047
1777985510.724715,231,0.001000000047
1777985511.094824,232,0.001000000047
1777985511.470360,233,0.001000000047
1777985511.825193,234,0.001000000047
1777985512.204256,235,0.001000000047
1777985512.532231,236,0.001000000047
1777985512.905854,237,0.001000000047
1777985513.271616,238,0.001000000047
1777985513.651353,239,0.001000000047
1777985513.990122,240,0.001000000047
1777985514.525230,241,0.001000000047
1777985514.964608,242,0.001000000047
1777985515.386170,243,0.001000000047
1777985515.801102,244,0.001000000047
1777985516.227870,245,0.001000000047
1777985516.618465,246,0.001000000047
1777985517.006464,247,0.001000000047
1777985517.389105,248,0.001000000047
1777985517.796408,249,0.001000000047
1777985518.183737,250,0.001000000047
1777985518.626303,251,0.001000000047
1777985519.007811,252,0.001000000047
1777985519.509441,253,0.001000000047
1777985519.915632,254,0.001000000047
1777985520.337576,255,0.001000000047
1777985520.736530,256,0.001000000047
1777985521.120838,257,0.001000000047
1777985521.508478,258,0.001000000047
1777985521.863952,259,0.001000000047
1777985522.226573,260,0.001000000047
1777985522.570640,261,0.001000000047
1777985522.911012,262,0.001000000047
1777985523.250598,263,0.001000000047
1777985523.638806,264,0.001000000047
1777985524.005718,265,0.001000000047
1777985524.382222,266,0.001000000047
1777985524.724463,267,0.001000000047
1777985525.076584,268,0.001000000047
1777985525.438598,269,0.001000000047
1777985525.823531,270,0.001000000047
1777985526.173556,271,0.001000000047
1777985526.541616,272,0.001000000047
1777985526.919019,273,0.001000000047
1777985527.273114,274,0.001000000047
1777985527.651331,275,0.001000000047
1777985528.042204,276,0.001000000047
1777985528.398602,277,0.001000000047
1777985528.765467,278,0.001000000047
1777985529.133097,279,0.001000000047
1777985529.509719,280,0.001000000047
1777985529.900183,281,0.001000000047
1777985530.238993,282,0.001000000047
1777985530.612619,283,0.001000000047
1777985530.952925,284,0.001000000047
1777985531.347544,285,0.001000000047
1777985531.783795,286,0.001000000047
1777985532.149650,287,0.001000000047
1777985532.500365,288,0.001000000047
1777985532.840170,289,0.001000000047
1777985533.185735,290,0.001000000047
1777985533.596152,291,0.001000000047
1777985533.970825,292,0.001000000047
1777985534.361467,293,0.001000000047
1777985534.749635,294,0.001000000047
1777985535.111840,295,0.001000000047
1777985535.562402,296,0.001000000047
1777985535.981839,297,0.001000000047
1777985536.392622,298,0.001000000047
1777985536.806413,299,0.001000000047
1777985537.261285,300,0.001000000047
1777985537.682314,301,0.001000000047
1777985538.091002,302,0.001000000047
1777985538.452034,303,0.001000000047
1777985538.850489,304,0.001000000047
1777985539.250757,305,0.001000000047
1777985539.673367,306,0.001000000047
1777985540.096627,307,0.001000000047
1777985540.516792,308,0.001000000047
1777985540.916758,309,0.001000000047
1777985541.333015,310,0.001000000047
1777985541.728487,311,0.001000000047
1777985542.167532,312,0.001000000047
1777985542.582047,313,0.001000000047
1777985542.976789,314,0.001000000047
1777985543.405553,315,0.001000000047
1777985543.820444,316,0.001000000047
1777985544.229506,317,0.001000000047
1777985544.652780,318,0.001000000047
1777985545.062778,319,0.001000000047
1777985545.494967,320,0.001000000047
1777985545.849432,321,0.001000000047
1777985546.271697,322,0.001000000047
1777985546.681984,323,0.001000000047
1777985547.089239,324,0.001000000047
1777985547.533845,325,0.001000000047
1777985562.866355,326,0.001000000047
1777985563.283569,327,0.001000000047
1777985563.661173,328,0.001000000047
1777985564.052991,329,0.001000000047
1777985564.476259,330,0.001000000047
1777985564.879494,331,0.001000000047
1777985565.335350,332,0.001000000047
1777985565.752016,333,0.001000000047
1777985566.151840,334,0.001000000047
1777985566.545816,335,0.001000000047
1777985566.982808,336,0.001000000047
1777985567.415582,337,0.001000000047
1777985567.810306,338,0.001000000047
1777985568.209429,339,0.001000000047
1777985568.619225,340,0.001000000047
1777985569.000727,341,0.001000000047
1777985569.392034,342,0.001000000047
1777985569.788042,343,0.001000000047
1777985570.170255,344,0.001000000047
1777985570.565589,345,0.001000000047
1777985571.005178,346,0.001000000047
1777985571.393932,347,0.001000000047
1777985571.820850,348,0.001000000047
1777985572.293350,349,0.001000000047
1777985572.702018,350,0.001000000047
1777985573.166065,351,0.001000000047
1777985573.528702,352,0.001000000047
1777985573.926942,353,0.001000000047
1777985574.319096,354,0.001000000047
1777985574.701728,355,0.001000000047
1777985575.146591,356,0.001000000047
1777985575.579601,357,0.001000000047
1777985575.954928,358,0.001000000047
1777985576.363753,359,0.001000000047
1777985576.748468,360,0.001000000047
1777985577.149071,361,0.001000000047
1777985577.575657,362,0.001000000047
1777985578.014842,363,0.001000000047
1777985578.427098,364,0.001000000047
1777985578.828239,365,0.001000000047
1777985579.224420,366,0.001000000047
1777985579.595058,367,0.001000000047
1777985580.004757,368,0.001000000047
1777985580.412097,369,0.001000000047
1777985580.788271,370,0.001000000047
1777985581.166210,371,0.001000000047
1777985581.573240,372,0.001000000047
1777985581.924284,373,0.001000000047
1777985582.320453,374,0.001000000047
1777985582.736915,375,0.001000000047
1777985583.158471,376,0.001000000047
1777985583.535784,377,0.001000000047
1777985583.923020,378,0.001000000047
1777985584.352110,379,0.001000000047
1777985584.809777,380,0.001000000047
1777985585.205620,381,0.001000000047
1777985585.665493,382,0.001000000047
1777985586.092879,383,0.001000000047
1777985586.520358,384,0.001000000047
1777985586.884168,385,0.001000000047
1777985587.304376,386,0.001000000047
1777985587.689328,387,0.001000000047
1777985588.115322,388,0.001000000047
1777985588.513176,389,0.001000000047
1777985588.908098,390,0.001000000047
1777985589.287741,391,0.001000000047
1777985589.737003,392,0.001000000047
1777985590.194341,393,0.001000000047
1777985590.662119,394,0.001000000047
1777985591.058239,395,0.001000000047
1777985591.466794,396,0.001000000047
1777985591.916028,397,0.001000000047
1777985592.312458,398,0.001000000047
1777985592.723861,399,0.001000000047
1777985593.177618,400,0.001000000047
1777985593.560000,401,0.001000000047
1777985594.018037,402,0.001000000047
1777985594.371175,403,0.001000000047
1777985594.758443,404,0.001000000047
1777985595.124690,405,0.001000000047
1777985595.481206,406,0.001000000047
1777985595.844707,407,0.001000000047
1777985596.198497,408,0.001000000047
1777985596.569043,409,0.001000000047
1777985596.982290,410,0.001000000047
1777985597.342096,411,0.001000000047
1777985597.721884,412,0.001000000047
1777985598.105098,413,0.001000000047
1777985598.477785,414,0.001000000047
1777985598.844414,415,0.001000000047
1777985599.246255,416,0.001000000047
1777985599.621542,417,0.001000000047
1777985600.020258,418,0.001000000047
1777985600.423182,419,0.001000000047
1777985600.787851,420,0.001000000047
1777985601.154720,421,0.001000000047
1777985601.520319,422,0.001000000047
1777985601.889297,423,0.001000000047
1777985602.242167,424,0.001000000047
1777985602.602586,425,0.001000000047
1777985602.950174,426,0.001000000047
1777985603.329645,427,0.001000000047
1777985603.720331,428,0.001000000047
1777985604.060255,429,0.001000000047
1777985604.430954,430,0.001000000047
1777985604.783565,431,0.001000000047
1777985605.165587,432,0.001000000047
1777985605.542360,433,0.001000000047
1777985605.911396,434,0.001000000047
1777985606.309973,435,0.001000000047
1777985606.684248,436,0.001000000047
1777985607.032324,437,0.001000000047
1777985607.416065,438,0.001000000047
1777985607.798278,439,0.001000000047
1777985608.161790,440,0.001000000047
1777985608.511775,441,0.001000000047
1777985608.901077,442,0.001000000047
1777985609.228658,443,0.001000000047
1777985609.630664,444,0.001000000047
1777985610.003650,445,0.001000000047
1777985610.360819,446,0.001000000047
1777985610.728250,447,0.001000000047
1777985611.075819,448,0.001000000047
1777985611.465389,449,0.001000000047
1777985611.891499,450,0.001000000047
1777985612.223782,451,0.001000000047
1777985612.573013,452,0.001000000047
1777985612.956447,453,0.001000000047
1777985613.354094,454,0.001000000047
1777985613.751803,455,0.001000000047
1777985614.175491,456,0.001000000047
1777985614.600649,457,0.001000000047
1777985614.998277,458,0.001000000047
1777985615.409257,459,0.001000000047
1777985615.803514,460,0.001000000047
1777985616.231593,461,0.001000000047
1777985616.642474,462,0.001000000047
1777985617.050857,463,0.001000000047
1777985617.462622,464,0.001000000047
1777985617.877412,465,0.001000000047
1777985618.304249,466,0.001000000047
1777985618.671726,467,0.001000000047
1777985619.048568,468,0.001000000047
1777985619.433511,469,0.001000000047
1777985619.883741,470,0.001000000047
1777985620.285820,471,0.001000000047
1777985620.677359,472,0.001000000047
1777985621.051528,473,0.001000000047
1777985621.454512,474,0.001000000047
1777985621.888531,475,0.001000000047
1777985622.360902,476,0.001000000047
1777985622.744627,477,0.001000000047
1777985623.182026,478,0.001000000047
1777985623.576600,479,0.001000000047
1777985623.992765,480,0.001000000047
1777985624.385600,481,0.001000000047
1777985624.763789,482,0.001000000047
1777985625.137339,483,0.001000000047
1777985625.528782,484,0.001000000047
1777985625.927638,485,0.001000000047
1777985626.409582,486,0.001000000047
1777985626.834571,487,0.001000000047
1777985627.217437,488,0.001000000047
1777985627.716632,489,0.001000000047
1777985628.133790,490,0.001000000047
1777985628.568893,491,0.001000000047
1777985628.942676,492,0.001000000047
1777985629.321209,493,0.001000000047
1777985629.744211,494,0.001000000047
1777985630.173210,495,0.001000000047
1777985630.561302,496,0.001000000047
1777985630.972833,497,0.001000000047
1777985631.373902,498,0.001000000047
1777985631.805438,499,0.001000000047
1777985632.244473,500,0.001000000047
1777985632.651193,501,0.001000000047
1777985633.033047,502,0.001000000047
1777985633.432509,503,0.001000000047
1777985633.849003,504,0.001000000047
1777985634.213202,505,0.001000000047
1777985634.583890,506,0.001000000047
1777985635.000479,507,0.001000000047
1777985635.399262,508,0.001000000047
1777985635.769408,509,0.001000000047
1777985636.138129,510,0.001000000047
1777985636.525416,511,0.001000000047
1777985636.918668,512,0.001000000047
1777985637.291748,513,0.001000000047
1777985637.705389,514,0.001000000047
1777985638.108167,515,0.001000000047
1777985638.505819,516,0.001000000047
1777985638.908077,517,0.001000000047
1777985639.314098,518,0.001000000047
1777985639.729687,519,0.001000000047
1777985640.140029,520,0.001000000047
1777985640.492420,521,0.001000000047
1777985640.826142,522,0.001000000047
1777985641.178224,523,0.001000000047
1777985641.554835,524,0.001000000047
1777985641.965222,525,0.001000000047
1777985642.286719,526,0.001000000047
1777985642.657998,527,0.001000000047
1777985643.050787,528,0.001000000047
1777985643.421911,529,0.001000000047
1777985643.816115,530,0.001000000047
1777985644.150623,531,0.001000000047
1777985644.517677,532,0.001000000047
1777985644.851915,533,0.001000000047
1777985645.201162,534,0.001000000047
1777985645.539782,535,0.001000000047
1777985645.881792,536,0.001000000047
1777985646.256029,537,0.001000000047
1777985646.576981,538,0.001000000047
1777985646.957577,539,0.001000000047
1777985647.358636,540,0.001000000047
1777985647.725954,541,0.001000000047
1777985648.130895,542,0.001000000047
1777985648.496733,543,0.001000000047
1777985648.880912,544,0.001000000047
1777985649.241067,545,0.001000000047
1777985649.631844,546,0.001000000047
1777985650.008215,547,0.001000000047
1777985650.357909,548,0.001000000047
1777985650.695019,549,0.001000000047
1777985651.066883,550,0.001000000047
1777985651.457823,551,0.001000000047
1777985651.779046,552,0.001000000047
1777985652.162412,553,0.001000000047
1777985652.512741,554,0.001000000047
1777985652.874576,555,0.001000000047
1777985653.279975,556,0.001000000047
1777985653.631515,557,0.001000000047
1777985654.012355,558,0.001000000047
1777985654.372464,559,0.001000000047
1777985654.738065,560,0.001000000047
1777985655.074620,561,0.001000000047
1777985655.443456,562,0.001000000047
1777985655.800601,563,0.001000000047
1777985656.123372,564,0.001000000047
1777985656.496661,565,0.001000000047
1777985656.825471,566,0.001000000047
1777985657.181894,567,0.001000000047
1777985657.559521,568,0.001000000047
1777985657.945920,569,0.001000000047
1777985658.317584,570,0.001000000047
1777985658.684368,571,0.001000000047
1777985659.059244,572,0.001000000047
1777985659.425466,573,0.001000000047
1777985659.780935,574,0.001000000047
1777985660.164080,575,0.001000000047
1777985660.525217,576,0.001000000047
1777985660.875367,577,0.001000000047
1777985661.227448,578,0.001000000047
1777985661.586548,579,0.001000000047
1777985661.980625,580,0.001000000047
1777985662.376667,581,0.001000000047
1777985662.772951,582,0.001000000047
1777985663.117756,583,0.001000000047
1777985663.457102,584,0.001000000047
1777985663.826899,585,0.001000000047
1777985664.169214,586,0.001000000047
1777985664.543880,587,0.001000000047
1777985664.897714,588,0.001000000047
1777985665.271064,589,0.001000000047
1777985665.621086,590,0.001000000047
1777985665.986740,591,0.001000000047
1777985666.395383,592,0.001000000047
1777985666.735358,593,0.001000000047
1777985667.102171,594,0.001000000047
1777985667.418152,595,0.001000000047
1777985667.787658,596,0.001000000047
1777985668.142778,597,0.001000000047
1777985668.490581,598,0.001000000047
1777985668.853434,599,0.001000000047
1777985669.201316,600,0.001000000047
1777985669.543486,601,0.001000000047
1777985669.877960,602,0.001000000047
1777985670.268099,603,0.001000000047
1777985670.646881,604,0.001000000047
1777985670.988568,605,0.001000000047
1777985671.353774,606,0.001000000047
1777985671.709727,607,0.001000000047
1777985672.147367,608,0.001000000047
1777985672.489182,609,0.001000000047
1777985672.834003,610,0.001000000047
1777985786.570062,0,0.001000000047
1777985787.194048,1,0.001000000047
1777985787.652796,2,0.001000000047
1777985788.061056,3,0.001000000047
1777985799.068701,4,0.001000000047
1777985799.471996,5,0.001000000047
1777985799.867800,6,0.001000000047
1777985800.249961,7,0.001000000047
1777985800.643743,8,0.001000000047
1777985801.130296,9,0.001000000047
1777985801.500555,10,0.001000000047
1777985801.932413,11,0.001000000047
1777985802.344150,12,0.001000000047
1777985802.807308,13,0.001000000047
1777985803.248072,14,0.001000000047
1777985803.615882,15,0.001000000047
1777985804.200506,16,0.001000000047
1777985804.558156,17,0.001000000047
1777985804.925435,18,0.001000000047
1777985805.384440,19,0.001000000047
1777985805.747632,20,0.001000000047
1777985806.122737,21,0.001000000047
1777985806.500948,22,0.001000000047
1777985806.911522,23,0.001000000047
1777985807.326084,24,0.001000000047
1777985807.702326,25,0.001000000047
1777985808.134954,26,0.001000000047
1777985808.499300,27,0.001000000047
1777985808.851578,28,0.001000000047
1777985809.259963,29,0.001000000047
1777985809.643212,30,0.001000000047
1777985810.023043,31,0.001000000047
1777985810.426796,32,0.001000000047
1777985810.835738,33,0.001000000047
1777985811.216858,34,0.001000000047
1777985811.611422,35,0.001000000047
1777985812.108416,36,0.001000000047
1777985812.482730,37,0.001000000047
1777985812.903197,38,0.001000000047
1777985813.322192,39,0.001000000047
1777985813.705768,40,0.001000000047
1777985814.112163,41,0.001000000047
1777985814.474006,42,0.001000000047
1777985814.891340,43,0.001000000047
1777985815.243090,44,0.001000000047
1777985815.717230,45,0.001000000047
1777985816.113639,46,0.001000000047
1777985816.487822,47,0.001000000047
1777985816.984247,48,0.001000000047
1777985817.353474,49,0.001000000047
1777985817.746402,50,0.001000000047
1777985818.153023,51,0.001000000047
1777985818.536469,52,0.001000000047
1777985818.880196,53,0.001000000047
1777985819.239414,54,0.001000000047
1777985819.589629,55,0.001000000047
1777985819.968788,56,0.001000000047
1777985820.346481,57,0.001000000047
1777985820.690450,58,0.001000000047
1777985821.136060,59,0.001000000047
1777985821.547887,60,0.001000000047
1777985821.955924,61,0.001000000047
1777985822.325863,62,0.001000000047
1777985822.685846,63,0.001000000047
1777985823.119975,64,0.001000000047
1777985823.493280,65,0.001000000047
1777985823.906754,66,0.001000000047
1777985824.289280,67,0.001000000047
1777985824.678745,68,0.001000000047
1777985825.046169,69,0.001000000047
1777985825.398662,70,0.001000000047
1777985825.759627,71,0.001000000047
1777985826.142943,72,0.001000000047
1777985826.503119,73,0.001000000047
1777985826.916796,74,0.001000000047
1777985827.278924,75,0.001000000047
1777985827.688302,76,0.001000000047
1777985828.070795,77,0.001000000047
1777985828.483201,78,0.001000000047
1777985828.918573,79,0.001000000047
1777985829.345368,80,0.001000000047
1777985829.826580,81,0.001000000047
1777985830.265944,82,0.001000000047
1777985830.632711,83,0.001000000047
1777985831.025357,84,0.001000000047
1777985831.452539,85,0.001000000047
1777985831.843005,86,0.001000000047
1777985832.284524,87,0.001000000047
1777985832.732126,88,0.001000000047
1777985833.168856,89,0.001000000047
1777985833.569834,90,0.001000000047
1777985833.979765,91,0.001000000047
1777985834.399356,92,0.001000000047
1777985834.818037,93,0.001000000047
1777985835.210569,94,0.001000000047
1777985835.609113,95,0.001000000047
1777985836.005105,96,0.001000000047
1777985836.416902,97,0.001000000047
1777985836.824096,98,0.001000000047
1777985837.206560,99,0.001000000047
1777985837.629249,100,0.001000000047
1777985837.992100,101,0.001000000047
1777985838.433942,102,0.001000000047
1777985838.884516,103,0.001000000047
1777985839.289040,104,0.001000000047
1777985839.684680,105,0.001000000047
1777985840.079985,106,0.001000000047
1777985840.476273,107,0.001000000047
1777985840.876436,108,0.001000000047
1777985841.346854,109,0.001000000047
1777985841.729708,110,0.001000000047
1777985842.137787,111,0.001000000047
1777985842.540845,112,0.001000000047
1777985842.933572,113,0.001000000047
1777985843.386765,114,0.001000000047
1777985843.800009,115,0.001000000047
1777985844.210866,116,0.001000000047
1777985844.606767,117,0.001000000047
1777985844.995942,118,0.001000000047
1777985845.446294,119,0.001000000047
1777985845.807638,120,0.001000000047
1777985846.217259,121,0.001000000047
1777985846.660806,122,0.001000000047
1777985847.069638,123,0.001000000047
1777985847.462316,124,0.001000000047
1777985847.902380,125,0.001000000047
1777985848.319008,126,0.001000000047
1777985848.749009,127,0.001000000047
1777985849.138739,128,0.001000000047
1777985849.545279,129,0.001000000047
1777985849.969329,130,0.001000000047
1777985850.399343,131,0.001000000047
1777985850.824566,132,0.001000000047
1777985851.249332,133,0.001000000047
1777985851.673569,134,0.001000000047
1777985852.089005,135,0.001000000047
1777985852.510329,136,0.001000000047
1777985852.941519,137,0.001000000047
1777985853.345013,138,0.001000000047
1777985853.777268,139,0.001000000047
1777985854.250899,140,0.001000000047
1777985854.667332,141,0.001000000047
1777985855.145568,142,0.001000000047
1777985855.563044,143,0.001000000047
1777985855.954890,144,0.001000000047
1777985856.358754,145,0.001000000047
1777985856.761780,146,0.001000000047
1777985857.127144,147,0.001000000047
1777985857.493723,148,0.001000000047
1777985857.872818,149,0.001000000047
1777985858.289913,150,0.001000000047
1777985858.713282,151,0.001000000047
1777985859.108194,152,0.001000000047
1777985859.545186,153,0.001000000047
1777985859.965737,154,0.001000000047
1777985860.368680,155,0.001000000047
1777985860.809573,156,0.001000000047
1777985861.199522,157,0.001000000047
1777985861.570706,158,0.001000000047
1777985861.978090,159,0.001000000047
1777985862.333327,160,0.001000000047
1777985862.707248,161,0.001000000047
1777985863.133075,162,0.001000000047
1777985863.542950,163,0.001000000047
1777985863.938859,164,0.001000000047
1777985864.280785,165,0.001000000047
1777985864.617703,166,0.001000000047
1777985865.012941,167,0.001000000047
1777985865.397068,168,0.001000000047
1777985865.840554,169,0.001000000047
1777985866.251800,170,0.001000000047
1777985866.611832,171,0.001000000047
1777985866.995615,172,0.001000000047
1777985867.398104,173,0.001000000047
1777985867.753893,174,0.001000000047
1777985868.151077,175,0.001000000047
1777985868.543623,176,0.001000000047
1777985868.957112,177,0.001000000047
1777985869.354805,178,0.001000000047
1777985869.751740,179,0.001000000047
1777985870.148551,180,0.001000000047
1777985870.554642,181,0.001000000047
1777985870.956647,182,0.001000000047
1777985871.383967,183,0.001000000047
1777985871.787001,184,0.001000000047
1777985872.247866,185,0.001000000047
1777985872.641370,186,0.001000000047
1777985873.006571,187,0.001000000047
1777985873.381331,188,0.001000000047
1777985873.787996,189,0.001000000047
1777985874.179096,190,0.001000000047
1777985874.554546,191,0.001000000047
1777985874.957189,192,0.001000000047
1777985875.319389,193,0.001000000047
1777985875.690310,194,0.001000000047
1777985876.095585,195,0.001000000047
1777985876.518447,196,0.001000000047
1777985876.923073,197,0.001000000047
1777985877.282419,198,0.001000000047
1777985877.727912,199,0.001000000047
1777985878.122606,200,0.001000000047
1777985878.508605,201,0.001000000047
1777985878.896758,202,0.001000000047
1777985879.306594,203,0.001000000047
1777985879.729533,204,0.001000000047
1777985880.128132,205,0.001000000047
1777985880.539679,206,0.001000000047
1777985880.937497,207,0.001000000047
1777985881.324157,208,0.001000000047
1777985881.698162,209,0.001000000047
1777985882.101646,210,0.001000000047
1777985882.494818,211,0.001000000047
1777985882.853841,212,0.001000000047
1777985883.236130,213,0.001000000047
1777985883.628986,214,0.001000000047
1777985884.066374,215,0.001000000047
1777985884.475441,216,0.001000000047
1777985884.903012,217,0.001000000047
1777985885.293308,218,0.001000000047
1777985885.668700,219,0.001000000047
1777985886.056395,220,0.001000000047
1777985886.475329,221,0.001000000047
1777985886.899230,222,0.001000000047
1777985887.333180,223,0.001000000047
1777985887.745891,224,0.001000000047
1777985888.151389,225,0.001000000047
1777985888.600921,226,0.001000000047
1777985889.008301,227,0.001000000047
1777985889.420916,228,0.001000000047
1777985889.802972,229,0.001000000047
1777985890.215056,230,0.001000000047
1777985890.600978,231,0.001000000047
1777985890.943040,232,0.001000000047
1777985891.333191,233,0.001000000047
1777985891.731425,234,0.001000000047
1777985892.138560,235,0.001000000047
1777985892.511591,236,0.001000000047
1777985892.913655,237,0.001000000047
1777985893.324181,238,0.001000000047
1777985893.749509,239,0.001000000047
1777985894.122155,240,0.001000000047
1777985894.687964,241,0.001000000047
1777985895.098690,242,0.001000000047
1777985895.497438,243,0.001000000047
1777985895.929939,244,0.001000000047
1777985896.301462,245,0.001000000047
1777985896.733063,246,0.001000000047
1777985897.163958,247,0.001000000047
1777985897.575160,248,0.001000000047
1777985897.993204,249,0.001000000047
1777985898.420723,250,0.001000000047
1777985898.905247,251,0.001000000047
1777985899.325823,252,0.001000000047
1777985899.856966,253,0.001000000047
1777985900.276662,254,0.001000000047
1777985900.677513,255,0.001000000047
1777985901.088437,256,0.001000000047
1777985901.510240,257,0.001000000047
1777985901.903259,258,0.001000000047
1777985902.245815,259,0.001000000047
1777985902.602198,260,0.001000000047
1777985902.979474,261,0.001000000047
1777985903.361341,262,0.001000000047
1777985903.737207,263,0.001000000047
1777985904.173162,264,0.001000000047
1777985904.583793,265,0.001000000047
1777985904.979471,266,0.001000000047
1777985905.351368,267,0.001000000047
1777985905.748139,268,0.001000000047
1777985906.151870,269,0.001000000047
1777985906.589939,270,0.001000000047
1777985907.001196,271,0.001000000047
1777985907.417732,272,0.001000000047
1777985907.822747,273,0.001000000047
1777985908.196767,274,0.001000000047
1777985908.588891,275,0.001000000047
1777985909.025410,276,0.001000000047
1777985909.437271,277,0.001000000047
1777985909.846189,278,0.001000000047
1777985910.264709,279,0.001000000047
1777985910.680711,280,0.001000000047
1777985911.118055,281,0.001000000047
1777985911.503983,282,0.001000000047
1777985911.941989,283,0.001000000047
1777985912.332975,284,0.001000000047
1777985912.766538,285,0.001000000047
1777985913.223130,286,0.001000000047
1777985913.618661,287,0.001000000047
1777985914.011956,288,0.001000000047
1777985914.379532,289,0.001000000047
1777985914.740952,290,0.001000000047
1777985915.138638,291,0.001000000047
1777985915.499960,292,0.001000000047
1777985915.840103,293,0.001000000047
1777985916.215450,294,0.001000000047
1777985916.556596,295,0.001000000047
1777985916.996065,296,0.001000000047
1777985917.422316,297,0.001000000047
1777985917.837750,298,0.001000000047
1777985918.259164,299,0.001000000047
1777985918.722595,300,0.001000000047
1777985919.145938,301,0.001000000047
1777985919.559132,302,0.001000000047
1777985919.932187,303,0.001000000047
1777985920.328381,304,0.001000000047
1777985920.718532,305,0.001000000047
1777985921.129910,306,0.001000000047
1777985921.547918,307,0.001000000047
1777985921.973828,308,0.001000000047
1777985922.385707,309,0.001000000047
1777985922.803818,310,0.001000000047
1777985923.174621,311,0.001000000047
1777985923.607445,312,0.001000000047
1777985924.051924,313,0.001000000047
1777985924.471343,314,0.001000000047
1777985924.908212,315,0.001000000047
1777985925.338092,316,0.001000000047
1777985925.766101,317,0.001000000047
1777985926.183433,318,0.001000000047
1777985926.602641,319,0.001000000047
1777985927.065512,320,0.001000000047
1777985927.427060,321,0.001000000047
1777985927.845883,322,0.001000000047
1777985928.275937,323,0.001000000047
1777985928.694390,324,0.001000000047
1777985929.150867,325,0.001000000047
1777985929.597116,326,0.001000000047
1777985929.979322,327,0.001000000047
1777985930.347418,328,0.001000000047
1777985930.723768,329,0.001000000047
1777985931.116795,330,0.001000000047
1777985931.509904,331,0.001000000047
1777985931.967358,332,0.001000000047
1777985932.398271,333,0.001000000047
1777985932.815174,334,0.001000000047
1777985933.216079,335,0.001000000047
1777985933.646403,336,0.001000000047
1777985934.089066,337,0.001000000047
1777985934.490177,338,0.001000000047
1777985934.895877,339,0.001000000047
1777985935.286236,340,0.001000000047
1777985935.649228,341,0.001000000047
1777985936.028723,342,0.001000000047
1777985936.423441,343,0.001000000047
1777985936.817365,344,0.001000000047
1777985937.208686,345,0.001000000047
1777985937.659338,346,0.001000000047
1777985938.064649,347,0.001000000047
1777985938.513105,348,0.001000000047
1777985938.973892,349,0.001000000047
1777985939.382886,350,0.001000000047
1777985939.842276,351,0.001000000047
1777985940.196018,352,0.001000000047
1777985940.583100,353,0.001000000047
1777985940.982159,354,0.001000000047
1777985941.369452,355,0.001000000047
1777985941.799370,356,0.001000000047
1777985942.242998,357,0.001000000047
1777985942.630084,358,0.001000000047
1777985943.051913,359,0.001000000047
1777985943.463004,360,0.001000000047
1777985943.862594,361,0.001000000047
1777985944.291848,362,0.001000000047
1777985944.731057,363,0.001000000047
1777985945.160135,364,0.001000000047
1777985945.574759,365,0.001000000047
1777985945.974972,366,0.001000000047
1777985946.349948,367,0.001000000047
1777985946.767784,368,0.001000000047
1777985947.183544,369,0.001000000047
1777985947.559662,370,0.001000000047
1777985947.934579,371,0.001000000047
1777985948.332446,372,0.001000000047
1777985948.709283,373,0.001000000047
1777985949.110829,374,0.001000000047
1777985949.536685,375,0.001000000047
1777985949.956547,376,0.001000000047
1777985950.365958,377,0.001000000047
1777985950.747347,378,0.001000000047
1777985951.173698,379,0.001000000047
1777985951.616010,380,0.001000000047
1777985952.008296,381,0.001000000047
1777985952.401620,382,0.001000000047
1777985952.813356,383,0.001000000047
1777985953.222183,384,0.001000000047
1777985953.592573,385,0.001000000047
1777985954.011506,386,0.001000000047
1777985954.391083,387,0.001000000047
1777985954.800604,388,0.001000000047
1777985955.180291,389,0.001000000047
1777985955.585918,390,0.001000000047
1777985955.964331,391,0.001000000047
1777985956.413329,392,0.001000000047
1777985956.851341,393,0.001000000047
1777985957.309776,394,0.001000000047
1777985957.713474,395,0.001000000047
1777985958.107889,396,0.001000000047
1777985958.559615,397,0.001000000047
1777985958.959994,398,0.001000000047
1777985959.380822,399,0.001000000047
1777985959.824717,400,0.001000000047
1777985960.174639,401,0.001000000047
1777985960.626346,402,0.001000000047
1777985961.008290,403,0.001000000047
1777985961.426968,404,0.001000000047
1777985961.834703,405,0.001000000047
1777985962.210933,406,0.001000000047
1777985962.626418,407,0.001000000047
1777985963.019912,408,0.001000000047
1777985963.411385,409,0.001000000047
1777985963.878949,410,0.001000000047
1777985964.258960,411,0.001000000047
1777985964.638435,412,0.001000000047
1777985965.022264,413,0.001000000047
1777985965.423222,414,0.001000000047
1777985965.841091,415,0.001000000047
1777985966.277890,416,0.001000000047
1777985966.693758,417,0.001000000047
1777985967.108305,418,0.001000000047
1777985967.539432,419,0.001000000047
1777985967.946599,420,0.001000000047
1777985968.362842,421,0.001000000047
1777985968.772202,422,0.001000000047
1777985969.146138,423,0.001000000047
1777985969.505278,424,0.001000000047
1777985969.891382,425,0.001000000047
1777985970.252271,426,0.001000000047
1777985970.634315,427,0.001000000047
1777985971.027803,428,0.001000000047
1777985971.395461,429,0.001000000047
1777985971.792193,430,0.001000000047
1777985972.181196,431,0.001000000047
1777985972.577207,432,0.001000000047
1777985972.958004,433,0.001000000047
1777985973.344578,434,0.001000000047
1777985973.741978,435,0.001000000047
1777985974.141304,436,0.001000000047
1777985974.536047,437,0.001000000047
1777985974.966628,438,0.001000000047
1777985975.411992,439,0.001000000047
1777985975.823216,440,0.001000000047
1777985976.220711,441,0.001000000047
1777985976.642738,442,0.001000000047
1777985977.003113,443,0.001000000047
1777985977.424642,444,0.001000000047
1777985977.806385,445,0.001000000047
1777985978.161509,446,0.001000000047
1777985978.551123,447,0.001000000047
1777985978.953886,448,0.001000000047
1777985979.395219,449,0.001000000047
1777985979.841247,450,0.001000000047
1777985980.190449,451,0.001000000047
1777985980.559367,452,0.001000000047
1777985980.938659,453,0.001000000047
1777985981.339567,454,0.001000000047
1777985981.700866,455,0.001000000047
1777985982.087292,456,0.001000000047
1777985982.460514,457,0.001000000047
1777985982.823339,458,0.001000000047
1777985999.126018,459,0.001000000047
1777985999.499497,460,0.001000000047
1777985999.951988,461,0.001000000047
1777986000.351175,462,0.001000000047
1777986000.751789,463,0.001000000047
1777986001.158676,464,0.001000000047
1777986001.546929,465,0.001000000047
1777986001.919453,466,0.001000000047
1777986002.295949,467,0.001000000047
1777986002.690215,468,0.001000000047
1777986003.070410,469,0.001000000047
1777986003.446935,470,0.001000000047
1777986003.817485,471,0.001000000047
1777986004.208793,472,0.001000000047
1777986004.610531,473,0.001000000047
1777986005.009785,474,0.001000000047
1777986005.425180,475,0.001000000047
1777986005.871742,476,0.001000000047
1777986006.240884,477,0.001000000047
1777986006.672998,478,0.001000000047
1777986007.057727,479,0.001000000047
1777986007.453650,480,0.001000000047
1777986007.871493,481,0.001000000047
1777986008.274774,482,0.001000000047
1777986008.680684,483,0.001000000047
1777986009.079832,484,0.001000000047
1777986009.486609,485,0.001000000047
1777986009.981661,486,0.001000000047
1777986010.375860,487,0.001000000047
1777986010.729521,488,0.001000000047
1777986011.220183,489,0.001000000047
1777986011.622122,490,0.001000000047
1777986012.069719,491,0.001000000047
1777986012.438806,492,0.001000000047
1777986012.776550,493,0.001000000047
1777986013.189089,494,0.001000000047
1777986013.615571,495,0.001000000047
1777986014.007074,496,0.001000000047
1777986014.421810,497,0.001000000047
1777986014.828662,498,0.001000000047
1777986015.290309,499,0.001000000047
1777986015.723242,500,0.001000000047
1777986016.145848,501,0.001000000047
1777986016.526993,502,0.001000000047
1777986016.906312,503,0.001000000047
1777986017.298805,504,0.001000000047
1777986017.660917,505,0.001000000047
1777986018.044021,506,0.001000000047
1777986018.464729,507,0.001000000047
1777986018.849706,508,0.001000000047
1777986019.206964,509,0.001000000047
1777986019.575722,510,0.001000000047
1777986019.973788,511,0.001000000047
1777986020.375151,512,0.001000000047
1777986020.719235,513,0.001000000047
1777986021.126565,514,0.001000000047
1777986021.513439,515,0.001000000047
1777986021.923616,516,0.001000000047
1777986022.320410,517,0.001000000047
1777986022.731801,518,0.001000000047
1777986023.137596,519,0.001000000047
1777986023.550011,520,0.001000000047
1777986023.922822,521,0.001000000047
1777986024.278502,522,0.001000000047
1777986024.660254,523,0.001000000047
1777986025.079440,524,0.001000000047
1777986025.528543,525,0.001000000047
1777986025.890209,526,0.001000000047
1777986026.309247,527,0.001000000047
1777986026.736577,528,0.001000000047
1777986027.132900,529,0.001000000047
1777986027.545917,530,0.001000000047
1777986027.917423,531,0.001000000047
1777986028.314264,532,0.001000000047
1777986028.688179,533,0.001000000047
1777986029.045503,534,0.001000000047
1777986029.401283,535,0.001000000047
1777986029.789703,536,0.001000000047
1777986030.174139,537,0.001000000047
1777986030.500083,538,0.001000000047
1777986030.891795,539,0.001000000047
1777986031.285011,540,0.001000000047
1777986031.675430,541,0.001000000047
1777986032.104539,542,0.001000000047
1777986032.485451,543,0.001000000047
1777986032.894867,544,0.001000000047
1777986033.289681,545,0.001000000047
1777986033.729930,546,0.001000000047
1777986034.140249,547,0.001000000047
1777986034.512971,548,0.001000000047
1777986034.894505,549,0.001000000047
1777986035.277675,550,0.001000000047
1777986035.704868,551,0.001000000047
1777986036.038009,552,0.001000000047
1777986036.461637,553,0.001000000047
1777986036.843092,554,0.001000000047
1777986037.223614,555,0.001000000047
1777986037.668923,556,0.001000000047
1777986038.041248,557,0.001000000047
1777986038.469637,558,0.001000000047
1777986038.860846,559,0.001000000047
1777986039.273262,560,0.001000000047
1777986039.673624,561,0.001000000047
1777986040.076708,562,0.001000000047
1777986040.494773,563,0.001000000047
1777986040.842617,564,0.001000000047
1777986041.249880,565,0.001000000047
1777986041.623514,566,0.001000000047
1777986042.025466,567,0.001000000047
1777986042.463468,568,0.001000000047
1777986042.900949,569,0.001000000047
1777986043.299236,570,0.001000000047
1777986043.720321,571,0.001000000047
1777986044.150510,572,0.001000000047
1777986044.557090,573,0.001000000047
1777986044.979343,574,0.001000000047
1777986045.411665,575,0.001000000047
1777986045.820575,576,0.001000000047
1777986046.239237,577,0.001000000047
1777986046.654903,578,0.001000000047
1777986047.039843,579,0.001000000047
1777986047.453966,580,0.001000000047
1777986047.894481,581,0.001000000047
1777986048.306443,582,0.001000000047
1777986048.664563,583,0.001000000047
1777986049.013001,584,0.001000000047
1777986049.439869,585,0.001000000047
1777986049.802583,586,0.001000000047
1777986064.936922,587,0.001000000047
1777986065.366434,588,0.001000000047
1777986065.803831,589,0.001000000047
1777986066.230011,590,0.001000000047
1777986066.668924,591,0.001000000047
1777986067.128916,592,0.001000000047
1777986067.511517,593,0.001000000047
1777986067.911860,594,0.001000000047
1777986068.236669,595,0.001000000047
1777986068.614784,596,0.001000000047
1777986068.986030,597,0.001000000047
1777986069.369964,598,0.001000000047
1777986069.801274,599,0.001000000047
1777986070.161003,600,0.001000000047
1777986070.516579,601,0.001000000047
1777986070.864874,602,0.001000000047
1777986071.262497,603,0.001000000047
1777986071.678963,604,0.001000000047
1777986072.045269,605,0.001000000047
1777986072.436698,606,0.001000000047
1777986072.823197,607,0.001000000047
1777986073.291508,608,0.001000000047
1777986073.682950,609,0.001000000047
1777986074.101019,610,0.001000000047
1777986074.514916,611,0.001000000047
1777986074.948036,612,0.001000000047
1777986075.320307,613,0.001000000047
1777986075.748308,614,0.001000000047
1777986076.214345,615,0.001000000047
1777986076.639094,616,0.001000000047
1777986077.029222,617,0.001000000047
1777986077.449721,618,0.001000000047
1777986077.826789,619,0.001000000047
1777986078.243655,620,0.001000000047
1777986078.699755,621,0.001000000047
1777986079.124937,622,0.001000000047
1777986079.507850,623,0.001000000047
1777986079.947390,624,0.001000000047
1777986080.372582,625,0.001000000047
1777986080.795912,626,0.001000000047
1777986081.220143,627,0.001000000047
1777986081.639992,628,0.001000000047
1777986082.009501,629,0.001000000047
1777986082.412846,630,0.001000000047
1777986082.815596,631,0.001000000047
1777986083.271867,632,0.001000000047
1777986083.658504,633,0.001000000047
1777986084.065026,634,0.001000000047
1777986084.440753,635,0.001000000047
1777986084.888287,636,0.001000000047
1777986085.330136,637,0.001000000047
1777986085.745563,638,0.001000000047
1777986086.145184,639,0.001000000047
1777986086.551215,640,0.001000000047
1777986086.979910,641,0.001000000047
1777986087.432169,642,0.001000000047
1777986087.860918,643,0.001000000047
1777986088.264749,644,0.001000000047
1777986088.696124,645,0.001000000047
1777986089.056215,646,0.001000000047
1777986089.446325,647,0.001000000047
1777986089.797299,648,0.001000000047
1777986090.176644,649,0.001000000047
1777986090.590632,650,0.001000000047
1777986091.046893,651,0.001000000047
1777986091.472178,652,0.001000000047
1777986091.876809,653,0.001000000047
1777986092.256101,654,0.001000000047
1777986092.627498,655,0.001000000047
1777986093.002834,656,0.001000000047
1777986093.390570,657,0.001000000047
1777986093.799711,658,0.001000000047
1777986094.213312,659,0.001000000047
1777986094.624952,660,0.001000000047
1777986094.995021,661,0.001000000047
1777986095.413535,662,0.001000000047
1777986095.791574,663,0.001000000047
1777986096.157193,664,0.001000000047
1777986096.564050,665,0.001000000047
1777986096.935453,666,0.001000000047
1777986097.330000,667,0.001000000047
1777986097.710241,668,0.001000000047
1777986098.127963,669,0.001000000047
1777986098.532970,670,0.001000000047
1777986098.939814,671,0.001000000047
1777986099.299157,672,0.001000000047
1777986099.650169,673,0.001000000047
1777986100.026761,674,0.001000000047
1777986100.415403,675,0.001000000047
1777986100.816464,676,0.001000000047
1777986101.178343,677,0.001000000047
1777986101.624156,678,0.001000000047
1777986101.974790,679,0.001000000047
1777986102.336195,680,0.001000000047
1777986102.741086,681,0.001000000047
1777986103.163610,682,0.001000000047
1777986103.591333,683,0.001000000047
1777986103.972731,684,0.001000000047
1777986104.347454,685,0.001000000047
1777986104.701788,686,0.001000000047
1777986105.154768,687,0.001000000047
1777986105.516084,688,0.001000000047
1777986105.935850,689,0.001000000047
1777986106.355590,690,0.001000000047
1777986106.733873,691,0.001000000047
1777986107.127260,692,0.001000000047
1777986107.523145,693,0.001000000047
1777986107.912616,694,0.001000000047
1777986108.295351,695,0.001000000047
1777986108.663718,696,0.001000000047
1777986109.094351,697,0.001000000047
1777986109.441714,698,0.001000000047
1777986109.781896,699,0.001000000047
1777986110.147739,700,0.001000000047
1777986110.534988,701,0.001000000047
1777986110.938748,702,0.001000000047
1777986111.390469,703,0.001000000047
1777986111.819817,704,0.001000000047
1777986112.186779,705,0.001000000047
1777986112.584920,706,0.001000000047
1777986113.016636,707,0.001000000047
1777986113.442805,708,0.001000000047
1777986113.820261,709,0.001000000047
1777986114.223355,710,0.001000000047
1777986114.636685,711,0.001000000047
1777986115.061464,712,0.001000000047
1777986115.469023,713,0.001000000047
1777986115.897357,714,0.001000000047
1777986116.287143,715,0.001000000047
1777986116.695732,716,0.001000000047
1777986117.109107,717,0.001000000047
1777986117.492583,718,0.001000000047
1777986117.961926,719,0.001000000047
1777986118.339245,720,0.001000000047
1777986118.733958,721,0.001000000047
1777986119.143682,722,0.001000000047
1777986119.546514,723,0.001000000047
1777986119.959315,724,0.001000000047
1777986120.354022,725,0.001000000047
1777986120.685102,726,0.001000000047
1777986136.055110,727,0.001000000047
1777986136.439899,728,0.001000000047
1777986136.855218,729,0.001000000047
1777986137.283547,730,0.001000000047
1777986137.656046,731,0.001000000047
1777986137.989865,732,0.001000000047
1777986138.360327,733,0.001000000047
1777986138.751921,734,0.001000000047
1777986139.132139,735,0.001000000047
1777986139.507096,736,0.001000000047
1777986139.869121,737,0.001000000047
1777986140.266972,738,0.001000000047
1777986140.668029,739,0.001000000047
1777986141.054073,740,0.001000000047
1777986141.480584,741,0.001000000047
1777986141.911017,742,0.001000000047
1777986142.270794,743,0.001000000047
1777986142.649362,744,0.001000000047
1777986143.049925,745,0.001000000047
1777986143.431609,746,0.001000000047
1777986143.870462,747,0.001000000047
1777986144.276883,748,0.001000000047
1777986144.682306,749,0.001000000047
1777986145.114907,750,0.001000000047
1777986145.518375,751,0.001000000047
1777986145.921463,752,0.001000000047
1777986146.291185,753,0.001000000047
1777986146.688741,754,0.001000000047
1777986147.112159,755,0.001000000047
1777986147.508329,756,0.001000000047
1777986147.955692,757,0.001000000047
1777986148.327331,758,0.001000000047
1777986148.693459,759,0.001000000047
1777986149.108864,760,0.001000000047
1777986149.498966,761,0.001000000047
1777986149.848548,762,0.001000000047
1777986150.223387,763,0.001000000047
1777986150.622270,764,0.001000000047
1777986151.028065,765,0.001000000047
1777986151.430266,766,0.001000000047
1777986151.774993,767,0.001000000047
1777986152.179605,768,0.001000000047
1777986152.546351,769,0.001000000047
1777986152.981732,770,0.001000000047
1777986153.399430,771,0.001000000047
1777986153.812317,772,0.001000000047
1777986154.227890,773,0.001000000047
1777986154.639443,774,0.001000000047
1777986155.023270,775,0.001000000047
1777986155.422086,776,0.001000000047
1777986155.825644,777,0.001000000047
1777986156.230043,778,0.001000000047
1777986156.606071,779,0.001000000047
1777986156.997236,780,0.001000000047
1777986157.374925,781,0.001000000047
1777986157.745614,782,0.001000000047
1777986158.155541,783,0.001000000047
1777986158.581498,784,0.001000000047
1777986159.018338,785,0.001000000047
1777986159.468200,786,0.001000000047
1777986159.850955,787,0.001000000047
1777986160.235492,788,0.001000000047
1777986160.663619,789,0.001000000047
1777986161.063075,790,0.001000000047
1777986161.481537,791,0.001000000047
1777986161.884920,792,0.001000000047
1777986162.291132,793,0.001000000047
1777986162.646567,794,0.001000000047
1777986163.041778,795,0.001000000047
1777986163.417180,796,0.001000000047
1777986163.814957,797,0.001000000047
1777986164.259465,798,0.001000000047
1777986164.682101,799,0.001000000047
1777986165.085709,800,0.001000000047
1777986165.490203,801,0.001000000047
1777986165.889678,802,0.001000000047
1777986166.307674,803,0.001000000047
1777986166.710575,804,0.001000000047
1777986167.117881,805,0.001000000047
1777986167.560472,806,0.001000000047
1777986167.963926,807,0.001000000047
1777986168.350330,808,0.001000000047
1777986168.745042,809,0.001000000047
1777986169.164524,810,0.001000000047
1777986169.580438,811,0.001000000047
1777986170.012196,812,0.001000000047
1777986170.399326,813,0.001000000047
1777986170.778912,814,0.001000000047
1777986171.198614,815,0.001000000047
1777986171.567538,816,0.001000000047
1777986171.966391,817,0.001000000047
1777986172.318792,818,0.001000000047
1777986172.746521,819,0.001000000047
1777986173.161495,820,0.001000000047
1777986173.589269,821,0.001000000047
1777986173.977730,822,0.001000000047
1777986174.391004,823,0.001000000047
1777986174.798676,824,0.001000000047
1777986175.222294,825,0.001000000047
1777986175.592234,826,0.001000000047
1777986175.984713,827,0.001000000047
1777986176.392822,828,0.001000000047
1777986176.829700,829,0.001000000047
1777986177.200408,830,0.001000000047
1777986177.598072,831,0.001000000047
1777986178.000726,832,0.001000000047
1777986178.364864,833,0.001000000047
1777986178.766726,834,0.001000000047
1777986179.115766,835,0.001000000047
1777986179.544843,836,0.001000000047
1777986179.948888,837,0.001000000047
1777986180.392017,838,0.001000000047
1777986180.800693,839,0.001000000047
1777986181.233803,840,0.001000000047
1777986181.654680,841,0.001000000047
1777986182.057693,842,0.001000000047
1777986182.421622,843,0.001000000047
1777986182.807249,844,0.001000000047
1777986183.189326,845,0.001000000047
1777986183.586186,846,0.001000000047
1777986184.022745,847,0.001000000047
1777986184.418787,848,0.001000000047
1777986184.791901,849,0.001000000047
1777986185.245201,850,0.001000000047
1777986185.644868,851,0.001000000047
1777986186.108410,852,0.001000000047
1777986186.520394,853,0.001000000047
1777986186.973041,854,0.001000000047
1777986187.391629,855,0.001000000047
1777986187.786314,856,0.001000000047
1777986188.218873,857,0.001000000047
1777986188.612606,858,0.001000000047
1777986189.019494,859,0.001000000047
1777986189.411035,860,0.001000000047
1777986189.806048,861,0.001000000047
1777986190.216558,862,0.001000000047
1777986190.631863,863,0.001000000047
1777986191.012477,864,0.001000000047
1777986191.426430,865,0.001000000047
1777986191.803246,866,0.001000000047
1777986192.211347,867,0.001000000047
1777986192.611531,868,0.001000000047
1777986193.069074,869,0.001000000047
1777986193.433850,870,0.001000000047
1777986193.773474,871,0.001000000047
1777986194.185460,872,0.001000000047
1777986194.575197,873,0.001000000047
1777986194.977966,874,0.001000000047
1777986195.406842,875,0.001000000047
1777986195.805873,876,0.001000000047
1777986196.210413,877,0.001000000047
1777986196.583195,878,0.001000000047
1777986196.991736,879,0.001000000047
1777986197.402721,880,0.001000000047
1777986197.863204,881,0.001000000047
1777986198.285438,882,0.001000000047
1777986198.668354,883,0.001000000047
1777986199.050543,884,0.001000000047
1777986199.438327,885,0.001000000047
1777986199.867289,886,0.001000000047
1777986200.242852,887,0.001000000047
1777986200.646305,888,0.001000000047
1777986201.072126,889,0.001000000047
1777986201.491992,890,0.001000000047
1777986201.869417,891,0.001000000047
1777986202.289326,892,0.001000000047
1777986202.670920,893,0.001000000047
1777986203.058050,894,0.001000000047
1777986203.476882,895,0.001000000047
1777986203.869616,896,0.001000000047
1777986204.220652,897,0.001000000047
1777986204.595948,898,0.001000000047
1777986204.986068,899,0.001000000047
1777986205.383691,900,0.001000000047
1777986205.808092,901,0.001000000047
1777986206.239614,902,0.001000000047
1777986206.651164,903,0.001000000047
1777986207.108670,904,0.001000000047
1777986207.530490,905,0.001000000047
1777986207.930197,906,0.001000000047
1777986208.338882,907,0.001000000047
1777986208.764828,908,0.001000000047
1777986209.185145,909,0.001000000047
1777986209.540930,910,0.001000000047
1777986209.907432,911,0.001000000047
1777986210.243828,912,0.001000000047
1777986210.695424,913,0.001000000047
1777986211.062639,914,0.001000000047
1777986211.467141,915,0.001000000047
1777986211.880001,916,0.001000000047
1777986212.280865,917,0.001000000047
1777986212.627910,918,0.001000000047
1777986212.996984,919,0.001000000047
1777986213.355293,920,0.001000000047
1777986213.751767,921,0.001000000047
1777986214.117237,922,0.001000000047
1777986214.491759,923,0.001000000047
1777986214.838721,924,0.001000000047
1777986215.218033,925,0.001000000047
1777986215.622639,926,0.001000000047
1777986215.963051,927,0.001000000047
1777986216.307792,928,0.001000000047
1777986216.686629,929,0.001000000047
1777986217.052230,930,0.001000000047
1777986217.423401,931,0.001000000047
1777986217.782342,932,0.001000000047
1777986218.115643,933,0.001000000047
1777986218.499718,934,0.001000000047
1777986218.869397,935,0.001000000047
1777986219.194915,936,0.001000000047
1777986219.545565,937,0.001000000047
1777986219.885063,938,0.001000000047
1777986220.222154,939,0.001000000047
1777986220.581963,940,0.001000000047
1777986220.960763,941,0.001000000047
1777986221.297740,942,0.001000000047
1777986221.684833,943,0.001000000047
1777986222.041936,944,0.001000000047
1777986222.457181,945,0.001000000047
1777986222.850562,946,0.001000000047
1777986223.221287,947,0.001000000047
1777986223.587028,948,0.001000000047
1777986223.942202,949,0.001000000047
1777986224.286431,950,0.001000000047
1777986224.670481,951,0.001000000047
1777986224.999201,952,0.001000000047
1777986225.357645,953,0.001000000047
1777986225.740163,954,0.001000000047
1777986226.075156,955,0.001000000047
1777986226.437726,956,0.001000000047
1777986226.815614,957,0.001000000047
1777986227.148864,958,0.001000000047
1777986227.505150,959,0.001000000047
1777986227.846668,960,0.001000000047
1777986228.193648,961,0.001000000047
1777986228.543904,962,0.001000000047
1777986228.903602,963,0.001000000047
1777986229.317100,964,0.001000000047
1777986229.681904,965,0.001000000047
1777986230.041760,966,0.001000000047
1777986230.366907,967,0.001000000047
1777986230.731238,968,0.001000000047
1777986231.090448,969,0.001000000047
1777986231.483754,970,0.001000000047
1777986231.812719,971,0.001000000047
1777986232.145566,972,0.001000000047
1777986232.523298,973,0.001000000047
1777986232.877406,974,0.001000000047
1777986233.247824,975,0.001000000047
1777986233.633204,976,0.001000000047
1777986234.009052,977,0.001000000047
1777986234.374729,978,0.001000000047
1777986234.724322,979,0.001000000047
1777986235.092099,980,0.001000000047
1777986235.453027,981,0.001000000047
1777986235.842917,982,0.001000000047
1777986236.209020,983,0.001000000047
1777986236.587975,984,0.001000000047
1777986236.947761,985,0.001000000047
1777986237.297102,986,0.001000000047
1777986237.668635,987,0.001000000047
1777986238.016027,988,0.001000000047
1777986238.373687,989,0.001000000047
1777986238.719450,990,0.001000000047
1777986239.072790,991,0.001000000047
1777986239.447361,992,0.001000000047
1777986239.818329,993,0.001000000047
1777986240.203498,994,0.001000000047
1777986240.570358,995,0.001000000047
1777986240.928401,996,0.001000000047
1777986241.284804,997,0.001000000047
1777986241.629655,998,0.001000000047
1777986242.024230,999,0.001000000047
1777986242.355610,1000,0.001000000047
1777986242.727217,1001,0.001000000047
1777986243.084443,1002,0.001000000047
1777986243.451821,1003,0.001000000047
1777986243.798177,1004,0.001000000047
1777986244.149062,1005,0.001000000047
1777986244.511561,1006,0.001000000047
1777986244.851746,1007,0.001000000047
1777986245.209666,1008,0.001000000047
1777986245.594129,1009,0.001000000047
1777986245.943259,1010,0.001000000047
1777986246.285923,1011,0.001000000047
1777986246.641653,1012,0.001000000047
1777986246.995302,1013,0.001000000047
1777986247.334903,1014,0.001000000047
1777986247.718584,1015,0.001000000047
1777986248.134509,1016,0.001000000047
1777986248.493484,1017,0.001000000047
1777986248.834531,1018,0.001000000047
1777986249.250886,1019,0.001000000047
1777986249.689294,1020,0.001000000047
1777986250.072302,1021,0.001000000047
1777986250.426580,1022,0.001000000047
1777986250.758527,1023,0.001000000047
1777986251.166293,1024,0.001000000047
1777986251.507554,1025,0.001000000047
1777986251.857848,1026,0.001000000047
1777986252.226372,1027,0.001000000047
1777986252.583700,1028,0.001000000047
1777986252.926490,1029,0.001000000047
1777986253.302652,1030,0.001000000047
1777986253.667057,1031,0.001000000047
1777986254.017217,1032,0.001000000047
1777986254.408305,1033,0.001000000047
1777986254.786547,1034,0.001000000047
1777986255.166311,1035,0.001000000047
1777986255.523020,1036,0.001000000047
1777986255.890465,1037,0.001000000047
1777986256.279721,1038,0.001000000047
1777986256.608529,1039,0.001000000047
1777986256.980077,1040,0.001000000047
1777986257.324503,1041,0.001000000047
1777986257.739650,1042,0.001000000047
1777986258.100872,1043,0.001000000047
1777986258.479877,1044,0.001000000047
1777986258.837639,1045,0.001000000047
1777986259.212894,1046,0.001000000047
1777986259.613977,1047,0.001000000047
1777986259.977582,1048,0.001000000047
1777986260.328563,1049,0.001000000047
1777986260.673753,1050,0.001000000047
1777986261.059469,1051,0.001000000047
1777986261.420153,1052,0.001000000047
1777986261.780904,1053,0.001000000047
1777986262.142739,1054,0.001000000047
1777986262.503339,1055,0.001000000047
1777986262.857547,1056,0.001000000047
1777986263.247715,1057,0.001000000047
1777986263.668990,1058,0.001000000047
1777986264.008756,1059,0.001000000047
1777986264.394022,1060,0.001000000047
1777986264.745289,1061,0.001000000047
1777986265.146182,1062,0.001000000047
1777986265.591131,1063,0.001000000047
1777986265.962630,1064,0.001000000047
1777986266.331292,1065,0.001000000047
1777986266.703835,1066,0.001000000047
1777986267.040998,1067,0.001000000047
1777986267.391083,1068,0.001000000047
1777986267.762513,1069,0.001000000047
1777986268.114245,1070,0.001000000047
1777986268.477067,1071,0.001000000047
1777986268.837450,1072,0.001000000047
1777986269.211265,1073,0.001000000047
1777986269.563007,1074,0.001000000047
1777986269.879231,1075,0.001000000047
1777986270.270373,1076,0.001000000047
1777986270.649145,1077,0.001000000047
1777986270.990583,1078,0.001000000047
1777986271.365070,1079,0.001000000047
1777986271.749078,1080,0.001000000047
1777986272.153205,1081,0.001000000047
1777986272.509310,1082,0.001000000047
1777986272.843901,1083,0.001000000047
1777986273.227516,1084,0.001000000047
1777986273.606740,1085,0.001000000047
1777986273.993527,1086,0.001000000047
1777986274.338979,1087,0.001000000047
1777986274.687340,1088,0.001000000047
1777986275.057051,1089,0.001000000047
1777986275.424330,1090,0.001000000047
1777986275.833297,1091,0.001000000047
1777986276.235663,1092,0.001000000047
1777986276.577030,1093,0.001000000047
1777986276.951206,1094,0.001000000047
1777986277.310609,1095,0.001000000047
1777986277.677601,1096,0.001000000047
1777986278.076391,1097,0.001000000047
1777986278.447897,1098,0.001000000047
1777986278.861082,1099,0.001000000047
1777986279.251386,1100,0.001000000047
1777986279.643680,1101,0.001000000047
1777986280.016189,1102,0.001000000047
1777986280.414793,1103,0.001000000047
1777986280.791644,1104,0.001000000047
1777986281.163784,1105,0.001000000047
1777986281.509591,1106,0.001000000047
1777986281.891548,1107,0.001000000047
1777986282.265674,1108,0.001000000047
1777986282.659451,1109,0.001000000047
1777986283.031244,1110,0.001000000047
1777986283.442935,1111,0.001000000047
1777986283.800207,1112,0.001000000047
1777986284.167631,1113,0.001000000047
1777986284.546360,1114,0.001000000047
1777986284.903501,1115,0.001000000047
1777986285.265492,1116,0.001000000047
1777986285.657158,1117,0.001000000047
1777986286.058128,1118,0.001000000047
1777986286.446632,1119,0.001000000047
1777986286.844684,1120,0.001000000047
1777986287.237177,1121,0.001000000047
1777986287.617795,1122,0.001000000047
1777986288.019248,1123,0.001000000047
1777986288.390353,1124,0.001000000047
1777986288.750067,1125,0.001000000047
1777986289.170290,1126,0.001000000047
1777986289.576112,1127,0.001000000047
1777986289.907497,1128,0.001000000047
1777986290.323624,1129,0.001000000047
1777986290.697578,1130,0.001000000047
1777986291.111864,1131,0.001000000047
1777986291.503394,1132,0.001000000047
1777986291.850136,1133,0.001000000047
1777986292.197061,1134,0.001000000047
1777986292.583405,1135,0.001000000047
1777986292.995157,1136,0.001000000047
1777986293.392067,1137,0.001000000047
1777986293.757639,1138,0.001000000047
1777986294.130220,1139,0.001000000047
1777986294.542295,1140,0.001000000047
1777986294.919036,1141,0.001000000047
1777986295.351772,1142,0.001000000047
1777986295.708142,1143,0.001000000047
1777986296.126519,1144,0.001000000047
1777986296.514565,1145,0.001000000047
1777986296.928725,1146,0.001000000047
1777986297.321534,1147,0.001000000047
1777986297.686271,1148,0.001000000047
1777986298.064463,1149,0.001000000047
1777986298.410518,1150,0.001000000047
1777986298.758255,1151,0.001000000047
1777986299.114068,1152,0.001000000047
1777986299.522439,1153,0.001000000047
1777986299.925608,1154,0.001000000047
1777986300.333646,1155,0.001000000047
1777986300.723570,1156,0.001000000047
1777986301.071369,1157,0.001000000047
1777986301.441050,1158,0.001000000047
1777986301.802590,1159,0.001000000047
1777986302.172051,1160,0.001000000047
1777986302.538086,1161,0.001000000047
1777986302.907549,1162,0.001000000047
1777986303.274137,1163,0.001000000047
1777986303.624581,1164,0.001000000047
1777986303.966478,1165,0.001000000047
1777986304.338871,1166,0.001000000047
1777986304.717008,1167,0.001000000047
1777986305.089305,1168,0.001000000047
1777986305.458001,1169,0.001000000047
1777986305.816520,1170,0.001000000047
1777986306.187873,1171,0.001000000047
1777986306.536660,1172,0.001000000047
1777986306.912635,1173,0.001000000047
1777986307.272894,1174,0.001000000047
1777986307.623066,1175,0.001000000047
1777986307.967679,1176,0.001000000047
1777986308.362432,1177,0.001000000047
1777986308.734355,1178,0.001000000047
1777986309.099760,1179,0.001000000047
1777986309.471110,1180,0.001000000047
1777986309.865491,1181,0.001000000047
1777986310.238525,1182,0.001000000047
1777986310.606363,1183,0.001000000047
1777986310.988979,1184,0.001000000047
1777986311.332412,1185,0.001000000047
1777986311.692002,1186,0.001000000047
1777986312.080725,1187,0.001000000047
1777986312.425643,1188,0.001000000047
1777986312.783655,1189,0.001000000047
1777986313.174421,1190,0.001000000047
1777986313.503718,1191,0.001000000047
1777986313.892779,1192,0.001000000047
1777986314.263745,1193,0.001000000047
1777986314.609367,1194,0.001000000047
1777986314.953717,1195,0.001000000047
1777986315.366038,1196,0.001000000047
1777986315.735502,1197,0.001000000047
1777986316.106400,1198,0.001000000047
1777986316.432503,1199,0.001000000047
1777986316.796679,1200,0.001000000047
1777986332.060044,1201,0.001000000047
1777986332.443113,1202,0.001000000047
1777986332.797445,1203,0.001000000047
1777986333.217174,1204,0.001000000047
1777986333.595282,1205,0.001000000047
1777986333.968082,1206,0.001000000047
1777986334.333249,1207,0.001000000047
1777986334.683559,1208,0.001000000047
1777986335.034048,1209,0.001000000047
1777986335.359190,1210,0.001000000047
1777986335.704481,1211,0.001000000047
1777986355.297966,1212,0.001000000047
1777986355.700737,1213,0.001000000047
1777986356.081212,1214,0.001000000047
1777986356.437333,1215,0.001000000047
1777986356.805611,1216,0.001000000047
1777986357.141500,1217,0.001000000047
1777986357.465998,1218,0.001000000047
1777986357.822775,1219,0.001000000047
1777986358.149242,1220,0.001000000047
1777986358.508646,1221,0.001000000047
1777986358.893069,1222,0.001000000047
1777986359.218313,1223,0.001000000047
1777986359.566996,1224,0.001000000047
1777986359.965575,1225,0.001000000047
1777986360.377043,1226,0.001000000047
1777986360.754006,1227,0.001000000047
1777986361.133705,1228,0.001000000047
1777986361.499321,1229,0.001000000047
1777986361.849684,1230,0.001000000047
1777986362.194501,1231,0.001000000047
1777986362.563054,1232,0.001000000047
1777986362.932304,1233,0.001000000047
1777986363.261845,1234,0.001000000047
1777986363.652624,1235,0.001000000047
1777986364.052760,1236,0.001000000047
1777986364.422192,1237,0.001000000047
1777986364.759725,1238,0.001000000047
1777986365.088893,1239,0.001000000047
1777986365.429500,1240,0.001000000047
1777986365.794892,1241,0.001000000047
1777986366.177897,1242,0.001000000047
1777986366.525333,1243,0.001000000047
1777986366.938611,1244,0.001000000047
1777986367.390778,1245,0.001000000047
1777986367.744074,1246,0.001000000047
1777986368.167926,1247,0.001000000047
1777986368.545470,1248,0.001000000047
1777986368.909400,1249,0.001000000047
1777986369.296370,1250,0.001000000047
1777986369.637529,1251,0.001000000047
1777986370.077644,1252,0.001000000047
1777986370.455779,1253,0.001000000047
1777986370.923553,1254,0.001000000047
1777986371.415053,1255,0.001000000047
1777986371.850738,1256,0.001000000047
1777986372.212170,1257,0.001000000047
1777986372.565258,1258,0.001000000047
1777986372.907278,1259,0.001000000047
1777986373.267638,1260,0.001000000047
1777986373.615679,1261,0.001000000047
1777986373.989103,1262,0.001000000047
1777986374.365270,1263,0.001000000047
1777986374.719603,1264,0.001000000047
1777986375.078029,1265,0.001000000047
1777986375.428199,1266,0.001000000047
1777986375.822098,1267,0.001000000047
1777986376.204021,1268,0.001000000047
1777986376.560781,1269,0.001000000047
1777986376.933709,1270,0.001000000047
1777986377.316569,1271,0.001000000047
1777986377.748402,1272,0.001000000047
1777986378.116265,1273,0.001000000047
1777986378.474952,1274,0.001000000047
1777986378.849747,1275,0.001000000047
1777986379.232737,1276,0.001000000047
1777986379.621467,1277,0.001000000047
1777986379.968767,1278,0.001000000047
1777986380.377838,1279,0.001000000047
1777986380.774004,1280,0.001000000047
1777986381.110486,1281,0.001000000047
1777986381.457947,1282,0.001000000047
1777986381.852117,1283,0.001000000047
1777986382.249577,1284,0.001000000047
1777986382.617650,1285,0.001000000047
1777986382.992354,1286,0.001000000047
1777986383.355741,1287,0.001000000047
1777986383.725752,1288,0.001000000047
1777986384.123084,1289,0.001000000047
1777986384.490734,1290,0.001000000047
1777986384.874560,1291,0.001000000047
1777986385.222260,1292,0.001000000047
1777986385.550111,1293,0.001000000047
1777986385.928517,1294,0.001000000047
1777986386.251618,1295,0.001000000047
1777986386.587541,1296,0.001000000047
1777986386.918777,1297,0.001000000047
1777986387.268377,1298,0.001000000047
1777986387.610858,1299,0.001000000047
1777986387.961864,1300,0.001000000047
1777986388.338450,1301,0.001000000047
1777986388.719590,1302,0.001000000047
1777986389.093955,1303,0.001000000047
1777986389.436197,1304,0.001000000047
1777986389.799426,1305,0.001000000047
1777986390.215262,1306,0.001000000047
1777986390.593293,1307,0.001000000047
1777986391.017040,1308,0.001000000047
1777986391.407596,1309,0.001000000047
1777986391.785823,1310,0.001000000047
1777986392.152001,1311,0.001000000047
1777986392.520454,1312,0.001000000047
1777986392.897044,1313,0.001000000047
1777986393.246440,1314,0.001000000047
1777986393.607028,1315,0.001000000047
1777986393.986503,1316,0.001000000047
1777986394.406681,1317,0.001000000047
1777986394.812987,1318,0.001000000047
1777986395.200102,1319,0.001000000047
1777986395.579028,1320,0.001000000047
1777986395.928573,1321,0.001000000047
1777986396.308282,1322,0.001000000047
1777986396.654968,1323,0.001000000047
1777986397.031541,1324,0.001000000047
1777986397.420035,1325,0.001000000047
1777986397.793554,1326,0.001000000047
1777986398.170677,1327,0.001000000047
1777986398.531988,1328,0.001000000047
1777986398.918859,1329,0.001000000047
1777986399.341660,1330,0.001000000047
1777986399.732295,1331,0.001000000047
1777986400.116920,1332,0.001000000047
1777986400.437960,1333,0.001000000047
1777986400.822013,1334,0.001000000047
1777986401.175712,1335,0.001000000047
1777986416.758329,1336,0.001000000047
1777986417.176761,1337,0.001000000047
1777986417.569662,1338,0.001000000047
1777986417.965661,1339,0.001000000047
1777986418.313127,1340,0.001000000047
1777986418.659165,1341,0.001000000047
1777986419.021209,1342,0.001000000047
1777986419.357266,1343,0.001000000047
1777986419.767526,1344,0.001000000047
1777986420.195810,1345,0.001000000047
1777986420.568323,1346,0.001000000047
1777986420.952914,1347,0.001000000047
1777986421.326660,1348,0.001000000047
1777986421.659804,1349,0.001000000047
1777986422.013549,1350,0.001000000047
1777986422.381949,1351,0.001000000047
1777986422.755529,1352,0.001000000047
1777986423.146878,1353,0.001000000047
1777986423.529035,1354,0.001000000047
1777986423.929241,1355,0.001000000047
1777986424.319513,1356,0.001000000047
1777986424.654491,1357,0.001000000047
1777986425.036125,1358,0.001000000047
1777986425.424061,1359,0.001000000047
1777986425.767765,1360,0.001000000047
1777986426.147878,1361,0.001000000047
1777986426.479002,1362,0.001000000047
1777986426.812387,1363,0.001000000047
1777986427.213709,1364,0.001000000047
1777986427.559055,1365,0.001000000047
1777986427.953221,1366,0.001000000047
1777986428.339462,1367,0.001000000047
1777986428.736288,1368,0.001000000047
1777986429.160103,1369,0.001000000047
1777986429.536004,1370,0.001000000047
1777986429.873795,1371,0.001000000047
1777986430.271510,1372,0.001000000047
1777986430.628071,1373,0.001000000047
1777986431.001202,1374,0.001000000047
1777986431.380595,1375,0.001000000047
1777986431.737656,1376,0.001000000047
1777986432.148065,1377,0.001000000047
1777986432.519993,1378,0.001000000047
1777986432.936589,1379,0.001000000047
1777986433.380692,1380,0.001000000047
1777986433.803810,1381,0.001000000047
1777986434.176448,1382,0.001000000047
1777986434.566786,1383,0.001000000047
1777986434.911255,1384,0.001000000047
1777986435.348095,1385,0.001000000047
1777986435.712800,1386,0.001000000047
1777986436.119097,1387,0.001000000047
1777986436.534410,1388,0.001000000047
1777986436.922559,1389,0.001000000047
1777986437.306082,1390,0.001000000047
1777986437.664050,1391,0.001000000047
1777986438.048592,1392,0.001000000047
1777986438.412447,1393,0.001000000047
1777986438.765065,1394,0.001000000047
1777986439.143420,1395,0.001000000047
1777986439.525688,1396,0.001000000047
1777986439.893461,1397,0.001000000047
1777986440.262756,1398,0.001000000047
1777986440.636519,1399,0.001000000047
1777986441.061001,1400,0.001000000047
1777986441.426797,1401,0.001000000047
1777986441.793473,1402,0.001000000047
1777986442.142042,1403,0.001000000047
1777986442.525419,1404,0.001000000047
1777986442.903676,1405,0.001000000047
1777986443.278929,1406,0.001000000047
1777986443.652864,1407,0.001000000047
1777986444.065186,1408,0.001000000047
1777986444.441180,1409,0.001000000047
1777986444.845890,1410,0.001000000047
1777986445.264568,1411,0.001000000047
1777986445.658210,1412,0.001000000047
1777986446.039930,1413,0.001000000047
1777986446.421254,1414,0.001000000047
1777986446.799517,1415,0.001000000047
1777986447.188956,1416,0.001000000047
1777986447.592119,1417,0.001000000047
1777986448.004540,1418,0.001000000047
1777986448.393216,1419,0.001000000047
1777986448.775461,1420,0.001000000047
1777986449.201258,1421,0.001000000047
1777986449.635111,1422,0.001000000047
1777986450.014098,1423,0.001000000047
1777986450.420018,1424,0.001000000047
1777986450.846771,1425,0.001000000047
1777986451.299696,1426,0.001000000047
1777986451.673077,1427,0.001000000047
1777986452.082192,1428,0.001000000047
1777986452.505121,1429,0.001000000047
1777986452.977856,1430,0.001000000047
1777986453.416468,1431,0.001000000047
1777986453.832568,1432,0.001000000047
1777986454.228059,1433,0.001000000047
1777986454.629642,1434,0.001000000047
1777986455.003663,1435,0.001000000047
1777986455.400231,1436,0.001000000047
1777986455.852714,1437,0.001000000047
1777986456.267402,1438,0.001000000047
1777986456.639480,1439,0.001000000047
1777986456.992563,1440,0.001000000047
1777986457.395908,1441,0.001000000047
1777986457.760949,1442,0.001000000047
1777986458.094690,1443,0.001000000047
1777986458.482014,1444,0.001000000047
1777986458.851652,1445,0.001000000047
1777986459.211442,1446,0.001000000047
1777986459.560170,1447,0.001000000047
1777986459.956155,1448,0.001000000047
1777986460.349510,1449,0.001000000047
1777986460.737647,1450,0.001000000047
1777986461.126238,1451,0.001000000047
1777986461.527128,1452,0.001000000047
1777986462.002921,1453,0.001000000047
1777986462.428766,1454,0.001000000047
1777986462.839486,1455,0.001000000047
1777986463.267711,1456,0.001000000047
1777986463.690342,1457,0.001000000047
1777986464.142320,1458,0.001000000047
1777986464.542164,1459,0.001000000047
1777986464.950284,1460,0.001000000047
1777986465.349293,1461,0.001000000047
1777986465.785660,1462,0.001000000047
1777986466.173174,1463,0.001000000047
1777986466.638059,1464,0.001000000047
1777986467.085581,1465,0.001000000047
1777986467.504242,1466,0.001000000047
1777986467.890953,1467,0.001000000047
1777986468.279466,1468,0.001000000047
1777986468.699191,1469,0.001000000047
1777986469.197320,1470,0.001000000047
1777986469.704018,1471,0.001000000047
1777986470.070998,1472,0.001000000047
1777986470.406963,1473,0.001000000047
1777986470.763664,1474,0.001000000047
1777986471.108222,1475,0.001000000047
1777986471.476221,1476,0.001000000047
1777986471.858956,1477,0.001000000047
1777986472.293195,1478,0.001000000047
1777986472.663208,1479,0.001000000047
1777986473.028248,1480,0.001000000047
1777986473.395972,1481,0.001000000047
1777986473.763007,1482,0.001000000047
1777986474.087368,1483,0.001000000047
1777986474.430778,1484,0.001000000047
1777986474.775565,1485,0.001000000047
1777986475.157230,1486,0.001000000047
1777986683.594869,1488,0.001000000047
1777986684.058505,1489,0.001000000047
1777986684.485563,1490,0.001000000047
1777986684.956370,1491,0.001000000047
1777986685.363250,1492,0.001000000047
1777986685.720493,1493,0.001000000047
1777986686.161544,1494,0.001000000047
1777986686.594181,1495,0.001000000047
1777986687.010345,1496,0.001000000047
1777986687.449195,1497,0.001000000047
1777986687.864883,1498,0.001000000047
1777986688.328184,1499,0.001000000047
1777986688.750134,1500,0.001000000047
1777986689.191720,1501,0.001000000047
1777986689.644886,1502,0.001000000047
1777986690.025937,1503,0.001000000047
1777986690.417488,1504,0.001000000047
1777986690.864964,1505,0.001000000047
1777986691.283813,1506,0.001000000047
1777986691.715905,1507,0.001000000047
1777986692.150023,1508,0.001000000047
1777986692.586801,1509,0.001000000047
1777986693.031214,1510,0.001000000047
1777986693.454848,1511,0.001000000047
1777986693.898280,1512,0.001000000047
1777986694.279968,1513,0.001000000047
1777986694.729048,1514,0.001000000047
1777986695.170812,1515,0.001000000047
1777986695.579120,1516,0.001000000047
1777986696.028829,1517,0.001000000047
1777986696.445193,1518,0.001000000047
1777986696.856865,1519,0.001000000047
1777986697.286497,1520,0.001000000047
1777986697.741267,1521,0.001000000047
1777986698.129280,1522,0.001000000047
1777986698.518845,1523,0.001000000047
1777986698.879614,1524,0.001000000047
1777986699.270273,1525,0.001000000047
1777986699.709216,1526,0.001000000047
1777986700.098006,1527,0.001000000047
1777986700.486034,1528,0.001000000047
1777986700.883074,1529,0.001000000047
1777986701.276180,1530,0.001000000047
1777986701.649094,1531,0.001000000047
1777986701.965495,1532,0.001000000047
1777986702.358652,1533,0.001000000047
1777986702.743779,1534,0.001000000047
1777986703.148975,1535,0.001000000047
1777986703.551544,1536,0.001000000047
1777986704.000489,1537,0.001000000047
1777986704.400694,1538,0.001000000047
1777986704.770575,1539,0.001000000047
1777986705.156676,1540,0.001000000047
1777986705.535025,1541,0.001000000047
1777986705.893183,1542,0.001000000047
1777986706.210431,1543,0.001000000047
1777986706.637624,1544,0.001000000047
1777986707.113961,1545,0.001000000047
1777986707.504997,1546,0.001000000047
1777986707.897513,1547,0.001000000047
1777986708.305675,1548,0.001000000047
1777986708.715926,1549,0.001000000047
1777986709.118702,1550,0.001000000047
1777986709.562625,1551,0.001000000047
1777986709.961498,1552,0.001000000047
1777986710.399238,1553,0.001000000047
1777986710.776816,1554,0.001000000047
1777986711.205319,1555,0.001000000047
1777986711.629869,1556,0.001000000047
1777986712.003645,1557,0.001000000047
1777986712.373512,1558,0.001000000047
1777986712.836661,1559,0.001000000047
1777986713.286542,1560,0.001000000047
1777986713.687216,1561,0.001000000047
1777986714.047387,1562,0.001000000047
1777986714.442958,1563,0.001000000047
1777986714.786861,1564,0.001000000047
1777986715.117488,1565,0.001000000047
1777986715.530995,1566,0.001000000047
1777986715.905168,1567,0.001000000047
1777986716.241298,1568,0.001000000047
1777986716.667781,1569,0.001000000047
1777986717.132701,1570,0.001000000047
1777986717.555165,1571,0.001000000047
1777986717.966279,1572,0.001000000047
1777986718.423972,1573,0.001000000047
1777986718.808137,1574,0.001000000047
1777986719.257868,1575,0.001000000047
1777986719.693525,1576,0.001000000047
1777986720.091362,1577,0.001000000047
1777986720.475792,1578,0.001000000047
1777986720.833056,1579,0.001000000047
1777986721.209246,1580,0.001000000047
1777986721.550637,1581,0.001000000047
1777986721.900730,1582,0.001000000047
1777986722.242013,1583,0.001000000047
1777986722.582171,1584,0.001000000047
1777986723.002041,1585,0.001000000047
1777986723.414753,1586,0.001000000047
1777986723.861773,1587,0.001000000047
1777986724.306553,1588,0.001000000047
1777986724.728915,1589,0.001000000047
1777986725.168021,1590,0.001000000047
1777986725.591216,1591,0.001000000047
1777986726.011098,1592,0.001000000047
1777986726.401675,1593,0.001000000047
1777986726.843812,1594,0.001000000047
1777986727.263867,1595,0.001000000047
1777986727.686056,1596,0.001000000047
1777986728.088637,1597,0.001000000047
1777986728.452109,1598,0.001000000047
1777986728.828333,1599,0.001000000047
1777986729.211760,1600,0.001000000047
1777986729.671335,1601,0.001000000047
1777986730.082134,1602,0.001000000047
1777986730.511200,1603,0.001000000047
1777986730.915890,1604,0.001000000047
1777986731.275792,1605,0.001000000047
1777986731.676586,1606,0.001000000047
1777986732.033108,1607,0.001000000047
1777986732.528838,1608,0.001000000047
1777986732.984908,1609,0.001000000047
1777986733.396059,1610,0.001000000047
1777986733.804599,1611,0.001000000047
1777986734.234612,1612,0.001000000047
1777986734.650297,1613,0.001000000047
1777986735.055781,1614,0.001000000047
1777986735.472604,1615,0.001000000047
1777986735.888646,1616,0.001000000047
1777986736.297929,1617,0.001000000047
1777986736.684351,1618,0.001000000047
1777986737.116055,1619,0.001000000047
1777986737.505786,1620,0.001000000047
1777986737.928822,1621,0.001000000047
1777986738.319311,1622,0.001000000047
1777986738.713876,1623,0.001000000047
1777986739.127461,1624,0.001000000047
1777986739.550853,1625,0.001000000047
1777986739.954943,1626,0.001000000047
1777986740.368817,1627,0.001000000047
1777986740.836023,1628,0.001000000047
1777986741.258339,1629,0.001000000047
1777986741.679226,1630,0.001000000047
1777986742.106149,1631,0.001000000047
1777986742.558289,1632,0.001000000047
1777986742.962770,1633,0.001000000047
1777986743.389658,1634,0.001000000047
1777986743.811930,1635,0.001000000047
1777986744.266043,1636,0.001000000047
1777986744.660686,1637,0.001000000047
1777986745.063472,1638,0.001000000047
1777986745.523489,1639,0.001000000047
1777986745.952718,1640,0.001000000047
1777986746.356371,1641,0.001000000047
1777986746.805657,1642,0.001000000047
1777986747.237357,1643,0.001000000047
1777986747.671523,1644,0.001000000047
1777986748.068515,1645,0.001000000047
1777986748.492207,1646,0.001000000047
1777986748.885411,1647,0.001000000047
1777986749.295491,1648,0.001000000047
1777986749.731467,1649,0.001000000047
1777986750.167571,1650,0.001000000047
1777986750.601294,1651,0.001000000047
1777986750.992846,1652,0.001000000047
1777986751.420500,1653,0.001000000047
1777986751.823188,1654,0.001000000047
1777986752.261741,1655,0.001000000047
1777986752.671496,1656,0.001000000047
1777986753.033942,1657,0.001000000047
1777986753.442128,1658,0.001000000047
1777986753.857756,1659,0.001000000047
1777986769.799080,1660,0.001000000047
1777986770.201566,1661,0.001000000047
1777986770.582231,1662,0.001000000047
1777986770.974675,1663,0.001000000047
1777986771.331108,1664,0.001000000047
1777986771.726706,1665,0.001000000047
1777986772.088964,1666,0.001000000047
1777986772.450748,1667,0.001000000047
1777986772.795355,1668,0.001000000047
1777986773.222818,1669,0.001000000047
1777986773.633502,1670,0.001000000047
1777986774.051239,1671,0.001000000047
1777986774.451351,1672,0.001000000047
1777986774.882462,1673,0.001000000047
1777986775.341322,1674,0.001000000047
1777986775.764132,1675,0.001000000047
1777986776.117331,1676,0.001000000047
1777986776.498318,1677,0.001000000047
1777986776.953784,1678,0.001000000047
1777986777.376624,1679,0.001000000047
1777986777.797096,1680,0.001000000047
1777986778.251709,1681,0.001000000047
1777986778.595052,1682,0.001000000047
1777986778.964263,1683,0.001000000047
1777986779.409042,1684,0.001000000047
1777986779.869736,1685,0.001000000047
1777986780.256968,1686,0.001000000047
1777986780.663795,1687,0.001000000047
1777986781.036663,1688,0.001000000047
1777986781.477316,1689,0.001000000047
1777986781.973611,1690,0.001000000047
1777986782.356258,1691,0.001000000047
1777986782.748080,1692,0.001000000047
1777986783.136348,1693,0.001000000047
1777986783.545931,1694,0.001000000047
1777986783.934626,1695,0.001000000047
1777986784.361876,1696,0.001000000047
1777986784.772339,1697,0.001000000047
1777986785.189552,1698,0.001000000047
1777986785.594576,1699,0.001000000047
1777986786.021469,1700,0.001000000047
1777986786.395061,1701,0.001000000047
1777986786.807346,1702,0.001000000047
1777986787.197046,1703,0.001000000047
1777986787.595395,1704,0.001000000047
1777986788.033286,1705,0.001000000047
1777986788.408541,1706,0.001000000047
1777986788.777261,1707,0.001000000047
1777986789.155326,1708,0.001000000047
1777986789.588239,1709,0.001000000047
1777986789.968463,1710,0.001000000047
1777986790.358533,1711,0.001000000047
1777986790.718206,1712,0.001000000047
1777986791.082529,1713,0.001000000047
1777986791.481609,1714,0.001000000047
1777986791.869084,1715,0.001000000047
1777986792.256887,1716,0.001000000047
1777986792.654950,1717,0.001000000047
1777986793.052483,1718,0.001000000047
1777986793.480225,1719,0.001000000047
1777986793.878355,1720,0.001000000047
1777986794.292033,1721,0.001000000047
1777986794.679819,1722,0.001000000047
1777986795.090703,1723,0.001000000047
1777986795.519123,1724,0.001000000047
1777986795.926317,1725,0.001000000047
1777986796.348615,1726,0.001000000047
1777986796.788377,1727,0.001000000047
1777986797.191220,1728,0.001000000047
1777986797.594595,1729,0.001000000047
1777986797.990398,1730,0.001000000047
1777986798.384559,1731,0.001000000047
1777986798.787644,1732,0.001000000047
1777986799.177274,1733,0.001000000047
1777986799.575024,1734,0.001000000047
1777986799.997279,1735,0.001000000047
1777986800.406055,1736,0.001000000047
1777986800.812474,1737,0.001000000047
1777986801.213555,1738,0.001000000047
1777986801.601686,1739,0.001000000047
1777986801.979758,1740,0.001000000047
1777986802.413946,1741,0.001000000047
1777986802.782627,1742,0.001000000047
1777986803.134600,1743,0.001000000047
1777986803.518593,1744,0.001000000047
1777986803.922146,1745,0.001000000047
1777986804.325521,1746,0.001000000047
1777986804.678552,1747,0.001000000047
1777986805.094036,1748,0.001000000047
1777986805.485003,1749,0.001000000047
1777986805.887817,1750,0.001000000047
1777986806.293757,1751,0.001000000047
1777986806.677400,1752,0.001000000047
1777986807.071852,1753,0.001000000047
1777986807.533395,1754,0.001000000047
1777986807.918292,1755,0.001000000047
1777986808.324415,1756,0.001000000047
1777986808.736976,1757,0.001000000047
1777986809.130978,1758,0.001000000047
1777986809.506746,1759,0.001000000047
1777986809.871544,1760,0.001000000047
1777986810.247472,1761,0.001000000047
1777986825.536423,1762,0.001000000047
1777986825.970922,1763,0.001000000047
1777986826.360857,1764,0.001000000047
1777986826.755008,1765,0.001000000047
1777986827.103654,1766,0.001000000047
1777986827.495822,1767,0.001000000047
1777986827.852161,1768,0.001000000047
1777986828.225510,1769,0.001000000047
1777986828.650551,1770,0.001000000047
1777986829.063630,1771,0.001000000047
1777986829.488384,1772,0.001000000047
1777986829.865325,1773,0.001000000047
1777986830.254279,1774,0.001000000047
1777986830.654329,1775,0.001000000047
1777986831.096192,1776,0.001000000047
1777986831.469779,1777,0.001000000047
1777986831.853883,1778,0.001000000047
1777986832.258096,1779,0.001000000047
1777986832.617505,1780,0.001000000047
1777986832.952527,1781,0.001000000047
1777986833.291404,1782,0.001000000047
1777986833.698229,1783,0.001000000047
1777986834.050075,1784,0.001000000047
1777986834.411536,1785,0.001000000047
1777986834.772950,1786,0.001000000047
1777986835.135662,1787,0.001000000047
1777986835.519335,1788,0.001000000047
1777986835.909595,1789,0.001000000047
1777986836.318882,1790,0.001000000047
1777986836.716215,1791,0.001000000047
1777986837.081069,1792,0.001000000047
1777986837.438649,1793,0.001000000047
1777986837.844470,1794,0.001000000047
1777986838.213831,1795,0.001000000047
1777986838.602009,1796,0.001000000047
1777986838.990369,1797,0.001000000047
1777986839.399105,1798,0.001000000047
1777986839.792095,1799,0.001000000047
1777986840.161596,1800,0.001000000047
1777986840.564165,1801,0.001000000047
1777986840.967132,1802,0.001000000047
1777986841.396421,1803,0.001000000047
1777986841.798390,1804,0.001000000047
1777986842.166960,1805,0.001000000047
1777986842.544866,1806,0.001000000047
1777986842.918656,1807,0.001000000047
1777986843.330276,1808,0.001000000047
1777986843.704452,1809,0.001000000047
1777986844.067116,1810,0.001000000047
1777986844.454494,1811,0.001000000047
1777986844.842984,1812,0.001000000047
1777986845.274281,1813,0.001000000047
1777986845.667687,1814,0.001000000047
1777986846.048767,1815,0.001000000047
1777986846.450392,1816,0.001000000047
1777986846.841045,1817,0.001000000047
1777986847.225852,1818,0.001000000047
1777986847.616107,1819,0.001000000047
1777986848.014227,1820,0.001000000047
1777986848.431407,1821,0.001000000047
1777986848.862686,1822,0.001000000047
1777986849.224073,1823,0.001000000047
1777986849.573381,1824,0.001000000047
1777986850.010517,1825,0.001000000047
1777986850.439188,1826,0.001000000047
1777986850.820712,1827,0.001000000047
1777986851.169586,1828,0.001000000047
1777986851.604963,1829,0.001000000047
1777986851.962028,1830,0.001000000047
1777986852.313821,1831,0.001000000047
1777986852.692946,1832,0.001000000047
1777986853.079650,1833,0.001000000047
1777986853.425639,1834,0.001000000047
1777986853.786290,1835,0.001000000047
1777986854.195369,1836,0.001000000047
1777986854.579443,1837,0.001000000047
1777986854.940693,1838,0.001000000047
1777986855.303396,1839,0.001000000047
1777986855.642507,1840,0.001000000047
1777986856.038608,1841,0.001000000047
1777986856.393066,1842,0.001000000047
1777986856.806431,1843,0.001000000047
1777986857.206374,1844,0.001000000047
1777986857.569623,1845,0.001000000047
1777986857.964195,1846,0.001000000047
1777986858.327395,1847,0.001000000047
1777986858.689257,1848,0.001000000047
1777986859.057650,1849,0.001000000047
1777986859.409169,1850,0.001000000047
1777986859.794135,1851,0.001000000047
1777986860.223921,1852,0.001000000047
1777986860.629603,1853,0.001000000047
1777986861.007467,1854,0.001000000047
1777986861.419578,1855,0.001000000047
1777986861.798798,1856,0.001000000047
1777986862.181114,1857,0.001000000047
1777986862.619560,1858,0.001000000047
1777986862.996008,1859,0.001000000047
1777986863.377651,1860,0.001000000047
1777986863.736917,1861,0.001000000047
1777986864.156810,1862,0.001000000047
1777986864.538075,1863,0.001000000047
1777986864.954961,1864,0.001000000047
1777986865.311994,1865,0.001000000047
1777986865.670085,1866,0.001000000047
1777986866.078621,1867,0.001000000047
1777986866.466534,1868,0.001000000047
1777986866.858115,1869,0.001000000047
1777986867.313810,1870,0.001000000047
1777986867.678095,1871,0.001000000047
1777986868.043048,1872,0.001000000047
1777986868.445787,1873,0.001000000047
1777986868.840392,1874,0.001000000047
1777986869.212516,1875,0.001000000047
1777986869.606508,1876,0.001000000047
1777986870.013585,1877,0.001000000047
1777986870.452529,1878,0.001000000047
1777986870.815145,1879,0.001000000047
1777986871.234945,1880,0.001000000047
1777986871.623177,1881,0.001000000047
1777986872.020166,1882,0.001000000047
1777986872.382270,1883,0.001000000047
1777986872.723985,1884,0.001000000047
1777986873.114068,1885,0.001000000047
1777986873.498345,1886,0.001000000047
1777986873.845554,1887,0.001000000047
1777986874.222240,1888,0.001000000047
1777986874.600764,1889,0.001000000047
1777986874.980123,1890,0.001000000047
1777986875.320428,1891,0.001000000047
1777986875.687270,1892,0.001000000047
1777986876.046572,1893,0.001000000047
1777986876.420939,1894,0.001000000047
1777986876.845518,1895,0.001000000047
1777986877.224334,1896,0.001000000047
1777986877.607007,1897,0.001000000047
1777986877.992120,1898,0.001000000047
1777986878.387764,1899,0.001000000047
1777986878.760391,1900,0.001000000047
1777986879.084996,1901,0.001000000047
1777986879.456820,1902,0.001000000047
1777986879.836860,1903,0.001000000047
1777986880.243037,1904,0.001000000047
1777986880.600137,1905,0.001000000047
1777986880.976160,1906,0.001000000047
1777986881.363415,1907,0.001000000047
1777986897.106082,1908,0.001000000047
1777986897.491888,1909,0.001000000047
1777986897.849637,1910,0.001000000047
1777986898.235590,1911,0.001000000047
1777986898.647441,1912,0.001000000047
1777986899.020749,1913,0.001000000047
1777986899.368702,1914,0.001000000047
1777986899.729381,1915,0.001000000047
1777986900.076107,1916,0.001000000047
1777986900.434032,1917,0.001000000047
1777986900.832523,1918,0.001000000047
1777986901.196481,1919,0.001000000047
1777986901.563317,1920,0.001000000047
1777986901.944179,1921,0.001000000047
1777986902.316676,1922,0.001000000047
1777986902.702122,1923,0.001000000047
1777986903.140546,1924,0.001000000047
1777986903.504094,1925,0.001000000047
1777986903.886704,1926,0.001000000047
1777986904.257448,1927,0.001000000047
1777986904.679882,1928,0.001000000047
1777986905.056564,1929,0.001000000047
1777986905.487857,1930,0.001000000047
1777986905.899746,1931,0.001000000047
1777986906.286745,1932,0.001000000047
1777986906.647650,1933,0.001000000047
1777986906.996868,1934,0.001000000047
1777986907.393464,1935,0.001000000047
1777986907.777846,1936,0.001000000047
1777986908.155239,1937,0.001000000047
1777986908.530665,1938,0.001000000047
1777986908.889319,1939,0.001000000047
1777986909.332890,1940,0.001000000047
1777986909.782403,1941,0.001000000047
1777986910.164493,1942,0.001000000047
1777986910.535316,1943,0.001000000047
1777986910.906273,1944,0.001000000047
1777986911.333524,1945,0.001000000047
1777986911.695713,1946,0.001000000047
1777986912.091298,1947,0.001000000047
1777986912.487805,1948,0.001000000047
1777986912.893791,1949,0.001000000047
1777986913.273609,1950,0.001000000047
1777986913.631870,1951,0.001000000047
1777986913.965155,1952,0.001000000047
1777986914.327420,1953,0.001000000047
1777986914.731717,1954,0.001000000047
1777986915.117642,1955,0.001000000047
1777986915.492518,1956,0.001000000047
1777986915.828762,1957,0.001000000047
1777986916.213034,1958,0.001000000047
1777986916.585324,1959,0.001000000047
1777986917.010637,1960,0.001000000047
1777986917.396011,1961,0.001000000047
1777986917.774959,1962,0.001000000047
1777986918.152951,1963,0.001000000047
1777986918.552557,1964,0.001000000047
1777986918.903864,1965,0.001000000047
1777986919.242719,1966,0.001000000047
1777986919.642475,1967,0.001000000047
1777986920.015789,1968,0.001000000047
1777986920.379911,1969,0.001000000047
1777986920.737454,1970,0.001000000047
1777986921.075653,1971,0.001000000047
1777986921.466474,1972,0.001000000047
1777986921.841363,1973,0.001000000047
1777986922.215993,1974,0.001000000047
1777986922.624737,1975,0.001000000047
1777986923.053798,1976,0.001000000047
1777986923.422186,1977,0.001000000047
1777986923.834275,1978,0.001000000047
1777986924.229774,1979,0.001000000047
1777986924.627754,1980,0.001000000047
1777986925.029782,1981,0.001000000047
1777986925.439667,1982,0.001000000047
1777986925.820210,1983,0.001000000047
1777986926.222212,1984,0.001000000047
1777986926.614938,1985,0.001000000047
1777986927.040503,1986,0.001000000047
1777986927.428593,1987,0.001000000047
1777986927.815930,1988,0.001000000047
1777986928.185709,1989,0.001000000047
1777986928.543649,1990,0.001000000047
1777986928.961919,1991,0.001000000047
1777986929.372701,1992,0.001000000047
1777986929.729959,1993,0.001000000047
1777986930.131240,1994,0.001000000047
1777986930.549873,1995,0.001000000047
1777986930.943381,1996,0.001000000047
1777986931.332171,1997,0.001000000047
1777986931.680534,1998,0.001000000047
1777986932.061825,1999,0.001000000047
1777986932.466239,2000,0.001000000047
1777986932.851228,2001,0.001000000047
1777986933.243082,2002,0.001000000047
1777986933.686714,2003,0.001000000047
1777986934.062878,2004,0.001000000047
1777986934.433190,2005,0.001000000047
1777986934.866982,2006,0.001000000047
1777986935.271515,2007,0.001000000047
1777986935.665882,2008,0.001000000047
1777986936.041291,2009,0.001000000047
1777986936.437559,2010,0.001000000047
1777986936.812489,2011,0.001000000047
1777986937.197206,2012,0.001000000047
1777986937.595080,2013,0.001000000047
1777986938.013689,2014,0.001000000047
1777986938.404098,2015,0.001000000047
1777986938.809530,2016,0.001000000047
1777986939.248337,2017,0.001000000047
1777986939.657386,2018,0.001000000047
1777986940.050665,2019,0.001000000047
1777986940.441356,2020,0.001000000047
1777986940.840765,2021,0.001000000047
1777986941.253338,2022,0.001000000047
1777986941.629494,2023,0.001000000047
1777986942.035963,2024,0.001000000047
1777986942.391116,2025,0.001000000047
1777986942.758238,2026,0.001000000047
1777986943.120388,2027,0.001000000047
1777986943.470901,2028,0.001000000047
1777986943.846087,2029,0.001000000047
1777986944.212016,2030,0.001000000047
1777986944.561979,2031,0.001000000047
1777986944.971159,2032,0.001000000047
1777986945.325265,2033,0.001000000047
1777986945.724828,2034,0.001000000047
1777986946.111764,2035,0.001000000047
1777986946.510269,2036,0.001000000047
1777986946.899175,2037,0.001000000047
1777986947.305288,2038,0.001000000047
1777986947.681620,2039,0.001000000047
1777986948.081711,2040,0.001000000047
1777986948.460283,2041,0.001000000047
1777986948.829964,2042,0.001000000047
1777986949.229901,2043,0.001000000047
1777986949.642485,2044,0.001000000047
1777986950.018778,2045,0.001000000047
1777986950.383643,2046,0.001000000047
1777986950.744040,2047,0.001000000047
1777986951.151319,2048,0.001000000047
1777986951.569408,2049,0.001000000047
1777986951.990448,2050,0.001000000047
1777986952.350979,2051,0.001000000047
1777986952.719202,2052,0.001000000047
1777986953.113590,2053,0.001000000047
1777986953.486291,2054,0.001000000047
1777986953.834723,2055,0.001000000047
1777986954.240460,2056,0.001000000047
1777986954.628203,2057,0.001000000047
1777986955.061912,2058,0.001000000047
1777986955.403033,2059,0.001000000047
1777986955.822660,2060,0.001000000047
1777986956.209256,2061,0.001000000047
1777986956.582254,2062,0.001000000047
1777986956.910440,2063,0.001000000047
1777986957.300742,2064,0.001000000047
1777986957.672284,2065,0.001000000047
1777986958.031609,2066,0.001000000047
1777986958.408143,2067,0.001000000047
1777986958.776423,2068,0.001000000047
1777986959.138071,2069,0.001000000047
1777986959.552146,2070,0.001000000047
1777986959.936374,2071,0.001000000047
1777986960.299839,2072,0.001000000047
1777986960.698895,2073,0.001000000047
1777986961.106894,2074,0.001000000047
1777986961.485844,2075,0.001000000047
1777986961.858793,2076,0.001000000047
1777986962.220504,2077,0.001000000047
1777986962.567646,2078,0.001000000047
1777986962.974839,2079,0.001000000047
1777986963.369829,2080,0.001000000047
1777986963.736588,2081,0.001000000047
1777986964.094875,2082,0.001000000047
1777986964.471054,2083,0.001000000047
1777986964.870102,2084,0.001000000047
1777986965.239496,2085,0.001000000047
1777986965.619889,2086,0.001000000047
1777986966.001961,2087,0.001000000047
1777986966.373069,2088,0.001000000047
1777986966.756753,2089,0.001000000047
1777986967.122376,2090,0.001000000047
1777986967.447243,2091,0.001000000047
1777986967.777555,2092,0.001000000047
1777986968.103108,2093,0.001000000047
1777986968.451578,2094,0.001000000047
1777986968.844191,2095,0.001000000047
1777986969.199199,2096,0.001000000047
1777986969.576750,2097,0.001000000047
1777986969.869624,2098,0.001000000047
1777986970.243529,2099,0.001000000047
1777986970.576149,2100,0.001000000047
1777986970.987222,2101,0.001000000047
1777986971.399313,2102,0.001000000047
1777986971.742402,2103,0.001000000047
1777986972.116794,2104,0.001000000047
1777986972.476950,2105,0.001000000047
1777986972.904899,2106,0.001000000047
1777986973.256709,2107,0.001000000047
1777986973.647963,2108,0.001000000047
1777986974.023616,2109,0.001000000047
1777986974.433040,2110,0.001000000047
1777986974.792671,2111,0.001000000047
1777986975.165399,2112,0.001000000047
1777986975.548738,2113,0.001000000047
1777986975.916813,2114,0.001000000047
1777986976.260509,2115,0.001000000047
1777986976.652769,2116,0.001000000047
1777986977.019367,2117,0.001000000047
1777986977.410033,2118,0.001000000047
1777986977.807793,2119,0.001000000047
1777986978.192046,2120,0.001000000047
1777986978.572287,2121,0.001000000047
1777986979.017284,2122,0.001000000047
1777986979.395529,2123,0.001000000047
1777986979.752832,2124,0.001000000047
1777986980.161374,2125,0.001000000047
1777986980.557656,2126,0.001000000047
1777986980.962240,2127,0.001000000047
1777986981.421470,2128,0.001000000047
1777986981.823519,2129,0.001000000047
1777986982.190935,2130,0.001000000047
1777986982.608088,2131,0.001000000047
1777986982.964526,2132,0.001000000047
1777986983.362350,2133,0.001000000047
1777986983.738246,2134,0.001000000047
1777986984.099685,2135,0.001000000047
1777986984.502751,2136,0.001000000047
1777986984.869103,2137,0.001000000047
1777986985.254474,2138,0.001000000047
1777986985.623549,2139,0.001000000047
1777986986.009935,2140,0.001000000047
1777986986.386388,2141,0.001000000047
1777986986.731019,2142,0.001000000047
1777986987.114161,2143,0.001000000047
1777986987.537497,2144,0.001000000047
1777986987.911941,2145,0.001000000047
1777986988.282311,2146,0.001000000047
1777986988.638161,2147,0.001000000047
1777986989.020270,2148,0.001000000047
1777986989.422097,2149,0.001000000047
1777986989.785951,2150,0.001000000047
1777986990.160246,2151,0.001000000047
1777986990.535332,2152,0.001000000047
1777986990.901365,2153,0.001000000047
1777986991.365773,2154,0.001000000047
1777986991.809744,2155,0.001000000047
1777986992.230531,2156,0.001000000047
1777986992.637547,2157,0.001000000047
1777986992.992825,2158,0.001000000047
1777986993.382766,2159,0.001000000047
1777986993.731781,2160,0.001000000047
1777986994.113643,2161,0.001000000047
1777986994.504636,2162,0.001000000047
1777986994.875223,2163,0.001000000047
1777986995.270744,2164,0.001000000047
1777986995.643188,2165,0.001000000047
1777986996.023139,2166,0.001000000047
1777986996.412238,2167,0.001000000047
1777986996.798178,2168,0.001000000047
1777986997.228113,2169,0.001000000047
1777986997.601473,2170,0.001000000047
1777986997.973640,2171,0.001000000047
1777986998.337918,2172,0.001000000047
1777986998.680865,2173,0.001000000047
1777986999.038422,2174,0.001000000047
1777986999.421731,2175,0.001000000047
1777986999.798539,2176,0.001000000047
1777987000.151344,2177,0.001000000047
1777987000.531897,2178,0.001000000047
1777987000.943880,2179,0.001000000047
1777987001.370682,2180,0.001000000047
1777987001.743724,2181,0.001000000047
1777987002.166412,2182,0.001000000047
1777987002.499352,2183,0.001000000047
1777987002.825650,2184,0.001000000047
1777987003.188402,2185,0.001000000047
1777987003.555351,2186,0.001000000047
1777987003.910191,2187,0.001000000047
1777987004.286466,2188,0.001000000047
1777987004.622291,2189,0.001000000047
1777987004.979231,2190,0.001000000047
1777987005.388316,2191,0.001000000047
1777987005.746077,2192,0.001000000047
1777987006.140974,2193,0.001000000047
1777987006.510138,2194,0.001000000047
1777987006.864668,2195,0.001000000047
1777987007.217246,2196,0.001000000047
1777987007.554934,2197,0.001000000047
1777987007.892940,2198,0.001000000047
1777987008.261539,2199,0.001000000047
1777987008.638416,2200,0.001000000047
1777987008.971750,2201,0.001000000047
1777987009.389084,2202,0.001000000047
1777987009.759723,2203,0.001000000047
1777987010.093477,2204,0.001000000047
1777987010.461245,2205,0.001000000047
1777987010.823659,2206,0.001000000047
1777987011.170177,2207,0.001000000047
1777987011.549081,2208,0.001000000047
1777987011.934657,2209,0.001000000047
1777987012.317634,2210,0.001000000047
1777987012.675569,2211,0.001000000047
1777987013.068651,2212,0.001000000047
1777987013.438706,2213,0.001000000047
1777987013.805130,2214,0.001000000047
1777987014.177519,2215,0.001000000047
1777987014.535871,2216,0.001000000047
1777987014.934189,2217,0.001000000047
1777987015.300606,2218,0.001000000047
1777987015.682454,2219,0.001000000047
1777987016.080615,2220,0.001000000047
1777987016.447041,2221,0.001000000047
1777987016.811626,2222,0.001000000047
1777987017.177693,2223,0.001000000047
1777987017.553115,2224,0.001000000047
1777987017.890165,2225,0.001000000047
1777987018.239779,2226,0.001000000047
1777987018.606289,2227,0.001000000047
1777987018.965836,2228,0.001000000047
1777987019.304141,2229,0.001000000047
1777987019.692872,2230,0.001000000047
1777987020.085681,2231,0.001000000047
1777987020.438948,2232,0.001000000047
1777987020.819911,2233,0.001000000047
1777987021.161885,2234,0.001000000047
1777987021.571890,2235,0.001000000047
1777987021.904908,2236,0.001000000047
1777987022.214522,2237,0.001000000047
1777987022.549780,2238,0.001000000047
1777987022.913713,2239,0.001000000047
1777987023.316186,2240,0.001000000047
1777987023.693941,2241,0.001000000047
1777987024.092926,2242,0.001000000047
1777987024.493300,2243,0.001000000047
1777987024.874660,2244,0.001000000047
1777987025.273988,2245,0.001000000047
1777987025.692364,2246,0.001000000047
1777987026.138749,2247,0.001000000047
1777987026.479870,2248,0.001000000047
1777987026.827673,2249,0.001000000047
1777987027.218584,2250,0.001000000047
1777987027.578143,2251,0.001000000047
1777987027.936947,2252,0.001000000047
1777987028.305761,2253,0.001000000047
1777987028.682448,2254,0.001000000047
1777987029.038896,2255,0.001000000047
1777987029.432866,2256,0.001000000047
1777987029.856098,2257,0.001000000047
1777987030.260659,2258,0.001000000047
1777987030.679660,2259,0.001000000047
1777987031.072017,2260,0.001000000047
1777987031.451856,2261,0.001000000047
1777987031.813147,2262,0.001000000047
1777987032.183798,2263,0.001000000047
1777987032.548012,2264,0.001000000047
1777987032.915510,2265,0.001000000047
1777987033.279018,2266,0.001000000047
1777987033.673479,2267,0.001000000047
1777987034.096328,2268,0.001000000047
1777987034.483082,2269,0.001000000047
1777987034.850131,2270,0.001000000047
1777987035.207872,2271,0.001000000047
1777987035.612400,2272,0.001000000047
1777987035.978459,2273,0.001000000047
1777987036.365245,2274,0.001000000047
1777987036.767880,2275,0.001000000047
1777987037.118940,2276,0.001000000047
1777987037.519761,2277,0.001000000047
1777987037.916023,2278,0.001000000047
1777987038.295287,2279,0.001000000047
1777987038.693522,2280,0.001000000047
1777987039.107024,2281,0.001000000047
1777987039.507388,2282,0.001000000047
1777987039.919140,2283,0.001000000047
1777987040.316718,2284,0.001000000047
1777987321.304261,0,0.001000000047
1777987321.745088,1,0.001000000047
1777987322.106325,2,0.001000000047
1777987322.456556,3,0.001000000047
1777987322.850405,4,0.001000000047
1777987323.327932,5,0.001000000047
1777987323.689847,6,0.001000000047
1777987324.208785,7,0.001000000047
1777987324.647996,8,0.001000000047
1777987325.143057,9,0.001000000047
1777987325.475600,10,0.001000000047
1777987325.849919,11,0.001000000047
1777987326.241151,12,0.001000000047
1777987326.625739,13,0.001000000047
1777987327.000556,14,0.001000000047
1777987327.361641,15,0.001000000047
1777987327.762696,16,0.001000000047
1777987328.142932,17,0.001000000047
1777987328.477872,18,0.001000000047
1777987328.838645,19,0.001000000047
1777987329.196332,20,0.001000000047
1777987329.554598,21,0.001000000047
1777987329.966188,22,0.001000000047
1777987330.303499,23,0.001000000047
1777987330.682885,24,0.001000000047
1777987331.060067,25,0.001000000047
1777987331.433468,26,0.001000000047
1777987331.809694,27,0.001000000047
1777987332.173225,28,0.001000000047
1777987332.581937,29,0.001000000047
1777987332.924056,30,0.001000000047
1777987333.275628,31,0.001000000047
1777987333.633392,32,0.001000000047
1777987334.001966,33,0.001000000047
1777987334.396030,34,0.001000000047
1777987334.796232,35,0.001000000047
1777987335.152191,36,0.001000000047
1777987335.520452,37,0.001000000047
1777987336.010461,38,0.001000000047
1777987336.473573,39,0.001000000047
1777987336.918105,40,0.001000000047
1777987337.324301,41,0.001000000047
1777987337.729091,42,0.001000000047
1777987338.167386,43,0.001000000047
1777987338.578204,44,0.001000000047
1777987338.941607,45,0.001000000047
1777987339.259400,46,0.001000000047
1777987339.619499,47,0.001000000047
1777987340.030221,48,0.001000000047
1777987340.393801,49,0.001000000047
1777987340.770668,50,0.001000000047
1777987341.176752,51,0.001000000047
1777987341.589063,52,0.001000000047
1777987341.967363,53,0.001000000047
1777987342.325445,54,0.001000000047
1777987342.697936,55,0.001000000047
1777987343.077389,56,0.001000000047
1777987343.482841,57,0.001000000047
1777987343.854265,58,0.001000000047
1777987344.192998,59,0.001000000047
1777987344.591707,60,0.001000000047
1777987344.958700,61,0.001000000047
1777987345.396803,62,0.001000000047
1777987345.764110,63,0.001000000047
1777987346.115963,64,0.001000000047
1777987346.490714,65,0.001000000047
1777987346.883087,66,0.001000000047
1777987347.267736,67,0.001000000047
1777987347.599798,68,0.001000000047
1777987347.953016,69,0.001000000047
1777987348.417079,70,0.001000000047
1777987348.785808,71,0.001000000047
1777987349.134608,72,0.001000000047
1777987349.523916,73,0.001000000047
1777987349.921681,74,0.001000000047
1777987350.294125,75,0.001000000047
1777987350.696412,76,0.001000000047
1777987351.111122,77,0.001000000047
1777987351.522960,78,0.001000000047
1777987351.883726,79,0.001000000047
1777987352.252806,80,0.001000000047
1777987352.613130,81,0.001000000047
1777987352.970152,82,0.001000000047
1777987353.338948,83,0.001000000047
1777987353.686979,84,0.001000000047
1777987354.051830,85,0.001000000047
1777987354.411702,86,0.001000000047
1777987354.791510,87,0.001000000047
1777987355.158737,88,0.001000000047
1777987355.575916,89,0.001000000047
1777987355.971055,90,0.001000000047
1777987356.329793,91,0.001000000047
1777987356.726614,92,0.001000000047
1777987357.074420,93,0.001000000047
1777987357.429024,94,0.001000000047
1777987357.836107,95,0.001000000047
1777987358.201286,96,0.001000000047
1777987358.545097,97,0.001000000047
1777987358.944563,98,0.001000000047
1777987359.304036,99,0.001000000047
1777987359.653641,100,0.001000000047
1777987360.018231,101,0.001000000047
1777987360.381310,102,0.001000000047
1777987360.730946,103,0.001000000047
1777987361.101053,104,0.001000000047
1777987361.516170,105,0.001000000047
1777987361.886351,106,0.001000000047
1777987362.266818,107,0.001000000047
1777987362.661016,108,0.001000000047
1777987363.138243,109,0.001000000047
1777987363.570387,110,0.001000000047
1777987364.006355,111,0.001000000047
1777987364.402884,112,0.001000000047
1777987364.838756,113,0.001000000047
1777987365.270063,114,0.001000000047
1777987365.690599,115,0.001000000047
1777987366.105031,116,0.001000000047
1777987366.529994,117,0.001000000047
1777987366.956389,118,0.001000000047
1777987367.386151,119,0.001000000047
1777987367.813595,120,0.001000000047
1777987368.248470,121,0.001000000047
1777987368.652771,122,0.001000000047
1777987369.291233,123,0.001000000047
1777987369.655436,124,0.001000000047
1777987370.047919,125,0.001000000047
1777987370.457234,126,0.001000000047
1777987370.912358,127,0.001000000047
1777987371.357825,128,0.001000000047
1777987371.789101,129,0.001000000047
1777987372.192963,130,0.001000000047
1777987372.604289,131,0.001000000047
1777987372.999768,132,0.001000000047
1777987373.399091,133,0.001000000047
1777987373.795351,134,0.001000000047
1777987374.209451,135,0.001000000047
1777987374.616449,136,0.001000000047
1777987375.026428,137,0.001000000047
1777987375.368254,138,0.001000000047
1777987375.754531,139,0.001000000047
1777987376.156121,140,0.001000000047
1777987376.551283,141,0.001000000047
1777987376.950662,142,0.001000000047
1777987377.369087,143,0.001000000047
1777987377.735486,144,0.001000000047
1777987378.139302,145,0.001000000047
1777987378.521298,146,0.001000000047
1777987378.886859,147,0.001000000047
1777987379.266670,148,0.001000000047
1777987379.657798,149,0.001000000047
1777987380.012724,150,0.001000000047
1777987380.381510,151,0.001000000047
1777987380.801221,152,0.001000000047
1777987381.202868,153,0.001000000047
1777987381.579948,154,0.001000000047
1777987381.976057,155,0.001000000047
1777987382.376888,156,0.001000000047
1777987382.739095,157,0.001000000047
1777987383.117027,158,0.001000000047
1777987383.490165,159,0.001000000047
1777987383.875763,160,0.001000000047
1777987384.244928,161,0.001000000047
1777987384.611839,162,0.001000000047
1777987385.014721,163,0.001000000047
1777987385.386180,164,0.001000000047
1777987385.809647,165,0.001000000047
1777987386.285474,166,0.001000000047
1777987386.666687,167,0.001000000047
1777987387.023566,168,0.001000000047
1777987387.443415,169,0.001000000047
1777987387.842473,170,0.001000000047
1777987388.201024,171,0.001000000047
1777987388.572667,172,0.001000000047
1777987388.957611,173,0.001000000047
1777987389.307524,174,0.001000000047
1777987389.718745,175,0.001000000047
1777987390.096980,176,0.001000000047
1777987390.463232,177,0.001000000047
1777987390.822119,178,0.001000000047
1777987391.174223,179,0.001000000047
1777987391.580414,180,0.001000000047
1777987391.977459,181,0.001000000047
1777987392.402514,182,0.001000000047
1777987392.794021,183,0.001000000047
1777987393.179880,184,0.001000000047
1777987393.567154,185,0.001000000047
1777987393.935874,186,0.001000000047
1777987394.349296,187,0.001000000047
1777987394.750178,188,0.001000000047
1777987395.153021,189,0.001000000047
1777987395.510586,190,0.001000000047
1777987395.902825,191,0.001000000047
1777987396.251568,192,0.001000000047
1777987396.613375,193,0.001000000047
1777987397.008032,194,0.001000000047
1777987397.362343,195,0.001000000047
1777987397.732720,196,0.001000000047
1777987398.091328,197,0.001000000047
1777987398.482636,198,0.001000000047
1777987398.861456,199,0.001000000047
1777987399.205533,200,0.001000000047
1777987399.564184,201,0.001000000047
1777987399.914248,202,0.001000000047
1777987400.307335,203,0.001000000047
1777987400.699882,204,0.001000000047
1777987401.033943,205,0.001000000047
1777987401.398148,206,0.001000000047
1777987401.784603,207,0.001000000047
1777987402.184713,208,0.001000000047
1777987402.564890,209,0.001000000047
1777987402.963066,210,0.001000000047
1777987403.344368,211,0.001000000047
1777987403.719898,212,0.001000000047
1777987404.058225,213,0.001000000047
1777987404.380363,214,0.001000000047
1777987404.752105,215,0.001000000047
1777987405.168896,216,0.001000000047
1777987405.543818,217,0.001000000047
1777987405.959115,218,0.001000000047
1777987406.311678,219,0.001000000047
1777987406.721309,220,0.001000000047
1777987407.093159,221,0.001000000047
1777987407.483880,222,0.001000000047
1777987407.851946,223,0.001000000047
1777987408.211637,224,0.001000000047
1777987408.580332,225,0.001000000047
1777987408.987921,226,0.001000000047
1777987409.385772,227,0.001000000047
1777987409.730887,228,0.001000000047
1777987410.078893,229,0.001000000047
1777987410.459734,230,0.001000000047
1777987410.827818,231,0.001000000047
1777987411.208542,232,0.001000000047
1777987411.621404,233,0.001000000047
1777987412.049162,234,0.001000000047
1777987412.443246,235,0.001000000047
1777987412.800783,236,0.001000000047
1777987413.201613,237,0.001000000047
1777987413.598312,238,0.001000000047
1777987413.971777,239,0.001000000047
1777987414.350935,240,0.001000000047
1777987414.715675,241,0.001000000047
1777987415.118133,242,0.001000000047
1777987415.495764,243,0.001000000047
1777987415.855815,244,0.001000000047
1777987416.222934,245,0.001000000047
1777987416.607438,246,0.001000000047
1777987417.014984,247,0.001000000047
1777987417.352418,248,0.001000000047
1777987417.736186,249,0.001000000047
1777987418.138634,250,0.001000000047
1777987418.499073,251,0.001000000047
1777987418.851307,252,0.001000000047
1777987419.253891,253,0.001000000047
1777987419.635884,254,0.001000000047
1777987420.026644,255,0.001000000047
1777987420.400851,256,0.001000000047
1777987420.746890,257,0.001000000047
1777987421.135438,258,0.001000000047
1777987421.527378,259,0.001000000047
1777987421.911960,260,0.001000000047
1777987422.323800,261,0.001000000047
1777987422.711131,262,0.001000000047
1777987423.068146,263,0.001000000047
1777987423.480309,264,0.001000000047
1777987423.861443,265,0.001000000047
1777987424.211214,266,0.001000000047
1777987424.573357,267,0.001000000047
1777987424.958535,268,0.001000000047
1777987425.337204,269,0.001000000047
1777987425.726910,270,0.001000000047
1777987426.092574,271,0.001000000047
1777987426.451358,272,0.001000000047
1777987426.804953,273,0.001000000047
1777987427.195161,274,0.001000000047
1777987427.568135,275,0.001000000047
1777987427.966707,276,0.001000000047
1777987428.351382,277,0.001000000047
1777987428.771114,278,0.001000000047
1777987429.187472,279,0.001000000047
1777987429.550130,280,0.001000000047
1777987444.803952,281,0.001000000047
1777987445.207552,282,0.001000000047
1777987445.624223,283,0.001000000047
1777987446.044509,284,0.001000000047
1777987446.473815,285,0.001000000047
1777987446.859087,286,0.001000000047
1777987447.253078,287,0.001000000047
1777987447.650111,288,0.001000000047
1777987448.095292,289,0.001000000047
1777987448.506575,290,0.001000000047
1777987448.914084,291,0.001000000047
1777987449.319164,292,0.001000000047
1777987449.675080,293,0.001000000047
1777987450.071434,294,0.001000000047
1777987450.439080,295,0.001000000047
1777987450.798056,296,0.001000000047
1777987451.229072,297,0.001000000047
1777987451.584630,298,0.001000000047
1777987451.924577,299,0.001000000047
1777987452.292831,300,0.001000000047
1777987452.697745,301,0.001000000047
1777987453.067631,302,0.001000000047
1777987453.442274,303,0.001000000047
1777987453.833810,304,0.001000000047
1777987454.191498,305,0.001000000047
1777987454.615979,306,0.001000000047
1777987454.987585,307,0.001000000047
1777987455.414443,308,0.001000000047
1777987455.793402,309,0.001000000047
1777987456.167344,310,0.001000000047
1777987456.524714,311,0.001000000047
1777987456.873842,312,0.001000000047
1777987457.286419,313,0.001000000047
1777987457.651078,314,0.001000000047
1777987458.023010,315,0.001000000047
1777987458.392649,316,0.001000000047
1777987458.748113,317,0.001000000047
1777987459.137527,318,0.001000000047
1777987459.554280,319,0.001000000047
1777987459.923659,320,0.001000000047
1777987460.260661,321,0.001000000047
1777987460.614888,322,0.001000000047
1777987460.954190,323,0.001000000047
1777987461.322226,324,0.001000000047
1777987461.719028,325,0.001000000047
1777987462.085438,326,0.001000000047
1777987462.469631,327,0.001000000047
1777987462.835924,328,0.001000000047
1777987463.189317,329,0.001000000047
1777987463.588354,330,0.001000000047
1777987463.945282,331,0.001000000047
1777987464.290911,332,0.001000000047
1777987464.659403,333,0.001000000047
1777987465.016993,334,0.001000000047
1777987465.399044,335,0.001000000047
1777987465.747833,336,0.001000000047
1777987466.151678,337,0.001000000047
1777987466.532573,338,0.001000000047
1777987466.925590,339,0.001000000047
1777987467.320342,340,0.001000000047
1777987467.738973,341,0.001000000047
1777987468.123676,342,0.001000000047
1777987468.465331,343,0.001000000047
1777987468.839314,344,0.001000000047
1777987469.195789,345,0.001000000047
1777987469.536202,346,0.001000000047
1777987469.896206,347,0.001000000047
1777987470.302076,348,0.001000000047
1777987470.667548,349,0.001000000047
1777987471.030835,350,0.001000000047
1777987471.385498,351,0.001000000047
1777987471.806674,352,0.001000000047
1777987472.179164,353,0.001000000047
1777987472.515463,354,0.001000000047
1777987472.907538,355,0.001000000047
1777987473.283726,356,0.001000000047
1777987473.637293,357,0.001000000047
1777987503.378904,358,0.001000000047
1777987503.810784,359,0.001000000047
1777987504.166930,360,0.001000000047
1777987504.509588,361,0.001000000047
1777987504.908547,362,0.001000000047
1777987505.296964,363,0.001000000047
1777987505.649049,364,0.001000000047
1777987506.052703,365,0.001000000047
1777987506.439610,366,0.001000000047
1777987506.820766,367,0.001000000047
1777987507.203078,368,0.001000000047
1777987507.603568,369,0.001000000047
1777987507.963578,370,0.001000000047
1777987508.348705,371,0.001000000047
1777987508.701448,372,0.001000000047
1777987509.057797,373,0.001000000047
1777987509.432783,374,0.001000000047
1777987509.824504,375,0.001000000047
1777987510.175802,376,0.001000000047
1777987510.507054,377,0.001000000047
1777987510.880949,378,0.001000000047
1777987511.236509,379,0.001000000047
1777987511.577062,380,0.001000000047
1777987511.946101,381,0.001000000047
1777987512.313677,382,0.001000000047
1777987512.714362,383,0.001000000047
1777987513.088135,384,0.001000000047
1777987513.439007,385,0.001000000047
1777987513.777822,386,0.001000000047
1777987514.108258,387,0.001000000047
1777987514.464310,388,0.001000000047
1777987514.835436,389,0.001000000047
1777987515.238445,390,0.001000000047
1777987515.597155,391,0.001000000047
1777987515.933534,392,0.001000000047
1777987516.296818,393,0.001000000047
1777987516.674190,394,0.001000000047
1777987517.031359,395,0.001000000047
1777987517.398484,396,0.001000000047
1777987517.790877,397,0.001000000047
1777987533.738845,398,0.001000000047
1777987534.211684,399,0.001000000047
1777987534.611279,400,0.001000000047
1777987535.023932,401,0.001000000047
1777987535.455795,402,0.001000000047
1777987535.842208,403,0.001000000047
1777987536.246677,404,0.001000000047
1777987536.609796,405,0.001000000047
1777987536.948350,406,0.001000000047
1777987537.490790,407,0.001000000047
1777987537.913128,408,0.001000000047
1777987538.339015,409,0.001000000047
1777987538.822950,410,0.001000000047
1777987539.211311,411,0.001000000047
1777987539.625699,412,0.001000000047
1777987540.049100,413,0.001000000047
1777987540.501268,414,0.001000000047
1777987541.023007,415,0.001000000047
1777987565.580835,416,0.001000000047
1777987566.005581,417,0.001000000047
1777987566.381515,418,0.001000000047
1777987566.713408,419,0.001000000047
1777987567.104565,420,0.001000000047
1777987567.480161,421,0.001000000047
1777987567.863695,422,0.001000000047
1777987568.216098,423,0.001000000047
1777987568.594760,424,0.001000000047
1777987569.031464,425,0.001000000047
1777987569.419911,426,0.001000000047
1777987569.808913,427,0.001000000047
1777987570.194022,428,0.001000000047
1777987570.552310,429,0.001000000047
1777987570.925289,430,0.001000000047
1777987571.283292,431,0.001000000047
1777987571.662548,432,0.001000000047
1777987572.027276,433,0.001000000047
1777987572.422325,434,0.001000000047
1777987572.804687,435,0.001000000047
1777987573.173184,436,0.001000000047
1777987573.561217,437,0.001000000047
1777987573.946584,438,0.001000000047
1777987574.365474,439,0.001000000047
1777987574.733550,440,0.001000000047
1777987575.091188,441,0.001000000047
1777987575.471292,442,0.001000000047
1777987575.844491,443,0.001000000047
1777987576.243174,444,0.001000000047
1777987576.686913,445,0.001000000047
1777987577.078777,446,0.001000000047
1777987577.429448,447,0.001000000047
1777987577.808634,448,0.001000000047
1777987578.203408,449,0.001000000047
1777987578.627115,450,0.001000000047
1777987578.989317,451,0.001000000047
1777987579.357022,452,0.001000000047
1777987579.709257,453,0.001000000047
1777987580.124528,454,0.001000000047
1777987580.473332,455,0.001000000047
1777987580.845025,456,0.001000000047
1777987581.197626,457,0.001000000047
1777987581.585441,458,0.001000000047
1777987581.968517,459,0.001000000047
1777987582.374076,460,0.001000000047
1777987582.757877,461,0.001000000047
1777987583.117053,462,0.001000000047
1777987583.525110,463,0.001000000047
1777987583.897908,464,0.001000000047
1777987584.233626,465,0.001000000047
1777987584.593485,466,0.001000000047
1777987584.996739,467,0.001000000047
1777987585.384451,468,0.001000000047
1777987585.735932,469,0.001000000047
1777987586.078000,470,0.001000000047
1777987586.443167,471,0.001000000047
1777987586.842964,472,0.001000000047
1777987587.232423,473,0.001000000047
1777987587.617668,474,0.001000000047
1777987587.962290,475,0.001000000047
1777987588.303856,476,0.001000000047
1777987588.718552,477,0.001000000047
1777987589.092672,478,0.001000000047
1777987589.465415,479,0.001000000047
1777987589.858209,480,0.001000000047
1777987590.241589,481,0.001000000047
1777987590.638540,482,0.001000000047
1777987591.024849,483,0.001000000047
1777987591.421394,484,0.001000000047
1777987591.791308,485,0.001000000047
1777987592.174603,486,0.001000000047
1777987592.505255,487,0.001000000047
1777987592.902214,488,0.001000000047
1777987593.281884,489,0.001000000047
1777987593.634848,490,0.001000000047
1777987594.004234,491,0.001000000047
1777987594.380446,492,0.001000000047
1777987594.743786,493,0.001000000047
1777987595.133448,494,0.001000000047
1777987595.507167,495,0.001000000047
1777987595.898140,496,0.001000000047
1777987596.317832,497,0.001000000047
1777987596.695626,498,0.001000000047
1777987597.122129,499,0.001000000047
1777987597.531709,500,0.001000000047
1777987597.892141,501,0.001000000047
1777987598.327439,502,0.001000000047
1777987598.716382,503,0.001000000047
1777987599.086606,504,0.001000000047
1777987599.447363,505,0.001000000047
1777987599.827376,506,0.001000000047
1777987600.204122,507,0.001000000047
1777987600.556847,508,0.001000000047
1777987600.913637,509,0.001000000047
1777987601.313482,510,0.001000000047
1777987601.680449,511,0.001000000047
1777987602.046342,512,0.001000000047
1777987602.411025,513,0.001000000047
1777987602.780425,514,0.001000000047
1777987603.152727,515,0.001000000047
1777987603.541860,516,0.001000000047
1777987603.908057,517,0.001000000047
1777987604.252106,518,0.001000000047
1777987604.625629,519,0.001000000047
1777987604.972607,520,0.001000000047
1777987605.375108,521,0.001000000047
1777987605.759163,522,0.001000000047
1777987606.128592,523,0.001000000047
1777987606.481229,524,0.001000000047
1777987606.845259,525,0.001000000047
1777987607.219972,526,0.001000000047
1777987607.600062,527,0.001000000047
1777987607.999988,528,0.001000000047
1777987608.341737,529,0.001000000047
1777987608.676781,530,0.001000000047
1777987609.084071,531,0.001000000047
1777987609.477047,532,0.001000000047
1777987609.906522,533,0.001000000047
1777987610.308106,534,0.001000000047
1777987610.687542,535,0.001000000047
1777987611.045272,536,0.001000000047
1777987611.389865,537,0.001000000047
1777987611.755377,538,0.001000000047
1777987612.124713,539,0.001000000047
1777987612.472165,540,0.001000000047
1777987612.841394,541,0.001000000047
1777987613.263629,542,0.001000000047
1777987613.624029,543,0.001000000047
1777987613.975992,544,0.001000000047
1777987614.370078,545,0.001000000047
1777987614.722763,546,0.001000000047
1777987615.118937,547,0.001000000047
1777987615.541429,548,0.001000000047
1777987615.948841,549,0.001000000047
1777987616.313329,550,0.001000000047
1777987616.746825,551,0.001000000047
1777987617.126309,552,0.001000000047
1777987617.504736,553,0.001000000047
1777987617.923442,554,0.001000000047
1777987618.278089,555,0.001000000047
1777987618.622138,556,0.001000000047
1777987619.014764,557,0.001000000047
1777987619.385680,558,0.001000000047
1777987619.790013,559,0.001000000047
1777987620.174121,560,0.001000000047
1777987620.562514,561,0.001000000047
1777987620.967323,562,0.001000000047
1777987621.364997,563,0.001000000047
1777987621.758111,564,0.001000000047
1777987622.141912,565,0.001000000047
1777987622.514142,566,0.001000000047
1777987622.918197,567,0.001000000047
1777987623.336022,568,0.001000000047
1777987623.755732,569,0.001000000047
1777987624.120886,570,0.001000000047
1777987624.491998,571,0.001000000047
1777987624.869766,572,0.001000000047
1777987625.243430,573,0.001000000047
1777987625.655388,574,0.001000000047
1777987626.018943,575,0.001000000047
1777987626.368442,576,0.001000000047
1777987626.724108,577,0.001000000047
1777987627.107550,578,0.001000000047
1777987627.516375,579,0.001000000047
1777987627.912593,580,0.001000000047
1777987628.305350,581,0.001000000047
1777987628.724367,582,0.001000000047
1777987629.137830,583,0.001000000047
1777987629.513262,584,0.001000000047
1777987629.885005,585,0.001000000047
1777987630.242488,586,0.001000000047
1777987630.653906,587,0.001000000047
1777987630.997346,588,0.001000000047
1777987631.349199,589,0.001000000047
1777987631.713244,590,0.001000000047
1777987632.159367,591,0.001000000047
1777987632.553605,592,0.001000000047
1777987632.963919,593,0.001000000047
1777987633.342818,594,0.001000000047
1777987633.702153,595,0.001000000047
1777987634.070740,596,0.001000000047
1777987634.418838,597,0.001000000047
1777987634.839659,598,0.001000000047
1777987635.235932,599,0.001000000047
1777987635.611835,600,0.001000000047
1777987636.016263,601,0.001000000047
1777987636.429738,602,0.001000000047
1777987636.820125,603,0.001000000047
1777987637.214437,604,0.001000000047
1777987637.630830,605,0.001000000047
1777987637.984799,606,0.001000000047
1777987638.388574,607,0.001000000047
1777987638.784126,608,0.001000000047
1777987639.130746,609,0.001000000047
1777987639.530717,610,0.001000000047
1777987639.933272,611,0.001000000047
1777987640.300486,612,0.001000000047
1777987640.663641,613,0.001000000047
1777987641.064647,614,0.001000000047
1777987641.508401,615,0.001000000047
1777987641.914430,616,0.001000000047
1777987642.277255,617,0.001000000047
1777987642.703343,618,0.001000000047
1777987643.094843,619,0.001000000047
1777987643.436074,620,0.001000000047
1777987643.797675,621,0.001000000047
1777987644.155375,622,0.001000000047
1777987644.532327,623,0.001000000047
1777987644.933340,624,0.001000000047
1777987645.336380,625,0.001000000047
1777987645.704871,626,0.001000000047
1777987646.069192,627,0.001000000047
1777987646.466829,628,0.001000000047
1777987646.874073,629,0.001000000047
1777987647.250676,630,0.001000000047
1777987647.607935,631,0.001000000047
1777987647.998387,632,0.001000000047
1777987648.379208,633,0.001000000047
1777987648.773922,634,0.001000000047
1777987649.221177,635,0.001000000047
1777987649.671808,636,0.001000000047
1777987650.106454,637,0.001000000047
1777987650.485728,638,0.001000000047
1777987650.863230,639,0.001000000047
1777987651.272664,640,0.001000000047
1777987651.672764,641,0.001000000047
1777987652.093379,642,0.001000000047
1777987652.492056,643,0.001000000047
1777987652.896416,644,0.001000000047
1777987653.339958,645,0.001000000047
1777987653.763503,646,0.001000000047
1777987654.192768,647,0.001000000047
1777987654.672919,648,0.001000000047
1777987655.070717,649,0.001000000047
1777987655.454587,650,0.001000000047
1777987655.906962,651,0.001000000047
1777987656.340398,652,0.001000000047
1777987656.745247,653,0.001000000047
1777987657.177091,654,0.001000000047
1777987657.568276,655,0.001000000047
1777987657.962921,656,0.001000000047
1777987658.391651,657,0.001000000047
1777987658.753683,658,0.001000000047
1777987659.143774,659,0.001000000047
1777987659.576078,660,0.001000000047
1777987659.961930,661,0.001000000047
1777987660.396867,662,0.001000000047
1777987660.840103,663,0.001000000047
1777987661.266896,664,0.001000000047
1777987661.684325,665,0.001000000047
1777987662.015267,666,0.001000000047
1777987662.359210,667,0.001000000047
1777987662.731748,668,0.001000000047
1777987663.116680,669,0.001000000047
1777987663.508018,670,0.001000000047
1777987663.913274,671,0.001000000047
1777987664.329163,672,0.001000000047
1777987664.736360,673,0.001000000047
1777987665.177990,674,0.001000000047
1777987665.603420,675,0.001000000047
1777987665.999480,676,0.001000000047
1777987666.428052,677,0.001000000047
1777987666.862301,678,0.001000000047
1777987667.247368,679,0.001000000047
1777987667.690405,680,0.001000000047
1777987668.102520,681,0.001000000047
1777987668.496091,682,0.001000000047
1777987668.913640,683,0.001000000047
1777987669.333296,684,0.001000000047
1777987669.757208,685,0.001000000047
1777987670.212377,686,0.001000000047
1777987670.617066,687,0.001000000047
1777987671.067153,688,0.001000000047
1777987671.433327,689,0.001000000047
1777987671.835065,690,0.001000000047
1777987672.223264,691,0.001000000047
1777987672.584116,692,0.001000000047
1777987672.953087,693,0.001000000047
1777987673.333312,694,0.001000000047
1777987673.722223,695,0.001000000047
1777987674.092570,696,0.001000000047
1777987674.464844,697,0.001000000047
1777987674.826725,698,0.001000000047
1777987675.206354,699,0.001000000047
1777987675.628214,700,0.001000000047
1777987676.000066,701,0.001000000047
1777987676.358992,702,0.001000000047
1777987676.759436,703,0.001000000047
1777987677.114485,704,0.001000000047
1777987677.515949,705,0.001000000047
1777987677.896894,706,0.001000000047
1777987678.298743,707,0.001000000047
1777987678.668332,708,0.001000000047
1777987679.018723,709,0.001000000047
1777987679.420701,710,0.001000000047
1777987679.826432,711,0.001000000047
1777987680.195935,712,0.001000000047
1777987680.550462,713,0.001000000047
1777987680.926804,714,0.001000000047
1777987681.287943,715,0.001000000047
1777987681.678320,716,0.001000000047
1777987682.015790,717,0.001000000047
1777987682.444827,718,0.001000000047
1777987682.850829,719,0.001000000047
1777987683.243128,720,0.001000000047
1777987683.670713,721,0.001000000047
1777987684.049285,722,0.001000000047
1777987684.439233,723,0.001000000047
1777987684.831501,724,0.001000000047
1777987685.207445,725,0.001000000047
1777987685.607301,726,0.001000000047
1777987686.023925,727,0.001000000047
1777987686.397311,728,0.001000000047
1777987686.742981,729,0.001000000047
1777987687.112967,730,0.001000000047
1777987687.500656,731,0.001000000047
1777987687.860583,732,0.001000000047
1777987688.221746,733,0.001000000047
1777987688.620548,734,0.001000000047
1777987689.013614,735,0.001000000047
1777987689.408416,736,0.001000000047
1777987689.834715,737,0.001000000047
1777987690.279507,738,0.001000000047
1777987690.660415,739,0.001000000047
1777987691.062475,740,0.001000000047
1777987691.415423,741,0.001000000047
1777987691.807039,742,0.001000000047
1777987692.232116,743,0.001000000047
1777987692.624118,744,0.001000000047
1777987693.043363,745,0.001000000047
1777987693.459116,746,0.001000000047
1777987693.853149,747,0.001000000047
1777987694.268919,748,0.001000000047
1777987694.639235,749,0.001000000047
1777987695.038854,750,0.001000000047
1777987695.457667,751,0.001000000047
1777987695.884874,752,0.001000000047
1777987696.252674,753,0.001000000047
1777987696.679062,754,0.001000000047
1777987697.034204,755,0.001000000047
1777987697.434295,756,0.001000000047
1777987697.821067,757,0.001000000047
1777987698.220678,758,0.001000000047
1777987698.636355,759,0.001000000047
1777987699.010648,760,0.001000000047
1777987699.376930,761,0.001000000047
1777987699.758872,762,0.001000000047
1777987700.088320,763,0.001000000047
1777987700.478000,764,0.001000000047
1777987700.875066,765,0.001000000047
1777987701.289453,766,0.001000000047
1777987701.687990,767,0.001000000047
1777987702.063437,768,0.001000000047
1777987702.433949,769,0.001000000047
1777987702.826198,770,0.001000000047
1777987703.201667,771,0.001000000047
1777987703.575110,772,0.001000000047
1777987703.937593,773,0.001000000047
1777987704.290349,774,0.001000000047
1777987704.651203,775,0.001000000047
1777987705.065679,776,0.001000000047
1777987705.454645,777,0.001000000047
1777987705.809588,778,0.001000000047
1777987706.195281,779,0.001000000047
1777987706.576819,780,0.001000000047
1777987706.986009,781,0.001000000047
1777987707.353933,782,0.001000000047
1777987707.763283,783,0.001000000047
1777987708.154723,784,0.001000000047
1777987708.509131,785,0.001000000047
1777987708.914623,786,0.001000000047
1777987709.294379,787,0.001000000047
1777987709.691783,788,0.001000000047
1777987710.065215,789,0.001000000047
1777987710.462054,790,0.001000000047
1777987710.841018,791,0.001000000047
1777987711.245205,792,0.001000000047
1777987711.642616,793,0.001000000047
1777987712.009311,794,0.001000000047
1777987712.370495,795,0.001000000047
1777987712.757610,796,0.001000000047
1777987713.180288,797,0.001000000047
1777987713.628469,798,0.001000000047
1777987714.063077,799,0.001000000047
1777987714.454357,800,0.001000000047
1777987714.803951,801,0.001000000047
1777987715.196339,802,0.001000000047
1777987715.568184,803,0.001000000047
1777987715.960874,804,0.001000000047
1777987716.375639,805,0.001000000047
1777987716.783870,806,0.001000000047
1777987717.228051,807,0.001000000047
1777987717.626878,808,0.001000000047
1777987718.032420,809,0.001000000047
1777987718.425184,810,0.001000000047
1777987718.781447,811,0.001000000047
1777987719.145098,812,0.001000000047
1777987719.517004,813,0.001000000047
1777987719.917607,814,0.001000000047
1777987720.353918,815,0.001000000047
1777987720.764466,816,0.001000000047
1777987721.176193,817,0.001000000047
1777987721.628275,818,0.001000000047
1777987722.003443,819,0.001000000047
1777987722.471111,820,0.001000000047
1777987722.910777,821,0.001000000047
1777987723.319637,822,0.001000000047
1777987723.746571,823,0.001000000047
1777987724.169289,824,0.001000000047
1777987724.611188,825,0.001000000047
1777987725.013313,826,0.001000000047
1777987725.481833,827,0.001000000047
1777987725.892282,828,0.001000000047
1777987726.358373,829,0.001000000047
1777987726.763552,830,0.001000000047
1777987727.195125,831,0.001000000047
1777987727.635688,832,0.001000000047
1777987728.035551,833,0.001000000047
1777987728.443936,834,0.001000000047
1777987728.881629,835,0.001000000047
1777987729.331059,836,0.001000000047
1777987729.842843,837,0.001000000047
1777987730.237467,838,0.001000000047
1777987730.700358,839,0.001000000047
1777987731.086582,840,0.001000000047
1777987731.474189,841,0.001000000047
1777987731.853606,842,0.001000000047
1777987732.299771,843,0.001000000047
1777987732.707770,844,0.001000000047
1777987733.122793,845,0.001000000047
1777987733.490316,846,0.001000000047
1777987733.847315,847,0.001000000047
1777987734.236638,848,0.001000000047
1777987734.609240,849,0.001000000047
1777987735.029065,850,0.001000000047
1777987735.440122,851,0.001000000047
1777987735.860656,852,0.001000000047
1777987736.311864,853,0.001000000047
1777987736.710270,854,0.001000000047
1777987737.099099,855,0.001000000047
1777987737.542538,856,0.001000000047
1777987737.923407,857,0.001000000047
1777987738.341610,858,0.001000000047
1777987738.747738,859,0.001000000047
1777987739.124981,860,0.001000000047
1777987739.480322,861,0.001000000047
1777987739.889315,862,0.001000000047
1777987740.300413,863,0.001000000047
1777987740.713489,864,0.001000000047
1777987741.255634,865,0.001000000047
1777987741.780550,866,0.001000000047
1777987742.372204,867,0.001000000047
1777987742.856174,868,0.001000000047
1777987743.354246,869,0.001000000047
1777987743.833101,870,0.001000000047
1777987744.350452,871,0.001000000047
1777987744.886157,872,0.001000000047
1777987745.416334,873,0.001000000047
1777987745.925787,874,0.001000000047
1777987746.425108,875,0.001000000047
1777987746.994107,876,0.001000000047
1777987747.529082,877,0.001000000047
1777987748.063055,878,0.001000000047
1777987748.438136,879,0.001000000047
1777987748.830368,880,0.001000000047
1777987749.200523,881,0.001000000047
1777987749.596940,882,0.001000000047
1777987750.024758,883,0.001000000047
1777987750.411110,884,0.001000000047
1777987750.787612,885,0.001000000047
1777987751.211774,886,0.001000000047
1777987751.613399,887,0.001000000047
1777987752.015515,888,0.001000000047
1777987752.376985,889,0.001000000047
1777987752.794476,890,0.001000000047
1777987753.204395,891,0.001000000047
1777987753.643035,892,0.001000000047
1777987754.041821,893,0.001000000047
1777987754.457956,894,0.001000000047
1777987754.864894,895,0.001000000047
1777987755.344738,896,0.001000000047
1777987755.725318,897,0.001000000047
1777987756.149367,898,0.001000000047
1777987756.588877,899,0.001000000047
1777987757.000392,900,0.001000000047
1777987757.465291,901,0.001000000047
1777987757.876126,902,0.001000000047
1777987758.289927,903,0.001000000047
1777987758.731137,904,0.001000000047
1777987759.232874,905,0.001000000047
1777987759.732583,906,0.001000000047
1777987760.332445,907,0.001000000047
1777987760.807929,908,0.001000000047
1777987761.413510,909,0.001000000047
1777987761.915926,910,0.001000000047
1777987762.395488,911,0.001000000047
1777987762.994772,912,0.001000000047
1777987763.456517,913,0.001000000047
1777987763.870711,914,0.001000000047
1777987764.233007,915,0.001000000047
1777987764.593588,916,0.001000000047
1777987765.004891,917,0.001000000047
1777987765.424149,918,0.001000000047
1777987765.796444,919,0.001000000047
1777987766.183743,920,0.001000000047
1777987766.615982,921,0.001000000047
1777987767.000138,922,0.001000000047
1777987767.388624,923,0.001000000047
1777987767.783568,924,0.001000000047
1777987768.164969,925,0.001000000047
1777987768.512176,926,0.001000000047
1777987768.884593,927,0.001000000047
1777987769.319566,928,0.001000000047
1777987769.724063,929,0.001000000047
1777987770.119438,930,0.001000000047
1777987770.506073,931,0.001000000047
1777987770.913919,932,0.001000000047
1777987771.312958,933,0.001000000047
1777987771.707989,934,0.001000000047
1777987772.124688,935,0.001000000047
1777987772.541750,936,0.001000000047
1777987772.950645,937,0.001000000047
1777987773.329368,938,0.001000000047
1777987773.780702,939,0.001000000047
1777987774.184958,940,0.001000000047
1777987774.588902,941,0.001000000047
1777987774.966176,942,0.001000000047
1777987775.374888,943,0.001000000047
1777987775.753710,944,0.001000000047
1777987776.174334,945,0.001000000047
1777987776.571006,946,0.001000000047
1777987776.985650,947,0.001000000047
1777987777.385602,948,0.001000000047
1777987777.802284,949,0.001000000047
1777987778.217282,950,0.001000000047
1777987778.582372,951,0.001000000047
1777987778.983946,952,0.001000000047
1777987779.445250,953,0.001000000047
1777987779.844952,954,0.001000000047
1777987780.280426,955,0.001000000047
1777987780.705547,956,0.001000000047
1777987781.135228,957,0.001000000047
1777987781.539506,958,0.001000000047
1777987781.936720,959,0.001000000047
1777987782.344090,960,0.001000000047
1777987782.771407,961,0.001000000047
1777987783.210047,962,0.001000000047
1777987783.661625,963,0.001000000047
1777987784.127209,964,0.001000000047
1777987784.506291,965,0.001000000047
1777987784.889602,966,0.001000000047
1777987785.255320,967,0.001000000047
1777987785.631716,968,0.001000000047
1777987786.069681,969,0.001000000047
1777987786.500015,970,0.001000000047
1777987786.952326,971,0.001000000047
1777987787.384924,972,0.001000000047
1777987787.810097,973,0.001000000047
1777987788.205764,974,0.001000000047
1777987788.617520,975,0.001000000047
1777987789.048860,976,0.001000000047
1777987789.503640,977,0.001000000047
1777987789.909587,978,0.001000000047
1777987790.320480,979,0.001000000047
1777987790.756444,980,0.001000000047
1777987791.206169,981,0.001000000047
1777987791.664266,982,0.001000000047
1777987792.073309,983,0.001000000047
1777987792.436768,984,0.001000000047
1777987792.821099,985,0.001000000047
1777987793.191484,986,0.001000000047
1777987793.559156,987,0.001000000047
1777987793.924646,988,0.001000000047
1777987794.310628,989,0.001000000047
1777987794.654705,990,0.001000000047
1777987795.016745,991,0.001000000047
1777987795.401246,992,0.001000000047
1777987795.803329,993,0.001000000047
1777987796.163922,994,0.001000000047
1777987796.534283,995,0.001000000047
1777987796.925286,996,0.001000000047
1777987797.368819,997,0.001000000047
1777987797.759014,998,0.001000000047
1777987798.157459,999,0.001000000047
1777987798.574131,1000,0.001000000047
1777987798.922901,1001,0.001000000047
1777987799.303047,1002,0.001000000047
1777987799.725441,1003,0.001000000047
1777987800.119019,1004,0.001000000047
1777987800.548167,1005,0.001000000047
1777987800.927789,1006,0.001000000047
1777987801.352518,1007,0.001000000047
1777987801.743832,1008,0.001000000047
1777987802.144635,1009,0.001000000047
1777987802.519559,1010,0.001000000047
1777987802.903151,1011,0.001000000047
1777987803.304387,1012,0.001000000047
1777987803.682870,1013,0.001000000047
1777987804.055088,1014,0.001000000047
1777987804.505632,1015,0.001000000047
1777987804.921448,1016,0.001000000047
1777987805.275912,1017,0.001000000047
1777987805.658481,1018,0.001000000047
1777987806.042063,1019,0.001000000047
1777987806.413342,1020,0.001000000047
1777987806.790707,1021,0.001000000047
1777987807.151480,1022,0.001000000047
1777987807.561372,1023,0.001000000047
1777987807.952650,1024,0.001000000047
1777987808.349959,1025,0.001000000047
1777987808.758208,1026,0.001000000047
1777987809.141652,1027,0.001000000047
1777987809.508891,1028,0.001000000047
1777987809.865338,1029,0.001000000047
1777987810.270838,1030,0.001000000047
1777987810.658595,1031,0.001000000047
1777987811.016587,1032,0.001000000047
1777987811.439856,1033,0.001000000047
1777987811.823399,1034,0.001000000047
1777987812.221227,1035,0.001000000047
1777987812.588828,1036,0.001000000047
1777987812.970475,1037,0.001000000047
1777987813.344273,1038,0.001000000047
1777987813.704561,1039,0.001000000047
1777987814.050628,1040,0.001000000047
1777987814.423779,1041,0.001000000047
1777987814.834274,1042,0.001000000047
1777987815.217536,1043,0.001000000047
1777987815.643541,1044,0.001000000047
1777987816.008255,1045,0.001000000047
1777987816.411711,1046,0.001000000047
1777987816.862693,1047,0.001000000047
1777987817.241205,1048,0.001000000047
1777987817.650656,1049,0.001000000047
1777987818.067167,1050,0.001000000047
1777987818.463173,1051,0.001000000047
1777987818.902855,1052,0.001000000047
1777987819.371046,1053,0.001000000047
1777987819.783198,1054,0.001000000047
1777987820.197703,1055,0.001000000047
1777987820.604234,1056,0.001000000047
1777987820.984421,1057,0.001000000047
1777987821.344843,1058,0.001000000047
1777987821.722295,1059,0.001000000047
1777987822.107573,1060,0.001000000047
1777987822.484787,1061,0.001000000047
1777987822.867552,1062,0.001000000047
1777987823.235445,1063,0.001000000047
1777987823.600650,1064,0.001000000047
1777987823.929069,1065,0.001000000047
1777987824.277404,1066,0.001000000047
1777987824.627468,1067,0.001000000047
1777987825.002975,1068,0.001000000047
1777987825.375578,1069,0.001000000047
1777987825.732892,1070,0.001000000047
1777987826.112887,1071,0.001000000047
1777987826.513977,1072,0.001000000047
1777987826.923491,1073,0.001000000047
1777987827.379986,1074,0.001000000047
1777987827.780558,1075,0.001000000047
1777987828.179886,1076,0.001000000047
1777987828.573829,1077,0.001000000047
1777987829.000065,1078,0.001000000047
1777987829.370819,1079,0.001000000047
1777987829.773740,1080,0.001000000047
1777987830.155817,1081,0.001000000047
1777987830.476360,1082,0.001000000047
1777987830.824475,1083,0.001000000047
1777987831.199886,1084,0.001000000047
1777987831.616121,1085,0.001000000047
1777987832.011334,1086,0.001000000047
1777987832.405627,1087,0.001000000047
1777987832.764125,1088,0.001000000047
1777987833.122973,1089,0.001000000047
1777987833.464856,1090,0.001000000047
1777987833.863564,1091,0.001000000047
1777987834.252049,1092,0.001000000047
1777987834.662745,1093,0.001000000047
1777987835.029307,1094,0.001000000047
1777987835.408656,1095,0.001000000047
1777987835.789465,1096,0.001000000047
1777987836.192517,1097,0.001000000047
1777987836.564357,1098,0.001000000047
1777987836.950793,1099,0.001000000047
1777987837.411547,1100,0.001000000047
1777987837.795786,1101,0.001000000047
1777987838.202622,1102,0.001000000047
1777987838.534574,1103,0.001000000047
1777987838.942699,1104,0.001000000047
1777987839.378401,1105,0.001000000047
1777987839.784652,1106,0.001000000047
1777987840.170192,1107,0.001000000047
1777987840.530429,1108,0.001000000047
1777987840.951118,1109,0.001000000047
1777987841.338860,1110,0.001000000047
1777987841.747693,1111,0.001000000047
1777987842.185188,1112,0.001000000047
1777987842.553942,1113,0.001000000047
1777987842.958373,1114,0.001000000047
1777987843.409637,1115,0.001000000047
1777987843.827255,1116,0.001000000047
1777987844.270673,1117,0.001000000047
1777987844.724020,1118,0.001000000047
1777987845.187073,1119,0.001000000047
1777987845.595106,1120,0.001000000047
1777987845.985209,1121,0.001000000047
1777987846.331515,1122,0.001000000047
1777987846.730692,1123,0.001000000047
1777987847.166943,1124,0.001000000047
1777987847.557335,1125,0.001000000047
1777987847.915994,1126,0.001000000047
1777987848.300316,1127,0.001000000047
1777987848.680046,1128,0.001000000047
1777987865.006299,1129,0.001000000047
1777987865.373298,1130,0.001000000047
1777987865.751312,1131,0.001000000047
1777987866.109669,1132,0.001000000047
1777987866.463352,1133,0.001000000047
1777987866.810049,1134,0.001000000047
1777987867.156311,1135,0.001000000047
1777987867.560473,1136,0.001000000047
1777987867.929827,1137,0.001000000047
1777987868.355094,1138,0.001000000047
1777987868.690887,1139,0.001000000047
1777987869.061768,1140,0.001000000047
1777987869.425130,1141,0.001000000047
1777987869.771799,1142,0.001000000047
1777987870.173276,1143,0.001000000047
1777987870.543631,1144,0.001000000047
1777987870.924215,1145,0.001000000047
1777987871.281420,1146,0.001000000047
1777987871.642935,1147,0.001000000047
1777987872.022589,1148,0.001000000047
1777987872.393312,1149,0.001000000047
1777987872.748249,1150,0.001000000047
1777987873.118127,1151,0.001000000047
1777987873.519087,1152,0.001000000047
1777987873.874228,1153,0.001000000047
1777987874.267766,1154,0.001000000047
1777987874.659349,1155,0.001000000047
1777987875.016546,1156,0.001000000047
1777987875.417275,1157,0.001000000047
1777987875.838129,1158,0.001000000047
1777987876.202581,1159,0.001000000047
1777987876.599360,1160,0.001000000047
1777987877.006527,1161,0.001000000047
1777987877.361753,1162,0.001000000047
1777987877.699385,1163,0.001000000047
1777987878.040900,1164,0.001000000047
1777987878.409717,1165,0.001000000047
1777987878.809739,1166,0.001000000047
1777987879.162984,1167,0.001000000047
1777987879.504469,1168,0.001000000047
1777987879.854459,1169,0.001000000047
1777987880.224365,1170,0.001000000047
1777987880.612306,1171,0.001000000047
1777987880.974022,1172,0.001000000047
1777987881.320992,1173,0.001000000047
1777987881.662577,1174,0.001000000047
1777987881.993836,1175,0.001000000047
1777987882.368900,1176,0.001000000047
1777987882.742293,1177,0.001000000047
1777987883.097824,1178,0.001000000047
1777987883.427705,1179,0.001000000047
1777987883.860557,1180,0.001000000047
1777987884.208200,1181,0.001000000047
1777987884.560225,1182,0.001000000047
1777987884.902323,1183,0.001000000047
1777987885.250371,1184,0.001000000047
1777987885.583164,1185,0.001000000047
1777987885.931583,1186,0.001000000047
1777987886.275420,1187,0.001000000047
1777987886.638121,1188,0.001000000047
1777987887.040599,1189,0.001000000047
1777987887.458143,1190,0.001000000047
1777987887.846252,1191,0.001000000047
1777987888.245100,1192,0.001000000047
1777987888.597422,1193,0.001000000047
1777987888.947663,1194,0.001000000047
1777987889.285603,1195,0.001000000047
1777987889.654413,1196,0.001000000047
1777987889.991894,1197,0.001000000047
1777987890.351618,1198,0.001000000047
1777987890.766844,1199,0.001000000047
1777987891.145127,1200,0.001000000047
1777987891.532331,1201,0.001000000047
1777987891.921274,1202,0.001000000047
1777987892.292445,1203,0.001000000047
1777987892.646763,1204,0.001000000047
1777987893.003182,1205,0.001000000047
1777987893.385991,1206,0.001000000047
1777987893.773633,1207,0.001000000047
1777987894.139673,1208,0.001000000047
1777987894.502305,1209,0.001000000047
1777987894.867072,1210,0.001000000047
1777987895.259580,1211,0.001000000047
1777987895.613954,1212,0.001000000047
1777987895.984082,1213,0.001000000047
1777987896.320075,1214,0.001000000047
1777987896.691034,1215,0.001000000047
1777987897.062892,1216,0.001000000047
1777987897.423161,1217,0.001000000047
1777987897.779408,1218,0.001000000047
1777987898.152210,1219,0.001000000047
1777987898.521499,1220,0.001000000047
1777987898.908213,1221,0.001000000047
1777987899.278056,1222,0.001000000047
1777987899.654520,1223,0.001000000047
1777987899.977084,1224,0.001000000047
1777987900.325294,1225,0.001000000047
1777987900.674781,1226,0.001000000047
1777987901.042703,1227,0.001000000047
1777987901.411815,1228,0.001000000047
1777987901.798109,1229,0.001000000047
1777987902.171239,1230,0.001000000047
1777987902.529478,1231,0.001000000047
1777987902.919048,1232,0.001000000047
1777987903.260980,1233,0.001000000047
1777987903.617685,1234,0.001000000047
1777987903.955690,1235,0.001000000047
1777987904.322149,1236,0.001000000047
1777987904.695185,1237,0.001000000047
1777987905.079098,1238,0.001000000047
1777987905.498670,1239,0.001000000047
1777987905.884356,1240,0.001000000047
1777987906.236626,1241,0.001000000047
1777987906.601519,1242,0.001000000047
1777987906.953620,1243,0.001000000047
1777987907.296927,1244,0.001000000047
1777987907.669375,1245,0.001000000047
1777987908.024247,1246,0.001000000047
1777987908.385880,1247,0.001000000047
1777987908.730089,1248,0.001000000047
1777987909.160408,1249,0.001000000047
1777987909.560812,1250,0.001000000047
1777987909.924366,1251,0.001000000047
1777987910.316971,1252,0.001000000047
1777987910.744531,1253,0.001000000047
1777987911.099018,1254,0.001000000047
1777987911.447261,1255,0.001000000047
1777987911.818275,1256,0.001000000047
1777987912.175690,1257,0.001000000047
1777987912.547603,1258,0.001000000047
1777987912.895148,1259,0.001000000047
1777987913.255832,1260,0.001000000047
1777987913.626668,1261,0.001000000047
1777987914.001312,1262,0.001000000047
1777987914.408206,1263,0.001000000047
1777987914.766633,1264,0.001000000047
1777987915.133885,1265,0.001000000047
1777987915.522368,1266,0.001000000047
1777987915.917827,1267,0.001000000047
1777987916.267584,1268,0.001000000047
1777987916.598156,1269,0.001000000047
1777987916.950529,1270,0.001000000047
1777987917.309191,1271,0.001000000047
1777987917.678869,1272,0.001000000047
1777987918.057166,1273,0.001000000047
1777987918.398618,1274,0.001000000047
1777987918.801028,1275,0.001000000047
1777987919.156802,1276,0.001000000047
1777987919.481751,1277,0.001000000047
1777987919.846639,1278,0.001000000047
1777987920.171824,1279,0.001000000047
1777987920.572736,1280,0.001000000047
1777987920.971599,1281,0.001000000047
1777987921.328028,1282,0.001000000047
1777987921.714098,1283,0.001000000047
1777987922.090816,1284,0.001000000047
1777987922.486148,1285,0.001000000047
1777987922.873823,1286,0.001000000047
1777987923.202468,1287,0.001000000047
1777987923.544808,1288,0.001000000047
1777987923.901506,1289,0.001000000047
1777987924.257599,1290,0.001000000047
1777987924.613369,1291,0.001000000047
1777987925.019979,1292,0.001000000047
1777987925.410450,1293,0.001000000047
1777987925.796204,1294,0.001000000047
1777987926.170713,1295,0.001000000047
1777987926.514899,1296,0.001000000047
1777987926.868268,1297,0.001000000047
1777987927.260813,1298,0.001000000047
1777987927.642859,1299,0.001000000047
1777987928.000204,1300,0.001000000047
1777987928.339272,1301,0.001000000047
1777987928.654981,1302,0.001000000047
1777987928.993879,1303,0.001000000047
1777987929.340770,1304,0.001000000047
1777987929.688075,1305,0.001000000047
1777987930.050243,1306,0.001000000047
1777987930.444145,1307,0.001000000047
1777987930.802759,1308,0.001000000047
1777987931.202671,1309,0.001000000047
1777987931.540929,1310,0.001000000047
1777987931.896709,1311,0.001000000047
1777987932.291012,1312,0.001000000047
1777987932.663007,1313,0.001000000047
1777987933.054605,1314,0.001000000047
1777987933.433176,1315,0.001000000047
1777987933.790954,1316,0.001000000047
1777987934.190063,1317,0.001000000047
1777987934.549027,1318,0.001000000047
1777987934.970815,1319,0.001000000047
1777987935.349304,1320,0.001000000047
1777987935.738496,1321,0.001000000047
1777987936.120740,1322,0.001000000047
1777987936.493456,1323,0.001000000047
1777987936.852483,1324,0.001000000047
1777987937.220667,1325,0.001000000047
1777987937.635825,1326,0.001000000047
1777987938.053820,1327,0.001000000047
1777987938.441045,1328,0.001000000047
1777987938.872319,1329,0.001000000047
1777987939.257905,1330,0.001000000047
1777987939.660746,1331,0.001000000047
1777987940.061242,1332,0.001000000047
1777987940.443379,1333,0.001000000047
1777987940.827976,1334,0.001000000047
1777987941.220519,1335,0.001000000047
1777987941.585844,1336,0.001000000047
1777987941.956110,1337,0.001000000047
1777987942.325460,1338,0.001000000047
1777987942.734552,1339,0.001000000047
1777987943.094614,1340,0.001000000047
1777987943.472362,1341,0.001000000047
1777987943.805706,1342,0.001000000047
1777987944.182283,1343,0.001000000047
1777987944.490964,1344,0.001000000047
1777987944.868964,1345,0.001000000047
1777987945.279686,1346,0.001000000047
1777987945.686386,1347,0.001000000047
1777987946.074963,1348,0.001000000047
1777987946.450915,1349,0.001000000047
1777987946.771021,1350,0.001000000047
1777987947.123334,1351,0.001000000047
1777987947.535342,1352,0.001000000047
1777987947.933482,1353,0.001000000047
1777987948.309932,1354,0.001000000047
1777987948.673897,1355,0.001000000047
1777987949.006273,1356,0.001000000047
1777987949.402950,1357,0.001000000047
1777987949.789978,1358,0.001000000047
1777987950.158741,1359,0.001000000047
1777987950.551565,1360,0.001000000047
1777987950.934863,1361,0.001000000047
1777987951.315586,1362,0.001000000047
1777987951.648463,1363,0.001000000047
1777987952.009718,1364,0.001000000047
1777987952.387923,1365,0.001000000047
1777987952.766082,1366,0.001000000047
1777987953.184570,1367,0.001000000047
1777987953.588656,1368,0.001000000047
1777987953.936859,1369,0.001000000047
1777987954.298223,1370,0.001000000047
1777987954.680859,1371,0.001000000047
1777987955.057129,1372,0.001000000047
1777987955.400904,1373,0.001000000047
1777987955.775607,1374,0.001000000047
1777987956.183774,1375,0.001000000047
1777987956.548695,1376,0.001000000047
1777987956.947464,1377,0.001000000047
1777987957.287700,1378,0.001000000047
1777987957.673727,1379,0.001000000047
1777987958.032584,1380,0.001000000047
1777987958.423066,1381,0.001000000047
1777987958.789926,1382,0.001000000047
1777987959.117934,1383,0.001000000047
1777987959.473684,1384,0.001000000047
1777987959.853545,1385,0.001000000047
1777987960.213600,1386,0.001000000047
1777987960.563338,1387,0.001000000047
1777987960.928660,1388,0.001000000047
1777987961.291222,1389,0.001000000047
1777987961.673640,1390,0.001000000047
1777987962.051617,1391,0.001000000047
1777987962.415882,1392,0.001000000047
1777987962.748201,1393,0.001000000047
1777987963.097100,1394,0.001000000047
1777987963.479201,1395,0.001000000047
1777987963.858459,1396,0.001000000047
1777987964.255003,1397,0.001000000047
1777987964.632957,1398,0.001000000047
1777987965.016644,1399,0.001000000047
1777987965.344392,1400,0.001000000047
1777987965.696175,1401,0.001000000047
1777987966.052978,1402,0.001000000047
1777987966.391787,1403,0.001000000047
1777987966.800658,1404,0.001000000047
1777987967.188637,1405,0.001000000047
1777987967.567546,1406,0.001000000047
1777987968.001813,1407,0.001000000047
1777987968.358503,1408,0.001000000047
1777987968.756571,1409,0.001000000047
1777987969.102906,1410,0.001000000047
1777987969.483667,1411,0.001000000047
1777987969.826787,1412,0.001000000047
1777987970.207905,1413,0.001000000047
1777987970.569482,1414,0.001000000047
1777987970.917817,1415,0.001000000047
1777987971.321597,1416,0.001000000047
1777987971.699965,1417,0.001000000047
1777987972.094460,1418,0.001000000047
1777987972.511050,1419,0.001000000047
1777987972.862952,1420,0.001000000047
1777987973.213614,1421,0.001000000047
1777987973.565688,1422,0.001000000047
1777987973.960113,1423,0.001000000047
1777987974.288032,1424,0.001000000047
1777987974.628534,1425,0.001000000047
1777987974.992241,1426,0.001000000047
1777987975.381438,1427,0.001000000047
1777987975.734483,1428,0.001000000047
1777987976.086605,1429,0.001000000047
1777987976.441445,1430,0.001000000047
1777987976.871508,1431,0.001000000047
1777987977.294102,1432,0.001000000047
1777987977.693261,1433,0.001000000047
1777987978.037955,1434,0.001000000047
1777987978.487790,1435,0.001000000047
1777987978.834327,1436,0.001000000047
1777987979.213397,1437,0.001000000047
1777987979.606998,1438,0.001000000047
1777987979.974227,1439,0.001000000047
1777987980.306870,1440,0.001000000047
1777987980.652015,1441,0.001000000047
1777987981.009970,1442,0.001000000047
1777987981.361789,1443,0.001000000047
1777987981.709181,1444,0.001000000047
1777987982.027963,1445,0.001000000047
1777987982.391447,1446,0.001000000047
1777987982.742789,1447,0.001000000047
1777987983.106642,1448,0.001000000047
1777987983.499438,1449,0.001000000047
1777987983.825470,1450,0.001000000047
1777987984.168297,1451,0.001000000047
1777987984.530864,1452,0.001000000047
1777987984.901039,1453,0.001000000047
1777987985.248041,1454,0.001000000047
1777987985.633607,1455,0.001000000047
1777987986.017225,1456,0.001000000047
1777987986.417958,1457,0.001000000047
1777987986.728066,1458,0.001000000047
1777987987.064589,1459,0.001000000047
1777987987.431286,1460,0.001000000047
1777987987.824119,1461,0.001000000047
1777987988.165563,1462,0.001000000047
1777987988.479442,1463,0.001000000047
1777987988.845592,1464,0.001000000047
1777987989.186135,1465,0.001000000047
1777987989.587016,1466,0.001000000047
1777987989.955498,1467,0.001000000047
1777987990.323771,1468,0.001000000047
1777987990.691533,1469,0.001000000047
1777987991.027238,1470,0.001000000047
1777987991.388628,1471,0.001000000047
1777987991.749231,1472,0.001000000047
1777987992.094367,1473,0.001000000047
1777987992.452101,1474,0.001000000047
1777987992.787728,1475,0.001000000047
1777987993.139997,1476,0.001000000047
1777987993.561441,1477,0.001000000047
1777987993.919076,1478,0.001000000047
1777987994.290992,1479,0.001000000047
1777987994.740215,1480,0.001000000047
1777987995.161474,1481,0.001000000047
1777987995.558218,1482,0.001000000047
1777987995.919923,1483,0.001000000047
1777987996.280876,1484,0.001000000047
1777987996.649097,1485,0.001000000047
1777987997.021594,1486,0.001000000047
1777987997.349704,1487,0.001000000047
1777987997.685222,1488,0.001000000047
1777987998.051995,1489,0.001000000047
1777987998.395214,1490,0.001000000047
1777987998.772943,1491,0.001000000047
1777987999.154477,1492,0.001000000047
1777987999.537387,1493,0.001000000047
1777987999.948045,1494,0.001000000047
1777988000.320995,1495,0.001000000047
1777988000.716962,1496,0.001000000047
1777988001.090563,1497,0.001000000047
1777988001.451806,1498,0.001000000047
1777988001.812333,1499,0.001000000047
1777988002.195477,1500,0.001000000047
1777988002.580547,1501,0.001000000047
1777988003.005023,1502,0.001000000047
1777988003.387871,1503,0.001000000047
1777988003.785904,1504,0.001000000047
1777988004.186318,1505,0.001000000047
1777988004.573267,1506,0.001000000047
1777988004.915892,1507,0.001000000047
1777988005.300325,1508,0.001000000047
1777988005.637244,1509,0.001000000047
1777988005.998555,1510,0.001000000047
1777988006.357164,1511,0.001000000047
1777988006.746996,1512,0.001000000047
1777988007.125274,1513,0.001000000047
1777988007.507972,1514,0.001000000047
1777988007.865174,1515,0.001000000047
1777988008.227450,1516,0.001000000047
1777988008.592943,1517,0.001000000047
1777988008.934524,1518,0.001000000047
1777988009.319377,1519,0.001000000047
1777988009.678639,1520,0.001000000047
1777988010.011178,1521,0.001000000047
1777988010.356313,1522,0.001000000047
1777988010.717030,1523,0.001000000047
1777988011.077111,1524,0.001000000047
1777988011.440295,1525,0.001000000047
1777988011.836251,1526,0.001000000047
1777988012.217626,1527,0.001000000047
1777988012.583492,1528,0.001000000047
1777988013.001932,1529,0.001000000047
1777988013.428303,1530,0.001000000047
1777988013.777795,1531,0.001000000047
1777988014.134164,1532,0.001000000047
1777988014.488265,1533,0.001000000047
1777988014.856524,1534,0.001000000047
1777988015.253525,1535,0.001000000047
1777988015.592431,1536,0.001000000047
1777988015.937576,1537,0.001000000047
1777988016.275265,1538,0.001000000047
1777988016.683876,1539,0.001000000047
1777988017.095391,1540,0.001000000047
1777988017.487458,1541,0.001000000047
1777988017.876156,1542,0.001000000047
1777988018.257792,1543,0.001000000047
1777988018.610910,1544,0.001000000047
1777988018.931791,1545,0.001000000047
1777988019.320869,1546,0.001000000047
1777988019.712374,1547,0.001000000047
1777988020.068014,1548,0.001000000047
1777988020.442846,1549,0.001000000047
1777988020.791862,1550,0.001000000047
1777988021.190714,1551,0.001000000047
1777988021.555886,1552,0.001000000047
1777988021.903217,1553,0.001000000047
1777988022.300093,1554,0.001000000047
1777988022.646384,1555,0.001000000047
1777988022.993371,1556,0.001000000047
1777988023.359234,1557,0.001000000047
1777988023.750504,1558,0.001000000047
1777988024.104980,1559,0.001000000047
1777988024.445614,1560,0.001000000047
1777988024.840378,1561,0.001000000047
1777988025.246438,1562,0.001000000047
1777988025.601962,1563,0.001000000047
1777988025.989118,1564,0.001000000047
1777988026.392083,1565,0.001000000047
1777988026.756335,1566,0.001000000047
1777988027.107814,1567,0.001000000047
1777988027.488585,1568,0.001000000047
1777988027.927106,1569,0.001000000047
1777988028.284273,1570,0.001000000047
1777988028.691269,1571,0.001000000047
1777988029.083853,1572,0.001000000047
1777988029.488451,1573,0.001000000047
1777988029.876229,1574,0.001000000047
1777988030.284273,1575,0.001000000047
1777988030.651532,1576,0.001000000047
1777988031.025340,1577,0.001000000047
1777988031.462434,1578,0.001000000047
1777988031.851580,1579,0.001000000047
1777988032.214463,1580,0.001000000047
1777988032.604252,1581,0.001000000047
1777988032.974830,1582,0.001000000047
1777988033.356250,1583,0.001000000047
1777988033.717522,1584,0.001000000047
1777988034.148998,1585,0.001000000047
1777988034.500994,1586,0.001000000047
1777988034.875594,1587,0.001000000047
1777988035.222336,1588,0.001000000047
1777988035.621808,1589,0.001000000047
1777988035.974402,1590,0.001000000047
1777988036.313433,1591,0.001000000047
1777988036.745868,1592,0.001000000047
1777988037.122751,1593,0.001000000047
1777988037.533270,1594,0.001000000047
1777988037.909890,1595,0.001000000047
1777988038.335928,1596,0.001000000047
1777988038.723658,1597,0.001000000047
1777988039.096580,1598,0.001000000047
1777988039.470077,1599,0.001000000047
1777988039.878275,1600,0.001000000047
1777988055.477805,1601,0.001000000047
1777988055.899142,1602,0.001000000047
1777988056.279163,1603,0.001000000047
1777988056.711472,1604,0.001000000047
1777988057.067290,1605,0.001000000047
1777988057.472134,1606,0.001000000047
1777988057.825544,1607,0.001000000047
1777988058.196107,1608,0.001000000047
1777988058.588944,1609,0.001000000047
1777988059.002386,1610,0.001000000047
1777988059.473792,1611,0.001000000047
1777988059.970729,1612,0.001000000047
1777988060.340632,1613,0.001000000047
1777988060.742945,1614,0.001000000047
1777988061.119142,1615,0.001000000047
1777988061.498142,1616,0.001000000047
1777988061.898108,1617,0.001000000047
1777988062.280752,1618,0.001000000047
1777988062.645627,1619,0.001000000047
1777988063.003291,1620,0.001000000047
1777988063.395805,1621,0.001000000047
1777988063.772202,1622,0.001000000047
1777988064.124125,1623,0.001000000047
1777988064.477245,1624,0.001000000047
1777988064.863757,1625,0.001000000047
1777988065.244384,1626,0.001000000047
1777988065.610070,1627,0.001000000047
1777988065.974516,1628,0.001000000047
1777988066.370090,1629,0.001000000047
1777988066.695298,1630,0.001000000047
1777988067.075344,1631,0.001000000047
1777988067.447556,1632,0.001000000047
1777988067.826495,1633,0.001000000047
1777988068.204792,1634,0.001000000047
1777988068.550435,1635,0.001000000047
1777988068.888611,1636,0.001000000047
1777988069.240185,1637,0.001000000047
1777988069.610143,1638,0.001000000047
1777988069.940299,1639,0.001000000047
1777988070.310968,1640,0.001000000047
1777988070.698048,1641,0.001000000047
1777988071.072891,1642,0.001000000047
1777988071.476349,1643,0.001000000047
1777988071.830619,1644,0.001000000047
1777988072.155526,1645,0.001000000047
1777988072.502598,1646,0.001000000047
1777988072.835054,1647,0.001000000047
1777988073.207537,1648,0.001000000047
1777988073.541920,1649,0.001000000047
1777988073.909833,1650,0.001000000047
1777988074.261042,1651,0.001000000047
1777988074.633336,1652,0.001000000047
1777988074.961326,1653,0.001000000047
1777988075.341454,1654,0.001000000047
1777988075.706950,1655,0.001000000047
1777988076.074590,1656,0.001000000047
1777988076.464418,1657,0.001000000047
1777988076.836106,1658,0.001000000047
1777988077.178642,1659,0.001000000047
1777988077.510550,1660,0.001000000047
1777988077.852416,1661,0.001000000047
1777988078.234456,1662,0.001000000047
1777988078.600447,1663,0.001000000047
1777988078.950267,1664,0.001000000047
1777988079.286722,1665,0.001000000047
1777988079.661652,1666,0.001000000047
1777988080.026337,1667,0.001000000047
1777988080.388688,1668,0.001000000047
1777988080.727937,1669,0.001000000047
1777988081.095463,1670,0.001000000047
1777988081.447553,1671,0.001000000047
1777988081.813930,1672,0.001000000047
1777988082.156301,1673,0.001000000047
1777988082.524238,1674,0.001000000047
1777988082.923573,1675,0.001000000047
1777988083.307339,1676,0.001000000047
1777988083.644187,1677,0.001000000047
1777988084.043594,1678,0.001000000047
1777988084.432610,1679,0.001000000047
1777988084.843427,1680,0.001000000047
1777988085.162395,1681,0.001000000047
1777988085.529289,1682,0.001000000047
1777988085.894473,1683,0.001000000047
1777988086.236894,1684,0.001000000047
1777988086.589526,1685,0.001000000047
1777988086.967442,1686,0.001000000047
1777988087.329421,1687,0.001000000047
1777988087.732667,1688,0.001000000047
1777988088.122576,1689,0.001000000047
1777988088.545819,1690,0.001000000047
1777988088.919057,1691,0.001000000047
1777988089.280374,1692,0.001000000047
1777988089.622301,1693,0.001000000047
1777988089.978120,1694,0.001000000047
1777988090.405506,1695,0.001000000047
1777988090.778283,1696,0.001000000047
1777988091.160441,1697,0.001000000047
1777988091.517784,1698,0.001000000047
1777988091.900847,1699,0.001000000047
1777988092.259261,1700,0.001000000047
1777988092.605526,1701,0.001000000047
1777988092.966756,1702,0.001000000047
1777988093.320333,1703,0.001000000047
1777988093.649470,1704,0.001000000047
1777988094.026741,1705,0.001000000047
1777988094.367022,1706,0.001000000047
1777988094.719208,1707,0.001000000047
1777988095.086138,1708,0.001000000047
1777988095.487668,1709,0.001000000047
1777988095.861459,1710,0.001000000047
1777988096.222329,1711,0.001000000047
1777988096.592831,1712,0.001000000047
1777988096.958858,1713,0.001000000047
1777988097.343964,1714,0.001000000047
1777988097.738150,1715,0.001000000047
1777988098.098053,1716,0.001000000047
1777988098.514303,1717,0.001000000047
1777988098.879403,1718,0.001000000047
1777988099.286564,1719,0.001000000047
1777988099.599833,1720,0.001000000047
1777988099.971113,1721,0.001000000047
1777988100.379728,1722,0.001000000047
1777988100.736033,1723,0.001000000047
1777988101.135676,1724,0.001000000047
1777988101.488953,1725,0.001000000047
1777988118.114758,1726,0.001000000047
1777988118.612722,1727,0.001000000047
1777988119.014245,1728,0.001000000047
1777988119.466688,1729,0.001000000047
1777988119.914467,1730,0.001000000047
1777988120.382102,1731,0.001000000047
1777988120.774620,1732,0.001000000047
1777988121.191743,1733,0.001000000047
1777988121.610675,1734,0.001000000047
1777988122.026691,1735,0.001000000047
1777988122.413186,1736,0.001000000047
1777988122.841477,1737,0.001000000047
1777988123.270352,1738,0.001000000047
1777988123.675807,1739,0.001000000047
1777988140.458874,1740,0.001000000047
1777988140.886010,1741,0.001000000047
1777988141.321614,1742,0.001000000047
1777988141.774618,1743,0.001000000047
1777988142.223937,1744,0.001000000047
1777988142.653508,1745,0.001000000047
1777988143.116809,1746,0.001000000047
1777988143.543612,1747,0.001000000047
1777988143.949907,1748,0.001000000047
1777988144.381068,1749,0.001000000047
1777988144.783026,1750,0.001000000047
1777988145.238089,1751,0.001000000047
1777988145.637388,1752,0.001000000047
1777988146.025508,1753,0.001000000047
1777988146.436733,1754,0.001000000047
1777988146.804850,1755,0.001000000047
1777988147.147756,1756,0.001000000047
1777988147.515810,1757,0.001000000047
1777988147.972460,1758,0.001000000047
1777988148.408351,1759,0.001000000047
1777988148.843094,1760,0.001000000047
1777988149.229827,1761,0.001000000047
1777988149.630343,1762,0.001000000047
1777988150.031835,1763,0.001000000047
1777988150.449077,1764,0.001000000047
1777988150.863379,1765,0.001000000047
1777988151.310963,1766,0.001000000047
1777988151.761907,1767,0.001000000047
1777988152.213588,1768,0.001000000047
1777988152.638067,1769,0.001000000047
1777988153.067626,1770,0.001000000047
1777988153.493032,1771,0.001000000047
1777988153.919739,1772,0.001000000047
1777988154.285094,1773,0.001000000047
1777988154.728928,1774,0.001000000047
1777988155.109671,1775,0.001000000047
1777988155.565171,1776,0.001000000047
1777988156.056813,1777,0.001000000047
1777988156.483816,1778,0.001000000047
1777988156.864733,1779,0.001000000047
1777988157.294011,1780,0.001000000047
1777988157.684954,1781,0.001000000047
1777988158.122425,1782,0.001000000047
1777988158.527127,1783,0.001000000047
1777988158.919971,1784,0.001000000047
1777988159.362713,1785,0.001000000047
1777988159.737345,1786,0.001000000047
1777988160.140366,1787,0.001000000047
1777988160.600356,1788,0.001000000047
1777988161.032919,1789,0.001000000047
1777988161.435710,1790,0.001000000047
1777988161.886072,1791,0.001000000047
1777988162.322175,1792,0.001000000047
1777988162.753597,1793,0.001000000047
1777988163.119588,1794,0.001000000047
1777988163.526235,1795,0.001000000047
1777988163.940681,1796,0.001000000047
1777988164.315957,1797,0.001000000047
1777988164.701867,1798,0.001000000047
1777988165.108234,1799,0.001000000047
1777988165.538800,1800,0.001000000047
1777988165.937730,1801,0.001000000047
1777988166.350350,1802,0.001000000047
1777988166.763799,1803,0.001000000047
1777988167.202218,1804,0.001000000047
1777988167.650530,1805,0.001000000047
1777988168.061744,1806,0.001000000047
1777988168.482684,1807,0.001000000047
1777988168.924619,1808,0.001000000047
1777988169.379797,1809,0.001000000047
1777988169.771373,1810,0.001000000047
1777988170.169649,1811,0.001000000047
1777988170.584077,1812,0.001000000047
1777988171.004115,1813,0.001000000047
1777988171.405882,1814,0.001000000047
1777988171.856085,1815,0.001000000047
1777988172.266499,1816,0.001000000047
1777988172.641867,1817,0.001000000047
1777988173.102020,1818,0.001000000047
1777988173.533553,1819,0.001000000047
1777988173.945357,1820,0.001000000047
1777988174.407572,1821,0.001000000047
1777988174.868972,1822,0.001000000047
1777988175.285926,1823,0.001000000047
1777988175.649954,1824,0.001000000047
1777988175.981884,1825,0.001000000047
1777988176.431384,1826,0.001000000047
1777988176.842456,1827,0.001000000047
1777988177.271754,1828,0.001000000047
1777988177.689431,1829,0.001000000047
1777988178.126686,1830,0.001000000047
1777988178.531809,1831,0.001000000047
1777988178.885621,1832,0.001000000047
1777988179.268320,1833,0.001000000047
1777988179.629979,1834,0.001000000047
1777988179.994175,1835,0.001000000047
1777988180.369204,1836,0.001000000047
1777988180.749994,1837,0.001000000047
1777988181.109983,1838,0.001000000047
1777988181.454077,1839,0.001000000047
1777988181.850503,1840,0.001000000047
1777988182.223638,1841,0.001000000047
1777988182.571445,1842,0.001000000047
1777988182.934536,1843,0.001000000047
1777988183.313377,1844,0.001000000047
1777988183.704585,1845,0.001000000047
1777988184.065536,1846,0.001000000047
1777988184.428307,1847,0.001000000047
1777988184.794769,1848,0.001000000047
1777988185.159497,1849,0.001000000047
1777988185.555183,1850,0.001000000047
1777988185.931536,1851,0.001000000047
1777988186.266339,1852,0.001000000047
1777988186.602960,1853,0.001000000047
1777988186.970330,1854,0.001000000047
1777988187.293506,1855,0.001000000047
1777988187.681285,1856,0.001000000047
1777988188.063227,1857,0.001000000047
1777988188.407858,1858,0.001000000047
1777988188.783036,1859,0.001000000047
1777988189.134486,1860,0.001000000047
1777988189.460077,1861,0.001000000047
1777988189.807009,1862,0.001000000047
1777988190.140470,1863,0.001000000047
1777988190.551299,1864,0.001000000047
1777988190.943945,1865,0.001000000047
1777988191.336679,1866,0.001000000047
1777988191.704943,1867,0.001000000047
1777988192.125355,1868,0.001000000047
1777988192.492296,1869,0.001000000047
1777988192.870959,1870,0.001000000047
1777988193.213844,1871,0.001000000047
1777988193.597929,1872,0.001000000047
1777988222.499731,1873,0.001000000047
1777988222.851627,1874,0.001000000047
1777988223.219994,1875,0.001000000047
1777988223.577653,1876,0.001000000047
1777988223.907284,1877,0.001000000047
1777988224.270943,1878,0.001000000047
1777988224.602841,1879,0.001000000047
1777988224.954945,1880,0.001000000047
1777988225.361811,1881,0.001000000047
1777988225.741021,1882,0.001000000047
1777988226.110746,1883,0.001000000047
1777988226.451587,1884,0.001000000047
1777988226.780948,1885,0.001000000047
1777988227.130972,1886,0.001000000047
1777988227.528599,1887,0.001000000047
1777988227.872543,1888,0.001000000047
1777988228.257929,1889,0.001000000047
1777988228.671371,1890,0.001000000047
1777988229.024697,1891,0.001000000047
1777988229.383492,1892,0.001000000047
1777988229.774669,1893,0.001000000047
1777988230.138501,1894,0.001000000047
1777988230.525452,1895,0.001000000047
1777988230.894484,1896,0.001000000047
1777988231.244080,1897,0.001000000047
1777988231.629893,1898,0.001000000047
1777988231.955217,1899,0.001000000047
1777988232.329562,1900,0.001000000047
1777988232.725938,1901,0.001000000047
1777988233.085254,1902,0.001000000047
1777988233.422600,1903,0.001000000047
1777988233.790866,1904,0.001000000047
1777988234.162539,1905,0.001000000047
1777988234.552855,1906,0.001000000047
1777988234.937455,1907,0.001000000047
1777988235.289896,1908,0.001000000047
1777988235.636337,1909,0.001000000047
1777988235.993204,1910,0.001000000047
1777988236.341331,1911,0.001000000047
1777988236.704071,1912,0.001000000047
1777988237.084815,1913,0.001000000047
1777988237.479993,1914,0.001000000047
1777988237.856045,1915,0.001000000047
1777988238.272603,1916,0.001000000047
1777988238.631409,1917,0.001000000047
1777988239.039084,1918,0.001000000047
1777988239.423228,1919,0.001000000047
1777988239.767494,1920,0.001000000047
1777988240.155827,1921,0.001000000047
1777988240.547342,1922,0.001000000047
1777988240.918996,1923,0.001000000047
1777988241.303019,1924,0.001000000047
1777988241.670918,1925,0.001000000047
1777988242.074752,1926,0.001000000047
1777988242.491746,1927,0.001000000047
1777988242.861567,1928,0.001000000047
1777988243.232003,1929,0.001000000047
1777988243.629161,1930,0.001000000047
1777988244.004887,1931,0.001000000047
1777988244.413638,1932,0.001000000047
1777988244.831485,1933,0.001000000047
1777988245.186361,1934,0.001000000047
1777988245.584489,1935,0.001000000047
1777988245.956242,1936,0.001000000047
1777988246.351373,1937,0.001000000047
1777988246.712032,1938,0.001000000047
1777988247.074930,1939,0.001000000047
1777988247.438561,1940,0.001000000047
1777988247.791891,1941,0.001000000047
1777988248.141676,1942,0.001000000047
1777988248.506978,1943,0.001000000047
1777988248.892473,1944,0.001000000047
1777988249.254309,1945,0.001000000047
1777988249.634376,1946,0.001000000047
1777988249.991315,1947,0.001000000047
1777988250.419123,1948,0.001000000047
1777988250.813709,1949,0.001000000047
1777988251.169388,1950,0.001000000047
1777988251.514329,1951,0.001000000047
1777988251.884519,1952,0.001000000047
1777988252.228043,1953,0.001000000047
1777988252.627211,1954,0.001000000047
1777988252.964451,1955,0.001000000047
1777988253.299570,1956,0.001000000047
1777988253.650174,1957,0.001000000047
1777988254.032553,1958,0.001000000047
1777988254.470016,1959,0.001000000047
1777988254.849048,1960,0.001000000047
1777988255.190738,1961,0.001000000047
1777988255.607103,1962,0.001000000047
1777988255.951168,1963,0.001000000047
1777988256.307640,1964,0.001000000047
1777988256.669021,1965,0.001000000047
1777988257.056309,1966,0.001000000047
1777988257.414153,1967,0.001000000047
1777988257.803823,1968,0.001000000047
1777988258.149485,1969,0.001000000047
1777988258.531018,1970,0.001000000047
1777988258.890100,1971,0.001000000047
1777988259.315886,1972,0.001000000047
1777988259.703282,1973,0.001000000047
1777988260.102473,1974,0.001000000047
1777988260.490520,1975,0.001000000047
1777988260.908453,1976,0.001000000047
1777988261.289494,1977,0.001000000047
1777988261.695141,1978,0.001000000047
1777988262.051752,1979,0.001000000047
1777988262.482861,1980,0.001000000047
1777988262.872566,1981,0.001000000047
1777988263.231900,1982,0.001000000047
1777988263.639246,1983,0.001000000047
1777988264.011137,1984,0.001000000047
1777988264.402431,1985,0.001000000047
1777988264.756650,1986,0.001000000047
1777988265.168017,1987,0.001000000047
1777988265.534971,1988,0.001000000047
1777988265.893959,1989,0.001000000047
1777988266.261177,1990,0.001000000047
1777988266.671444,1991,0.001000000047
1777988267.088840,1992,0.001000000047
1777988267.490960,1993,0.001000000047
1777988267.895703,1994,0.001000000047
1777988268.272565,1995,0.001000000047
1777988268.647114,1996,0.001000000047
1777988269.045226,1997,0.001000000047
1777988269.460781,1998,0.001000000047
1777988269.804460,1999,0.001000000047
1777988270.180046,2000,0.001000000047
1777988270.559019,2001,0.001000000047
1777988270.954420,2002,0.001000000047
1777988271.311845,2003,0.001000000047
1777988271.660186,2004,0.001000000047
1777988272.022830,2005,0.001000000047
1777988272.407235,2006,0.001000000047
1777988272.807671,2007,0.001000000047
1777988273.165753,2008,0.001000000047
1777988273.577974,2009,0.001000000047
1777988273.950448,2010,0.001000000047
1777988274.328003,2011,0.001000000047
1777988274.732634,2012,0.001000000047
1777988275.107425,2013,0.001000000047
1777988275.504107,2014,0.001000000047
1777988275.873105,2015,0.001000000047
1777988276.260718,2016,0.001000000047
1777988276.640275,2017,0.001000000047
1777988276.952586,2018,0.001000000047
1777988277.326180,2019,0.001000000047
1777988277.703556,2020,0.001000000047
1777988278.096528,2021,0.001000000047
1777988278.480173,2022,0.001000000047
1777988278.857938,2023,0.001000000047
1777988279.229423,2024,0.001000000047
1777988279.566554,2025,0.001000000047
1777988279.955405,2026,0.001000000047
1777988280.328279,2027,0.001000000047
1777988280.672464,2028,0.001000000047
1777988281.033192,2029,0.001000000047
1777988281.434086,2030,0.001000000047
1777988281.829850,2031,0.001000000047
1777988282.194843,2032,0.001000000047
1777988282.541900,2033,0.001000000047
1777988282.937276,2034,0.001000000047
1777988283.291976,2035,0.001000000047
1777988283.640375,2036,0.001000000047
1777988284.010112,2037,0.001000000047
1777988284.367558,2038,0.001000000047
1777988284.751002,2039,0.001000000047
1777988285.124530,2040,0.001000000047
1777988285.522163,2041,0.001000000047
1777988285.921469,2042,0.001000000047
1777988286.329347,2043,0.001000000047
1777988286.703134,2044,0.001000000047
1777988287.069426,2045,0.001000000047
1777988287.436182,2046,0.001000000047
1777988287.846184,2047,0.001000000047
1777988288.226707,2048,0.001000000047
1777988288.615368,2049,0.001000000047
1777988289.011505,2050,0.001000000047
1777988289.368816,2051,0.001000000047
1777988289.763585,2052,0.001000000047
1777988290.170580,2053,0.001000000047
1777988290.541068,2054,0.001000000047
1777988290.911185,2055,0.001000000047
1777988291.273856,2056,0.001000000047
1777988291.661698,2057,0.001000000047
1777988292.028537,2058,0.001000000047
1777988292.432908,2059,0.001000000047
1777988292.822862,2060,0.001000000047
1777988293.210114,2061,0.001000000047
1777988293.570137,2062,0.001000000047
1777988293.924735,2063,0.001000000047
1777988294.313091,2064,0.001000000047
1777988294.699873,2065,0.001000000047
1777988295.076546,2066,0.001000000047
1777988295.451901,2067,0.001000000047
1777988295.804009,2068,0.001000000047
1777988296.188980,2069,0.001000000047
1777988296.565616,2070,0.001000000047
1777988296.946823,2071,0.001000000047
1777988297.322161,2072,0.001000000047
1777988297.727426,2073,0.001000000047
1777988298.146422,2074,0.001000000047
1777988298.513474,2075,0.001000000047
1777988298.887018,2076,0.001000000047
1777988299.245896,2077,0.001000000047
1777988299.616405,2078,0.001000000047
1777988299.979581,2079,0.001000000047
1777988300.345329,2080,0.001000000047
1777988300.740227,2081,0.001000000047
1777988301.124338,2082,0.001000000047
1777988301.508484,2083,0.001000000047
1777988301.889449,2084,0.001000000047
1777988302.242557,2085,0.001000000047
1777988302.630978,2086,0.001000000047
1777988303.015960,2087,0.001000000047
1777988303.383292,2088,0.001000000047
1777988303.747964,2089,0.001000000047
1777988304.160264,2090,0.001000000047
1777988304.587268,2091,0.001000000047
1777988304.935647,2092,0.001000000047
1777988305.330152,2093,0.001000000047
1777988305.723819,2094,0.001000000047
1777988306.082581,2095,0.001000000047
1777988306.511922,2096,0.001000000047
1777988306.843262,2097,0.001000000047
1777988307.227828,2098,0.001000000047
1777988307.625192,2099,0.001000000047
1777988308.015479,2100,0.001000000047
1777988308.358986,2101,0.001000000047
1777988308.732786,2102,0.001000000047
1777988309.106534,2103,0.001000000047
1777988309.469324,2104,0.001000000047
1777988309.878724,2105,0.001000000047
1777988310.279339,2106,0.001000000047
1777988310.632164,2107,0.001000000047
1777988311.037568,2108,0.001000000047
1777988311.384931,2109,0.001000000047
1777988311.774654,2110,0.001000000047
1777988312.164052,2111,0.001000000047
1777988312.527395,2112,0.001000000047
1777988312.905339,2113,0.001000000047
1777988313.302848,2114,0.001000000047
1777988313.671924,2115,0.001000000047
1777988314.069200,2116,0.001000000047
1777988314.427324,2117,0.001000000047
1777988314.766265,2118,0.001000000047
1777988315.160076,2119,0.001000000047
1777988315.505637,2120,0.001000000047
1777988330.829267,2121,0.001000000047
1777988331.273167,2122,0.001000000047
1777988331.651615,2123,0.001000000047
1777988331.970816,2124,0.001000000047
1777988332.359540,2125,0.001000000047
1777988332.715401,2126,0.001000000047
1777988333.094660,2127,0.001000000047
1777988333.486382,2128,0.001000000047
1777988333.866404,2129,0.001000000047
1777988334.252918,2130,0.001000000047
1777988334.594088,2131,0.001000000047
1777988334.980808,2132,0.001000000047
1777988335.350801,2133,0.001000000047
1777988335.716673,2134,0.001000000047
1777988336.115778,2135,0.001000000047
1777988336.479360,2136,0.001000000047
1777988336.851792,2137,0.001000000047
1777988337.213896,2138,0.001000000047
1777988337.600914,2139,0.001000000047
1777988337.935725,2140,0.001000000047
1777988338.279758,2141,0.001000000047
1777988338.629719,2142,0.001000000047
1777988339.005650,2143,0.001000000047
1777988339.374992,2144,0.001000000047
1777988339.741337,2145,0.001000000047
1777988340.100833,2146,0.001000000047
1777988340.442271,2147,0.001000000047
1777988340.758733,2148,0.001000000047
1777988341.103152,2149,0.001000000047
1777988341.475349,2150,0.001000000047
1777988341.869185,2151,0.001000000047
1777988342.232652,2152,0.001000000047
1777988342.615382,2153,0.001000000047
1777988342.974336,2154,0.001000000047
1777988343.359366,2155,0.001000000047
1777988343.765548,2156,0.001000000047
1777988344.160075,2157,0.001000000047
1777988344.531361,2158,0.001000000047
1777988344.876920,2159,0.001000000047
1777988345.266524,2160,0.001000000047
1777988345.620386,2161,0.001000000047
1777988345.990299,2162,0.001000000047
1777988346.347698,2163,0.001000000047
1777988346.723031,2164,0.001000000047
1777988347.110986,2165,0.001000000047
1777988347.468169,2166,0.001000000047
1777988347.837769,2167,0.001000000047
1777988348.257673,2168,0.001000000047
1777988348.596575,2169,0.001000000047
1777988348.946770,2170,0.001000000047
1777988349.299418,2171,0.001000000047
1777988349.642000,2172,0.001000000047
1777988349.995649,2173,0.001000000047
1777988350.365626,2174,0.001000000047
1777988350.734894,2175,0.001000000047
1777988351.116321,2176,0.001000000047
1777988351.480049,2177,0.001000000047
1777988351.851722,2178,0.001000000047
1777988352.212600,2179,0.001000000047
1777988352.569062,2180,0.001000000047
1777988352.982388,2181,0.001000000047
1777988353.353750,2182,0.001000000047
1777988353.718337,2183,0.001000000047
1777988354.093021,2184,0.001000000047
1777988354.455937,2185,0.001000000047
1777988354.812263,2186,0.001000000047
1777988355.205973,2187,0.001000000047
1777988355.597489,2188,0.001000000047
1777988355.960556,2189,0.001000000047
1777988356.318549,2190,0.001000000047
1777988356.751435,2191,0.001000000047
1777988357.142621,2192,0.001000000047
1777988357.511089,2193,0.001000000047
1777988357.874815,2194,0.001000000047
1777988358.269214,2195,0.001000000047
1777988358.612872,2196,0.001000000047
1777988358.956646,2197,0.001000000047
1777988359.294626,2198,0.001000000047
1777988359.653174,2199,0.001000000047
1777988360.003774,2200,0.001000000047
1777988360.395750,2201,0.001000000047
1777988360.767425,2202,0.001000000047
1777988361.134312,2203,0.001000000047
1777988361.542869,2204,0.001000000047
1777988361.923955,2205,0.001000000047
1777988362.294307,2206,0.001000000047
1777988362.666037,2207,0.001000000047
1777988362.998956,2208,0.001000000047
1777988363.388002,2209,0.001000000047
1777988363.744765,2210,0.001000000047
1777988364.122280,2211,0.001000000047
1777988364.505877,2212,0.001000000047
1777988364.892732,2213,0.001000000047
1777988365.275323,2214,0.001000000047
1777988365.659146,2215,0.001000000047
1777988366.072884,2216,0.001000000047
1777988366.455820,2217,0.001000000047
1777988366.859904,2218,0.001000000047
1777988367.245155,2219,0.001000000047
1777988367.603118,2220,0.001000000047
1777988367.979931,2221,0.001000000047
1777988368.334864,2222,0.001000000047
1777988368.671225,2223,0.001000000047
1777988369.027426,2224,0.001000000047
1777988369.407057,2225,0.001000000047
1777988369.768037,2226,0.001000000047
1777988370.130543,2227,0.001000000047
1777988370.517428,2228,0.001000000047
1777988370.865922,2229,0.001000000047
1777988371.238595,2230,0.001000000047
1777988371.624307,2231,0.001000000047
1777988372.027400,2232,0.001000000047
1777988372.439821,2233,0.001000000047
1777988372.795948,2234,0.001000000047
1777988373.159834,2235,0.001000000047
1777988373.535228,2236,0.001000000047
1777988373.914035,2237,0.001000000047
1777988374.288849,2238,0.001000000047
1777988374.681979,2239,0.001000000047
1777988375.052557,2240,0.001000000047
1777988375.412682,2241,0.001000000047
1777988375.761013,2242,0.001000000047
1777988376.138513,2243,0.001000000047
1777988376.487065,2244,0.001000000047
1777988376.836323,2245,0.001000000047
1777988377.199762,2246,0.001000000047
1777988377.573840,2247,0.001000000047
1777988377.910774,2248,0.001000000047
1777988378.262879,2249,0.001000000047
1777988378.644004,2250,0.001000000047
1777988379.011657,2251,0.001000000047
1777988379.364938,2252,0.001000000047
1777988379.726692,2253,0.001000000047
1777988380.089573,2254,0.001000000047
1777988380.443836,2255,0.001000000047
1777988380.806596,2256,0.001000000047
1777988381.165907,2257,0.001000000047
1777988381.528073,2258,0.001000000047
1777988381.901116,2259,0.001000000047
1777988382.265435,2260,0.001000000047
1777988382.632297,2261,0.001000000047
1777988382.976712,2262,0.001000000047
1777988383.307898,2263,0.001000000047
1777988383.688607,2264,0.001000000047
1777988384.026381,2265,0.001000000047
1777988384.349859,2266,0.001000000047
1777988384.751297,2267,0.001000000047
1777988385.071442,2268,0.001000000047
1777988385.440244,2269,0.001000000047
1777988385.784755,2270,0.001000000047
1777988386.146652,2271,0.001000000047
1777988386.537803,2272,0.001000000047
1777988386.892213,2273,0.001000000047
1777988387.255653,2274,0.001000000047
1777988387.619247,2275,0.001000000047
1777988387.974236,2276,0.001000000047
1777988388.321199,2277,0.001000000047
1777988388.675407,2278,0.001000000047
1777988389.029130,2279,0.001000000047
1777988389.370635,2280,0.001000000047
1777988389.740109,2281,0.001000000047
1777988390.134417,2282,0.001000000047
1777988390.491685,2283,0.001000000047
1777988390.889755,2284,0.001000000047
1777988391.289127,2285,0.001000000047
1777988391.613943,2286,0.001000000047
1777988392.013484,2287,0.001000000047
1777988392.399314,2288,0.001000000047
1777988392.772368,2289,0.001000000047
1777988393.158376,2290,0.001000000047
1777988393.502096,2291,0.001000000047
1777988393.877414,2292,0.001000000047
1777988394.226808,2293,0.001000000047
1777988394.584942,2294,0.001000000047
1777988394.935917,2295,0.001000000047
1777988395.292688,2296,0.001000000047
1777988395.645117,2297,0.001000000047
1777988395.959559,2298,0.001000000047
1777988396.307044,2299,0.001000000047
1777988396.685695,2300,0.001000000047
1777988397.036340,2301,0.001000000047
1777988397.400769,2302,0.001000000047
1777988397.745860,2303,0.001000000047
1777988398.126485,2304,0.001000000047
1777988398.536029,2305,0.001000000047
1777988398.903438,2306,0.001000000047
1777988399.261872,2307,0.001000000047
1777988399.653625,2308,0.001000000047
1777988399.977993,2309,0.001000000047
1777988400.326269,2310,0.001000000047
1777988400.708087,2311,0.001000000047
1777988401.050798,2312,0.001000000047
1777988401.406431,2313,0.001000000047
1777988401.776904,2314,0.001000000047
1777988402.197227,2315,0.001000000047
1777988402.540221,2316,0.001000000047
1777988402.927003,2317,0.001000000047
1777988403.301492,2318,0.001000000047
1777988403.653327,2319,0.001000000047
1777988404.016973,2320,0.001000000047
1777988404.395927,2321,0.001000000047
1777988404.756359,2322,0.001000000047
1777988405.124893,2323,0.001000000047
1777988405.484635,2324,0.001000000047
1777988405.854641,2325,0.001000000047
1777988406.200205,2326,0.001000000047
1777988406.549913,2327,0.001000000047
1777988406.909807,2328,0.001000000047
1777988407.321202,2329,0.001000000047
1777988407.665478,2330,0.001000000047
1777988408.037324,2331,0.001000000047
1777988408.375599,2332,0.001000000047
1777988408.717743,2333,0.001000000047
1777988409.086175,2334,0.001000000047
1777988409.445024,2335,0.001000000047
1777988409.799111,2336,0.001000000047
1777988410.119854,2337,0.001000000047
1777988410.472799,2338,0.001000000047
1777988410.866918,2339,0.001000000047
1777988411.232806,2340,0.001000000047
1777988411.594342,2341,0.001000000047
1777988411.973474,2342,0.001000000047
1777988412.334119,2343,0.001000000047
1777988412.731073,2344,0.001000000047
1777988413.044720,2345,0.001000000047
1777988413.369843,2346,0.001000000047
1777988413.713150,2347,0.001000000047
1777988414.094186,2348,0.001000000047
1777988414.436166,2349,0.001000000047
1777988414.795056,2350,0.001000000047
1777988415.161747,2351,0.001000000047
1777988415.569374,2352,0.001000000047
1777988415.921237,2353,0.001000000047
1777988416.286411,2354,0.001000000047
1777988416.658300,2355,0.001000000047
1777988417.022065,2356,0.001000000047
1777988417.374541,2357,0.001000000047
1777988417.727144,2358,0.001000000047
1777988418.126432,2359,0.001000000047
1777988418.500992,2360,0.001000000047
1777988418.851223,2361,0.001000000047
1777988419.213284,2362,0.001000000047
1777988419.602714,2363,0.001000000047
1777988419.936129,2364,0.001000000047
1777988420.296533,2365,0.001000000047
1777988420.660289,2366,0.001000000047
1777988421.014349,2367,0.001000000047
1777988421.327538,2368,0.001000000047
1777988421.661927,2369,0.001000000047
1777988422.046016,2370,0.001000000047
1777988422.423694,2371,0.001000000047
1777988422.781400,2372,0.001000000047
1777988423.136026,2373,0.001000000047
1777988423.451540,2374,0.001000000047
1777988423.786789,2375,0.001000000047
1777988424.121031,2376,0.001000000047
1777988424.492018,2377,0.001000000047
1777988424.857893,2378,0.001000000047
1777988425.224017,2379,0.001000000047
1777988425.599538,2380,0.001000000047
1777988426.005498,2381,0.001000000047
1777988426.359634,2382,0.001000000047
1777988426.698762,2383,0.001000000047
1777988427.057561,2384,0.001000000047
1777988427.388699,2385,0.001000000047
1777988427.757576,2386,0.001000000047
1777988428.116881,2387,0.001000000047
1777988428.491033,2388,0.001000000047
1777988428.835484,2389,0.001000000047
1777988429.206511,2390,0.001000000047
1777988429.541982,2391,0.001000000047
1777988429.891563,2392,0.001000000047
1777988430.262580,2393,0.001000000047
1777988430.659110,2394,0.001000000047
1777988431.005959,2395,0.001000000047
1777988431.349250,2396,0.001000000047
1777988431.763820,2397,0.001000000047
1777988432.177428,2398,0.001000000047
1777988432.601821,2399,0.001000000047
1777988432.970822,2400,0.001000000047
1777988433.357448,2401,0.001000000047
1777988433.708680,2402,0.001000000047
1777988434.061482,2403,0.001000000047
1777988434.460884,2404,0.001000000047
1777988434.827167,2405,0.001000000047
1777988435.186406,2406,0.001000000047
1777988435.561344,2407,0.001000000047
1777988435.914548,2408,0.001000000047
1777988436.264332,2409,0.001000000047
1777988436.618127,2410,0.001000000047
1777988436.965025,2411,0.001000000047
1777988437.343110,2412,0.001000000047
1777988437.724264,2413,0.001000000047
1777988438.120333,2414,0.001000000047
1777988438.490180,2415,0.001000000047
1777988438.830140,2416,0.001000000047
1777988439.223305,2417,0.001000000047
1777988439.589192,2418,0.001000000047
1777988439.964766,2419,0.001000000047
1777988440.372860,2420,0.001000000047
1777988440.766094,2421,0.001000000047
1777988441.109838,2422,0.001000000047
1777988441.514825,2423,0.001000000047
1777988441.964981,2424,0.001000000047
1777988442.320385,2425,0.001000000047
1777988442.688865,2426,0.001000000047
1777988443.044840,2427,0.001000000047
1777988443.436372,2428,0.001000000047
1777988443.795165,2429,0.001000000047
1777988444.231601,2430,0.001000000047
1777988444.614070,2431,0.001000000047
1777988445.005199,2432,0.001000000047
1777988445.382329,2433,0.001000000047
1777988445.748300,2434,0.001000000047
1777988446.128727,2435,0.001000000047
1777988446.501118,2436,0.001000000047
1777988446.883117,2437,0.001000000047
1777988447.244872,2438,0.001000000047
1777988447.632115,2439,0.001000000047
1777988448.028799,2440,0.001000000047
1777988448.427986,2441,0.001000000047
1777988448.787065,2442,0.001000000047
1777988449.164960,2443,0.001000000047
1777988449.503214,2444,0.001000000047
1777988449.860489,2445,0.001000000047
1777988450.213462,2446,0.001000000047
1777988450.628746,2447,0.001000000047
1777988451.014081,2448,0.001000000047
1777988451.337760,2449,0.001000000047
1777988451.709107,2450,0.001000000047
1777988452.045945,2451,0.001000000047
1777988452.456000,2452,0.001000000047
1777988452.876268,2453,0.001000000047
1777988453.303496,2454,0.001000000047
1777988453.684345,2455,0.001000000047
1777988454.129901,2456,0.001000000047
1777988454.495685,2457,0.001000000047
1777988454.867704,2458,0.001000000047
1777988455.230964,2459,0.001000000047
1777988455.598741,2460,0.001000000047
1777988455.954980,2461,0.001000000047
1777988456.345180,2462,0.001000000047
1777988456.691520,2463,0.001000000047
1777988457.102432,2464,0.001000000047
1777988457.524242,2465,0.001000000047
1777988457.924722,2466,0.001000000047
1777988458.269117,2467,0.001000000047
1777988458.662010,2468,0.001000000047
1777988459.074461,2469,0.001000000047
1777988459.446656,2470,0.001000000047
1777988459.806597,2471,0.001000000047
1777988460.182190,2472,0.001000000047
1777988460.543625,2473,0.001000000047
1777988460.900381,2474,0.001000000047
1777988461.293893,2475,0.001000000047
1777988461.660699,2476,0.001000000047
1777988462.057693,2477,0.001000000047
1777988462.461525,2478,0.001000000047
1777988462.816570,2479,0.001000000047
1777988463.238812,2480,0.001000000047
1777988463.669397,2481,0.001000000047
1777988464.075827,2482,0.001000000047
1777988464.513511,2483,0.001000000047
1777988464.942445,2484,0.001000000047
1777988465.339782,2485,0.001000000047
1777988465.768629,2486,0.001000000047
1777988466.148830,2487,0.001000000047
1777988466.523654,2488,0.001000000047
1777988466.891389,2489,0.001000000047
1777988467.259780,2490,0.001000000047
1777988467.624921,2491,0.001000000047
1777988467.978124,2492,0.001000000047
1777988468.390083,2493,0.001000000047
1777988468.801310,2494,0.001000000047
1777988469.175245,2495,0.001000000047
1777988469.563281,2496,0.001000000047
1777988469.905471,2497,0.001000000047
1777988470.281605,2498,0.001000000047
1777988470.664236,2499,0.001000000047
1777988471.066991,2500,0.001000000047
1777988471.453700,2501,0.001000000047
1777988471.834145,2502,0.001000000047
1777988472.270483,2503,0.001000000047
1777988472.676798,2504,0.001000000047
1777988473.070663,2505,0.001000000047
1777988473.464326,2506,0.001000000047
1777988473.856422,2507,0.001000000047
1777988474.213613,2508,0.001000000047
1777988474.594323,2509,0.001000000047
1777988474.969038,2510,0.001000000047
1777988475.388405,2511,0.001000000047
1777988475.796635,2512,0.001000000047
1777988476.184862,2513,0.001000000047
1777988476.619292,2514,0.001000000047
1777988477.038198,2515,0.001000000047
1777988477.403768,2516,0.001000000047
1777988477.820614,2517,0.001000000047
1777988478.177667,2518,0.001000000047
1777988478.587900,2519,0.001000000047
1777988479.001907,2520,0.001000000047
1777988479.450991,2521,0.001000000047
1777988479.808074,2522,0.001000000047
1777988480.155121,2523,0.001000000047
1777988480.514452,2524,0.001000000047
1777988480.874290,2525,0.001000000047
1777988481.273357,2526,0.001000000047
1777988481.672876,2527,0.001000000047
1777988482.019436,2528,0.001000000047
1777988482.362953,2529,0.001000000047
1777988482.718333,2530,0.001000000047
1777988483.078776,2531,0.001000000047
1777988483.502894,2532,0.001000000047
1777988483.900280,2533,0.001000000047
1777988484.274769,2534,0.001000000047
1777988484.654014,2535,0.001000000047
1777988485.112784,2536,0.001000000047
1777988485.489266,2537,0.001000000047
1777988485.859204,2538,0.001000000047
1777988486.214910,2539,0.001000000047
1777988486.558148,2540,0.001000000047
1777988486.993720,2541,0.001000000047
1777988487.420467,2542,0.001000000047
1777988487.798776,2543,0.001000000047
1777988488.185008,2544,0.001000000047
1777988488.584642,2545,0.001000000047
1777988488.973774,2546,0.001000000047
1777988489.383379,2547,0.001000000047
1777988489.784478,2548,0.001000000047
1777988490.174574,2549,0.001000000047
1777988490.584486,2550,0.001000000047
1777988490.975126,2551,0.001000000047
1777988491.372407,2552,0.001000000047
1777988491.708814,2553,0.001000000047
1777988492.095678,2554,0.001000000047
1777988492.489008,2555,0.001000000047
1777988492.837030,2556,0.001000000047
1777988493.203315,2557,0.001000000047
1777988493.563603,2558,0.001000000047
1777988493.926672,2559,0.001000000047
1777988494.303300,2560,0.001000000047
1777988494.672687,2561,0.001000000047
1777988495.066749,2562,0.001000000047
1777988495.486178,2563,0.001000000047
1777988495.916968,2564,0.001000000047
1777988496.285475,2565,0.001000000047
1777988496.646574,2566,0.001000000047
1777988497.075420,2567,0.001000000047
1777988497.506181,2568,0.001000000047
1777988497.863193,2569,0.001000000047
1777988498.240250,2570,0.001000000047
1777988498.592206,2571,0.001000000047
1777988498.956205,2572,0.001000000047
1777988499.352631,2573,0.001000000047
1777988499.720403,2574,0.001000000047
1777988500.139337,2575,0.001000000047
1777988500.482430,2576,0.001000000047
1777988500.834075,2577,0.001000000047
1777988501.209649,2578,0.001000000047
1777988501.617935,2579,0.001000000047
1777988502.050284,2580,0.001000000047
1777988502.416938,2581,0.001000000047
1777988502.773399,2582,0.001000000047
1777988503.136978,2583,0.001000000047
1777988503.512526,2584,0.001000000047
1777988503.921767,2585,0.001000000047
1777988504.291602,2586,0.001000000047
1777988504.653450,2587,0.001000000047
1777988505.012025,2588,0.001000000047
1777988505.382966,2589,0.001000000047
1777988505.739881,2590,0.001000000047
1777988506.126433,2591,0.001000000047
1777988506.457053,2592,0.001000000047
1777988506.838627,2593,0.001000000047
1777988507.210355,2594,0.001000000047
1777988507.641481,2595,0.001000000047
1777988508.009820,2596,0.001000000047
1777988508.373935,2597,0.001000000047
1777988508.766569,2598,0.001000000047
1777988509.122113,2599,0.001000000047
1777988509.478343,2600,0.001000000047
1777988509.853842,2601,0.001000000047
1777988510.255033,2602,0.001000000047
1777988510.638296,2603,0.001000000047
1777988511.001740,2604,0.001000000047
1777988511.342796,2605,0.001000000047
1777988511.728980,2606,0.001000000047
1777988512.131728,2607,0.001000000047
1777988512.520348,2608,0.001000000047
1777988512.934958,2609,0.001000000047
1777988513.339142,2610,0.001000000047
1777988513.751996,2611,0.001000000047
1777988514.146661,2612,0.001000000047
1777988514.488869,2613,0.001000000047
1777988514.921297,2614,0.001000000047
1777988515.286282,2615,0.001000000047
1777988515.676081,2616,0.001000000047
1777988516.034859,2617,0.001000000047
1777988516.473483,2618,0.001000000047
1777988516.819948,2619,0.001000000047
1777988517.219131,2620,0.001000000047
1777988517.576916,2621,0.001000000047
1777988517.964571,2622,0.001000000047
1777988518.372529,2623,0.001000000047
1777988518.796072,2624,0.001000000047
1777988519.259170,2625,0.001000000047
1777988519.649820,2626,0.001000000047
1777988520.037738,2627,0.001000000047
1777988520.469520,2628,0.001000000047
1777988520.838253,2629,0.001000000047
1777988521.201053,2630,0.001000000047
1777988521.598853,2631,0.001000000047
1777988522.031174,2632,0.001000000047
1777988522.413543,2633,0.001000000047
1777988522.831593,2634,0.001000000047
1777988523.220808,2635,0.001000000047
1777988523.599776,2636,0.001000000047
1777988524.014808,2637,0.001000000047
1777988524.396913,2638,0.001000000047
1777988524.777615,2639,0.001000000047
1777988525.126393,2640,0.001000000047
1777988525.458977,2641,0.001000000047
1777988525.827166,2642,0.001000000047
1777988526.170100,2643,0.001000000047
1777988526.573992,2644,0.001000000047
1777988526.973591,2645,0.001000000047
1777988527.332731,2646,0.001000000047
1777988527.741891,2647,0.001000000047
1777988528.157786,2648,0.001000000047
1777988528.603888,2649,0.001000000047
1777988529.046772,2650,0.001000000047
1777988529.485367,2651,0.001000000047
1777988529.913495,2652,0.001000000047
1777988530.375060,2653,0.001000000047
1777988530.841989,2654,0.001000000047
1777988531.296850,2655,0.001000000047
1777988531.709960,2656,0.001000000047
1777988532.101449,2657,0.001000000047
1777988532.504843,2658,0.001000000047
1777988532.899450,2659,0.001000000047
1777988533.315626,2660,0.001000000047
1777988533.737722,2661,0.001000000047
1777988534.140023,2662,0.001000000047
1777988534.548299,2663,0.001000000047
1777988534.912739,2664,0.001000000047
1777988535.358101,2665,0.001000000047
1777988535.752989,2666,0.001000000047
1777988536.124373,2667,0.001000000047
1777988536.518936,2668,0.001000000047
1777988536.946377,2669,0.001000000047
1777988537.379049,2670,0.001000000047
1777988537.759717,2671,0.001000000047
1777988538.089666,2672,0.001000000047
1777988538.489128,2673,0.001000000047
1777988538.933458,2674,0.001000000047
1777988539.344817,2675,0.001000000047
1777988539.799074,2676,0.001000000047
1777988540.212072,2677,0.001000000047
1777988540.634392,2678,0.001000000047
1777988541.058538,2679,0.001000000047
1777988541.436214,2680,0.001000000047
1777988541.839387,2681,0.001000000047
1777988542.208742,2682,0.001000000047
1777988542.621555,2683,0.001000000047
1777988543.001705,2684,0.001000000047
1777988543.384821,2685,0.001000000047
1777988543.819058,2686,0.001000000047
1777988544.211405,2687,0.001000000047
1777988544.593512,2688,0.001000000047
1777988544.980538,2689,0.001000000047
1777988545.419981,2690,0.001000000047
1777988545.877911,2691,0.001000000047
1777988546.277393,2692,0.001000000047
1777988546.703882,2693,0.001000000047
1777988547.154949,2694,0.001000000047
1777988547.582876,2695,0.001000000047
1777988548.055211,2696,0.001000000047
1777988548.497753,2697,0.001000000047
1777988548.880743,2698,0.001000000047
1777988549.313830,2699,0.001000000047
1777988549.722052,2700,0.001000000047
1777988550.151855,2701,0.001000000047
1777988550.605547,2702,0.001000000047
1777988551.026095,2703,0.001000000047
1777988551.455787,2704,0.001000000047
1777988551.864747,2705,0.001000000047
1777988552.246212,2706,0.001000000047
1777988552.673297,2707,0.001000000047
1777988553.184072,2708,0.001000000047
1777988553.565929,2709,0.001000000047
1777988554.000260,2710,0.001000000047
1777988554.416526,2711,0.001000000047
1777988554.872825,2712,0.001000000047
1777988555.300377,2713,0.001000000047
1777988555.711229,2714,0.001000000047
1777988556.194262,2715,0.001000000047
1777988556.601942,2716,0.001000000047
1777988556.986195,2717,0.001000000047
1777988557.389382,2718,0.001000000047
1777988557.776538,2719,0.001000000047
1777988558.189130,2720,0.001000000047
1777988558.563868,2721,0.001000000047
1777988558.963496,2722,0.001000000047
1777988559.412747,2723,0.001000000047
1777988559.834134,2724,0.001000000047
1777988560.224972,2725,0.001000000047
1777988560.613693,2726,0.001000000047
1777988560.988144,2727,0.001000000047
1777988561.334719,2728,0.001000000047
1777988561.724264,2729,0.001000000047
1777988562.065511,2730,0.001000000047
1777988562.406785,2731,0.001000000047
1777988562.761638,2732,0.001000000047
1777988563.139083,2733,0.001000000047
1777988563.558790,2734,0.001000000047
1777988563.926636,2735,0.001000000047
1777988564.327506,2736,0.001000000047
1777988564.700113,2737,0.001000000047
1777988565.040411,2738,0.001000000047
1777988565.383654,2739,0.001000000047
1777988565.779600,2740,0.001000000047
1777988566.151990,2741,0.001000000047
1777988566.517025,2742,0.001000000047
1777988566.896452,2743,0.001000000047
1777988567.226741,2744,0.001000000047
1777988567.602090,2745,0.001000000047
1777988568.012857,2746,0.001000000047
1777988568.361310,2747,0.001000000047
1777988568.717303,2748,0.001000000047
1777988569.074227,2749,0.001000000047
1777988569.434211,2750,0.001000000047
1777988569.805483,2751,0.001000000047
1777988570.181513,2752,0.001000000047
1777988570.528467,2753,0.001000000047
1777988570.866998,2754,0.001000000047
1777988571.244799,2755,0.001000000047
1777988571.588209,2756,0.001000000047
1777988571.952567,2757,0.001000000047
1777988572.357358,2758,0.001000000047
1777988572.753653,2759,0.001000000047
1777988573.115610,2760,0.001000000047
1777988573.511554,2761,0.001000000047
1777988573.879129,2762,0.001000000047
1777988574.223604,2763,0.001000000047
1777988574.580441,2764,0.001000000047
1777988574.950818,2765,0.001000000047
1777988575.340942,2766,0.001000000047
1777988575.715913,2767,0.001000000047
1777988576.094098,2768,0.001000000047
1777988576.450749,2769,0.001000000047
1777988576.837023,2770,0.001000000047
1777988577.306833,2771,0.001000000047
1777988577.690198,2772,0.001000000047
1777988578.044886,2773,0.001000000047
1777988578.376562,2774,0.001000000047
1777988578.752920,2775,0.001000000047
1777988579.133025,2776,0.001000000047
1777988579.529298,2777,0.001000000047
1777988579.926389,2778,0.001000000047
1777988580.275604,2779,0.001000000047
1777988580.638779,2780,0.001000000047
1777988581.002429,2781,0.001000000047
1777988581.378689,2782,0.001000000047
1777988581.806559,2783,0.001000000047
1777988582.192428,2784,0.001000000047
1777988582.606545,2785,0.001000000047
1777988582.981600,2786,0.001000000047
1777988583.360516,2787,0.001000000047
1777988583.745443,2788,0.001000000047
1777988584.134318,2789,0.001000000047
1777988584.548441,2790,0.001000000047
1777988584.932405,2791,0.001000000047
1777988585.317499,2792,0.001000000047
1777988585.731971,2793,0.001000000047
1777988586.133736,2794,0.001000000047
1777988586.550237,2795,0.001000000047
1777988586.984506,2796,0.001000000047
1777988587.392106,2797,0.001000000047
1777988587.765288,2798,0.001000000047
1777988588.188848,2799,0.001000000047
1777988588.607831,2800,0.001000000047
1777988603.915164,2801,0.001000000047
1777988604.281712,2802,0.001000000047
1777988604.697512,2803,0.001000000047
1777988605.092770,2804,0.001000000047
1777988605.460469,2805,0.001000000047
1777988605.850872,2806,0.001000000047
1777988606.262044,2807,0.001000000047
1777988606.641609,2808,0.001000000047
1777988607.022793,2809,0.001000000047
1777988607.405126,2810,0.001000000047
1777988607.818287,2811,0.001000000047
1777988608.266555,2812,0.001000000047
1777988608.724631,2813,0.001000000047
1777988609.142810,2814,0.001000000047
1777988609.531810,2815,0.001000000047
1777988609.930757,2816,0.001000000047
1777988610.349921,2817,0.001000000047
1777988610.746343,2818,0.001000000047
1777988611.170721,2819,0.001000000047
1777988611.567824,2820,0.001000000047
1777988611.953031,2821,0.001000000047
1777988612.313097,2822,0.001000000047
1777988612.721599,2823,0.001000000047
1777988613.076608,2824,0.001000000047
1777988613.477093,2825,0.001000000047
1777988613.870682,2826,0.001000000047
1777988614.263174,2827,0.001000000047
1777988614.647784,2828,0.001000000047
1777988615.040860,2829,0.001000000047
1777988615.452753,2830,0.001000000047
1777988615.825261,2831,0.001000000047
1777988616.209269,2832,0.001000000047
1777988616.588534,2833,0.001000000047
1777988617.001354,2834,0.001000000047
1777988617.403865,2835,0.001000000047
1777988617.817059,2836,0.001000000047
1777988618.200172,2837,0.001000000047
1777988618.622354,2838,0.001000000047
1777988619.015717,2839,0.001000000047
1777988619.412002,2840,0.001000000047
1777988619.806686,2841,0.001000000047
1777988620.155339,2842,0.001000000047
1777988620.574344,2843,0.001000000047
1777988620.955113,2844,0.001000000047
1777988621.302006,2845,0.001000000047
1777988621.699725,2846,0.001000000047
1777988622.083251,2847,0.001000000047
1777988622.526736,2848,0.001000000047
1777988622.947069,2849,0.001000000047
1777988623.358512,2850,0.001000000047
1777988623.748277,2851,0.001000000047
1777988624.139642,2852,0.001000000047
1777988624.510929,2853,0.001000000047
1777988624.914592,2854,0.001000000047
1777988625.310021,2855,0.001000000047
1777988625.707999,2856,0.001000000047
1777988626.076996,2857,0.001000000047
1777988626.466470,2858,0.001000000047
1777988626.909473,2859,0.001000000047
1777988627.294820,2860,0.001000000047
1777988627.697466,2861,0.001000000047
1777988628.086565,2862,0.001000000047
1777988628.497897,2863,0.001000000047
1777988628.892832,2864,0.001000000047
1777988629.293967,2865,0.001000000047
1777988629.710647,2866,0.001000000047
1777988630.152380,2867,0.001000000047
1777988630.555657,2868,0.001000000047
1777988630.993951,2869,0.001000000047
1777988631.387774,2870,0.001000000047
1777988631.780798,2871,0.001000000047
1777988632.150911,2872,0.001000000047
1777988632.576501,2873,0.001000000047
1777988633.004379,2874,0.001000000047
1777988633.388870,2875,0.001000000047
1777988633.782585,2876,0.001000000047
1777988634.178658,2877,0.001000000047
1777988634.576173,2878,0.001000000047
1777988635.048989,2879,0.001000000047
1777988635.469940,2880,0.001000000047
1777988635.859460,2881,0.001000000047
1777988636.229431,2882,0.001000000047
1777988636.635075,2883,0.001000000047
1777988637.056184,2884,0.001000000047
1777988637.486349,2885,0.001000000047
1777988637.857180,2886,0.001000000047
1777988638.320539,2887,0.001000000047
1777988638.724375,2888,0.001000000047
1777988639.105914,2889,0.001000000047
1777988639.506121,2890,0.001000000047
1777988639.913450,2891,0.001000000047
1777988640.412410,2892,0.001000000047
1777988640.835232,2893,0.001000000047
1777988641.234778,2894,0.001000000047
1777988641.590906,2895,0.001000000047
1777988641.978466,2896,0.001000000047
1777988642.343462,2897,0.001000000047
1777988642.761357,2898,0.001000000047
1777988643.207047,2899,0.001000000047
1777988643.602898,2900,0.001000000047
1777988643.972494,2901,0.001000000047
1777988644.367333,2902,0.001000000047
1777988644.791587,2903,0.001000000047
1777988645.244528,2904,0.001000000047
1777988645.634706,2905,0.001000000047
1777988645.997151,2906,0.001000000047
1777988646.345850,2907,0.001000000047
1777988646.754968,2908,0.001000000047
1777988647.149089,2909,0.001000000047
1777988647.510782,2910,0.001000000047
1777988647.844387,2911,0.001000000047
1777988648.225434,2912,0.001000000047
1777988648.575885,2913,0.001000000047
1777988648.933119,2914,0.001000000047
1777988649.301845,2915,0.001000000047
1777988649.727075,2916,0.001000000047
1777988650.106331,2917,0.001000000047
1777988650.450278,2918,0.001000000047
1777988650.934629,2919,0.001000000047
1777988651.391334,2920,0.001000000047
1777988651.750482,2921,0.001000000047
1777988652.150362,2922,0.001000000047
1777988652.538127,2923,0.001000000047
1777988652.910619,2924,0.001000000047
1777988653.300080,2925,0.001000000047
1777988653.705686,2926,0.001000000047
1777988654.061724,2927,0.001000000047
1777988654.434764,2928,0.001000000047
1777988654.794367,2929,0.001000000047
1777988655.175955,2930,0.001000000047
1777988655.575746,2931,0.001000000047
1777988655.956674,2932,0.001000000047
1777988656.368704,2933,0.001000000047
1777988656.773220,2934,0.001000000047
1777988657.160179,2935,0.001000000047
1777988657.589494,2936,0.001000000047
1777988657.976248,2937,0.001000000047
1777988658.374513,2938,0.001000000047
1777988658.787305,2939,0.001000000047
1777988659.180613,2940,0.001000000047
1777988659.575612,2941,0.001000000047
1777988659.974733,2942,0.001000000047
1777988660.358442,2943,0.001000000047
1777988660.734245,2944,0.001000000047
1777988661.121059,2945,0.001000000047
1777988661.490502,2946,0.001000000047
1777988661.845761,2947,0.001000000047
1777988662.239471,2948,0.001000000047
1777988662.638552,2949,0.001000000047
1777988663.014286,2950,0.001000000047
1777988663.416089,2951,0.001000000047
1777988663.827155,2952,0.001000000047
1777988664.211350,2953,0.001000000047
1777988664.617043,2954,0.001000000047
1777988665.056284,2955,0.001000000047
1777988665.526482,2956,0.001000000047
1777988665.865216,2957,0.001000000047
1777988666.264394,2958,0.001000000047
1777988666.654896,2959,0.001000000047
1777988667.044439,2960,0.001000000047
1777988667.439097,2961,0.001000000047
1777988667.798058,2962,0.001000000047
1777988668.284639,2963,0.001000000047
1777988668.641980,2964,0.001000000047
1777988669.071134,2965,0.001000000047
1777988669.479778,2966,0.001000000047
1777988669.824054,2967,0.001000000047
1777988670.195989,2968,0.001000000047
1777988670.546125,2969,0.001000000047
1777988670.896310,2970,0.001000000047
1777988671.286508,2971,0.001000000047
1777988671.646196,2972,0.001000000047
1777988671.990423,2973,0.001000000047
1777988672.330999,2974,0.001000000047
