wall_time,step,value
1777979710.291061,0,2.246275902
1777979711.728048,1,2.101498127
1777979712.998369,2,2.119715214
1777979714.120324,3,2.189045429
1777979715.389576,4,2.268927574
1777979716.356505,5,2.135403633
1777979717.415116,6,2.152717113
1777979718.635277,7,2.105995178
1777979720.159492,8,2.198009968
1777979721.792485,9,2.078367949
1777979723.282282,10,2.151452541
1777979724.672667,11,2.100723743
1777979725.787741,12,2.209850311
1777979726.867604,13,2.144005537
1777979728.290451,14,2.120812893
1777979729.391919,15,2.173946142
1777979730.593740,16,2.152448654
1777979732.289971,17,2.24327755
1777979733.407569,18,2.128112793
1777979734.731401,19,2.087470293
1777979736.094058,20,2.176811934
1777979737.287961,21,2.179039001
1777979738.457696,22,2.175276041
1777979739.759566,23,2.07821703
1777979741.230982,24,2.104075909
1777979742.544411,25,2.14127779
1777979743.807774,26,2.075159073
1777979745.076160,27,2.171675205
1777979746.382713,28,2.136493921
1777979747.523861,29,2.166628122
1777979748.857285,30,2.121253967
1777979750.072390,31,2.151329994
1777979751.275308,32,2.053368807
1777979752.619272,33,2.046638966
1777979753.953402,34,2.097425461
1777979755.213613,35,2.091522455
1777979756.435153,36,2.1100564
1777979757.673916,37,2.161488533
1777979758.948074,38,2.200344563
1777979760.176692,39,2.100836277
1777979761.522575,40,2.181388378
1777979762.838533,41,2.10889101
1777979764.092492,42,2.075895309
1777979765.357696,43,2.172384262
1777979766.753127,44,2.100517273
1777979768.042918,45,2.064806461
1777979769.413801,46,2.107951641
1777979770.651324,47,2.057012796
1777979775.407996,48,2.116627216
1777979795.333913,49,2.110064745
1777979796.073632,50,2.069634438
1777979797.011117,51,2.035562038
1777979797.816600,52,2.11980772
1777979798.656935,53,2.12063694
1777979799.545614,54,2.081077099
1777979800.414367,55,2.076798916
1777979801.220923,56,2.050151348
1777979802.131996,57,2.013632298
1777979802.954362,58,1.997811317
1777979803.820135,59,2.045715809
1777979804.613113,60,2.048054695
1777979805.478445,61,2.025430202
1777979806.275809,62,1.996088266
1777979807.131672,63,2.04962492
1777979807.894610,64,2.087420225
1777979808.777208,65,2.036606312
1777979809.634137,66,2.055109978
1777979810.420775,67,2.048954964
1777979811.278981,68,2.04383707
1777979812.072010,69,2.035891056
1777979812.946626,70,2.032119274
1777979813.874764,71,2.017627716
1777979814.696936,72,1.99143374
1777979815.476392,73,1.985307455
1777979816.269067,74,2.028302908
1777979817.111953,75,2.052882433
1777979817.955189,76,2.060626507
1777979818.792593,77,2.004197121
1777979819.644530,78,2.025933504
1777979820.480979,79,2.047635078
1777979821.269975,80,2.001912832
1777979822.171802,81,2.027643204
1777979822.988444,82,2.004637718
1777979823.783909,83,1.992489338
1777979824.594287,84,1.965880156
1777979825.380469,85,2.03767395
1777979826.187644,86,1.980319023
1777979826.990110,87,2.007471085
1777979827.773278,88,1.972675085
1777979828.534787,89,1.900607705
1777979829.337310,90,2.017315388
1777979830.120909,91,1.951674819
1777979830.987124,92,1.941937089
1777979831.771275,93,1.990179777
1777979832.528565,94,2.002895117
1777979833.295596,95,1.968043923
1777979834.088501,96,1.976296306
1777979834.915417,97,1.936299205
1777979835.807090,98,1.928955197
1777979836.649700,99,1.977157831
1777979837.497493,100,1.903213024
1777979838.365648,101,1.977007151
1777979839.242531,102,1.911263227
1777979840.088573,103,1.964008093
1777979840.840382,104,1.964796901
1777979841.627096,105,2.009902
1777979842.373878,106,1.988981366
1777979843.255892,107,1.950958729
1777979844.128205,108,1.992163062
1777979844.966329,109,1.992075682
1777979845.804330,110,1.964871764
1777979846.714860,111,1.940769076
1777979847.559389,112,1.988647699
1777979848.523152,113,1.890209913
1777979849.353687,114,1.963695526
1777979850.172177,115,1.910229206
1777979850.919922,116,1.92539525
1777979851.753839,117,1.924073458
1777979852.545026,118,1.961200476
1777979853.409316,119,1.906495333
1777979854.300167,120,1.899846315
1777979855.129799,121,1.942089915
1777979856.005584,122,1.905421615
1777979856.920703,123,1.92493546
1777979857.810932,124,1.966010809
1777979858.655432,125,1.842317104
1777979859.562913,126,1.873946786
1777979860.434020,127,1.873031616
1777979861.309275,128,1.920097947
1777979862.130452,129,1.874267697
1777979862.918082,130,1.951876283
1777979863.633732,131,1.805672884
1777979864.504149,132,1.943759084
1777979865.289515,133,1.86982131
1777979866.081287,134,1.949132204
1777979866.933970,135,1.841852903
1777979867.803446,136,1.879323006
1777979868.608488,137,1.889736295
1777979869.472463,138,1.856466532
1777979870.312481,139,1.916438103
1777979871.207306,140,1.884477258
1777979872.007469,141,1.852653623
1777979872.836480,142,1.887318373
1777979873.698722,143,1.770623684
1777979874.436119,144,1.873425245
1777979875.237451,145,1.858599305
1777979876.025066,146,1.855489016
1777979876.706201,147,1.78737092
1777979877.615266,148,1.850182176
1777979878.486005,149,1.821898222
1777979879.453403,150,1.82261169
1777979880.243448,151,1.959053159
1777979881.076585,152,1.855223536
1777979881.930130,153,1.918917894
1777979882.827310,154,1.842668533
1777979883.620788,155,1.861665249
1777979884.536110,156,1.840654492
1777979885.401504,157,1.803148866
1777979886.263935,158,1.852835536
1777979887.110114,159,1.839425564
1777979887.911101,160,1.79991293
1777979888.778474,161,1.798666954
1777979889.676319,162,1.900074482
1777979890.534150,163,1.869052768
1777979891.323593,164,1.817901373
1777979892.164495,165,1.81614697
1777979893.099969,166,1.804095984
1777979893.937651,167,1.809381485
1777979894.876109,168,1.808223009
1777979895.733978,169,1.770521402
1777979896.556936,170,1.828481197
1777979897.368853,171,1.778973341
1777979898.191321,172,1.815208435
1777979899.064430,173,1.816513896
1777979900.032959,174,1.790935397
1777979900.957658,175,1.814038038
1777979901.746037,176,1.816555977
1777979902.552171,177,1.808614492
1777979903.539843,178,1.833985567
1777979904.379978,179,1.811101079
1777979905.224191,180,1.804672241
1777979906.138910,181,1.806883574
1777979907.014805,182,1.79547441
1777979907.816037,183,1.784244299
1777979908.677598,184,1.751001835
1777979909.429339,185,1.807604313
1777979919.778431,186,1.799370408
1777979923.277890,187,1.851224899
1777979924.125946,188,1.825609922
1777979924.921396,189,1.789889097
1777979925.769826,190,1.83920145
1777979926.765437,191,1.820809007
1777979927.574678,192,1.743590593
1777979928.404137,193,1.798467994
1777979929.204916,194,1.77608037
1777979929.997925,195,1.790550232
1777979930.901091,196,1.772764564
1777979931.808542,197,1.800756574
1777979932.848406,198,1.785211563
1777979933.682237,199,1.821403623
1777979934.727632,200,1.818203449
1777979936.175074,201,1.743609667
1777979937.485228,202,1.75741148
1777979938.739986,203,1.784258723
1777979939.908805,204,1.785382628
1777979941.279515,205,1.748004556
1777979942.527370,206,1.767180681
1777979943.785639,207,1.741746187
1777979945.086071,208,1.825104833
1777979946.313551,209,1.739953399
1777979947.557347,210,1.742257357
1777979948.686461,211,1.688103676
1777979949.880634,212,1.789442539
1777979951.070293,213,1.710023165
1777979963.635553,214,1.73532486
1777979964.386389,215,1.75971818
1777979965.236920,216,1.750328302
1777979966.104090,217,1.805819154
1777979966.934111,218,1.787354589
1777979967.824647,219,1.764813781
1777979968.673179,220,1.743584156
1777979969.497906,221,1.764845371
1777979970.444050,222,1.745257378
1777979971.212439,223,1.771911383
1777979972.064167,224,1.702503443
1777979972.957237,225,1.742435694
1777979973.781992,226,1.788731337
1777979974.608750,227,1.725005269
1777979975.499583,228,1.750585675
1777979976.350129,229,1.657864332
1777979977.181567,230,1.752984881
1777979978.031483,231,1.696208
1777979978.879430,232,1.741750479
1777979979.752706,233,1.741237879
1777979980.613114,234,1.727556467
1777979981.429374,235,1.813012362
1777979982.224472,236,1.737179875
1777979983.073354,237,1.760563135
1777979983.990277,238,1.733030438
1777979984.888113,239,1.708632588
1777979985.802962,240,1.751155853
1777979986.669736,241,1.729895592
1777979987.523352,242,1.697964907
1777979988.454143,243,1.762467861
1777979989.354363,244,1.756719828
1777979990.291088,245,1.733360171
1777979991.075509,246,1.665264964
1777979992.008692,247,1.728327394
1777979992.851755,248,1.682652712
1777979993.784061,249,1.658120394
1777979994.719504,250,1.718836904
1777979995.524321,251,1.706116915
1777979996.379558,252,1.78168118
1777979997.256478,253,1.770268202
1777979998.045203,254,1.715750098
1777979998.847711,255,1.682999849
1777979999.637173,256,1.736168742
1777980000.500190,257,1.687087893
1777980001.312656,258,1.633378386
1777980002.164025,259,1.722877145
1777980002.985361,260,1.675941706
1777980003.761191,261,1.71147871
1777980004.721596,262,1.729431748
1777980005.512271,263,1.651980877
1777980006.366547,264,1.679647446
1777980007.174187,265,1.694869518
1777980007.991902,266,1.674710035
1777980008.775749,267,1.716975331
1777980009.629597,268,1.661798477
1777980010.445835,269,1.748404264
1777980011.282710,270,1.675078988
1777980012.127550,271,1.731167316
1777980012.980086,272,1.671159983
1777980013.871475,273,1.682632923
1777980014.654674,274,1.707831979
1777980015.519124,275,1.619829774
1777980016.324494,276,1.741528749
1777980017.149091,277,1.716890693
1777980018.048740,278,1.730013847
1777980018.906077,279,1.735329151
1777980019.735215,280,1.659962058
1777980020.575875,281,1.610378981
1777980021.410279,282,1.656629562
1777980022.211423,283,1.638842702
1777980023.128414,284,1.692263126
1777980023.966410,285,1.601801753
1777980024.856824,286,1.615274191
1777980025.739808,287,1.670472145
1777980026.579759,288,1.670005798
1777980027.432231,289,1.689663768
1777980028.355072,290,1.747237921
1777980029.190807,291,1.569571495
1777980030.008897,292,1.76809299
1777980030.821367,293,1.74628973
1777980031.667910,294,1.648717046
1777980032.507094,295,1.69583118
1777980033.392772,296,1.62247467
1777980034.166059,297,1.580682755
1777980036.470531,298,1.705839634
1777980049.161573,299,1.764375687
1777980049.975328,300,1.717348337
1777980050.830218,301,1.788591504
1777980051.720243,302,1.648224831
1777980052.588883,303,1.600071311
1777980053.515834,304,1.635106564
1777980054.335969,305,1.634803057
1777980055.192496,306,1.663875937
1777980056.063604,307,1.69561708
1777980056.930732,308,1.72729969
1777980057.737796,309,1.693590879
1777980058.674550,310,1.673999667
1777980059.501670,311,1.697827101
1777980060.442797,312,1.694466352
1777980061.269085,313,1.66521728
1777980062.125421,314,1.718231678
1777980062.987932,315,1.689583898
1777980063.880559,316,1.626413107
1777980064.688221,317,1.630274653
1777980065.616348,318,1.703346252
1777980066.477259,319,1.637040854
1777980067.303283,320,1.671527386
1777980068.238933,321,1.676617742
1777980069.112429,322,1.673565149
1777980069.890136,323,1.67635417
1777980070.630550,324,1.659921169
1777980071.527503,325,1.690956712
1777980072.391638,326,1.679524899
1777980073.201880,327,1.65400219
1777980074.023960,328,1.674594641
1777980081.399892,329,1.707691193
1777980088.687300,330,1.642624736
1777980089.583884,331,1.679091454
1777980090.414017,332,1.585929632
1777980091.231452,333,1.708642244
1777980092.079855,334,1.6602
1777980092.917994,335,1.593992352
1777980093.709061,336,1.618067026
1777980094.550355,337,1.676245928
1777980095.395732,338,1.715133905
1777980096.260399,339,1.569062948
1777980097.129186,340,1.682139635
1777980098.136379,341,1.647346735
1777980098.975602,342,1.686138034
1777980099.893214,343,1.611813068
1777980100.741377,344,1.686655998
1777980101.586882,345,1.643858314
1777980102.479194,346,1.662349224
1777980103.356657,347,1.644001722
1777980104.204357,348,1.613822699
1777980104.952730,349,1.590690136
1777980105.753540,350,1.625582218
1777980106.688646,351,1.714447975
1777980107.547967,352,1.692940593
1777980108.473972,353,1.619237661
1777980109.330282,354,1.688511252
1777980110.226841,355,1.693205833
1777980111.096842,356,1.715070486
1777980111.995770,357,1.658200741
1777980112.867246,358,1.681822896
1777980113.806409,359,1.659774303
1777980114.657821,360,1.634768009
1777980115.568299,361,1.585607529
1777980116.472897,362,1.618335605
1777980117.207706,363,1.599372387
1777980118.030879,364,1.590204
1777980118.912014,365,1.723058581
1777980119.694750,366,1.636190414
1777980120.522213,367,1.652847767
1777980121.303964,368,1.646621943
1777980122.158034,369,1.648724794
1777980123.058816,370,1.632204175
1777980123.932461,371,1.597374439
1777980124.783117,372,1.627338409
1777980125.675366,373,1.658946872
1777980126.533185,374,1.642147541
1777980127.403861,375,1.567695856
1777980128.243037,376,1.636635303
1777980129.110914,377,1.600919604
1777980129.985001,378,1.611017466
1777980130.760281,379,1.630203485
1777980131.653586,380,1.708021402
1777980132.411377,381,1.648458481
1777980133.255321,382,1.673292279
1777980134.039379,383,1.675606728
1777980134.899309,384,1.621955395
1777980135.839517,385,1.599149346
1777980136.733355,386,1.639484763
1777980137.625690,387,1.695508361
1777980138.472203,388,1.677989364
1777980139.304827,389,1.597723961
1777980140.112912,390,1.554036617
1777980140.908871,391,1.666818738
1777980141.810685,392,1.61600399
1777980142.685119,393,1.634220123
1777980143.518820,394,1.661763906
1777980144.330756,395,1.637984037
1777980145.148705,396,1.627378225
1777980145.939999,397,1.614844322
1777980146.742709,398,1.609233022
1777980147.617621,399,1.596751809
1777980148.454041,400,1.635817289
1777980149.328986,401,1.656574965
1777980150.187616,402,1.6810112
1777980151.115312,403,1.522204161
1777980151.920248,404,1.633212566
1777980152.806870,405,1.574051261
1777980153.675032,406,1.615387201
1777980154.501037,407,1.632847667
1777980155.280912,408,1.707237363
1777980156.150265,409,1.660276413
1777980156.988197,410,1.600372314
1777980157.809377,411,1.604712486
1777980158.737922,412,1.567678809
1777980159.532938,413,1.63524282
1777980160.417776,414,1.723895192
1777980161.241051,415,1.562835693
1777980162.007914,416,1.606116533
1777980162.839482,417,1.662704706
1777980163.698027,418,1.665827513
1777980164.576650,419,1.615136147
1777980165.495256,420,1.601168156
1777980166.303583,421,1.574786305
1777980167.149882,422,1.623605251
1777980168.071125,423,1.629786849
1777980168.836864,424,1.611284375
1777980169.733256,425,1.655431509
1777980170.626759,426,1.668492556
1777980171.492786,427,1.630747795
1777980172.301068,428,1.595536232
1777980173.169938,429,1.577739477
1777980173.934978,430,1.579166532
1777980174.771908,431,1.592334032
1777980175.589061,432,1.595164061
1777980176.384805,433,1.613655686
1777980177.310378,434,1.641261935
1777980178.033029,435,1.640600801
1777980178.812402,436,1.598963976
1777980179.624972,437,1.585867405
1777980180.413449,438,1.639278531
1777980181.293735,439,1.554863811
1777980182.217173,440,1.586079597
1777980183.043248,441,1.587069631
1777980183.819274,442,1.644587517
1777980184.642722,443,1.639928579
1777980185.567122,444,1.586981416
1777980186.339834,445,1.591595769
1777980187.199075,446,1.522760272
1777980188.103475,447,1.652924657
1777980188.906914,448,1.571072817
1777980189.735256,449,1.584080696
1777980190.620541,450,1.657107472
1777980191.498442,451,1.607602596
1777980192.387021,452,1.580524325
1777980193.243772,453,1.608860373
1777980194.150690,454,1.536899567
1777980195.001698,455,1.563683391
1777980195.886436,456,1.579816341
1777980196.729537,457,1.544626594
1777980197.579747,458,1.598691463
1777980198.374474,459,1.572436571
1777980199.202249,460,1.554928422
1777980200.058370,461,1.604069948
1777980200.885341,462,1.663295507
1777980201.746169,463,1.52566278
1777980202.572876,464,1.608244419
1777980203.406056,465,1.600131035
1777980204.172648,466,1.688241243
1777980205.047425,467,1.501655221
1777980205.817547,468,1.595591307
1777980206.609661,469,1.620470762
1777980207.451296,470,1.591990948
1777980208.289044,471,1.537265301
1777980209.189533,472,1.574974775
1777980210.085200,473,1.641058445
1777980210.877690,474,1.640485525
1777980211.717210,475,1.560555696
1777980212.500552,476,1.546613216
1777980213.326983,477,1.570254326
1777980214.249525,478,1.580265045
1777980215.070178,479,1.6170187
1777980215.896629,480,1.592229128
1777980216.765537,481,1.639308691
1777980217.737779,482,1.598663092
1777980218.557438,483,1.530005217
1777980219.356739,484,1.551216841
1777980220.185748,485,1.542868257
1777980221.048418,486,1.493263602
1777980221.933421,487,1.52142024
1777980222.856533,488,1.600405574
1777980223.725084,489,1.658071876
1777980224.613234,490,1.609063268
1777980225.535956,491,1.59264648
1777980226.379911,492,1.561701536
1777980227.204233,493,1.59294939
1777980228.031595,494,1.582877398
1777980228.850411,495,1.500329971
1777980229.708743,496,1.581265688
1777980230.568028,497,1.593702912
1777980231.418360,498,1.599528313
1777980232.291450,499,1.571965575
1777980233.111283,500,1.602316976
1777980233.982893,501,1.543120861
1777980234.808935,502,1.608444691
1777980235.641621,503,1.585552931
1777980236.532718,504,1.550988436
1777980237.339764,505,1.604638338
1777980238.159068,506,1.538738966
1777980238.993369,507,1.641664028
1777980239.902066,508,1.496613741
1777980240.767155,509,1.623298883
1777980241.736974,510,1.499517679
1777980242.501555,511,1.635753632
1777980243.364782,512,1.542753696
1777980244.190716,513,1.544381499
1777980245.003038,514,1.545163631
1777980245.886460,515,1.517690182
1777980246.746336,516,1.572641611
1777980247.655877,517,1.597071886
1777980248.519100,518,1.552942872
1777980249.317689,519,1.524341822
1777980250.150378,520,1.572416306
1777980251.046968,521,1.565801859
1777980251.895807,522,1.60087359
1777980252.798108,523,1.608254075
1777980253.620524,524,1.561132431
1777980254.456525,525,1.539737701
1777980255.294115,526,1.543115973
1777980256.132904,527,1.500767231
1777980256.982390,528,1.605229378
1777980257.870199,529,1.54549408
1777980258.735934,530,1.567729712
1777980259.925606,531,1.555840969
1777980260.765487,532,1.554013491
1777980261.593817,533,1.606043577
1777980262.430992,534,1.513381481
1777980263.267337,535,1.58844614
1777980264.133630,536,1.634261131
1777980264.944155,537,1.489875078
1777980265.846729,538,1.39681077
1777980266.607833,539,1.566213369
1777980267.538633,540,1.602987289
1777980268.313967,541,1.456612587
1777980269.199858,542,1.539753079
1777980270.066242,543,1.608019352
1777980270.901972,544,1.596963167
1777980271.780518,545,1.517300844
1777980272.636373,546,1.547843575
1777980273.483919,547,1.560869694
1777980274.404414,548,1.537718773
1777980275.323901,549,1.518244028
1777980276.205392,550,1.48438096
1777980277.101356,551,1.516423225
1777980277.931368,552,1.457301021
1777980278.765030,553,1.525243044
1777980279.654176,554,1.511175394
1777980280.565860,555,1.579875231
1777980281.437022,556,1.516157866
1777980282.289409,557,1.566164851
1777980283.156757,558,1.531934381
1777980284.084119,559,1.658208251
1777980285.025573,560,1.447053909
1777980285.961175,561,1.621090651
1777980286.783810,562,1.508222103
1777980287.786050,563,1.562978983
1777980288.666203,564,1.515797496
1777980289.595097,565,1.581705213
1777980290.429491,566,1.585932374
1777980291.262095,567,1.471703172
1777980292.164667,568,1.565110207
1777980292.951924,569,1.518544197
1777980293.873049,570,1.506726742
1777980294.757264,571,1.540421247
1777980295.641865,572,1.537888288
1777980296.531862,573,1.480580807
1777980297.354356,574,1.528006911
1777980298.131299,575,1.536579728
1777980298.955418,576,1.618302941
1777980299.877612,577,1.557075739
1777980300.660919,578,1.41758585
1777980301.503530,579,1.516633511
1777980302.381757,580,1.588203311
1777980303.226030,581,1.596474171
1777980303.977289,582,1.441347599
1777980304.811101,583,1.466055155
1777980305.667936,584,1.603981853
1777980306.469662,585,1.480610013
1777980307.299913,586,1.522753716
1777980308.095970,587,1.481094837
1777980308.921414,588,1.557032347
1777980309.754803,589,1.574636102
1777980310.622949,590,1.47586
1777980311.507418,591,1.487008333
1777980312.333233,592,1.507619143
1777980313.207182,593,1.473588943
1777980314.013265,594,1.445312381
1777980314.803117,595,1.530357361
1777980315.683911,596,1.491330981
1777980316.491934,597,1.507541418
1777980317.453986,598,1.476302266
1777980318.292802,599,1.507428885
1777980319.159932,600,1.515245676
1777980319.973462,601,1.542853594
1777980320.891376,602,1.456187487
1777980321.743763,603,1.593625546
1777980322.575446,604,1.508478403
1777980323.346519,605,1.580368757
1777980324.157177,606,1.527858973
1777980325.011496,607,1.51434195
1777980325.855174,608,1.568801999
1777980326.641710,609,1.436142921
1777980327.443852,610,1.47619915
1777980328.255430,611,1.486537933
1777980329.109157,612,1.538364768
1777980330.034516,613,1.521888971
1777980330.904153,614,1.551228285
1777980331.689316,615,1.562885404
1777980332.585633,616,1.49025631
1777980333.424412,617,1.530012131
1777980334.298189,618,1.578025579
1777980335.071046,619,1.461029887
1777980335.914720,620,1.398043156
1777980336.794290,621,1.545195818
1777980337.683761,622,1.489533305
1777980338.574831,623,1.534521818
1777980339.430770,624,1.501168847
1777980340.306566,625,1.470361948
1777980341.234597,626,1.3961761
1777980342.083246,627,1.554244518
1777980342.969998,628,1.420128584
1777980343.751030,629,1.55318737
1777980344.571947,630,1.457350135
1777980345.415031,631,1.443267345
1777980346.209332,632,1.504164577
1777980347.056429,633,1.514867544
1777980347.864218,634,1.512026429
1777980348.741271,635,1.375382304
1777980349.717443,636,1.430348158
1777980350.553982,637,1.551268578
1777980351.480619,638,1.532573462
1777980352.349180,639,1.506823778
1777980353.181800,640,1.437645912
1777980354.062360,641,1.517333984
1777980354.954942,642,1.434000731
1777980355.834680,643,1.500901222
1777980356.774315,644,1.561755657
1777980357.685349,645,1.576857924
1777980358.469868,646,1.488077402
1777980359.305064,647,1.504646301
1777980360.059488,648,1.442093611
1777980360.862016,649,1.446372151
1777980361.713349,650,1.463080883
1777980362.608103,651,1.453517318
1777980363.421187,652,1.508694887
1777980364.349448,653,1.37101388
1777980365.239913,654,1.468976021
1777980366.089254,655,1.506266594
1777980366.983132,656,1.513990641
1777980367.795741,657,1.592983365
1777980368.651490,658,1.516218901
1777980369.587515,659,1.514092684
1777980370.416442,660,1.473647118
1777980371.231891,661,1.485844016
1777980372.079746,662,1.547472477
1777980372.920820,663,1.577884078
1777980373.751879,664,1.476016045
1777980374.665677,665,1.395924211
1777980375.457597,666,1.418182135
1777980376.317823,667,1.540225029
1777980377.178521,668,1.518213749
1777980378.055402,669,1.473449111
1777980378.849430,670,1.553186417
1777980379.647605,671,1.506728649
1777980380.621868,672,1.526531577
1777980381.493465,673,1.478720546
1777980382.304077,674,1.475234985
1777980383.122897,675,1.474920988
1777980384.046451,676,1.431823492
1777980384.972195,677,1.563776016
1777980385.812598,678,1.446737766
1777980386.712149,679,1.511806488
1777980387.552032,680,1.402305961
1777980402.275328,681,1.362065673
1777980403.165708,682,1.443246841
1777980404.058965,683,1.56024909
1777980405.021994,684,1.566945076
1777980405.836281,685,1.402589798
1777980406.699380,686,1.520704746
1777980407.589273,687,1.522472858
1777980408.488862,688,1.468861938
1777980409.384173,689,1.537863493
1777980410.330064,690,1.483223915
1777980411.271626,691,1.527606487
1777980412.042397,692,1.405528665
1777980412.943110,693,1.484689713
1777980413.879125,694,1.514242291
1777980414.739048,695,1.540886045
1777980415.616343,696,1.499317408
1777980416.432801,697,1.522953391
1777980417.316129,698,1.44301796
1777980418.168200,699,1.531297445
1777980419.066512,700,1.460719705
1777980419.877068,701,1.395187497
1777980420.782474,702,1.579066038
1777980421.605098,703,1.475181103
1777980422.457318,704,1.50251627
1777980423.343586,705,1.456921816
1777980424.211702,706,1.433408141
1777980425.074642,707,1.505042076
1777980425.935901,708,1.43931675
1777980426.818879,709,1.406974435
1777980427.739595,710,1.403211355
1777980428.610987,711,1.478815794
1777980429.494051,712,1.425138474
1777980430.344315,713,1.351902008
1777980431.214433,714,1.457250118
1777980432.189916,715,1.445808172
1777980433.019507,716,1.449888706
1777980433.819624,717,1.468056917
1777980434.710791,718,1.490138531
1777980435.632535,719,1.563884497
1777980436.553836,720,1.503169775
1777980437.393995,721,1.464714289
1777980438.317066,722,1.372717023
1777980439.144914,723,1.514909267
1777980440.005187,724,1.342132449
1777980440.801105,725,1.419185162
1777980441.714313,726,1.47140646
1777980442.627195,727,1.435587883
1777980443.529741,728,1.48148334
1777980444.423518,729,1.442841053
1777980445.236629,730,1.446667552
1777980446.067415,731,1.385278225
1777980446.973351,732,1.472615242
1777980447.714430,733,1.451670885
1777980448.492711,734,1.447034597
1777980449.426365,735,1.460634112
1777980450.213078,736,1.460927367
1777980451.031647,737,1.390626669
1777980451.903214,738,1.42598772
1777980452.838352,739,1.511452675
1777980453.703486,740,1.389354944
1777980454.528214,741,1.343389988
1777980455.334786,742,1.464364529
1777983226.065431,0,2.249642611
1777983227.004952,1,2.097943783
1777983227.879545,2,2.116569757
1777983228.744155,3,2.18805933
1777983229.547413,4,2.264460087
1777983230.440452,5,2.139206409
1777983231.214068,6,2.149759054
1777983232.112663,7,2.104251862
1777983233.206888,8,2.197817087
1777983234.283059,9,2.078303099
1777983235.308380,10,2.150539875
1777983236.246635,11,2.106759071
1777983237.105838,12,2.21134901
1777983238.135760,13,2.145960808
1777983238.995880,14,2.1210742
1777983240.023288,15,2.175997257
1777983241.091620,16,2.150009632
1777983241.954536,17,2.241319656
1777983242.874921,18,2.126649857
1777983243.868992,19,2.088400364
1777983244.776760,20,2.175723076
1777983245.644105,21,2.176782608
1777983246.434072,22,2.174285889
1777983247.280920,23,2.079732895
1777983248.424307,24,2.101819515
1777983249.333952,25,2.136290312
1777983250.183870,26,2.074017048
1777983251.020705,27,2.174212933
1777983251.921306,28,2.137710571
1777983252.771146,29,2.169035673
1777983253.720428,30,2.118416309
1777983254.548462,31,2.144139767
1777983255.413808,32,2.056049109
1777983256.291853,33,2.045647144
1777983257.198700,34,2.095163345
1777983258.040954,35,2.092014313
1777983258.936977,36,2.106677532
1777983259.823579,37,2.168847561
1777983260.668893,38,2.204754353
1777983261.566306,39,2.103732109
1777983262.712525,40,2.182878971
1777983263.769005,41,2.108941555
1777983264.633738,42,2.073044777
1777983275.186546,43,2.17154789
1777983279.593776,44,2.103731632
1777983280.427804,45,2.061578274
1777983281.332433,46,2.105419397
1777983282.151098,47,2.054496288
1777983283.029605,48,2.118465185
1777983283.887556,49,2.111752272
1777983284.662595,50,2.071533203
1777983285.604146,51,2.035844326
1777983286.432936,52,2.116590977
1777983287.291091,53,2.118374109
1777983288.179580,54,2.0819664
1777983289.066525,55,2.078287363
1777983289.906163,56,2.050623417
1777983290.832517,57,2.009646177
1777983291.678425,58,1.99601233
1777983292.554855,59,2.050177097
1777983293.414130,60,2.050868988
1777983294.353965,61,2.02341795
1777983295.210522,62,1.998189211
1777983304.219251,63,2.053266048
1777983310.161304,64,2.089902878
1777983311.051110,65,2.035819769
1777983311.981566,66,2.054060221
1777983312.838469,67,2.04999733
1777983313.753553,68,2.044367313
1777983314.584786,69,2.037458897
1777983315.496927,70,2.033448696
1777983316.450760,71,2.015393257
1777983317.290413,72,1.993341565
1777983318.082484,73,1.984163284
1777983318.869626,74,2.028418064
1777983319.758577,75,2.05560112
1777983320.629250,76,2.062550545
1777983321.497027,77,2.005032539
1777983322.391498,78,2.024857044
1777983323.291528,79,2.047042847
1777983324.136419,80,2.002248049
1777983325.098647,81,2.027827263
1777983325.978865,82,2.007780075
1777983326.815553,83,1.994515538
1777983327.715646,84,1.964723587
1777983328.586783,85,2.037192822
1777983329.461213,86,1.981909633
1777983330.320891,87,2.009254932
1777983331.200754,88,1.973429561
1777983332.054148,89,1.900494933
1777983332.940766,90,2.021573544
1777983333.803689,91,1.951879501
1777983334.749400,92,1.939764977
1777983335.587880,93,1.99276185
1777983336.423311,94,2.003886938
1777983337.267693,95,1.967934608
1777983338.092122,96,1.978504181
1777983338.935395,97,1.938820601
1777983339.849320,98,1.927122474
1777983340.748593,99,1.976203203
1777983341.623682,100,1.902317405
1777983342.519692,101,1.978522301
1777983343.426148,102,1.91287148
1777983344.327947,103,1.962152243
1777983345.169776,104,1.964153886
1777983346.042998,105,2.011095762
1777983346.849973,106,1.990893602
1777983347.782042,107,1.948322415
1777983348.708331,108,1.993282437
1777983349.587248,109,1.993150473
1777983350.473509,110,1.965496659
1777983351.413884,111,1.939705253
1777983352.312375,112,1.988708138
1777983353.307015,113,1.889249563
1777983354.178696,114,1.963982224
1777983355.032378,115,1.910309196
1777983355.817459,116,1.92478168
1777983356.708039,117,1.924556494
1777983357.557755,118,1.963461399
1777983358.458158,119,1.908112049
1777983359.392068,120,1.899819374
1777983360.281277,121,1.943282247
1777983361.183386,122,1.905605793
1777983362.115719,123,1.925374746
1777983363.045933,124,1.967223644
1777983363.920454,125,1.842893124
1777983364.847229,126,1.87415576
1777983365.737560,127,1.871855736
1777983366.680224,128,1.920264363
1777983367.571463,129,1.874985695
1777983368.431073,130,1.952399254
1777983369.201176,131,1.806331158
1777983370.122020,132,1.945246458
1777983370.964946,133,1.870887041
1777983371.824395,134,1.949447632
1777983372.735587,135,1.841456532
1777983373.668724,136,1.879645467
1777983374.543244,137,1.889596581
1777983375.451436,138,1.855662346
1777983376.368017,139,1.916195512
1777983377.315609,140,1.886143565
1777983378.195143,141,1.853713751
1777983379.120445,142,1.888743162
1777983380.065959,143,1.771175742
1777983380.853743,144,1.870620131
1777983381.698481,145,1.858475685
1777983382.503631,146,1.856296539
1777983383.214738,147,1.788440704
1777983384.149460,148,1.84970355
1777983385.028481,149,1.82117939
1777983385.988388,150,1.821782827
1777983386.812727,151,1.960199237
1777983387.651283,152,1.85583353
1777983388.499708,153,1.917804956
1777983389.378305,154,1.841702223
1777983390.202566,155,1.86214447
1777983391.140164,156,1.841317177
1777983392.051047,157,1.803459525
1777983392.951762,158,1.851586223
1777983393.842000,159,1.839715123
1777983394.647379,160,1.801132917
1777983395.523133,161,1.798403621
1777983396.441872,162,1.901199818
1777983397.334163,163,1.869219422
1777983398.167674,164,1.818179965
1777983399.074774,165,1.81598115
1777983400.060089,166,1.804233074
1777983400.933018,167,1.80949831
1777983401.911862,168,1.808485031
1777983402.747311,169,1.771438003
1777983403.692066,170,1.827948809
1777983404.555894,171,1.779468775
1777983405.434936,172,1.815442562
1777983406.311960,173,1.815530062
1777983407.291139,174,1.791192651
1777983408.256855,175,1.814444065
1777983409.037800,176,1.816206455
1777983409.860343,177,1.809569597
1777983410.872155,178,1.832671523
1777983411.737921,179,1.81137228
1777983412.606663,180,1.80513382
1777983413.553280,181,1.807414412
1777983414.450094,182,1.797938347
1777983415.238392,183,1.784092426
1777983416.099111,184,1.751867056
1777983416.847133,185,1.808697701
1777983417.633674,186,1.799049377
1777983418.493751,187,1.849371076
1777983419.381701,188,1.825138211
1777983420.334027,189,1.790269852
1777983421.366958,190,1.840656281
1777983422.220886,191,1.821113229
1777983423.036583,192,1.743955612
1777983423.872414,193,1.798882604
1777983424.711737,194,1.776883602
1777983425.564565,195,1.788692594
1777983426.504684,196,1.773206592
1777983427.409449,197,1.801475286
1777983428.590323,198,1.785739422
1777983429.460984,199,1.822373629
1777983430.359937,200,1.818034053
1777983431.269608,201,1.744530797
1777983432.159936,202,1.758034468
1777983433.024987,203,1.785569549
1777983433.856231,204,1.784368992
1777983434.766495,205,1.747626066
1777983435.584526,206,1.766085267
1777983436.445248,207,1.741504431
1777983437.387846,208,1.82476902
1777983438.274035,209,1.739359379
1777983439.146910,210,1.743221045
1777983439.972540,211,1.689531803
1777983440.838907,212,1.788956881
1777983441.666948,213,1.71313262
1777983442.499903,214,1.736401558
1777983443.330379,215,1.758903027
1777983444.215617,216,1.751283407
1777983445.132658,217,1.805155516
1777983446.003754,218,1.787449956
1777983446.891101,219,1.763935804
1777983447.753517,220,1.742441177
1777983448.550882,221,1.76477623
1777983449.453491,222,1.744183064
1777983450.237928,223,1.772277117
1777983451.120888,224,1.703830242
1777983452.038782,225,1.743227124
1777983452.867585,226,1.789463282
1777983453.751583,227,1.724446297
1777983454.680547,228,1.750201941
1777983455.574721,229,1.659573078
1777983456.478067,230,1.753192186
1777983457.375054,231,1.698063731
1777983458.258661,232,1.741624594
1777983459.165118,233,1.741963267
1777983460.070167,234,1.729542494
1777983460.948449,235,1.811578274
1777983461.796868,236,1.736816168
1777983462.637897,237,1.759474516
1777983463.555044,238,1.735316157
1777983464.445702,239,1.707482576
1777983465.355026,240,1.754598498
1777983466.221100,241,1.730287671
1777983467.089028,242,1.699200869
1777983468.048857,243,1.762440681
1777983468.911564,244,1.756542444
1777983469.805372,245,1.734129906
1777983470.560358,246,1.666262865
1777983471.480460,247,1.729396105
1777983472.288733,248,1.683386087
1777983473.178787,249,1.66018033
1777983474.083126,250,1.719159603
1777983474.872701,251,1.706941605
1777983475.691397,252,1.781158924
1777983476.539839,253,1.769506931
1777983477.320153,254,1.718127489
1777983478.111164,255,1.682043552
1777983478.905248,256,1.736786127
1777983479.817529,257,1.686280727
1777983480.653939,258,1.633582592
1777983481.494817,259,1.723609686
1777983482.319276,260,1.676062822
1777983483.069020,261,1.712699652
1777983484.007563,262,1.729869723
1777983484.788747,263,1.651805162
1777983485.616904,264,1.680090427
1777983486.404656,265,1.693859339
1777983487.201164,266,1.673582554
1777983487.966929,267,1.717043877
1777983488.792628,268,1.66259408
1777983489.615564,269,1.748338223
1777983490.439005,270,1.6758039
1777983491.267194,271,1.729744434
1777983492.109601,272,1.671051025
1777983493.005943,273,1.682982683
1777983493.767224,274,1.706647992
1777983494.647920,275,1.619537592
1777983495.473208,276,1.742501974
1777983496.334263,277,1.716384411
1777983497.253451,278,1.729728222
1777983498.223094,279,1.734816194
1777983499.076054,280,1.658787489
1777983499.932129,281,1.611067891
1777983500.765984,282,1.657290936
1777983501.629677,283,1.639916539
1777983502.593547,284,1.693025947
1777983503.489557,285,1.602558255
1777983504.439737,286,1.614141583
1777983505.346250,287,1.669436097
1777983506.240913,288,1.672922611
1777983507.109898,289,1.688690186
1777983508.065748,290,1.748771191
1777983508.913350,291,1.568722129
1777983509.777458,292,1.768190384
1777983510.640625,293,1.747399926
1777983511.544293,294,1.64791894
1777983512.421625,295,1.696108818
1777983513.326799,296,1.625005245
1777983514.102499,297,1.582620382
1777983514.976158,298,1.703840256
1777983515.807744,299,1.76397562
1777983516.634676,300,1.719391108
1777983517.526773,301,1.790081263
1777983518.424214,302,1.647688866
1777983519.321456,303,1.60060358
1777983520.272610,304,1.633717895
1777983521.092094,305,1.634025693
1777983521.941703,306,1.663626432
1777983522.811509,307,1.696747899
1777983523.688616,308,1.726859331
1777983524.471495,309,1.694475412
1777983525.424857,310,1.674373627
1777983526.276622,311,1.697454214
1777983527.236352,312,1.692635775
1777983528.077449,313,1.66595602
1777983528.946832,314,1.718707323
1777983529.808804,315,1.691037059
1777983530.750937,316,1.626996517
1777983531.618776,317,1.631193399
1777983532.561372,318,1.704136848
1777983533.442927,319,1.636184216
1777983534.283965,320,1.670372725
1777983535.206400,321,1.676556468
1777983536.104252,322,1.672090769
1777983536.912663,323,1.678162932
1777983537.671925,324,1.661522985
1777983538.576007,325,1.69005096
1777983539.456548,326,1.680595398
1777983540.288475,327,1.652018905
1777983541.149431,328,1.674586058
1777983542.062173,329,1.708957195
1777983542.901408,330,1.64384079
1777983543.782431,331,1.677834988
1777983544.592561,332,1.585403681
1777983545.389372,333,1.708952665
1777983546.266583,334,1.661336064
1777983547.127072,335,1.593124509
1777983547.914496,336,1.61815846
1777983548.721565,337,1.678316355
1777983549.547483,338,1.71476984
1777983550.406539,339,1.568620086
1777983551.260518,340,1.682177305
1777983552.285991,341,1.646800041
1777983553.129121,342,1.68459928
1777983553.997105,343,1.612385273
1777983554.804895,344,1.686096668
1777983555.668482,345,1.645713329
1777983556.563533,346,1.660168409
1777983557.439976,347,1.644868135
1777983558.241757,348,1.613934517
1777983558.929448,349,1.591680646
1777983559.680170,350,1.624777317
1777983560.586558,351,1.713893056
1777983561.397742,352,1.69336307
1777983562.280719,353,1.618302226
1777983563.090587,354,1.689169884
1777983563.968599,355,1.693717718
1777983564.825471,356,1.713964224
1777983565.725123,357,1.658083677
1777983566.584095,358,1.680049658
1777983567.515276,359,1.662469029
1777983568.370772,360,1.633929014
1777983569.277596,361,1.586403131
1777983570.182129,362,1.619528413
1777983570.922879,363,1.600458622
1777983571.737828,364,1.590133667
1777983572.589746,365,1.724352956
1777983573.344517,366,1.636463404
1777983574.140113,367,1.652173162
1777983574.914155,368,1.646100283
1777983575.763994,369,1.651814699
1777983576.642112,370,1.632154346
1777983577.513761,371,1.597413898
1777983578.322009,372,1.627645493
1777983579.186089,373,1.658267379
1777983580.016837,374,1.643854856
1777983580.865647,375,1.567269564
1777983581.696877,376,1.636071205
1777983582.571285,377,1.602295041
1777983583.445245,378,1.610477567
1777983584.204247,379,1.632474184
1777983585.087222,380,1.708022833
1777983585.804084,381,1.648601413
1777983586.618492,382,1.673250079
1777983587.375606,383,1.674024463
1777983588.201963,384,1.622113109
1777983589.104032,385,1.598501682
1777983589.966973,386,1.640037298
1777983590.844724,387,1.694196463
1777983591.669073,388,1.678848743
1777983592.462337,389,1.597546339
1777983593.269253,390,1.552590847
1777983594.037434,391,1.667644024
1777983594.907692,392,1.616287827
1777983595.768122,393,1.634119868
1777983596.565921,394,1.663741708
1777983597.380141,395,1.639286041
1777983598.189084,396,1.627940416
1777983598.974042,397,1.617110133
1777983599.792643,398,1.609923482
1777983600.710475,399,1.596935511
1777983601.572536,400,1.638770938
1777983602.448915,401,1.656662464
1777983603.314245,402,1.680425286
1777983604.253931,403,1.520820737
1777983605.088490,404,1.634705782
1777983605.998124,405,1.572840571
1777983606.882444,406,1.613155127
1777983607.734871,407,1.632365108
1777983608.494430,408,1.70670259
1777983609.377314,409,1.661411762
1777983610.237646,410,1.600750566
1777983611.083548,411,1.605110645
1777983612.015552,412,1.565854073
1777983612.852784,413,1.632939696
1777983613.776948,414,1.724602699
1777983614.619765,415,1.562229872
1777983615.411028,416,1.607878804
1777983616.288297,417,1.661879897
1777983617.142016,418,1.666377783
1777983618.036098,419,1.614580631
1777983618.950088,420,1.600700617
1777983619.778071,421,1.57540226
1777983620.604389,422,1.62293601
1777983621.496710,423,1.631186962
1777983622.281529,424,1.610521317
1777983623.152040,425,1.653327584
1777983624.014897,426,1.66975224
1777983624.882830,427,1.629968047
1777983625.710406,428,1.597568512
1777983626.561977,429,1.576916218
1777983627.312527,430,1.579909563
1777983628.181106,431,1.59335351
1777983628.992215,432,1.593692303
1777983629.781247,433,1.612404585
1777983630.706527,434,1.640537262
1777983631.387286,435,1.643361926
1777983632.170829,436,1.599754095
1777983632.984095,437,1.586100936
1777983633.760141,438,1.638177633
1777983634.624478,439,1.555544615
1777983635.540423,440,1.583734274
1777983636.400349,441,1.587064505
1777983637.218375,442,1.648795128
1777983638.033902,443,1.640718222
1777983638.963244,444,1.586530566
1777983639.744908,445,1.592384338
1777983640.567642,446,1.522327781
1777983641.452471,447,1.654958367
1777983642.282244,448,1.571614027
1777983643.103843,449,1.583401442
1777983643.984600,450,1.656897068
1777983644.830925,451,1.607037425
1777983645.693770,452,1.580718279
1777983646.504784,453,1.611553073
1777983647.370038,454,1.538231373
1777983648.195202,455,1.563038707
1777983649.052374,456,1.580615997
1777983649.875325,457,1.5440135
1777983650.688651,458,1.600206375
1777983651.486765,459,1.574798942
1777983652.257314,460,1.554884434
1777983653.087227,461,1.604815364
1777983653.917667,462,1.662091494
1777983654.802882,463,1.528764129
1777983655.641955,464,1.610063314
1777983656.466700,465,1.598358274
1777983657.251204,466,1.686002374
1777983658.096509,467,1.500387311
1777983658.856263,468,1.59599483
1777983659.602305,469,1.619501948
1777983660.417429,470,1.591540098
1777983661.248066,471,1.536150217
1777983662.118765,472,1.57879734
1777983662.994695,473,1.64133513
1777983663.792732,474,1.639915347
1777983664.594189,475,1.561439395
1777983665.405674,476,1.547537565
1777983666.214871,477,1.568503022
1777983667.093052,478,1.577815771
1777983667.893033,479,1.617533684
1777983668.662151,480,1.592049003
1777983669.501650,481,1.637062073
1777983670.424556,482,1.59834516
1777983671.214768,483,1.528250456
1777983672.009707,484,1.552463531
1777983672.839170,485,1.541303515
1777983686.252561,486,1.492766857
1777983687.112572,487,1.521335721
1777983688.036744,488,1.600413203
1777983688.906633,489,1.65966773
1777983689.798105,490,1.608693957
1777983690.723807,491,1.59047842
1777983691.579700,492,1.5610286
1777983692.435970,493,1.592329383
1777983693.280686,494,1.584130645
1777983694.115944,495,1.501955509
1777983694.992002,496,1.580980182
1777983695.863358,497,1.592983484
1777983696.692610,498,1.598976135
1777983697.581275,499,1.572281361
1777983698.424784,500,1.60213685
1777983699.307652,501,1.541275024
1777983700.147611,502,1.607129097
1777983700.983526,503,1.587507486
1777983701.882789,504,1.551278591
1777983702.732673,505,1.605456114
1777983703.612271,506,1.535406828
1777983704.493001,507,1.639098525
1777983705.437266,508,1.496593237
1777983706.346688,509,1.619844556
1777983707.351388,510,1.497040153
1777983708.164464,511,1.63397634
1777983709.052130,512,1.545102596
1777983709.883133,513,1.545758247
1777983710.712279,514,1.547199488
1777983711.599206,515,1.517254829
1777983712.507258,516,1.573420644
1777983713.462594,517,1.596696019
1777983714.342621,518,1.551095724
1777983715.164564,519,1.524624825
1777983716.031335,520,1.571771145
1777983716.958872,521,1.567674041
1777983717.828506,522,1.601900816
1777983718.739599,523,1.604107022
1777983719.577369,524,1.560723782
1777983720.429118,525,1.539687514
1777983721.288915,526,1.544471741
1777983722.138332,527,1.503931284
1777983722.981840,528,1.606312156
1777983723.872610,529,1.543672323
1777983724.747708,530,1.566445827
1777983725.923851,531,1.556607604
1777983726.774501,532,1.555595636
1777983727.607357,533,1.607093573
1777983728.458776,534,1.51378715
1777983729.305229,535,1.589114904
1777983730.157817,536,1.633145571
1777983730.958292,537,1.489569068
1777983731.851566,538,1.396058559
1777983732.659425,539,1.564736366
1777983733.593787,540,1.601933241
1777983734.399777,541,1.455286741
1777983735.309187,542,1.539404631
1777983736.163706,543,1.60884583
1777983737.008765,544,1.600573301
1777983737.897914,545,1.514169335
1777983738.776020,546,1.550310612
1777983739.605351,547,1.56042707
1777983740.493225,548,1.539558887
1777983741.421376,549,1.519415617
1777983742.327160,550,1.482997298
1777983743.275183,551,1.514583111
1777983744.128778,552,1.456698656
1777983744.981275,553,1.525384188
1777983745.870867,554,1.511281729
1777983746.781383,555,1.580531597
1777983747.639282,556,1.517317653
1777983748.477347,557,1.56430614
1777983749.344988,558,1.530104637
1777983750.274091,559,1.658949852
1777983751.210969,560,1.447145224
1777983752.155266,561,1.621806383
1777983753.008032,562,1.510683298
1777983754.002011,563,1.562633753
1777983754.906347,564,1.517855525
1777983755.842754,565,1.585234284
1777983756.722347,566,1.579849124
1777983757.585564,567,1.471732378
1777983758.540858,568,1.562935352
1777983759.372160,569,1.517860055
1777983760.324856,570,1.505483389
1777983761.233912,571,1.539638519
1777983762.150070,572,1.538287997
1777983763.084431,573,1.480250955
1777983763.928556,574,1.529746294
1777983764.724024,575,1.533846974
1777983765.554735,576,1.620966434
1777983766.501270,577,1.556777477
1777983767.313802,578,1.418213606
1777983768.168436,579,1.516237497
1777983769.052644,580,1.591315031
1777983769.905057,581,1.590877533
1777983770.691186,582,1.439456701
1777983771.569688,583,1.464483261
1777983772.447025,584,1.605921865
1777983773.289302,585,1.47885263
1777983774.129671,586,1.526004553
1777983774.933947,587,1.482724667
1777983775.761692,588,1.559713602
1777983776.594194,589,1.575931311
1777983777.471709,590,1.473532915
1777983778.355186,591,1.489498258
1777983779.193103,592,1.503466845
1777983780.077900,593,1.470355153
1777983780.912460,594,1.447154641
1777983781.769516,595,1.53089118
1777983782.692512,596,1.486988783
1777983783.498697,597,1.50660634
1777983784.475579,598,1.476745129
1777983785.296284,599,1.508613825
1777983786.123630,600,1.515737772
1777983786.921036,601,1.544567823
1777983787.835389,602,1.455470562
1777983803.449936,603,1.594923139
1777983804.308676,604,1.511233449
1777983805.102633,605,1.582262158
1777983805.939782,606,1.527216554
1777983806.801051,607,1.516790032
1777983807.642865,608,1.568521976
1777983808.442526,609,1.438372254
1777983809.255963,610,1.475350618
1777983810.061872,611,1.489979029
1777983810.924145,612,1.539997578
1777983811.859445,613,1.525653362
1777983812.738968,614,1.551608324
1777983813.527637,615,1.563165069
1777983814.428577,616,1.490357637
1777983815.268953,617,1.528236508
1777983816.150370,618,1.582060575
1777983816.912553,619,1.457783461
1777983817.740672,620,1.399445176
1777983818.618324,621,1.548629045
1777983819.510932,622,1.486506462
1777983820.393656,623,1.533652306
1777983821.268423,624,1.503921986
1777983822.154684,625,1.472275257
1777983823.068082,626,1.399106026
1777983823.941611,627,1.554366112
1777983824.856408,628,1.418890119
1777983825.654735,629,1.554972887
1777983826.451215,630,1.455352068
1777983827.264528,631,1.445030451
1777983828.045734,632,1.501485467
1777983828.879682,633,1.513550282
1777983829.725833,634,1.514220476
1777983830.607179,635,1.377076983
1777983831.587181,636,1.428928614
1777983832.414755,637,1.549552083
1777983833.314852,638,1.529457569
1777983834.178438,639,1.506798148
1777983835.000456,640,1.438680172
1777983835.841106,641,1.517478466
1777983836.703041,642,1.436655283
1777983837.566889,643,1.501354694
1777983838.485025,644,1.562643051
1777983839.376808,645,1.574640155
1777983840.161818,646,1.487830997
1777983840.994225,647,1.500916004
1777983841.771107,648,1.442131996
1777983842.619962,649,1.447022557
1777983843.510761,650,1.460772634
1777983844.438060,651,1.45562458
1777983845.290082,652,1.510317087
1777983846.182103,653,1.370456457
1777983847.068746,654,1.466027141
1777983847.920135,655,1.50211668
1777983848.758384,656,1.509088278
1777983849.567644,657,1.59371686
1777983850.434793,658,1.514508009
1777983851.361659,659,1.514161348
1777983852.159273,660,1.47451365
1777983852.961947,661,1.487539768
1777983853.783256,662,1.547322035
1777983854.586049,663,1.582488537
1777983869.244333,664,1.480162621
1777983870.170085,665,1.396249294
1777983870.942615,666,1.419486046
1777983871.804099,667,1.539108396
1777983872.622771,668,1.517139316
1777983873.453746,669,1.476395369
1777983874.233299,670,1.555807352
1777983875.029152,671,1.506193638
1777983876.003622,672,1.525429487
1777983876.846023,673,1.48024559
1777983877.619588,674,1.474601984
1777983878.446213,675,1.475708723
1777983879.361065,676,1.431110501
1777983880.279557,677,1.557966232
1777983881.101197,678,1.449557066
1777983881.999034,679,1.512452126
1777983882.837206,680,1.405308962
1777983883.611540,681,1.366308212
1777983884.484247,682,1.439732671
1777983885.393524,683,1.561512828
1777983886.350140,684,1.566254616
1777983887.170839,685,1.407725334
1777983888.058830,686,1.519086599
1777983888.947760,687,1.520116329
1777983889.841813,688,1.469246507
1777983890.744025,689,1.539833188
1777983891.687523,690,1.485893965
1777983892.623369,691,1.525381565
1777983893.406350,692,1.410242558
1777983894.306958,693,1.486788034
1777983895.268433,694,1.515830278
1777983896.091358,695,1.543736219
1777983896.946368,696,1.499932528
1777983897.743222,697,1.519174218
1777983898.604329,698,1.44135046
1777983899.448773,699,1.531522632
1777983900.359321,700,1.459319353
1777983901.175916,701,1.396281481
1777983902.086776,702,1.574457169
1777983902.909264,703,1.476572275
1777983903.769726,704,1.500803232
1777983904.650955,705,1.455607414
1777983905.484248,706,1.435581207
1777983906.315112,707,1.506485701
1777983907.156405,708,1.439744711
1777983908.028551,709,1.406910658
1777983908.918065,710,1.399181604
1777983909.751094,711,1.477126837
1777983910.636345,712,1.426200747
1777983911.480698,713,1.350359201
1777983912.328278,714,1.454984903
1777983913.288647,715,1.442490697
1777983914.111303,716,1.449421048
1777983914.920118,717,1.466723204
1777983915.805365,718,1.490918875
1777983916.755557,719,1.564406157
1777983917.670051,720,1.499496818
1777983918.504572,721,1.463341832
1777983919.415581,722,1.370256662
1777983920.240572,723,1.517436504
1777983921.098319,724,1.34205389
1777983921.890125,725,1.419564724
1777983922.787839,726,1.477173805
1777983923.683925,727,1.434751511
1777983924.558230,728,1.482820988
1777983925.404706,729,1.440414071
1777983926.159466,730,1.445891857
1777983926.956651,731,1.385267854
1777983927.879894,732,1.472725511
1777983928.639651,733,1.457406521
1777983929.428302,734,1.444371343
1777983930.334427,735,1.461549401
1777983931.075851,736,1.460183501
1777983931.853298,737,1.39456284
1777983932.701427,738,1.423117518
1777983933.604046,739,1.514118671
1777983934.456021,740,1.393087745
1777983935.266917,741,1.343688726
1777983936.045245,742,1.460772753
1777984417.506190,0,2.205959797
1777984418.103176,1,2.29201889
1777984418.543068,2,2.1146667
1777984418.942261,3,2.148884058
1777984419.337542,4,2.22107935
1777984419.746162,5,2.196850538
1777984420.129552,6,2.097149134
1777984427.122898,7,2.272747517
1777984427.534183,8,2.106621504
1777984427.901424,9,2.241438627
1777984435.943258,10,2.085785389
1777984436.615393,11,2.134411097
1777984436.997837,12,2.061426163
1777984437.344431,13,2.102576256
1777984437.806582,14,2.128947735
1777984438.185938,15,2.153851032
1777984438.642416,16,2.082346916
1777984439.006776,17,2.190454483
1777984439.405602,18,2.199843884
1777984439.871661,19,2.162463188
1777984440.275073,20,2.107654333
1777984440.656068,21,2.17300272
1777984441.040708,22,2.155344009
1777984441.490527,23,2.100860596
1777984441.934793,24,2.184681177
1777984442.442461,25,2.220128536
1777984442.900667,26,2.222873211
1777984443.325383,27,2.108425379
1777984443.734668,28,2.111664295
1777984444.195840,29,2.099967718
1777984444.631699,30,2.111103535
1777984445.063643,31,2.179519176
1777984445.517296,32,2.154622078
1777984445.953722,33,2.136353016
1777984446.479150,34,2.204129696
1777984446.920833,35,2.276787996
1777984447.535128,36,2.136738777
1777984448.015238,37,2.113408327
1777984448.484859,38,2.12757206
1777984448.980068,39,2.046345711
1777984449.421022,40,2.168307781
1777984449.871604,41,2.220207214
1777984450.259398,42,2.196735382
1777984450.682590,43,2.136498928
1777984451.082491,44,2.105711937
1777984451.622471,45,2.110527277
1777984452.047346,46,2.071494818
1777984452.459831,47,2.003390074
1777984452.941120,48,2.11559391
1777984453.383880,49,2.07756567
1777984453.790267,50,2.153717756
1777984454.279183,51,2.18806839
1777984454.739320,52,2.090334415
1777984455.127533,53,2.060306311
1777984455.523729,54,2.223268747
1777984455.933103,55,2.099357843
1777984456.359673,56,2.122605801
1777984456.800055,57,2.134955406
1777984457.227761,58,2.050924301
1777984457.656721,59,2.090204239
1777984458.105591,60,2.155298471
1777984458.569632,61,2.103909492
1777984459.007675,62,2.103347301
1777984459.439388,63,2.150224209
1777984459.884351,64,2.07384634
1777984460.325320,65,1.924343824
1777984460.787329,66,2.056039572
1777984461.213848,67,2.010819435
1777984461.685024,68,2.137676716
1777984462.106057,69,2.027468681
1777984462.507818,70,2.084145069
1777984462.946579,71,2.080298424
1777984463.403035,72,2.060292721
1777984463.836411,73,2.034234524
1777984464.304302,74,2.15385747
1777984464.724797,75,2.080230951
1777984465.153891,76,2.070968628
1777984465.535221,77,2.206532478
1777984465.953798,78,2.129682541
1777984466.420088,79,2.067754745
1777984466.855663,80,2.09949851
1777984467.454277,81,2.151798964
1777984467.924229,82,2.074061871
1777984468.366518,83,2.073524952
1777984468.814327,84,2.071282864
1777984469.265291,85,2.03104496
1777984469.699631,86,2.041521788
1777984470.162039,87,2.140606165
1777984470.642014,88,2.154901505
1777984471.096488,89,2.114001274
1777984471.558576,90,1.967686772
1777984472.017229,91,2.073544741
1777984472.473580,92,2.08804369
1777984472.947758,93,2.071739197
1777984473.400520,94,1.997071385
1777984473.806303,95,1.9995718
1777984474.263538,96,2.032375336
1777984474.705376,97,2.112065792
1777984475.150284,98,2.056179285
1777984475.579859,99,2.040061951
1777984476.000870,100,2.031711817
1777984476.392524,101,2.003108978
1777984476.835904,102,2.026915312
1777984477.306114,103,1.997729897
1777984477.743181,104,1.987372637
1777984478.154127,105,2.093593597
1777984478.575029,106,2.026248932
1777984478.995757,107,2.019860268
1777984479.426715,108,2.017391443
1777984479.893020,109,2.050009251
1777984480.320354,110,2.016619444
1777984480.759282,111,2.008624077
1777984481.182425,112,1.893266201
1777984481.584221,113,1.992338538
1777984482.034022,114,2.089076996
1777984482.472842,115,1.977460504
1777984482.901918,116,2.052577734
1777984483.332429,117,1.944222808
1777984483.770707,118,1.965378165
1777984484.230556,119,1.987938762
1777984484.661322,120,1.829440117
1777984485.115251,121,2.001713753
1777984485.568793,122,1.952837944
1777984485.969752,123,2.051506519
1777984486.376210,124,2.005861282
1777984486.836002,125,1.965624809
1777984487.297434,126,2.027243614
1777984487.750754,127,2.02856493
1777984488.148376,128,1.951090813
1777984488.566307,129,1.986659527
1777984489.037348,130,2.036950111
1777984489.497828,131,1.982336283
1777984489.935560,132,1.986907244
1777984490.374354,133,1.997968912
1777984490.775397,134,1.942842126
1777984491.171830,135,1.943923235
1777984491.609289,136,1.988299727
1777984492.043739,137,1.988127112
1777984492.456613,138,1.940175295
1777984492.885540,139,1.938081026
1777984493.338315,140,1.962503433
1777984493.748233,141,2.018481016
1777984494.234620,142,1.974004745
1777984494.699160,143,2.02507019
1777984495.063537,144,1.955499411
1777984495.439132,145,1.935407162
1777984495.864806,146,1.894333363
1777984496.261742,147,2.016429901
1777984496.658904,148,1.981928229
1777984497.089301,149,2.019708157
1777984497.536836,150,1.914754152
1777984497.987781,151,2.010421038
1777984498.400175,152,1.982962728
1777984498.854635,153,2.056926489
1777984499.289385,154,2.001162767
1777984499.705634,155,1.95674324
1777984500.177009,156,1.99363935
1777984500.611592,157,1.956679106
1777984501.022170,158,1.988705873
1777984501.464726,159,1.979858994
1777984501.899318,160,1.962574005
1777984502.330702,161,1.988725066
1777984502.794757,162,1.948440671
1777984503.257580,163,1.96610117
1777984503.720893,164,2.002351284
1777984504.142257,165,1.893232822
1777984504.540168,166,1.926564097
1777984504.990687,167,1.898229599
1777984505.405463,168,2.04471612
1777984505.866816,169,1.938024998
1777984506.326144,170,1.992655039
1777984506.742195,171,1.965104699
1777984507.166598,172,1.947771311
1777984507.588193,173,1.934327245
1777984507.992908,174,1.9416399
1777984508.440359,175,1.931582451
1777984508.866404,176,1.958730936
1777984509.274812,177,1.924905539
1777984509.653550,178,1.962554455
1777984510.065751,179,1.836514235
1777984510.495469,180,1.940976024
1777984510.902220,181,1.915697932
1777984511.308013,182,1.870182753
1777984511.713463,183,1.914852142
1777984512.116275,184,1.925091982
1777984512.566116,185,1.909103155
1777984512.964515,186,1.925774455
1777984513.382042,187,1.977806926
1777984513.781908,188,1.932409644
1777984514.202136,189,1.951881409
1777984514.636776,190,1.960870266
1777984515.045904,191,1.828638792
1777984515.455418,192,1.900187254
1777984515.825460,193,1.874959469
1777984516.214804,194,1.785426617
1777984516.639223,195,1.82390213
1777984517.064272,196,1.850571632
1777984517.467683,197,1.908386707
1777984517.855278,198,1.883378744
1777984518.290254,199,1.941931605
1777984518.683536,200,1.992013216
1777984519.104424,201,1.811974764
1777984519.516047,202,1.855721593
1777984519.933284,203,1.882336617
1777984520.332697,204,1.898642778
1777984520.719596,205,1.940538168
1777984521.130555,206,1.874159813
1777984521.558901,207,1.953558207
1777984521.946969,208,1.88405633
1777984522.324416,209,1.901877403
1777984522.707549,210,1.929491758
1777984523.085351,211,1.875424385
1777984523.415672,212,1.901934862
1777984523.765017,213,1.898400903
1777984524.118277,214,1.922454476
1777984524.543100,215,1.862684131
1777984524.948452,216,1.900954962
1777984525.351911,217,1.913747549
1777984525.720079,218,1.888483882
1777984526.098135,219,1.914991617
1777984526.457565,220,1.846853256
1777984526.834192,221,1.897660255
1777984527.232365,222,1.865573645
1777984527.648833,223,1.85070014
1777984528.062010,224,1.850018263
1777984528.506632,225,1.943702698
1777984528.983005,226,1.812512875
1777984529.407589,227,1.889772654
1777984529.850823,228,1.918675661
1777984530.269836,229,1.843839884
1777984530.694546,230,1.986969233
1777984531.122618,231,1.846167803
1777984531.513901,232,1.908109546
1777984531.914304,233,1.799065828
1777984532.334038,234,1.864776254
1777984532.768011,235,1.867320418
1777984533.165720,236,1.736963511
1777984533.601976,237,1.903887987
1777984534.032802,238,1.895523787
1777984534.495339,239,1.782266021
1777984534.923590,240,1.879759073
1777984535.528831,241,1.870508194
1777984535.994013,242,1.805448771
1777984536.422757,243,1.898791671
1777984536.894002,244,1.891949654
1777984537.319644,245,1.754011035
1777984537.775397,246,1.813231111
1777984538.236714,247,1.883524656
1777984538.661639,248,1.82622087
1777984539.126909,249,1.907212019
1777984539.584660,250,1.908667207
1777984540.001333,251,1.72039032
1777984540.461513,252,1.838450074
1777984540.998986,253,1.834388733
1777984541.453037,254,1.842305064
1777984541.891612,255,1.678227186
1777984542.354226,256,1.726880789
1777984542.799890,257,1.832741261
1777984543.254697,258,1.800940037
1777984543.635274,259,1.853588343
1777984544.080692,260,1.865918159
1777984544.500089,261,1.831596971
1777984544.884516,262,1.905223846
1777984545.273094,263,1.747312307
1777984545.724604,264,1.835307598
1777984546.142586,265,1.855665684
1777984546.538624,266,1.75655508
1777984546.894013,267,1.758861065
1777984547.262332,268,1.884539008
1777984547.644267,269,1.787988901
1777984548.056041,270,1.766406655
1777984548.447530,271,1.830830216
1777984548.852871,272,1.740084648
1777984549.248613,273,1.782370806
1777984549.610114,274,1.85377574
1777984550.023232,275,1.807014108
1777984550.439894,276,1.84903729
1777984550.820727,277,1.815377951
1777984551.263589,278,1.767273903
1777984551.684184,279,1.875066996
1777984552.105886,280,1.852976203
1777984552.556071,281,1.793884635
1777984552.958779,282,1.72795701
1777984553.387696,283,1.693577766
1777984553.755963,284,1.889310598
1777984554.175950,285,1.741908789
1777984554.642755,286,1.899150133
1777984555.017970,287,1.747044086
1777984555.400609,288,1.799436092
1777984555.814018,289,1.77907598
1777984556.208885,290,1.799608707
1777984556.645960,291,1.765898228
1777984557.048587,292,1.782886505
1777984557.456170,293,1.73710084
1777984557.845212,294,1.782805204
1777984558.203455,295,1.577908754
1777984558.630066,296,1.700312734
1777984559.072812,297,1.817400694
1777984559.510561,298,1.756008148
1777984559.925278,299,1.735244989
1777984560.377627,300,1.816720605
1777984560.842478,301,1.669841766
1777984561.270683,302,1.822517872
1777984561.643839,303,1.939117789
1777984562.073221,304,1.788761497
1777984562.487904,305,1.727723122
1777984562.928020,306,1.876731396
1777984563.343897,307,1.85312748
1777984563.762749,308,1.768626332
1777984564.183195,309,1.756211519
1777984564.607844,310,1.772654057
1777984565.002180,311,1.761579275
1777984565.441170,312,1.657246828
1777984565.852115,313,1.788836479
1777984566.219894,314,1.763297081
1777984566.609254,315,1.758722305
1777984566.993188,316,1.813661814
1777984567.372912,317,1.7136724
1777984567.762106,318,1.766463757
1777984568.193755,319,1.722230673
1777984568.662532,320,1.741980672
1777984569.024769,321,1.718146801
1777984569.430137,322,1.75744164
1777984569.817656,323,1.668546915
1777984570.215436,324,1.793094635
1777984570.650791,325,1.805246711
1777984571.063259,326,1.828212023
1777984571.477569,327,1.745242
1777984571.867438,328,1.667964935
1777984572.248472,329,1.671061993
1777984572.645217,330,1.836430669
1777984573.022784,331,1.709932685
1777984573.448927,332,1.765150428
1777984573.845976,333,1.743535399
1777984574.211972,334,1.81973815
1777984574.581292,335,1.700562
1777984575.022235,336,1.7090168
1777984575.446589,337,1.681346536
1777984575.830321,338,1.776703358
1777984576.225250,339,1.713017225
1777984576.625213,340,1.676881313
1777984576.981040,341,1.730282664
1777984577.382656,342,1.637131214
1777984577.773259,343,1.690734029
1777984578.181372,344,1.730498552
1777984578.576109,345,1.818333864
1777984579.010442,346,1.80428946
1777984579.386843,347,1.730626464
1777984579.796964,348,1.80197835
1777984580.213698,349,1.765105486
1777984580.583314,350,1.645024419
1777984581.008539,351,1.750777364
1777984581.357002,352,1.677902222
1777984581.719178,353,1.761229753
1777984582.075143,354,1.651871681
1777984582.433062,355,1.707009435
1777984582.834862,356,1.787123442
1777984583.257601,357,1.785406709
1777984583.611740,358,1.778069496
1777984583.992929,359,1.760339499
1777984584.368225,360,1.599229693
1777984584.738970,361,1.70672524
1777984585.133541,362,1.657758117
1777984585.527923,363,1.677953362
1777984585.934684,364,1.754577637
1777984586.308316,365,1.63346076
1777984586.690243,366,1.770510435
1777984587.069364,367,1.692309022
1777984587.476626,368,1.75111115
1777984587.864778,369,1.604791045
1777984588.233685,370,1.836773276
1777984588.593092,371,1.734477639
1777984588.981057,372,1.621309638
1777984589.378981,373,1.658533692
1777984589.773101,374,1.697439551
1777984590.200142,375,1.727576017
1777984590.627177,376,1.817741752
1777984591.049900,377,1.709815502
1777984591.460848,378,1.693921328
1777984591.917227,379,1.743588209
1777984592.403912,380,1.715322495
1777984592.839098,381,1.761050582
1777984593.247592,382,1.671017885
1777984593.723440,383,1.714393377
1777984594.169956,384,1.703846574
1777984594.582769,385,1.607513189
1777984595.039554,386,1.683260679
1777984595.500614,387,1.706121206
1777984595.951852,388,1.742708325
1777984596.378942,389,1.583091259
1777984596.830510,390,1.699166775
1777984597.256010,391,1.655284643
1777984597.735322,392,1.774072886
1777984598.216074,393,1.676822186
1777984598.691162,394,1.587232351
1777984599.075927,395,1.763114214
1777984599.453537,396,1.646792531
1777984599.866859,397,1.727403879
1777984600.232073,398,1.793053865
1777984600.605351,399,1.750913143
1777984601.059038,400,1.621011615
1777984601.436638,401,1.740817785
1777984601.913415,402,1.769513249
1777984602.338038,403,1.591627717
1777984602.726604,404,1.72537291
1777984603.087991,405,1.679430366
1777984603.445856,406,1.794073105
1777984603.833068,407,1.778933644
1777984604.182924,408,1.626612902
1777984604.599820,409,1.732566357
1777984605.096056,410,1.744568348
1777984605.515182,411,1.617111325
1777984605.938103,412,1.759619474
1777984606.320235,413,1.652901649
1777984606.727357,414,1.676162243
1777984607.108197,415,1.710205078
1777984607.550193,416,1.744624138
1777984607.967386,417,1.676354647
1777984608.348004,418,1.65126431
1777984608.840638,419,1.624929905
1777984609.232098,420,1.675482988
1777984609.640215,421,1.656572819
1777984610.056774,422,1.843979359
1777984610.421386,423,1.580194712
1777984610.781439,424,1.763518095
1777984611.175804,425,1.730200052
1777984611.514958,426,1.579295397
1777984611.986196,427,1.591557026
1777984612.437368,428,1.75012207
1777984612.765267,429,1.731125832
1777984613.158722,430,1.659043312
1777984613.559037,431,1.640095353
1777984613.953480,432,1.648895264
1777984614.365556,433,1.712862253
1777984614.768455,434,1.689855576
1777984615.219320,435,1.751718879
1777984615.619016,436,1.748574495
1777984615.981271,437,1.757170439
1777984616.431154,438,1.667546272
1777984616.877738,439,1.719460011
1777984617.316010,440,1.562646866
1777984617.739219,441,1.661502242
1777984618.187785,442,1.626645684
1777984618.532739,443,1.754848957
1777984618.956537,444,1.686781764
1777984619.346562,445,1.614158988
1777984619.710465,446,1.734284401
1777984620.120011,447,1.750656128
1777984620.508367,448,1.633812189
1777984620.920775,449,1.646874309
1777984621.363625,450,1.656830311
1777984621.729020,451,1.710593939
1777984622.067720,452,1.524422646
1777984622.445216,453,1.750171423
1777984622.812383,454,1.609105825
1777984623.172443,455,1.630029798
1777984623.542067,456,1.665268898
1777984623.914109,457,1.657983065
1777984624.270942,458,1.688920736
1777984624.652673,459,1.584892988
1777984625.007886,460,1.726219654
1777984625.392405,461,1.681595325
1777984625.752842,462,1.700872064
1777984626.115022,463,1.584365487
1777984626.477321,464,1.7828933
1777984626.823223,465,1.695356131
1777984627.200764,466,1.733624697
1777984627.563119,467,1.710415602
1777984627.943205,468,1.579741001
1777984628.316881,469,1.59501791
1777984628.668701,470,1.720397234
1777984629.023362,471,1.743089318
1777984629.386415,472,1.700790882
1777984629.733061,473,1.72086072
1777984630.090780,474,1.722671509
1777984630.472655,475,1.699845314
1777984630.876129,476,1.574541211
1777984631.210421,477,1.626573682
1777984631.607332,478,1.698997974
1777984631.956195,479,1.749783397
1777984632.319371,480,1.704831839
1777984632.697928,481,1.669052839
1777984633.066742,482,1.664056301
1777984633.442936,483,1.712183237
1777984633.799495,484,1.589815855
1777984634.184808,485,1.628930092
1777984634.613919,486,1.70451045
1777984635.022928,487,1.744782686
1777984635.378039,488,1.632080913
1777984635.775302,489,1.791265249
1777984636.124935,490,1.752978444
1777984636.534949,491,1.633148432
1777984636.875797,492,1.775036573
1777984637.198362,493,1.569557905
1777984637.569019,494,1.637301207
1777984637.971588,495,1.658581734
1777984638.308955,496,1.560543776
1777984638.676916,497,1.669600725
1777984639.049690,498,1.629256487
1777984639.456483,499,1.681652188
1777984639.851405,500,1.635797501
1777984640.233914,501,1.659780025
1777984640.581416,502,1.616425633
1777984640.942073,503,1.722294569
1777984641.325119,504,1.703135967
1777984641.664331,505,1.747955561
1777984642.021283,506,1.653931141
1777984642.411077,507,1.774788857
1777984642.783322,508,1.68173027
1777984643.133908,509,1.637062311
1777984643.489232,510,1.615483761
1777984643.866680,511,1.618622899
1777984644.263015,512,1.60185039
1777984644.644989,513,1.734919071
1777984645.066864,514,1.743778229
1777984645.476602,515,1.649167299
1777984645.890072,516,1.544406652
1777984646.357167,517,1.463532686
1777984646.817394,518,1.65262711
1777984647.301398,519,1.660257936
1777984647.762119,520,1.692321301
1777984648.170158,521,1.611050367
1777984648.593246,522,1.520441413
1777984649.007509,523,1.708961248
1777984649.451635,524,1.751659036
1777984649.945596,525,1.701095223
1777984650.341603,526,1.726765275
1777984650.777638,527,1.655790448
1777984651.232605,528,1.58432126
1777984651.666476,529,1.546221614
1777984652.106658,530,1.675588489
1777984652.515281,531,1.573029876
1777984652.937827,532,1.680058241
1777984653.335689,533,1.654039979
1777984653.767616,534,1.673361778
1777984654.175637,535,1.633892775
1777984654.548430,536,1.705260873
1777984654.967241,537,1.737212777
1777984655.329879,538,1.544798493
1777984655.783316,539,1.699764729
1777984656.217851,540,1.632869482
1777984656.629338,541,1.62121582
1777984657.079143,542,1.596348405
1777984657.480115,543,1.647022486
1777984657.934320,544,1.586163878
1777984658.363456,545,1.617003441
1777984658.818813,546,1.676907063
1777984659.258175,547,1.608392596
1777984659.629678,548,1.616524935
1777984660.028945,549,1.667882323
1777984660.451860,550,1.547581434
1777984660.874461,551,1.601499319
1777984661.248052,552,1.593460917
1777984661.730620,553,1.679350495
1777984662.115596,554,1.523420095
1777984662.510166,555,1.63596797
1777984662.931726,556,1.611382961
1777984663.298926,557,1.735048294
1777984663.764764,558,1.647275448
1777984664.220653,559,1.750368953
1777984664.695557,560,1.668023586
1777984665.121856,561,1.5860641
1777984665.570064,562,1.684381485
1777984665.994248,563,1.570836663
1777984666.420435,564,1.537005424
1777984666.853501,565,1.616503954
1777984667.247356,566,1.640091896
1777984667.663906,567,1.578401208
1777984668.077739,568,1.574396133
1777984668.479270,569,1.63471055
1777984668.933470,570,1.608228445
1777984669.361317,571,1.472880721
1777984669.779424,572,1.684978724
1777984670.220243,573,1.650544286
1777984670.661526,574,1.51087451
1777984671.103504,575,1.718860388
1777984671.496799,576,1.685531378
1777984671.885850,577,1.633433819
1777984687.821868,578,1.640505075
1777984688.238988,579,1.649636984
1777984688.688816,580,1.630460024
1777984689.131587,581,1.666263461
1777984689.581925,582,1.700869679
1777984689.970468,583,1.499779463
1777984690.346303,584,1.641887426
1777984690.734778,585,1.665248156
1777984691.102180,586,1.704182982
1777984691.518988,587,1.689834595
1777984691.928752,588,1.59049356
1777984692.349055,589,1.521847486
1777984692.754370,590,1.626574636
1777984693.177221,591,1.61866498
1777984693.654211,592,1.655374289
1777984694.034132,593,1.569525838
1777984694.452798,594,1.620671391
1777984694.826601,595,1.560230851
1777984695.238396,596,1.523104668
1777984695.679095,597,1.652688265
1777984696.100903,598,1.629087687
1777984696.532672,599,1.694271088
1777984696.953279,600,1.526196957
1777984697.339209,601,1.685310006
1777984697.735305,602,1.694221735
1777984698.155464,603,1.752792597
1777984698.583480,604,1.609376431
1777984698.980133,605,1.693673491
1777984699.384674,606,1.672841787
1777984699.767724,607,1.507495165
1777984700.212403,608,1.631695032
1777984700.585123,609,1.621474981
1777984700.957516,610,1.64679122
1777984701.365987,611,1.643302679
1777984701.781249,612,1.599962234
1777984702.154843,613,1.682299137
1777984702.568791,614,1.568840623
1777984702.974661,615,1.592423677
1777984703.411420,616,1.699804306
1777984703.784915,617,1.689289331
1777984704.171316,618,1.636258125
1777984704.494685,619,1.538868427
1777984704.876387,620,1.571695328
1777984705.317828,621,1.589265704
1777984705.734198,622,1.630798221
1777984706.089756,623,1.583413601
1777984706.509341,624,1.656527519
1777984706.932367,625,1.668165565
1777984707.344497,626,1.639850378
1777984707.722105,627,1.654942036
1777984708.109408,628,1.527977467
1777984708.471366,629,1.66753304
1777984708.850829,630,1.631421328
1777984709.199621,631,1.73408401
1777984709.602649,632,1.614611387
1777984709.971310,633,1.510474563
1777984710.337218,634,1.518239141
1777984710.663371,635,1.595030308
1777984711.062187,636,1.65353632
1777984711.432662,637,1.676979303
1777984711.796167,638,1.608919859
1777984712.150678,639,1.648919106
1777984712.490410,640,1.63774991
1777984712.845701,641,1.657108903
1777984713.249376,642,1.678765297
1777984713.628172,643,1.644220591
1777984713.988454,644,1.666476965
1777984714.366550,645,1.573595285
1777984714.710244,646,1.637118101
1777984715.065745,647,1.518256426
1777984715.394500,648,1.472337484
1777984715.729013,649,1.585300803
1777984716.100607,650,1.618476748
1777984716.514952,651,1.647535324
1777984716.892087,652,1.626723766
1777984717.262824,653,1.682781935
1777984717.618965,654,1.612486839
1777984718.066349,655,1.641452789
1777984718.453321,656,1.647850752
1777984718.833920,657,1.681539536
1777984719.236354,658,1.535612226
1777984719.615238,659,1.735380054
1777984719.999386,660,1.471645713
1777984720.350317,661,1.563508987
1777984720.741583,662,1.613966584
1777984721.095758,663,1.668362141
1777984721.428039,664,1.621949673
1777984721.800258,665,1.52979207
1777984722.131617,666,1.569531202
1777984722.493970,667,1.648055911
1777984722.846003,668,1.549377441
1777984723.234293,669,1.579172969
1777984723.598455,670,1.611147404
1777984723.966997,671,1.50325489
1777984724.306262,672,1.621422768
1777984724.640280,673,1.571855187
1777984724.991844,674,1.533853292
1777984725.350008,675,1.658774257
1777984725.721928,676,1.555202007
1777984726.069900,677,1.791954756
1777984726.471991,678,1.602793694
1777984726.795789,679,1.498009205
1777984727.154822,680,1.755435228
1777984727.521231,681,1.66146493
1777984727.906514,682,1.626187801
1777984728.321084,683,1.563013911
1777984728.682360,684,1.617650986
1777984729.038108,685,1.572553158
1777984729.372072,686,1.55292511
1777984729.802043,687,1.527473927
1777984730.151096,688,1.478751779
1777984730.527279,689,1.605228186
1777984730.906789,690,1.705556989
1777984731.235026,691,1.641878724
1777984731.586985,692,1.605349779
1777984731.976771,693,1.689668536
1777984732.358027,694,1.610061884
1777984732.707440,695,1.6146276
1777984733.034902,696,1.670927525
1777984733.428955,697,1.556833744
1777984733.748653,698,1.628347039
1777984734.070223,699,1.458500624
1777984734.407980,700,1.663615704
1777984734.751956,701,1.628733873
1777984735.118247,702,1.620083332
1777984735.526290,703,1.675574541
1777984735.895425,704,1.549757719
1777984736.237863,705,1.688369036
1777984736.617998,706,1.705697298
1777984737.006430,707,1.51260066
1777984737.398240,708,1.560646296
1777984737.752651,709,1.645234704
1777984738.115192,710,1.684966803
1777984738.512244,711,1.720494747
1777984738.889457,712,1.709810615
1777984739.240231,713,1.698425055
1777984739.632912,714,1.554791927
1777984739.978883,715,1.655882359
1777984740.342341,716,1.447669744
1777984740.705846,717,1.714679241
1777984741.048852,718,1.477468848
1777984741.470104,719,1.626752377
1777984741.815598,720,1.604083896
1777984742.192588,721,1.655033708
1777984742.577205,722,1.635493279
1777984742.941770,723,1.56908977
1777984743.343089,724,1.408564687
1777984743.729572,725,1.551581144
1777984744.073955,726,1.521080732
1777984744.406541,727,1.567250252
1777984744.751922,728,1.52941823
1777984745.122305,729,1.600112438
1777984745.496497,730,1.649815559
1777984745.857323,731,1.587738633
1777984746.185787,732,1.590592623
1777984746.523669,733,1.567046046
1777984746.867553,734,1.613631487
1777984747.215550,735,1.595825553
1777984747.554585,736,1.693646669
1777984747.879872,737,1.543355584
1777984748.229853,738,1.666489363
1777984748.591467,739,1.561880827
1777984748.953938,740,1.683609962
1777984749.335410,741,1.568089962
1777984749.721292,742,1.671450377
1777984750.063315,743,1.609037399
1777984750.406751,744,1.560138822
1777984750.772471,745,1.558467865
1777984751.110385,746,1.468394518
1777984751.501402,747,1.660387039
1777984751.845325,748,1.620679975
1777984752.212249,749,1.62340641
1777984752.596584,750,1.655808687
1777984752.951335,751,1.545408964
1777984753.304954,752,1.596275806
1777984753.651222,753,1.677397966
1777984753.998817,754,1.650956392
1777984754.364242,755,1.573563576
1777984754.705535,756,1.723227501
1777984755.090358,757,1.588166237
1777984755.438196,758,1.6049366
1777984755.805505,759,1.506618977
1777984756.207638,760,1.570209026
1777984756.580090,761,1.66073966
1777984756.922593,762,1.559891939
1777984757.273087,763,1.644333363
1777984757.638258,764,1.455704927
1777984758.019860,765,1.581385136
1777984758.385040,766,1.581031561
1777984758.721771,767,1.509108901
1777984759.118944,768,1.645500183
1777984759.482167,769,1.487459421
1777984759.885392,770,1.660019398
1777984760.270071,771,1.548909307
1777984760.653105,772,1.670917988
1777984761.045829,773,1.562551975
1777984761.455544,774,1.613476753
1777984761.837383,775,1.55871129
1777984762.214724,776,1.503353596
1777984762.586843,777,1.617724538
1777984762.961037,778,1.512914419
1777984763.316344,779,1.499560714
1777984763.692863,780,1.564511061
1777984764.050042,781,1.497535467
1777984764.387736,782,1.631224871
1777984764.766928,783,1.600844383
1777984765.157425,784,1.553242922
1777984765.554546,785,1.567897797
1777984765.959736,786,1.529465199
1777984766.307917,787,1.544609547
1777984766.678895,788,1.55279851
1777984767.082930,789,1.626605749
1777984767.455536,790,1.54165554
1777984767.860109,791,1.497919083
1777984768.224097,792,1.451895714
1777984768.607059,793,1.544231296
1777984768.979735,794,1.580341697
1777984769.453777,795,1.535550833
1777984769.877331,796,1.31526804
1777984770.314177,797,1.599959373
1777984770.765487,798,1.559260249
1777984771.220834,799,1.511468649
1777984771.610491,800,1.63697505
1777984772.037339,801,1.591696501
1777984772.440480,802,1.529526949
1777984772.845044,803,1.566243172
1777984773.234849,804,1.625526905
1777984773.646822,805,1.559369802
1777984774.092129,806,1.545212507
1777984774.485770,807,1.480769515
1777984774.878660,808,1.574839234
1777984775.255497,809,1.559722662
1777984775.639266,810,1.598791838
1777984776.023401,811,1.513472557
1777984776.425934,812,1.502485037
1777984776.791174,813,1.541694641
1777984777.147738,814,1.455357313
1777984777.526732,815,1.506688595
1777984777.865427,816,1.598746538
1777984778.224675,817,1.622954369
1777984778.584193,818,1.471456409
1777984779.006491,819,1.615651965
1777984779.397606,820,1.583178163
1777984779.766009,821,1.436698914
1777984780.119564,822,1.654302597
1777984780.500417,823,1.555835128
1777984780.879004,824,1.547740221
1777984781.288321,825,1.5500772
1777984781.650815,826,1.490666509
1777984782.018883,827,1.483045578
1777984782.409405,828,1.435483456
1777984782.803293,829,1.61351037
1777984783.161993,830,1.551665068
1777984783.524016,831,1.594086885
1777984783.880231,832,1.590347052
1777984784.231596,833,1.579903841
1777984784.631358,834,1.572118044
1777984784.991194,835,1.644715548
1777984785.394453,836,1.580776095
1777984785.745761,837,1.669726968
1777984786.150053,838,1.499477983
1777984786.519928,839,1.45941925
1777984786.909649,840,1.555023909
1777984787.303620,841,1.555534959
1777984787.677398,842,1.550475121
1777984788.026559,843,1.428993225
1777984788.407819,844,1.518424273
1777984788.780500,845,1.548823118
1777984789.157677,846,1.447970152
1777984789.569647,847,1.605770826
1777984789.940512,848,1.544466496
1777984790.297758,849,1.547375202
1777984790.714647,850,1.43556881
1777984791.088375,851,1.584682941
1777984791.500483,852,1.562982678
1777984791.870865,853,1.615162134
1777984792.273994,854,1.586206198
1777984792.643578,855,1.564109325
1777984793.001340,856,1.516566038
1777984793.387619,857,1.507730722
1777984793.758776,858,1.626968861
1777984794.149249,859,1.567059875
1777984794.506562,860,1.607205391
1777984794.848281,861,1.516123295
1777984795.237027,862,1.496592045
1777984795.618488,863,1.544608355
1777984795.972992,864,1.473311067
1777984796.369727,865,1.46244967
1777984796.724445,866,1.677850842
1777984797.093194,867,1.568443298
1777984797.473695,868,1.570078611
1777984797.893473,869,1.475386858
1777984798.230728,870,1.530045509
1777984798.559682,871,1.561575174
1777984798.926250,872,1.58392024
1777984799.282065,873,1.551381707
1777984799.656001,874,1.538682461
1777984800.043432,875,1.499635696
1777984800.410781,876,1.531523943
1777984800.760717,877,1.552136898
1777984801.113797,878,1.494398594
1777984801.525073,879,1.482144952
1777984801.912537,880,1.518897176
1777984802.324045,881,1.561189651
1777984802.709751,882,1.4572649
1777984803.070200,883,1.425409317
1777984803.438213,884,1.541239738
1777984803.808617,885,1.618506908
1777984804.196485,886,1.530430794
1777984804.556741,887,1.631605625
1777984804.945570,888,1.588931799
1777984805.351958,889,1.577248096
1777984805.716862,890,1.557741165
1777984806.063298,891,1.55113399
1777984806.444799,892,1.58449471
1777984806.811443,893,1.500070333
1777984807.181249,894,1.604933262
1777984807.589077,895,1.593082786
1777984807.982917,896,1.530014277
1777984808.331659,897,1.559669971
1777984808.690057,898,1.563971996
1777984809.083465,899,1.54540205
1777984809.463661,900,1.558986902
1777984809.856864,901,1.526646852
1777984810.240201,902,1.396932006
1777984810.603298,903,1.594774008
1777984811.005866,904,1.608658075
1777984811.370831,905,1.567679763
1777984811.743389,906,1.532423139
1777984812.116733,907,1.513111711
1777984812.497001,908,1.437262535
1777984812.893543,909,1.431031823
1777984813.258543,910,1.528623819
1777984813.631153,911,1.399311304
1777984813.971946,912,1.549369574
1777984814.375205,913,1.443001628
1777984814.736509,914,1.501848102
1777984815.093210,915,1.467928052
1777984815.448131,916,1.569499373
1777984815.816468,917,1.521766424
1777984816.178043,918,1.431873083
1777984816.539351,919,1.569776535
1777984816.884686,920,1.553659558
1777984817.231452,921,1.52553606
1777984817.594457,922,1.565297842
1777984817.970475,923,1.477466702
1777984818.324131,924,1.608593225
1777984818.707050,925,1.577410936
1777984819.115577,926,1.531534433
1777984819.456385,927,1.501596212
1777984819.801965,928,1.465501547
1777984820.186144,929,1.500098467
1777984820.546880,930,1.609236717
1777984820.916282,931,1.487524033
1777984821.276919,932,1.487111449
1777984821.613056,933,1.588332891
1777984821.980136,934,1.478982449
1777984822.356407,935,1.448270798
1777984822.682127,936,1.444586515
1777984823.039992,937,1.578424215
1777984823.384017,938,1.518603206
1777984823.739972,939,1.568578959
1777984824.111909,940,1.612343311
1777984824.541514,941,1.489695311
1777984824.948654,942,1.465315342
1777984825.395535,943,1.444299817
1777984825.807828,944,1.579812527
1777984826.268182,945,1.411080837
1777984826.718574,946,1.465459824
1777984827.158936,947,1.546752691
1777984827.542410,948,1.488056064
1777984827.904847,949,1.588305593
1777984828.260847,950,1.522468448
1777984828.692630,951,1.596565247
1777984829.094158,952,1.463206172
1777984829.571066,953,1.427572489
1777984830.005414,954,1.573953509
1777984830.396713,955,1.494050503
1777984830.838258,956,1.526407957
1777984831.283738,957,1.485481262
1777984831.684685,958,1.563173056
1777984832.111307,959,1.52424705
1777984832.525090,960,1.441324711
1777984832.938985,961,1.545229673
1777984833.355649,962,1.472557068
1777984833.789264,963,1.527732134
1777984834.267163,964,1.555793881
1777984834.688989,965,1.626948953
1777984835.110065,966,1.45594418
1777984835.494587,967,1.434058905
1777984835.909462,968,1.469843149
1777984836.329610,969,1.50364542
1777984836.791935,970,1.53784287
1777984837.176116,971,1.483977079
1777984837.570376,972,1.452690482
1777984838.006052,973,1.4089849
1777984838.426212,974,1.480864048
1777984838.865196,975,1.50340724
1777984839.281520,976,1.428838015
1777984839.677995,977,1.54704833
1777984840.069936,978,1.598838568
1777984840.438112,979,1.662362814
1777984840.825257,980,1.536571264
1777984841.201884,981,1.405062199
1777984841.599718,982,1.571781874
1777984841.972172,983,1.449696183
1777984842.347046,984,1.609263182
1777984842.711425,985,1.482030034
1777984843.080148,986,1.510449171
1777984843.491096,987,1.482477546
1777984843.888933,988,1.648622751
1777984844.273822,989,1.493741751
1777984844.639522,990,1.422748566
1777984845.012611,991,1.394750237
1777984845.413212,992,1.449008584
1777984845.788228,993,1.504359722
1777984846.170170,994,1.568115234
1777984846.549302,995,1.455185652
1777984846.919997,996,1.357114315
1777984847.303074,997,1.53176856
1777984847.669517,998,1.461022139
1777984848.084338,999,1.504006982
1777984848.416318,1000,1.428444624
1777984848.804483,1001,1.599122643
1777984849.176698,1002,1.460050106
1777984849.540334,1003,1.526175499
1777984849.901181,1004,1.462651134
1777984850.261046,1005,1.511865973
1777984850.628902,1006,1.639955044
1777984866.176773,1007,1.592728257
1777984866.721675,1008,1.48687315
1777984867.124477,1009,1.398645163
1777984867.490894,1010,1.56181097
1777984867.840022,1011,1.527552962
1777984868.199731,1012,1.485045433
1777984868.552462,1013,1.426423073
1777984868.887715,1014,1.517344713
1777984869.255482,1015,1.539086819
1777984869.664780,1016,1.643870473
1777984870.010360,1017,1.431566
1777984870.343017,1018,1.497249365
1777984870.746465,1019,1.615250349
1777984871.182806,1020,1.453302264
1777984871.570722,1021,1.537771344
1777984871.936690,1022,1.653938055
1777984872.273736,1023,1.538521767
1777984872.668539,1024,1.478632331
1777984873.011929,1025,1.489117146
1777984873.360732,1026,1.415135503
1777984873.726357,1027,1.463039637
1777984874.094361,1028,1.543651104
1777984874.440481,1029,1.380678296
1777984874.814751,1030,1.491276979
1777984875.181702,1031,1.442272186
1777984875.532122,1032,1.588956833
1777984875.959080,1033,1.389079094
1777984876.405595,1034,1.512394667
1777984876.826368,1035,1.548960686
1777984877.225102,1036,1.48020494
1777984877.636481,1037,1.59392345
1777984878.069178,1038,1.332339764
1777984878.453460,1039,1.375876665
1777984878.869943,1040,1.400963902
1777984879.278103,1041,1.470486403
1777984879.745564,1042,1.463799953
1777984880.147376,1043,1.584775925
1777984880.564599,1044,1.42854166
1777984880.962328,1045,1.600345135
1777984881.385188,1046,1.556415319
1777984881.836217,1047,1.456592202
1777984882.246841,1048,1.433394313
1777984882.640892,1049,1.531633377
1777984883.061488,1050,1.526338816
1777984883.490393,1051,1.484745145
1777984883.895613,1052,1.369931459
1777984884.293608,1053,1.423115969
1777984884.682069,1054,1.481297731
1777984885.059618,1055,1.447017908
1777984885.430876,1056,1.530578494
1777984885.827320,1057,1.562665224
1777984886.275987,1058,1.578929067
1777985001.519181,0,2.205373764
1777985002.123894,1,2.285165787
1777985002.576888,2,2.115714073
1777985002.982988,3,2.148086786
1777985003.418645,4,2.227230072
1777985003.817753,5,2.198824883
1777985004.244468,6,2.092127323
1777985004.711289,7,2.278196573
1777985005.118713,8,2.098958969
1777985005.595146,9,2.244468927
1777985005.947062,10,2.084882498
1777985006.375961,11,2.142923832
1777985006.867390,12,2.064383745
1777985007.333890,13,2.102560043
1777985007.774345,14,2.129139662
1777985008.132090,15,2.153268814
1777985008.709963,16,2.081584215
1777985009.089386,17,2.193365097
1777985009.475724,18,2.197810173
1777985009.885700,19,2.16404438
1777985010.353903,20,2.10466814
1777985010.775178,21,2.178685665
1777985011.203882,22,2.156233788
1777985011.633365,23,2.097146511
1777985012.019729,24,2.181155205
1777985012.412521,25,2.218089104
1777985012.825347,26,2.221470833
1777985013.180755,27,2.111781836
1777985013.545368,28,2.114814758
1777985013.948440,29,2.0978508
1777985014.328104,30,2.110429287
1777985014.679096,31,2.177854776
1777985015.051003,32,2.154566288
1777985015.421938,33,2.136968613
1777985015.785071,34,2.20890069
1777985016.156154,35,2.280856609
1777985016.555081,36,2.13995266
1777985016.913810,37,2.110345125
1777985017.311205,38,2.127209902
1777985017.735727,39,2.048443556
1777985018.111852,40,2.179124117
1777985018.500861,41,2.220264912
1777985018.849695,42,2.200527191
1777985019.242115,43,2.134341478
1777985019.574480,44,2.108184338
1777985019.949502,45,2.109945774
1777985020.397569,46,2.064412117
1777985020.775302,47,2.006793737
1777985021.309538,48,2.116803169
1777985021.695696,49,2.076094151
1777985022.031633,50,2.155001879
1777985022.445667,51,2.192586899
1777985022.830485,52,2.090592146
1777985023.184138,53,2.062180996
1777985023.539536,54,2.224480629
1777985023.890911,55,2.093677282
1777985024.255979,56,2.121525288
1777985024.633654,57,2.130964994
1777985024.973836,58,2.055871487
1777985025.368113,59,2.089521885
1777985025.777922,60,2.154455185
1777985026.182220,61,2.103053093
1777985026.547212,62,2.102008581
1777985026.898867,63,2.153851986
1777985027.271569,64,2.07326436
1777985027.649657,65,1.927755117
1777985028.045675,66,2.054475784
1777985028.403279,67,2.011580229
1777985028.791645,68,2.138694048
1777985029.163560,69,2.028006554
1777985029.522010,70,2.082095146
1777985029.883219,71,2.081526756
1777985030.256655,72,2.06188488
1777985030.617788,73,2.035876989
1777985031.007589,74,2.151309729
1777985031.351754,75,2.073480129
1777985031.722693,76,2.071655035
1777985032.069277,77,2.208781958
1777985032.432020,78,2.126834393
1777985032.833447,79,2.063629627
1777985033.215293,80,2.101198912
1777985033.661565,81,2.155365944
1777985034.060949,82,2.069534779
1777985034.415079,83,2.07387495
1777985034.783637,84,2.074080467
1777985035.143527,85,2.030385256
1777985035.519861,86,2.040873051
1777985035.937827,87,2.142465115
1777985036.330399,88,2.15469408
1777985036.713387,89,2.107759476
1777985037.068397,90,1.968607664
1777985037.439978,91,2.076687336
1777985037.840872,92,2.090403557
1777985038.241852,93,2.073460102
1777985038.607641,94,1.996072292
1777985038.945210,95,1.999545693
1777985039.320518,96,2.034485817
1777985039.682041,97,2.113303185
1777985040.046263,98,2.056488514
1777985040.387611,99,2.038742542
1777985040.737178,100,2.032340527
1777985041.056759,101,2.005434752
1777985041.432503,102,2.028851509
1777985041.823550,103,1.998445034
1777985042.171933,104,1.986807704
1777985042.535532,105,2.09226799
1777985042.904988,106,2.017945766
1777985043.270030,107,2.015519381
1777985043.627419,108,2.015367985
1777985044.029880,109,2.050414085
1777985044.421075,110,2.015382051
1777985044.821450,111,2.009438038
1777985045.179897,112,1.887904167
1777985045.532574,113,1.995720506
1777985045.936721,114,2.089851379
1777985046.296859,115,1.973738313
1777985046.646786,116,2.055556297
1777985046.999380,117,1.943865657
1777985047.351715,118,1.959063768
1777985047.743142,119,1.987777948
1777985048.100343,120,1.832906723
1777985048.465472,121,1.999225736
1777985048.863789,122,1.952822328
1777985049.248789,123,2.045416355
1777985049.586818,124,2.000883102
1777985049.966961,125,1.965027332
1777985050.346569,126,2.026719332
1777985050.736702,127,2.026540279
1777985051.081308,128,1.953469872
1777985051.433467,129,1.988238096
1777985051.823674,130,2.037876129
1777985052.203295,131,1.982765079
1777985052.578560,132,1.985587716
1777985052.952705,133,1.99782145
1777985053.308906,134,1.942719936
1777985053.669458,135,1.942723513
1777985054.048831,136,1.988896132
1777985054.432231,137,1.987463117
1777985054.775890,138,1.942153215
1777985055.147625,139,1.935337424
1777985055.580024,140,1.961396694
1777985055.941040,141,2.017825127
1777985056.367489,142,1.973184705
1777985056.775834,143,2.023272514
1777985057.147814,144,1.955037117
1777985057.525198,145,1.93599236
1777985057.919258,146,1.897640824
1777985058.250216,147,2.016651154
1777985058.578378,148,1.987266898
1777985058.941696,149,2.019364119
1777985059.323321,150,1.91328454
1777985059.699645,151,2.008706331
1777985060.047230,152,1.98108983
1777985060.431954,153,2.05735302
1777985060.799033,154,2.002546787
1777985061.151453,155,1.953528643
1777985061.539474,156,1.994428039
1777985061.925988,157,1.958390594
1777985062.283102,158,1.992004633
1777985062.660613,159,1.981648564
1777985063.015064,160,1.964363933
1777985063.360028,161,1.986038566
1777985063.753380,162,1.951995134
1777985064.145313,163,1.966065407
1777985064.533274,164,1.998160958
1777985064.861882,165,1.893089533
1777985065.201312,166,1.927979469
1777985065.572302,167,1.898585796
1777985065.903720,168,2.045620441
1777985066.303286,169,1.939937592
1777985066.680436,170,1.993244529
1777985067.012969,171,1.965023041
1777985067.374738,172,1.946395397
1777985067.756042,173,1.935324192
1777985068.102033,174,1.944769144
1777985068.467647,175,1.930627823
1777985068.838311,176,1.960039735
1777985069.203180,177,1.924296856
1777985069.546800,178,1.965046644
1777985069.932815,179,1.837571383
1777985070.334324,180,1.94504869
1777985070.711774,181,1.912746429
1777985071.058035,182,1.869112015
1777985071.417499,183,1.915787101
1777985071.772723,184,1.925602913
1777985072.165764,185,1.908240557
1777985072.537968,186,1.922968149
1777985072.897763,187,1.974697828
1777985073.253123,188,1.933875084
1777985073.593577,189,1.955490232
1777985073.948678,190,1.960543871
1777985074.275798,191,1.826305389
1777985074.616502,192,1.896899223
1777985074.945035,193,1.873465538
1777985075.293523,194,1.782611847
1777985075.665062,195,1.82373786
1777985076.042378,196,1.851824284
1777985076.403269,197,1.908645391
1777985076.726837,198,1.882556915
1777985077.125324,199,1.94026041
1777985077.506358,200,1.986857414
1777985077.867472,201,1.812982559
1777985078.213596,202,1.855075479
1777985078.593468,203,1.882695556
1777985078.971575,204,1.898225546
1777985079.326508,205,1.940639734
1777985079.709855,206,1.874407053
1777985080.083258,207,1.953881383
1777985080.421859,208,1.885164499
1777985080.762146,209,1.899588346
1777985081.145807,210,1.927090645
1777985081.509698,211,1.874447227
1777985081.848248,212,1.90282464
1777985082.190503,213,1.900655746
1777985082.538887,214,1.918322921
1777985082.944337,215,1.862795234
1777985083.308206,216,1.900601268
1777985083.673343,217,1.911191463
1777985084.029452,218,1.888186216
1777985084.388264,219,1.913323879
1777985084.743838,220,1.846427441
1777985085.117869,221,1.897969961
1777985085.486888,222,1.865619898
1777985085.859199,223,1.851549625
1777985086.212139,224,1.851849318
1777985086.571385,225,1.945327997
1777985086.974831,226,1.813536644
1777985087.343296,227,1.889451504
1777985087.723621,228,1.918804169
1777985088.073743,229,1.843440533
1777985088.416221,230,1.988527536
1777985088.781026,231,1.847301006
1777985089.100273,232,1.907565355
1777985089.438663,233,1.799711585
1777985089.802502,234,1.865685225
1777985090.170946,235,1.868027091
1777985090.509241,236,1.735763192
1777985090.909078,237,1.906246543
1777985091.271172,238,1.896466255
1777985091.644402,239,1.785223722
1777985091.976981,240,1.87843585
1777985092.485677,241,1.871171951
1777985092.863498,242,1.806215167
1777985093.201096,243,1.898421645
1777985093.594241,244,1.893864393
1777985093.942144,245,1.754411221
1777985094.336305,246,1.816062808
1777985094.737085,247,1.883489609
1777985095.118501,248,1.824986458
1777985095.539350,249,1.908603191
1777985095.922745,250,1.907545924
1777985096.261294,251,1.7231071
1777985096.639211,252,1.840639591
1777985097.036106,253,1.834758759
1777985097.423739,254,1.842955947
1777985097.787728,255,1.678947449
1777985098.150300,256,1.727263689
1777985098.535820,257,1.835988522
1777985098.905435,258,1.800994396
1777985099.256036,259,1.853247166
1777985099.621655,260,1.869199514
1777985099.964652,261,1.829963684
1777985100.295416,262,1.903178453
1777985100.624923,263,1.748007894
1777985101.009537,264,1.836287737
1777985101.371095,265,1.856417656
1777985101.734735,266,1.756541491
1777985102.067789,267,1.76000154
1777985102.420686,268,1.886672378
1777985102.787714,269,1.789177775
1777985103.172131,270,1.76641655
1777985103.527732,271,1.830237031
1777985103.890451,272,1.740819931
1777985104.265301,273,1.782245398
1777985104.612302,274,1.85346818
1777985104.980698,275,1.806375742
1777985105.368649,276,1.848537683
1777985105.729501,277,1.816625357
1777985106.109324,278,1.771653652
1777985106.479701,279,1.876145363
1777985106.854949,280,1.85229516
1777985107.245626,281,1.795066953
1777985107.590769,282,1.726370811
1777985107.964935,283,1.693546534
1777985108.305770,284,1.88970089
1777985108.686563,285,1.741700172
1777985109.108361,286,1.899717808
1777985109.447247,287,1.747760296
1777985109.804607,288,1.799066782
1777985110.154642,289,1.778120041
1777985110.482766,290,1.800732374
1777985110.884433,291,1.766931295
1777985111.231827,292,1.783305168
1777985111.578603,293,1.738297939
1777985111.920134,294,1.783278584
1777985112.228247,295,1.575920582
1777985112.615113,296,1.702087164
1777985112.989733,297,1.816158175
1777985113.351015,298,1.755062938
1777985113.735862,299,1.73695302
1777985114.154557,300,1.817514777
1777985114.533879,301,1.670144916
1777985114.906757,302,1.822434425
1777985115.233802,303,1.940854669
1777985115.619810,304,1.788745522
1777985115.980848,305,1.729529977
1777985116.384331,306,1.876191616
1777985116.771886,307,1.851771832
1777985117.156661,308,1.769134998
1777985117.527454,309,1.75460577
1777985117.899624,310,1.774015427
1777985118.229178,311,1.761309385
1777985118.613620,312,1.65536797
1777985119.000306,313,1.790367365
1777985119.353577,314,1.762426734
1777985119.736594,315,1.759272099
1777985120.125177,316,1.814966321
1777985120.526324,317,1.713866234
1777985120.903085,318,1.766899705
1777985121.286567,319,1.720257163
1777985121.729995,320,1.74229908
1777985122.077050,321,1.717959523
1777985122.458332,322,1.759177208
1777985122.821367,323,1.669270039
1777985123.210996,324,1.792773247
1777985123.629047,325,1.802863955
1777985124.023407,326,1.827883363
1777985124.397287,327,1.743753195
1777985124.736318,328,1.665147781
1777985125.079225,329,1.672527552
1777985125.448639,330,1.835881233
1777985125.815836,331,1.708323598
1777985126.230416,332,1.765669227
1777985126.621914,333,1.745457172
1777985127.018787,334,1.819739223
1777985127.400817,335,1.702485561
1777985127.800730,336,1.709435105
1777985128.198885,337,1.681858301
1777985128.568232,338,1.778197408
1777985128.945858,339,1.712765694
1777985129.334552,340,1.676823854
1777985129.688352,341,1.729950786
1777985130.051946,342,1.637668252
1777985130.413378,343,1.689164162
1777985130.785410,344,1.729689837
1777985131.135873,345,1.819505453
1777985131.535852,346,1.805069208
1777985131.902794,347,1.733307838
1777985132.318683,348,1.800055504
1777985132.753705,349,1.765823007
1777985133.140191,350,1.644492388
1777985133.558612,351,1.751084089
1777985133.897714,352,1.677618027
1777985134.242454,353,1.762502313
1777985134.610533,354,1.650077581
1777985135.063880,355,1.706648588
1777985135.503228,356,1.787853003
1777985135.949420,357,1.784758806
1777985136.316902,358,1.776546717
1777985136.690277,359,1.759989023
1777985137.156062,360,1.597562313
1777985137.521160,361,1.704034328
1777985137.900062,362,1.65744102
1777985138.296705,363,1.679501772
1777985138.687127,364,1.755841017
1777985139.058884,365,1.63469553
1777985139.443162,366,1.768796086
1777985139.797395,367,1.693142414
1777985140.192329,368,1.752386212
1777985140.589438,369,1.60619092
1777985140.951095,370,1.834818006
1777985141.304305,371,1.734042883
1777985141.679150,372,1.624851704
1777985142.045090,373,1.657841325
1777985142.415841,374,1.697978258
1777985142.787117,375,1.729437351
1777985143.156327,376,1.817718983
1777985143.545994,377,1.710500121
1777985143.884920,378,1.693905354
1777985144.252070,379,1.747041225
1777985144.650850,380,1.718355894
1777985145.033727,381,1.763921499
1777985145.414430,382,1.672678471
1777985145.818046,383,1.715867758
1777985146.198695,384,1.704419136
1777985146.538895,385,1.608458161
1777985146.925214,386,1.684882164
1777985147.269787,387,1.706668377
1777985147.641762,388,1.741070747
1777985148.002276,389,1.583076954
1777985148.376449,390,1.699898005
1777985148.722979,391,1.655084848
1777985149.121511,392,1.773441195
1777985149.537094,393,1.676198363
1777985149.949198,394,1.588891625
1777985150.322699,395,1.763965607
1777985150.697338,396,1.646930218
1777985151.109229,397,1.723580837
1777985151.494083,398,1.793789625
1777985151.897852,399,1.752015829
1777985152.318941,400,1.622409344
1777985152.673655,401,1.744375467
1777985153.126425,402,1.770266294
1777985153.496568,403,1.590965033
1777985153.900907,404,1.727686763
1777985154.275961,405,1.680255651
1777985154.626308,406,1.795377254
1777985155.034205,407,1.781499624
1777985155.423302,408,1.626487374
1777985155.802045,409,1.733440399
1777985156.229223,410,1.744124889
1777985156.572445,411,1.61770606
1777985156.909908,412,1.757208109
1777985157.282199,413,1.65211606
1777985157.637614,414,1.674435854
1777985158.050618,415,1.709019065
1777985158.446528,416,1.744337082
1777985158.823402,417,1.678324699
1777985159.173292,418,1.650690675
1777985159.559335,419,1.623621583
1777985159.923772,420,1.676101089
1777985160.305157,421,1.65737462
1777985160.675960,422,1.844391108
1777985161.026298,423,1.5804708
1777985161.361054,424,1.76326406
1777985161.716841,425,1.728722095
1777985162.061101,426,1.5784446
1777985162.436755,427,1.592802525
1777985162.819843,428,1.750470161
1777985163.145852,429,1.73247087
1777985163.522099,430,1.657723188
1777985163.935700,431,1.641613364
1777985164.366331,432,1.646968365
1777985164.780932,433,1.71300602
1777985165.168886,434,1.69010973
1777985165.569599,435,1.754803181
1777985165.965459,436,1.748767614
1777985166.314792,437,1.758692741
1777985166.695785,438,1.667477131
1777985167.097368,439,1.720155954
1777985167.474028,440,1.56258738
1777985167.823216,441,1.661860824
1777985168.226353,442,1.624874353
1777985168.539864,443,1.751046062
1777985168.938276,444,1.686850071
1777985169.328076,445,1.61313653
1777985169.674940,446,1.734968781
1777985170.030658,447,1.746523023
1777985170.395583,448,1.634851456
1777985170.816735,449,1.648155451
1777985171.240371,450,1.655840755
1777985171.573531,451,1.708488703
1777985171.913224,452,1.52420783
1777985172.289169,453,1.750146866
1777985172.655865,454,1.609109282
1777985173.012829,455,1.631860256
1777985173.390364,456,1.67000699
1777985173.766528,457,1.659179688
1777985174.156594,458,1.689165473
1777985174.563239,459,1.584149599
1777985174.914475,460,1.726562023
1777985175.337157,461,1.682813168
1777985175.725097,462,1.702352047
1777985176.128140,463,1.586309195
1777985176.530228,464,1.781849384
1777985176.885844,465,1.69685638
1777985177.264543,466,1.731659055
1777985177.630392,467,1.711604595
1777985178.020627,468,1.580893159
1777985178.433224,469,1.594631433
1777985178.826749,470,1.719363093
1777985179.222641,471,1.740424514
1777985179.614262,472,1.699748993
1777985180.023739,473,1.72207284
1777985180.406240,474,1.721068382
1777985180.810508,475,1.702760458
1777985181.265512,476,1.575009346
1777985181.627451,477,1.625929236
1777985182.050458,478,1.698317766
1777985182.429927,479,1.749769568
1777985182.832593,480,1.705327153
1777985183.257400,481,1.669609547
1777985183.649792,482,1.661209345
1777985184.059593,483,1.70912385
1777985184.474039,484,1.588594317
1777985184.883096,485,1.628425956
1777985185.332054,486,1.703431845
1777985185.733672,487,1.744835496
1777985186.105854,488,1.634093285
1777985186.537493,489,1.789665699
1777985186.930232,490,1.752110004
1777985187.485882,491,1.634991884
1777985187.869214,492,1.775213003
1777985188.217031,493,1.570243478
1777985188.611943,494,1.63533473
1777985189.025059,495,1.658387065
1777985189.376788,496,1.562752724
1777985189.738345,497,1.668340087
1777985190.103578,498,1.627267718
1777985190.533905,499,1.681402683
1777985190.946273,500,1.637408257
1777985191.342041,501,1.659618139
1777985191.705367,502,1.616319418
1777985192.073260,503,1.721327782
1777985192.470274,504,1.704091311
1777985192.812570,505,1.749767303
1777985193.170982,506,1.654137373
1777985193.571500,507,1.774659276
1777985193.934044,508,1.68362689
1777985194.266481,509,1.638826847
1777985194.603426,510,1.613148689
1777985194.964839,511,1.617868662
1777985195.363233,512,1.601922393
1777985195.717587,513,1.73694706
1777985196.101259,514,1.744182229
1777985196.480822,515,1.648018956
1777985196.868036,516,1.543608665
1777985197.247458,517,1.462127209
1777985197.627858,518,1.652422905
1777985197.996585,519,1.657224178
1777985198.372854,520,1.692383766
1777985198.714617,521,1.610821486
1777985199.048079,522,1.518947124
1777985199.408516,523,1.705591321
1777985199.812640,524,1.751576185
1777985200.246093,525,1.701795697
1777985200.585004,526,1.727589965
1777985200.949116,527,1.654181361
1777985201.356392,528,1.583263397
1777985201.741317,529,1.546298742
1777985202.136370,530,1.677967548
1777985202.477583,531,1.571554422
1777985202.844588,532,1.679565907
1777985203.188483,533,1.656101704
1777985203.547378,534,1.673080206
1777985203.889669,535,1.633743048
1777985204.250254,536,1.706616402
1777985204.631349,537,1.736703873
1777985204.953962,538,1.544165373
1777985205.363564,539,1.700930953
1777985205.757646,540,1.630759716
1777985206.115740,541,1.622957468
1777985206.509163,542,1.596955538
1777985206.865658,543,1.649859905
1777985207.263689,544,1.583989024
1777985207.625995,545,1.619511366
1777985208.016493,546,1.677114725
1777985208.388644,547,1.607815266
1777985208.751565,548,1.617811918
1777985209.112673,549,1.667675734
1777985209.489074,550,1.549544096
1777985209.875304,551,1.601637363
1777985210.202849,552,1.594081879
1777985210.614424,553,1.681053042
1777985210.991305,554,1.526443362
1777985211.351895,555,1.636382341
1777985211.757056,556,1.612519503
1777985212.141043,557,1.735269308
1777985212.546912,558,1.647150517
1777985212.922609,559,1.748600245
1777985213.323654,560,1.669390678
1777985213.672338,561,1.58098042
1777985214.049833,562,1.687228918
1777985214.426133,563,1.571076751
1777985214.757421,564,1.539542913
1777985215.155089,565,1.621192217
1777985215.537520,566,1.638529897
1777985215.937492,567,1.57935524
1777985216.341451,568,1.574118614
1777985216.729103,569,1.63668108
1777985217.107097,570,1.605444908
1777985217.485610,571,1.474884748
1777985217.902355,572,1.682507992
1777985218.323526,573,1.651110768
1777985218.725451,574,1.513680577
1777985219.120409,575,1.718802094
1777985219.496255,576,1.684243202
1777985219.871360,577,1.632153273
1777985220.238981,578,1.640758753
1777985220.635270,579,1.650372505
1777985221.035365,580,1.631263852
1777985221.426778,581,1.664353371
1777985221.824278,582,1.700753212
1777985222.162323,583,1.500844479
1777985222.516916,584,1.641788244
1777985222.895896,585,1.664189816
1777985223.237921,586,1.705598712
1777985223.634671,587,1.693009019
1777985224.019799,588,1.591995716
1777985224.424878,589,1.523049355
1777985224.803716,590,1.625363588
1777985225.182406,591,1.621459961
1777985225.634025,592,1.654936671
1777985226.003865,593,1.568992853
1777985226.366337,594,1.615075827
1777985226.680018,595,1.562044859
1777985227.061575,596,1.521910191
1777985227.457096,597,1.652648807
1777985227.817790,598,1.628480673
1777985228.197643,599,1.694145918
1777985228.561364,600,1.525531769
1777985228.922157,601,1.684751511
1777985229.277573,602,1.695825338
1777985229.661816,603,1.744936943
1777985230.054871,604,1.609251738
1777985230.445814,605,1.693009973
1777985230.833298,606,1.669710636
1777985231.186950,607,1.507381916
1777985231.642005,608,1.632439852
1777985232.025738,609,1.622851372
1777985232.444375,610,1.645942211
1777985232.843858,611,1.642325878
1777985233.265513,612,1.60011065
1777985233.655938,613,1.681439638
1777985234.085588,614,1.569979906
1777985234.494997,615,1.593945742
1777985234.935596,616,1.699270368
1777985235.339369,617,1.690585017
1777985235.755655,618,1.63757062
1777985236.129171,619,1.539543867
1777985236.541114,620,1.57348609
1777985237.005579,621,1.590926886
1777985237.434835,622,1.629263759
1777985237.811437,623,1.589203715
1777985238.256948,624,1.656003594
1777985238.673732,625,1.668905735
1777985239.045242,626,1.639497876
1777985239.431506,627,1.654659986
1777985239.817538,628,1.53022933
1777985240.205173,629,1.668192863
1777985240.581326,630,1.631438494
1777985240.936869,631,1.733136654
1777985247.808951,632,1.614435196
1777985256.226615,633,1.513499975
1777985256.642959,634,1.518907547
1777985257.010427,635,1.594081879
1777985257.457554,636,1.653989553
1777985257.897498,637,1.677791595
1777985258.302161,638,1.60815835
1777985258.692364,639,1.649518251
1777985259.084688,640,1.64107573
1777985259.514571,641,1.65436399
1777985259.978972,642,1.67685318
1777985260.418116,643,1.645818591
1777985260.833111,644,1.665780783
1777985261.288787,645,1.576004863
1777985261.647454,646,1.637075901
1777985262.023131,647,1.519154072
1777985262.359344,648,1.471180439
1777985262.725835,649,1.58843565
1777985263.088298,650,1.615956783
1777985263.488306,651,1.649344444
1777985263.880449,652,1.623570681
1777985264.259244,653,1.682732344
1777985264.609354,654,1.610133052
1777985264.971203,655,1.640061498
1777985265.326192,656,1.648578763
1777985265.680344,657,1.682266235
1777985266.062592,658,1.536783695
1777985266.452679,659,1.732369661
1777985266.819950,660,1.472334623
1777985267.153383,661,1.564823389
1777985267.564653,662,1.613750815
1777985267.919553,663,1.671883106
1777985268.271352,664,1.620074987
1777985268.669262,665,1.530509233
1777985269.031678,666,1.570312738
1777985269.424752,667,1.647384405
1777985269.778880,668,1.553077936
1777985270.179217,669,1.58166337
1777985270.552247,670,1.613860965
1777985270.940223,671,1.502386928
1777985271.286351,672,1.622367501
1777985271.628502,673,1.571321607
1777985271.987336,674,1.534806728
1777985272.369178,675,1.661185503
1777985272.748719,676,1.555025578
1777985273.108465,677,1.792120218
1777985273.554971,678,1.602947235
1777985273.903095,679,1.496312141
1777985274.271604,680,1.757810354
1777985274.687150,681,1.666260481
1777985275.114263,682,1.626302719
1777985275.537326,683,1.56212616
1777985275.904437,684,1.618451834
1777985276.280144,685,1.571495771
1777985276.625403,686,1.551798701
1777985277.046738,687,1.529203773
1777985277.422226,688,1.478910208
1777985277.880218,689,1.603366852
1777985278.327847,690,1.702148795
1777985278.735435,691,1.642479777
1777985279.168324,692,1.607100248
1777985279.637969,693,1.689828992
1777985280.130550,694,1.611447096
1777985280.543147,695,1.615175605
1777985280.887187,696,1.67246449
1777985281.297246,697,1.551246643
1777985281.635083,698,1.630154848
1777985281.979816,699,1.459234953
1777985282.354900,700,1.662926197
1777985282.707215,701,1.629089713
1777985283.099543,702,1.620152354
1777985283.547277,703,1.678515911
1777985284.004960,704,1.547429085
1777985284.423906,705,1.688931465
1777985284.874216,706,1.702785134
1777985285.317857,707,1.512055278
1777985285.786787,708,1.560391903
1777985286.176735,709,1.64733839
1777985286.565819,710,1.686483502
1777985286.976165,711,1.71979022
1777985287.383332,712,1.709022999
1777985287.797628,713,1.696728945
1777985288.279407,714,1.555318952
1777985288.681677,715,1.655385017
1777985289.092159,716,1.450883389
1777985289.490709,717,1.716616154
1777985289.894570,718,1.480692387
1777985290.380808,719,1.628105402
1777985290.784681,720,1.605399013
1777985291.212776,721,1.653387547
1777985291.638740,722,1.637149692
1777985292.038116,723,1.579724312
1777985292.441514,724,1.408253431
1777985292.860898,725,1.551703215
1777985293.226576,726,1.521717548
1777985293.611541,727,1.571530342
1777985294.000261,728,1.529087901
1777985294.391656,729,1.600465298
1777985294.803548,730,1.647808313
1777985295.194734,731,1.587541223
1777985295.553605,732,1.594000816
1777985295.920170,733,1.567127466
1777985296.304836,734,1.612851858
1777985296.691297,735,1.597346783
1777985297.068894,736,1.699117303
1777985297.455820,737,1.54542613
1777985297.826674,738,1.665141821
1777985298.203696,739,1.564260006
1777985298.596982,740,1.681319237
1777985299.059213,741,1.569478273
1777985299.528833,742,1.67050004
1777985299.927322,743,1.61106205
1777985300.313435,744,1.559650183
1777985300.708769,745,1.560719728
1777985301.097245,746,1.470438361
1777985301.551189,747,1.660420656
1777985301.950584,748,1.6212641
1777985302.338629,749,1.626829267
1777985302.764296,750,1.656710386
1777985303.156506,751,1.543809891
1777985303.551637,752,1.596665025
1777985303.984333,753,1.676031113
1777985304.390806,754,1.653100491
1777985304.816276,755,1.572387218
1777985305.205086,756,1.719976664
1777985305.618492,757,1.586780071
1777985305.999492,758,1.606543779
1777985306.386596,759,1.507782698
1777985306.836349,760,1.570886374
1777985307.234617,761,1.660407543
1777985307.599315,762,1.558996201
1777985307.997937,763,1.642223358
1777985308.408889,764,1.455591917
1777985308.860332,765,1.582040548
1777985309.297793,766,1.582660317
1777985309.689437,767,1.505956173
1777985310.126651,768,1.64519763
1777985310.514557,769,1.48666954
1777985310.951257,770,1.661859512
1777985311.351900,771,1.549340725
1777985311.760192,772,1.66953516
1777985312.206814,773,1.563711405
1777985312.659885,774,1.61354816
1777985313.072134,775,1.563151598
1777985313.459002,776,1.50705111
1777985313.919874,777,1.609567881
1777985314.345109,778,1.514513373
1777985314.744370,779,1.49889946
1777985315.175366,780,1.563195944
1777985315.554888,781,1.498971939
1777985315.918177,782,1.626286149
1777985316.319566,783,1.601294398
1777985316.728029,784,1.553866148
1777985317.152478,785,1.566855431
1777985317.614082,786,1.527909994
1777985318.013094,787,1.544097424
1777985318.389854,788,1.557520509
1777985318.829711,789,1.627378821
1777985319.204833,790,1.544549704
1777985319.602307,791,1.498627901
1777985319.990391,792,1.448937893
1777985320.385740,793,1.542898297
1777985320.741852,794,1.57803297
1777985321.180073,795,1.53517127
1777985321.558001,796,1.318299532
1777985321.969545,797,1.601438522
1777985322.400852,798,1.560371995
1777985322.802695,799,1.508467913
1777985323.186707,800,1.636796236
1777985323.577600,801,1.591160417
1777985323.974502,802,1.531973362
1777985324.390454,803,1.568227291
1777985324.782811,804,1.630997181
1777985325.176054,805,1.558676958
1777985325.602912,806,1.54526937
1777985325.995953,807,1.478214502
1777985326.361233,808,1.569612145
1777985326.732855,809,1.557202816
1777985327.111591,810,1.597839475
1777985327.503549,811,1.511279583
1777985327.912309,812,1.503633976
1777985328.284484,813,1.543568134
1777985328.636892,814,1.458068848
1777985329.036011,815,1.507481098
1777985329.374285,816,1.598237872
1777985329.732557,817,1.623980641
1777985330.127452,818,1.473236561
1777985330.587008,819,1.61727941
1777985330.983105,820,1.582150102
1777985331.349158,821,1.436653256
1777985331.702102,822,1.655522704
1777985332.082805,823,1.555390358
1777985332.484885,824,1.546642423
1777985332.909108,825,1.548509598
1777985333.305091,826,1.490860462
1777985333.701474,827,1.482694626
1777985334.188436,828,1.435219526
1777985334.622525,829,1.612337589
1777985335.034018,830,1.555680871
1777985335.423856,831,1.596116304
1777985335.769243,832,1.58972311
1777985336.117645,833,1.578397036
1777985336.518201,834,1.572436333
1777985336.889086,835,1.643093586
1777985337.310621,836,1.583388329
1777985337.693555,837,1.667901516
1777985338.168502,838,1.495535016
1777985338.541785,839,1.463908434
1777985338.963097,840,1.560860753
1777985339.404436,841,1.556191921
1777985339.845241,842,1.55284512
1777985340.273622,843,1.429617882
1777985340.716893,844,1.517281651
1777985341.136380,845,1.548583984
1777985341.578737,846,1.447827339
1777985342.040305,847,1.605294466
1777985342.458376,848,1.544200659
1777985342.846577,849,1.543378353
1777985343.283658,850,1.434063315
1777985343.643089,851,1.585670233
1777985344.051524,852,1.561774492
1777985344.436162,853,1.613736749
1777985359.940602,854,1.590726972
1777985360.299976,855,1.562168121
1777985360.652141,856,1.511371374
1777985361.039297,857,1.511426568
1777985361.397310,858,1.625660419
1777985361.772292,859,1.568393946
1777985362.113510,860,1.606409907
1777985362.443693,861,1.514802217
1777985362.823826,862,1.495163083
1777985363.194234,863,1.543336868
1777985363.522120,864,1.474132061
1777985363.892844,865,1.460403919
1777985364.229377,866,1.673430204
1777985364.576916,867,1.56708169
1777985364.936492,868,1.567043543
1777985365.345672,869,1.474946141
1777985365.665362,870,1.534361482
1777985365.978334,871,1.563781142
1777985366.335225,872,1.585056067
1777985366.682049,873,1.54737556
1777985367.038184,874,1.537884951
1777985367.417506,875,1.498213291
1777985367.759791,876,1.533037424
1777985368.103040,877,1.552473903
1777985368.449329,878,1.493121624
1777985368.842861,879,1.482627869
1777985369.222657,880,1.521129251
1777985369.622476,881,1.561242819
1777985369.997064,882,1.458094001
1777985370.363400,883,1.425327539
1777985370.715875,884,1.539265275
1777985371.095076,885,1.618668437
1777985371.497428,886,1.531805277
1777985371.871222,887,1.634087324
1777985372.259957,888,1.589630604
1777985372.670427,889,1.578456879
1777985373.045883,890,1.562564611
1777985421.325037,0,2.207214832
1777985422.052022,1,2.284107685
1777985422.504166,2,2.117992401
1777985422.935158,3,2.1517663
1777985423.371676,4,2.226104259
1777985423.781120,5,2.199884892
1777985424.284698,6,2.093280077
1777985424.715877,7,2.266948223
1777985425.168937,8,2.101750612
1777985425.696285,9,2.243179798
1777985426.076911,10,2.084478617
1777985426.538027,11,2.133087158
1777985426.933487,12,2.063169718
1777985427.390263,13,2.11178875
1777985427.902670,14,2.136229753
1777985428.339212,15,2.151717663
1777985428.984858,16,2.080279827
1777985429.403501,17,2.192175388
1777985429.860219,18,2.203930855
1777985430.342583,19,2.160763741
1777985430.729504,20,2.107423782
1777985431.155813,21,2.180235863
1777985431.567177,22,2.155101538
1777985431.968267,23,2.098949432
1777985432.355682,24,2.183345318
1777985432.707605,25,2.220598459
1777985433.099582,26,2.221603394
1777985433.501588,27,2.10908246
1777985433.900018,28,2.112586498
1777985434.350559,29,2.10162425
1777985434.786899,30,2.110844135
1777985435.209262,31,2.18124795
1777985435.659703,32,2.155962467
1777985436.080645,33,2.135961771
1777985436.519749,34,2.20696044
1777985436.899214,35,2.280773163
1777985437.421482,36,2.13866663
1777985437.923183,37,2.11681366
1777985438.328898,38,2.125198364
1777985438.768694,39,2.04574585
1777985439.151329,40,2.17236042
1777985439.544976,41,2.221437693
1777985439.912544,42,2.196365833
1777985440.304676,43,2.137353182
1777985440.618496,44,2.108323097
1777985441.165504,45,2.109949589
1777985441.544585,46,2.067662239
1777985441.931233,47,2.006340504
1777985442.391314,48,2.112282753
1777985442.772746,49,2.078438759
1777985443.114388,50,2.154777765
1777985443.534353,51,2.186190605
1777985443.904253,52,2.088567734
1777985444.251458,53,2.058336973
1777985444.595099,54,2.222340584
1777985444.950722,55,2.097607613
1777985445.340621,56,2.124316454
1777985445.717802,57,2.133252144
1777985446.066494,58,2.055962563
1777985446.437822,59,2.085451126
1777985446.820460,60,2.155019522
1777985447.222644,61,2.102563143
1777985447.574750,62,2.107882023
1777985447.921205,63,2.152936935
1777985448.295443,64,2.072960377
1777985448.650186,65,1.925235868
1777985449.036323,66,2.052101612
1777985449.394568,67,2.011651039
1777985449.785440,68,2.13874197
1777985450.153842,69,2.02505827
1777985450.496758,70,2.081895351
1777985450.856380,71,2.083945751
1777985451.227290,72,2.06227231
1777985451.581996,73,2.035798073
1777985451.970075,74,2.155185938
1777985452.308254,75,2.072796822
1777985452.679071,76,2.070407391
1777985453.029249,77,2.214529991
1777985453.388358,78,2.132222652
1777985453.779694,79,2.065098286
1777985454.160106,80,2.098580837
1777985454.591906,81,2.149494648
1777985454.986410,82,2.069969654
1777985455.340942,83,2.073901892
1777985455.713390,84,2.072966576
1777985456.081998,85,2.033999681
1777985456.430417,86,2.040086746
1777985456.805786,87,2.141256332
1777985457.191028,88,2.156439781
1777985457.571344,89,2.1176548
1777985457.946492,90,1.967320204
1777985458.328023,91,2.073125362
1777985458.690245,92,2.089689732
1777985459.077374,93,2.074777126
1777985459.432955,94,1.995806694
1777985459.776478,95,2.001422405
1777985460.154122,96,2.035981417
1777985460.511894,97,2.114180803
1777985460.871398,98,2.054368496
1777985461.209781,99,2.04087472
1777985461.555146,100,2.032714367
1777985461.879841,101,2.005017281
1777985462.254518,102,2.026299953
1777985462.641934,103,1.99907434
1777985462.984205,104,1.986636996
1777985463.322092,105,2.089474678
1777985463.674140,106,2.01818943
1777985464.044907,107,2.017996311
1777985464.413496,108,2.012005329
1777985464.809194,109,2.049170732
1777985465.173793,110,2.016335964
1777985465.547746,111,2.010486603
1777985465.901422,112,1.893309832
1777985466.241052,113,1.993207932
1777985466.645640,114,2.084824085
1777985466.996683,115,1.975110531
1777985467.351617,116,2.054703236
1777985467.703822,117,1.944928885
1777985468.049704,118,1.965042114
1777985468.468522,119,1.986996651
1777985468.827302,120,1.834408283
1777985469.197870,121,1.997595072
1777985469.584535,122,1.955446601
1777985469.958242,123,2.046243191
1777985470.295673,124,2.006901026
1777985470.673471,125,1.965671897
1777985471.035779,126,2.027536392
1777985471.423428,127,2.025330544
1777985471.770875,128,1.952763081
1777985472.126184,129,1.986689329
1777985472.536279,130,2.036817074
1777985472.915009,131,1.982563019
1777985473.294323,132,1.986329913
1777985473.673142,133,1.994809389
1777985474.023991,134,1.941352725
1777985474.379895,135,1.943109512
1777985474.774265,136,1.986535549
1777985475.176174,137,1.989713192
1777985475.518049,138,1.937329054
1777985475.904308,139,1.939276099
1777985476.336195,140,1.962760925
1777985476.703752,141,2.017849445
1777985477.125102,142,1.97292614
1777985477.505161,143,2.027186394
1777985477.883741,144,1.958213091
1777985478.268282,145,1.935182333
1777985478.637246,146,1.893338203
1777985478.964674,147,2.015002251
1777985479.305720,148,1.984573603
1777985479.660169,149,2.020227909
1777985480.042211,150,1.910785675
1777985480.416316,151,2.009559155
1777985480.765488,152,1.982272029
1777985481.161284,153,2.056346416
1777985481.535693,154,1.997826099
1777985481.898571,155,1.957112789
1777985482.286284,156,1.994428873
1777985482.653759,157,1.959030747
1777985483.007206,158,1.99125874
1777985483.378107,159,1.982437849
1777985483.724582,160,1.961892128
1777985484.069774,161,1.988017321
1777985484.458727,162,1.948957682
1777985484.855635,163,1.967735529
1777985485.241584,164,1.999774575
1777985485.574213,165,1.895910144
1777985485.930952,166,1.926442146
1777985486.303011,167,1.899439216
1777985486.648346,168,2.042851925
1777985487.039588,169,1.939425945
1777985487.424647,170,1.992585421
1777985487.801050,171,1.965856314
1777985488.179113,172,1.948431253
1777985488.542825,173,1.935393572
1777985488.899064,174,1.943625927
1777985489.278768,175,1.930701852
1777985489.629785,176,1.962709069
1777985489.986693,177,1.92431426
1777985490.330401,178,1.964654207
1777985490.694683,179,1.838504076
1777985491.064596,180,1.943063617
1777985491.425567,181,1.914352655
1777985491.784651,182,1.86887145
1777985492.151657,183,1.914022923
1777985492.522195,184,1.925587654
1777985492.941268,185,1.908498168
1777985493.304058,186,1.928621888
1777985493.651745,187,1.978727102
1777985493.993677,188,1.932591438
1777985494.357058,189,1.953616261
1777985494.737375,190,1.96135366
1777985495.088100,191,1.828769684
1777985495.437743,192,1.899568915
1777985495.774822,193,1.872980475
1777985496.115957,194,1.782445908
1777985496.478664,195,1.822879791
1777985496.883190,196,1.85263896
1777985497.254858,197,1.909433722
1777985497.587804,198,1.881728411
1777985497.996019,199,1.941875219
1777985498.357910,200,1.986960053
1777985498.710953,201,1.813693285
1777985499.059739,202,1.855701447
1777985499.436390,203,1.88120389
1777985499.816841,204,1.897401094
1777985500.194536,205,1.94097805
1777985500.576653,206,1.876576424
1777985500.961885,207,1.9532758
1777985501.325668,208,1.884313226
1777985501.705408,209,1.900387287
1777985502.103863,210,1.927299738
1777985502.463107,211,1.875589728
1777985502.794413,212,1.902163148
1777985503.143205,213,1.899278045
1777985503.513369,214,1.920167446
1777985503.949293,215,1.863661408
1777985504.382961,216,1.902103066
1777985504.811912,217,1.908134818
1777985505.214905,218,1.889057159
1777985505.627735,219,1.914523005
1777985506.008790,220,1.847036362
1777985506.428306,221,1.896002054
1777985506.878420,222,1.864830732
1777985507.321788,223,1.851455927
1777985507.740357,224,1.85166955
1777985508.187615,225,1.941421151
1777985508.649566,226,1.813875794
1777985509.076628,227,1.891158342
1777985509.499162,228,1.916916132
1777985509.909181,229,1.843140125
1777985510.323159,230,1.985185146
1777985510.724317,231,1.846460104
1777985511.094379,232,1.908793688
1777985511.470102,233,1.799453974
1777985511.824899,234,1.865452528
1777985512.203943,235,1.867243648
1777985512.531976,236,1.736111283
1777985512.905513,237,1.903630733
1777985513.271359,238,1.89735198
1777985513.651092,239,1.785448313
1777985513.989830,240,1.881059885
1777985514.524915,241,1.870884538
1777985514.964222,242,1.804819942
1777985515.385792,243,1.89883244
1777985515.800821,244,1.893357515
1777985516.227614,245,1.757018328
1777985516.618201,246,1.815984488
1777985517.006193,247,1.883598328
1777985517.388745,248,1.824362397
1777985517.796138,249,1.908624649
1777985518.183472,250,1.906440139
1777985518.626039,251,1.722775221
1777985519.007538,252,1.8392272
1777985519.509151,253,1.834169626
1777985519.915267,254,1.842912674
1777985520.337042,255,1.678632736
1777985520.736258,256,1.726294279
1777985521.120567,257,1.835687399
1777985521.508216,258,1.800579906
1777985521.863684,259,1.853545904
1777985522.226288,260,1.865297556
1777985522.570383,261,1.830142975
1777985522.910725,262,1.904785395
1777985523.250499,263,1.748358607
1777985523.638538,264,1.837761164
1777985524.005458,265,1.854174852
1777985524.381873,266,1.756530643
1777985524.723972,267,1.759365916
1777985525.076479,268,1.883822203
1777985525.438331,269,1.786817551
1777985525.823279,270,1.767665148
1777985526.173308,271,1.829931974
1777985526.541354,272,1.738489628
1777985526.918758,273,1.781695843
1777985527.272735,274,1.851436615
1777985527.651095,275,1.807803392
1777985528.041933,276,1.847472668
1777985528.398343,277,1.815879583
1777985528.765213,278,1.769026518
1777985529.132848,279,1.875387907
1777985529.509460,280,1.855104089
1777985529.899928,281,1.792931795
1777985530.238750,282,1.727562189
1777985530.612357,283,1.693773866
1777985530.952671,284,1.891018629
1777985531.347278,285,1.742293596
1777985531.783336,286,1.900962591
1777985532.149400,287,1.748319507
1777985532.500113,288,1.80133152
1777985532.839896,289,1.777171731
1777985533.185389,290,1.799318552
1777985533.595809,291,1.765489101
1777985533.970461,292,1.779732704
1777985534.360972,293,1.738633394
1777985534.749131,294,1.781549454
1777985535.111383,295,1.576650143
1777985535.561904,296,1.700136662
1777985535.981391,297,1.816707373
1777985536.392169,298,1.757175922
1777985536.806060,299,1.73628068
1777985537.260772,300,1.817130566
1777985537.681862,301,1.670818567
1777985538.090544,302,1.823656321
1777985538.451677,303,1.93824923
1777985538.850010,304,1.788470149
1777985539.250273,305,1.728371501
1777985539.672965,306,1.875775456
1777985540.096126,307,1.852494001
1777985540.516437,308,1.769406199
1777985540.916406,309,1.756022096
1777985541.332517,310,1.775062561
1777985541.727833,311,1.763641834
1777985542.167003,312,1.654552221
1777985542.581475,313,1.791956544
1777985542.976407,314,1.764354706
1777985543.405176,315,1.760343552
1777985543.819887,316,1.815459609
1777985544.228869,317,1.714321971
1777985544.652256,318,1.766033173
1777985545.062393,319,1.720815659
1777985545.494507,320,1.741431236
1777985545.848998,321,1.719004512
1777985546.271171,322,1.759986162
1777985546.681840,323,1.67277813
1777985547.089063,324,1.79224813
1777985547.533702,325,1.802706957
1777985562.865945,326,1.828095675
1777985563.283059,327,1.745628715
1777985563.660788,328,1.66651988
1777985564.052526,329,1.672343373
1777985564.475809,330,1.834975481
1777985564.879054,331,1.712217569
1777985565.334879,332,1.76613009
1777985565.751677,333,1.74412775
1777985566.151492,334,1.820646286
1777985566.545422,335,1.701297164
1777985566.982347,336,1.70905757
1777985567.415141,337,1.682078838
1777985567.809808,338,1.774162054
1777985568.209062,339,1.711708069
1777985568.618766,340,1.679685116
1777985569.000592,341,1.72987175
1777985569.391683,342,1.636217833
1777985569.787579,343,1.689483404
1777985570.169850,344,1.729043603
1777985570.565100,345,1.818648815
1777985571.004688,346,1.803079128
1777985571.393458,347,1.73203516
1777985571.820506,348,1.797711372
1777985572.292859,349,1.762884498
1777985572.701554,350,1.642451525
1777985573.165627,351,1.751288772
1777985573.528323,352,1.678575039
1777985573.926467,353,1.761195421
1777985574.318747,354,1.651691914
1777985574.701258,355,1.705852747
1777985575.146253,356,1.787064075
1777985575.579264,357,1.785778046
1777985575.954577,358,1.782172918
1777985576.363419,359,1.762322903
1777985576.748124,360,1.598549366
1777985577.148611,361,1.705086112
1777985577.575208,362,1.657878637
1777985578.014295,363,1.677392125
1777985578.426764,364,1.754465342
1777985578.827910,365,1.634545922
1777985579.224082,366,1.768425941
1777985579.594697,367,1.695600986
1777985580.004364,368,1.751733422
1777985580.411665,369,1.605309844
1777985580.787878,370,1.836190581
1777985581.165834,371,1.734392881
1777985581.572732,372,1.621393204
1777985581.923941,373,1.657177329
1777985582.320111,374,1.697001219
1777985582.736424,375,1.730728626
1777985583.158087,376,1.819906235
1777985583.535434,377,1.710346222
1777985583.922572,378,1.695403099
1777985584.351662,379,1.747310638
1777985584.809304,380,1.717585564
1777985585.205091,381,1.762193441
1777985585.665039,382,1.671974182
1777985586.092422,383,1.71542871
1777985586.519914,384,1.705283165
1777985586.883803,385,1.607121229
1777985587.304032,386,1.684155703
1777985587.688821,387,1.70721972
1777985588.114866,388,1.742614985
1777985588.512805,389,1.583838105
1777985588.907727,390,1.699667692
1777985589.287397,391,1.655848503
1777985589.736501,392,1.773105502
1777985590.193887,393,1.677595615
1777985590.661691,394,1.589958549
1777985591.057716,395,1.763951063
1777985591.466336,396,1.64474082
1777985591.915579,397,1.725014567
1777985592.311960,398,1.793803811
1777985592.723414,399,1.75141871
1777985593.177129,400,1.622452736
1777985593.559534,401,1.741593957
1777985594.017589,402,1.769812584
1777985594.370921,403,1.59095037
1777985594.758175,404,1.726105213
1777985595.124421,405,1.679953337
1777985595.480923,406,1.797011733
1777985595.844450,407,1.780468345
1777985596.198145,408,1.626377821
1777985596.568805,409,1.73325634
1777985596.982037,410,1.744982123
1777985597.341823,411,1.616495848
1777985597.721432,412,1.758663416
1777985598.104848,413,1.653551221
1777985598.477526,414,1.673959374
1777985598.844143,415,1.710608482
1777985599.245894,416,1.745031595
1777985599.621289,417,1.673919916
1777985600.019740,418,1.650748491
1777985600.422916,419,1.624737263
1777985600.787600,420,1.676159859
1777985601.154474,421,1.658330917
1777985601.520067,422,1.841754913
1777985601.888971,423,1.580636978
1777985602.241839,424,1.760468006
1777985602.602220,425,1.729200363
1777985602.949852,426,1.576917052
1777985603.329288,427,1.591518164
1777985603.719993,428,1.751490593
1777985604.059913,429,1.733043671
1777985604.430633,430,1.661382437
1777985604.783287,431,1.642188311
1777985605.165231,432,1.647433281
1777985605.542103,433,1.712419748
1777985605.911041,434,1.690327883
1777985606.309717,435,1.752619982
1777985606.683983,436,1.749343872
1777985607.032110,437,1.759525776
1777985607.415817,438,1.669203639
1777985607.798015,439,1.721172214
1777985608.161509,440,1.563019514
1777985608.511518,441,1.662950277
1777985608.900787,442,1.626547337
1777985609.228410,443,1.75510323
1777985609.630410,444,1.690807462
1777985610.003381,445,1.611947417
1777985610.360339,446,1.734159231
1777985610.728005,447,1.749253988
1777985611.075560,448,1.635354042
1777985611.465105,449,1.647733212
1777985611.891248,450,1.656990051
1777985612.223513,451,1.709334373
1777985612.572736,452,1.525349617
1777985612.956104,453,1.750285745
1777985613.353744,454,1.607041121
1777985613.751377,455,1.631404638
1777985614.175006,456,1.66370368
1777985614.600190,457,1.658409953
1777985614.997945,458,1.689881682
1777985615.408883,459,1.584137917
1777985615.803013,460,1.725782394
1777985616.231111,461,1.683411837
1777985616.642132,462,1.703148961
1777985617.050377,463,1.583158493
1777985617.462171,464,1.779980898
1777985617.876895,465,1.696784735
1777985618.304117,466,1.731054783
1777985618.671639,467,1.711116195
1777985619.048481,468,1.579902411
1777985619.433386,469,1.594242573
1777985619.883274,470,1.719749689
1777985620.285312,471,1.744203329
1777985620.677082,472,1.700489521
1777985621.051162,473,1.722455263
1777985621.454023,474,1.722599745
1777985621.888012,475,1.701422811
1777985622.360433,476,1.577215791
1777985622.744189,477,1.624268055
1777985623.181604,478,1.698901057
1777985623.576141,479,1.74843502
1777985623.992479,480,1.70718956
1777985624.385311,481,1.672342658
1777985624.763525,482,1.664371967
1777985625.136967,483,1.70982337
1777985625.528426,484,1.590718746
1777985625.927280,485,1.628067493
1777985626.409106,486,1.703868866
1777985626.834089,487,1.744820833
1777985627.216877,488,1.631869912
1777985627.716146,489,1.790519953
1777985628.133342,490,1.753523111
1777985628.568552,491,1.632626057
1777985628.942219,492,1.773454905
1777985629.320713,493,1.570522547
1777985629.743761,494,1.635370255
1777985630.172734,495,1.660105705
1777985630.560930,496,1.561247826
1777985630.972488,497,1.671901226
1777985631.373565,498,1.62980032
1777985631.804908,499,1.681034684
1777985632.244005,500,1.63890934
1777985632.650828,501,1.658870697
1777985633.032604,502,1.616778493
1777985633.432164,503,1.726211548
1777985633.848547,504,1.704191566
1777985634.212803,505,1.747770905
1777985634.583516,506,1.655059218
1777985634.999979,507,1.774041295
1777985635.398803,508,1.682678223
1777985635.768898,509,1.63666749
1777985636.137644,510,1.614429474
1777985636.525008,511,1.61706543
1777985636.918195,512,1.602534294
1777985637.291272,513,1.734318733
1777985637.704864,514,1.742256284
1777985638.107795,515,1.648946643
1777985638.505326,516,1.544322848
1777985638.907633,517,1.463966131
1777985639.313649,518,1.654281616
1777985639.729225,519,1.658831596
1777985640.139559,520,1.694544792
1777985640.492154,521,1.611918807
1777985640.825784,522,1.519402862
1777985641.177851,523,1.707850933
1777985641.554569,524,1.752656937
1777985641.964929,525,1.702884316
1777985642.286447,526,1.727158904
1777985642.657734,527,1.656434894
1777985643.050389,528,1.584299445
1777985643.421549,529,1.545920849
1777985643.815829,530,1.676349163
1777985644.150341,531,1.571984291
1777985644.517404,532,1.678342819
1777985644.851633,533,1.653847933
1777985645.200758,534,1.675772905
1777985645.539480,535,1.634266615
1777985645.881512,536,1.705268741
1777985646.255772,537,1.737293959
1777985646.576725,538,1.542417526
1777985646.957323,539,1.701169014
1777985647.358148,540,1.631183863
1777985647.725702,541,1.620548606
1777985648.130415,542,1.597831964
1777985648.496483,543,1.646735907
1777985648.880666,544,1.586708546
1777985649.240671,545,1.616625071
1777985649.631589,546,1.675094366
1777985650.007947,547,1.607467413
1777985650.357653,548,1.615886092
1777985650.694756,549,1.667495728
1777985651.066615,550,1.548871279
1777985651.457589,551,1.603285432
1777985651.778784,552,1.592917919
1777985652.162137,553,1.678039789
1777985652.512491,554,1.524954438
1777985652.874136,555,1.635156989
1777985653.279692,556,1.612521529
1777985653.631161,557,1.73605001
1777985654.012095,558,1.647536397
1777985654.372216,559,1.748708487
1777985654.737795,560,1.668644667
1777985655.074371,561,1.586014271
1777985655.443202,562,1.686581612
1777985655.800336,563,1.572680354
1777985656.123132,564,1.539663434
1777985656.496392,565,1.618795395
1777985656.825219,566,1.639282942
1777985657.181656,567,1.577319384
1777985657.559238,568,1.574243546
1777985657.945561,569,1.635905862
1777985658.317297,570,1.606507659
1777985658.684098,571,1.473333836
1777985659.058990,572,1.681985617
1777985659.425196,573,1.652213335
1777985659.780672,574,1.511474371
1777985660.163808,575,1.716229439
1777985660.524923,576,1.689671993
1777985660.875084,577,1.630460143
1777985661.227167,578,1.639844418
1777985661.586287,579,1.649109125
1777985661.980344,580,1.630856752
1777985662.376306,581,1.665306568
1777985662.772576,582,1.701164961
1777985663.117509,583,1.501002073
1777985663.456842,584,1.640518904
1777985663.826622,585,1.665362835
1777985664.168932,586,1.704057813
1777985664.543607,587,1.692112684
1777985664.897465,588,1.590891838
1777985665.270791,589,1.519904375
1777985665.620834,590,1.625867844
1777985665.986472,591,1.621199727
1777985666.395105,592,1.657423019
1777985666.735080,593,1.570034146
1777985667.101919,594,1.618104577
1777985667.417894,595,1.561486006
1777985667.787376,596,1.523755908
1777985668.142517,597,1.651174068
1777985668.490334,598,1.628522754
1777985668.853194,599,1.694937825
1777985669.201041,600,1.52675128
1777985669.543217,601,1.686583877
1777985669.877705,602,1.696184874
1777985670.267842,603,1.74809432
1777985670.646614,604,1.60786891
1777985670.988322,605,1.693818569
1777985671.353518,606,1.666419387
1777985671.709362,607,1.505874991
1777985672.147118,608,1.629893422
1777985672.489050,609,1.619880319
1777985672.833931,610,1.644811153
1777985673.186844,611,1.645145416
1777985786.569830,0,2.20750165
1777985787.193900,1,2.287654161
1777985787.652648,2,2.122601271
1777985788.060947,3,2.149544239
1777985799.068465,4,2.221188307
1777985799.471624,5,2.200340271
1777985799.867517,6,2.094952583
1777985800.249733,7,2.273304939
1777985800.643286,8,2.102216721
1777985801.129982,9,2.236528635
1777985801.500304,10,2.082911491
1777985801.932152,11,2.137529373
1777985802.343876,12,2.064218044
1777985802.806992,13,2.108016014
1777985803.247837,14,2.131688595
1777985803.615712,15,2.148029327
1777985804.200291,16,2.086211681
1777985804.557948,17,2.193244219
1777985804.925227,18,2.199501514
1777985805.384346,19,2.163643837
1777985805.747549,20,2.110919237
1777985806.122653,21,2.178615093
1777985806.500821,22,2.153983831
1777985806.911382,23,2.103368521
1777985807.325982,24,2.183236122
1777985807.702143,25,2.223510504
1777985808.134714,26,2.227344513
1777985808.498968,27,2.114608765
1777985808.851310,28,2.115036249
1777985809.259866,29,2.096705437
1777985809.643119,30,2.113339186
1777985810.022720,31,2.180793285
1777985810.426499,32,2.154758215
1777985810.835648,33,2.137179375
1777985811.216570,34,2.204797506
1777985811.611150,35,2.279600382
1777985812.108326,36,2.139535904
1777985812.482234,37,2.118415833
1777985812.903099,38,2.123509407
1777985813.322103,39,2.045792818
1777985813.705645,40,2.171548843
1777985814.112074,41,2.22331953
1777985814.473882,42,2.194205999
1777985814.891019,43,2.136517048
1777985815.242909,44,2.106069088
1777985815.717071,45,2.108681202
1777985816.113540,46,2.07245183
1777985816.487733,47,2.002270222
1777985816.984159,48,2.109623432
1777985817.353388,49,2.07997632
1777985817.746142,50,2.153971434
1777985818.152756,51,2.193621159
1777985818.536378,52,2.088032246
1777985818.879811,53,2.061399937
1777985819.239321,54,2.224666595
1777985819.589537,55,2.101160049
1777985819.968695,56,2.122914314
1777985820.346393,57,2.13182044
1777985820.690362,58,2.054064751
1777985821.135749,59,2.089177847
1777985821.547794,60,2.15289855
1777985821.955667,61,2.101230383
1777985822.325777,62,2.106921434
1777985822.685719,63,2.150273323
1777985823.119624,64,2.074317932
1777985823.492924,65,1.925762177
1777985823.906409,66,2.059681177
1777985824.289038,67,2.012276173
1777985824.678650,68,2.137203217
1777985825.045967,69,2.027805567
1777985825.398577,70,2.085952759
1777985825.759532,71,2.08283639
1777985826.142852,72,2.054394245
1777985826.503035,73,2.033931255
1777985826.916703,74,2.153373957
1777985827.278796,75,2.073715925
1777985827.688143,76,2.071106672
1777985828.070555,77,2.205866337
1777985828.482846,78,2.129434109
1777985828.918400,79,2.064511538
1777985829.345196,80,2.100094795
1777985829.826405,81,2.160694122
1777985830.265819,82,2.071664572
1777985830.632613,83,2.07433176
1777985831.024882,84,2.068489552
1777985831.452242,85,2.034869432
1777985831.842843,86,2.038600683
1777985832.284362,87,2.140740871
1777985832.731963,88,2.154633045
1777985833.168679,89,2.106918812
1777985833.569705,90,1.968610168
1777985833.979383,91,2.073420525
1777985834.399228,92,2.087467909
1777985834.817822,93,2.069618702
1777985835.210189,94,1.997648358
1777985835.608655,95,2.001126289
1777985836.005018,96,2.033691645
1777985836.416582,97,2.111929655
1777985836.823679,98,2.054354668
1777985837.206233,99,2.038047791
1777985837.629089,100,2.033998489
1777985837.991792,101,2.000842333
1777985838.433568,102,2.027144909
1777985838.884345,103,1.998524189
1777985839.288872,104,1.987866759
1777985839.684214,105,2.097735882
1777985840.079863,106,2.019945621
1777985840.476168,107,2.020386219
1777985840.876256,108,2.013334274
1777985841.346529,109,2.050252914
1777985841.729583,110,2.015269995
1777985842.137668,111,2.012526035
1777985842.540682,112,1.889282942
1777985842.933172,113,1.995247364
1777985843.386597,114,2.087097645
1777985843.799554,115,1.971561909
1777985844.210481,116,2.056509256
1777985844.606510,117,1.94316709
1777985844.995806,118,1.96597898
1777985845.445926,119,1.987124681
1777985845.807254,120,1.835829258
1777985846.216755,121,1.996382117
1777985846.660303,122,1.953227043
1777985847.069358,123,2.045497179
1777985847.462141,124,2.004987001
1777985847.902075,125,1.964977384
1777985848.318876,126,2.028300285
1777985848.748847,127,2.024131775
1777985849.138551,128,1.951059461
1777985849.545106,129,1.987677336
1777985849.969214,130,2.036197662
1777985850.398898,131,1.984022498
1777985850.824275,132,1.986317873
1777985851.249041,133,1.996285796
1777985851.673241,134,1.942409754
1777985852.088640,135,1.942770958
1777985852.510202,136,1.986520886
1777985852.941118,137,1.988744259
1777985853.344605,138,1.9413445
1777985853.775351,139,1.936401844
1777985854.250497,140,1.960993052
1777985854.667105,141,2.015993834
1777985855.145212,142,1.970931649
1777985855.562922,143,2.024934769
1777985855.954754,144,1.957170486
1777985856.358618,145,1.937823892
1777985856.761514,146,1.895127296
1777985857.126682,147,2.01473999
1777985857.493382,148,1.984350443
1777985857.872594,149,2.019458532
1777985858.289643,150,1.912861109
1777985858.712831,151,2.008297443
1777985859.107745,152,1.98210907
1777985859.545027,153,2.059564114
1777985859.965419,154,2.001868486
1777985860.368262,155,1.956516147
1777985860.809249,156,1.993708849
1777985861.199434,157,1.95460999
1777985861.570579,158,1.988791466
1777985861.977970,159,1.980191708
1777985862.333159,160,1.962827206
1777985862.706949,161,1.987650752
1777985863.132912,162,1.950477362
1777985863.542822,163,1.967597008
1777985863.938772,164,1.998057127
1777985864.280596,165,1.891232491
1777985864.617595,166,1.925685644
1777985865.012571,167,1.898326874
1777985865.396697,168,2.03923583
1777985865.840064,169,1.938016176
1777985866.251435,170,1.993238091
1777985866.611593,171,1.965333104
1777985866.995485,172,1.948153138
1777985867.397765,173,1.935172915
1777985867.753658,174,1.943034768
1777985868.150737,175,1.932128191
1777985868.543189,176,1.96159339
1777985868.956767,177,1.92478919
1777985869.354462,178,1.960020185
1777985869.751616,179,1.836784244
1777985870.148125,180,1.943181992
1777985870.554314,181,1.91522944
1777985870.956299,182,1.867556334
1777985871.383577,183,1.914194345
1777985871.786836,184,1.925323844
1777985872.247488,185,1.908467531
1777985872.641042,186,1.923877001
1777985873.006289,187,1.978088379
1777985873.381053,188,1.929151535
1777985873.787676,189,1.953850389
1777985874.178881,190,1.962130189
1777985874.554214,191,1.828061104
1777985874.957042,192,1.90198493
1777985875.319039,193,1.87206912
1777985875.690186,194,1.782564282
1777985876.095172,195,1.821319103
1777985876.518080,196,1.8524158
1777985876.922908,197,1.9089818
1777985877.282029,198,1.882761359
1777985877.727746,199,1.942067504
1777985878.122441,200,1.990342379
1777985878.508482,201,1.811472416
1777985878.896592,202,1.855864763
1777985879.306431,203,1.88212657
1777985879.729367,204,1.897406816
1777985880.127957,205,1.941180229
1777985880.539305,206,1.874491572
1777985880.937090,207,1.950332165
1777985881.323663,208,1.884712815
1777985881.698031,209,1.899586082
1777985882.101489,210,1.929517984
1777985882.494347,211,1.876025081
1777985882.853512,212,1.899039268
1777985883.235964,213,1.900632381
1777985883.628865,214,1.9203372
1777985884.066024,215,1.861976266
1777985884.475097,216,1.902134418
1777985884.902630,217,1.910082817
1777985885.293185,218,1.888780355
1777985885.668415,219,1.913514376
1777985886.056008,220,1.846909523
1777985886.475166,221,1.895910978
1777985886.898882,222,1.86404562
1777985887.332985,223,1.849410295
1777985887.745511,224,1.849359393
1777985888.150913,225,1.944664717
1777985888.600642,226,1.812066317
1777985889.008056,227,1.889754772
1777985889.420560,228,1.919708729
1777985889.802571,229,1.841798425
1777985890.214545,230,1.987497568
1777985890.600888,231,1.845554829
1777985890.942728,232,1.906025052
1777985891.332858,233,1.797872066
1777985891.731300,234,1.862877131
1777985892.138133,235,1.867150784
1777985892.511422,236,1.734272957
1777985892.913276,237,1.902816772
1777985893.323730,238,1.894879222
1777985893.749198,239,1.783276439
1777985894.122031,240,1.879792571
1777985894.687834,241,1.871054888
1777985895.098556,242,1.805747747
1777985895.496944,243,1.898899436
1777985895.929806,244,1.890459299
1777985896.301174,245,1.755772114
1777985896.732698,246,1.813371658
1777985897.163572,247,1.882780075
1777985897.574820,248,1.823865175
1777985897.993081,249,1.907758951
1777985898.420599,250,1.904860258
1777985898.904842,251,1.72215867
1777985899.325660,252,1.837828875
1777985899.856573,253,1.832974911
1777985900.276268,254,1.84186554
1777985900.677251,255,1.679647446
1777985901.088272,256,1.727063417
1777985901.509821,257,1.834382057
1777985901.903176,258,1.801010609
1777985902.245597,259,1.854073286
1777985902.602113,260,1.866705179
1777985902.979095,261,1.829119921
1777985903.360838,262,1.903687239
1777985903.736803,263,1.746530771
1777985904.172802,264,1.835495234
1777985904.583464,265,1.853091955
1777985904.979192,266,1.757284045
1777985905.350971,267,1.757585287
1777985905.747797,268,1.883590698
1777985906.151614,269,1.789527178
1777985906.589581,270,1.764834285
1777985907.000875,271,1.830768466
1777985907.417346,272,1.739589214
1777985907.822423,273,1.782154322
1777985908.196623,274,1.850307465
1777985908.588717,275,1.807966232
1777985909.025267,276,1.849986792
1777985909.436927,277,1.817315936
1777985909.845816,278,1.767966509
1777985910.264316,279,1.874344945
1777985910.680403,280,1.853580713
1777985911.117759,281,1.791654944
1777985911.503662,282,1.72709775
1777985911.941662,283,1.693505526
1777985912.332796,284,1.889119506
1777985912.766114,285,1.741182923
1777985913.222705,286,1.898433208
1777985913.618222,287,1.747741699
1777985914.011828,288,1.799827576
1777985914.379189,289,1.779365301
1777985914.740677,290,1.79999423
1777985915.138513,291,1.766334772
1777985915.499874,292,1.782370806
1777985915.840015,293,1.738492489
1777985916.215061,294,1.781529069
1777985916.556207,295,1.576740026
1777985916.995901,296,1.699490905
1777985917.421900,297,1.815467834
1777985917.837406,298,1.756357789
1777985918.259001,299,1.734190464
1777985918.722292,300,1.818290949
1777985919.145573,301,1.670140386
1777985919.558791,302,1.822848558
1777985919.932067,303,1.937311172
1777985920.327953,304,1.788853407
1777985920.718232,305,1.726225972
1777985921.129608,306,1.877165079
1777985921.547525,307,1.85112834
1777985921.973703,308,1.769198179
1777985922.385381,309,1.753096104
1777985922.803529,310,1.773197412
1777985923.174493,311,1.760897875
1777985923.607272,312,1.655732036
1777985924.051531,313,1.788910627
1777985924.470975,314,1.763938189
1777985924.907751,315,1.758908987
1777985925.337710,316,1.814038038
1777985925.765768,317,1.713919163
1777985926.183116,318,1.766663074
1777985926.602247,319,1.72053051
1777985927.065345,320,1.743163347
1777985927.426709,321,1.718593478
1777985927.845470,322,1.757741451
1777985928.275538,323,1.668939114
1777985928.693997,324,1.792928219
1777985929.150639,325,1.804009795
1777985929.596908,326,1.829149485
1777985929.979199,327,1.744709849
1777985930.347296,328,1.667383075
1777985930.723645,329,1.670603991
1777985931.116468,330,1.833460927
1777985931.509580,331,1.709308624
1777985931.966963,332,1.765467405
1777985932.397885,333,1.743609309
1777985932.814818,334,1.819446087
1777985933.215589,335,1.702505231
1777985933.646109,336,1.708738923
1777985934.088738,337,1.682190537
1777985934.490014,338,1.775934458
1777985934.895508,339,1.711248636
1777985935.286110,340,1.677172661
1777985935.649142,341,1.72991395
1777985936.028429,342,1.635213137
1777985936.423282,343,1.691518545
1777985936.817111,344,1.729118466
1777985937.208360,345,1.818682432
1777985937.659018,346,1.805692911
1777985938.064178,347,1.732213974
1777985938.512939,348,1.800811768
1777985938.973533,349,1.76401937
1777985939.382727,350,1.644641757
1777985939.841896,351,1.751658916
1777985940.195888,352,1.675879955
1777985940.582718,353,1.762370944
1777985940.981866,354,1.652631283
1777985941.368984,355,1.708323479
1777985941.799078,356,1.787676573
1777985942.242646,357,1.78644979
1777985942.629909,358,1.781743646
1777985943.051793,359,1.759310365
1777985943.462831,360,1.598328352
1777985943.862414,361,1.70669651
1777985944.291361,362,1.658106208
1777985944.730927,363,1.678254604
1777985945.159973,364,1.754276276
1777985945.574336,365,1.634440422
1777985945.974644,366,1.770708561
1777985946.349785,367,1.694222212
1777985946.767477,368,1.750974178
1777985947.183422,369,1.604506373
1777985947.559500,370,1.835808754
1777985947.934226,371,1.734676242
1777985948.332319,372,1.623474479
1777985948.709114,373,1.657142401
1777985949.110521,374,1.698656917
1777985949.536311,375,1.728180408
1777985949.956345,376,1.818472624
1777985950.365798,377,1.71015358
1777985950.747225,378,1.694123268
1777985951.173368,379,1.744744301
1777985951.615602,380,1.716556191
1777985952.008173,381,1.761575222
1777985952.400997,382,1.670066833
1777985952.813195,383,1.716675758
1777985953.221838,384,1.703396797
1777985953.592384,385,1.609152555
1777985954.011367,386,1.682603598
1777985954.390693,387,1.707084537
1777985954.800475,388,1.742960811
1777985955.180004,389,1.581508398
1777985955.585568,390,1.697308064
1777985955.963898,391,1.655353427
1777985956.412887,392,1.774113894
1777985956.851149,393,1.677194595
1777985957.309390,394,1.588656902
1777985957.713158,395,1.763950944
1777985958.107532,396,1.643229246
1777985958.559159,397,1.725036025
1777985958.959825,398,1.795076609
1777985959.380662,399,1.752351999
1777985959.824596,400,1.623649359
1777985960.174219,401,1.741271734
1777985960.626164,402,1.769658804
1777985961.008159,403,1.592251301
1777985961.426535,404,1.723309517
1777985961.834542,405,1.679801583
1777985962.210799,406,1.788001299
1777985962.626260,407,1.77879703
1777985963.019535,408,1.627589226
1777985963.411059,409,1.733631015
1777985963.878596,410,1.745907307
1777985964.258545,411,1.616039276
1777985964.638307,412,1.758731365
1777985965.022013,413,1.652941108
1777985965.422812,414,1.676053762
1777985965.840693,415,1.710831404
1777985966.277568,416,1.746103764
1777985966.693451,417,1.674399137
1777985967.108131,418,1.651512742
1777985967.539303,419,1.623330712
1777985967.946407,420,1.67662406
1777985968.362487,421,1.65794611
1777985968.771822,422,1.842772484
1777985969.146012,423,1.579837918
1777985969.505156,424,1.760388255
1777985969.891115,425,1.729303122
1777985970.252046,426,1.580179453
1777985970.634231,427,1.59154582
1777985971.027659,428,1.751185298
1777985971.395175,429,1.731201768
1777985971.791910,430,1.657821655
1777985972.180885,431,1.640243649
1777985972.577031,432,1.648215175
1777985972.957881,433,1.713004112
1777985973.344458,434,1.690984964
1777985973.741856,435,1.752625704
1777985974.141186,436,1.750064492
1777985974.535628,437,1.757723331
1777985974.966217,438,1.667809248
1777985975.411541,439,1.722033262
1777985975.823053,440,1.562316775
1777985976.220281,441,1.660078049
1777985976.642413,442,1.626425505
1777985977.002951,443,1.751527071
1777985977.424555,444,1.687234759
1777985977.806263,445,1.614005566
1777985978.161386,446,1.733279705
1777985978.550951,447,1.748071909
1777985978.953463,448,1.6347121
1777985979.394889,449,1.647486567
1777985979.841120,450,1.656212449
1777985980.190349,451,1.709853411
1777985980.559267,452,1.522233725
1777985980.938569,453,1.749349713
1777985981.339441,454,1.608735204
1777985981.700775,455,1.631311417
1777985982.087220,456,1.663454294
1777985982.460444,457,1.657928824
1777985982.823234,458,1.687888503
1777985999.125897,459,1.585140705
1777985999.499367,460,1.723199606
1777985999.951697,461,1.68037653
1777986000.351054,462,1.70209825
1777986000.751441,463,1.586332321
1777986001.158259,464,1.780350566
1777986001.546618,465,1.69748807
1777986001.919363,466,1.73476243
1777986002.295774,467,1.712247729
1777986002.690125,468,1.580635309
1777986003.070145,469,1.595061302
1777986003.446815,470,1.718494415
1777986003.817194,471,1.742314458
1777986004.208433,472,1.698467731
1777986004.610355,473,1.721756935
1777986005.009660,474,1.722579241
1777986005.424777,475,1.699838042
1777986005.871472,476,1.576048017
1777986006.240756,477,1.625971794
1777986006.672626,478,1.69902277
1777986007.057606,479,1.747964144
1777986007.453254,480,1.707818508
1777986007.871362,481,1.669219494
1777986008.274426,482,1.664642334
1777986008.680555,483,1.71064806
1777986009.079561,484,1.589962006
1777986009.486187,485,1.627016783
1777986009.981281,486,1.70420301
1777986010.375779,487,1.744386911
1777986010.729406,488,1.631346464
1777986011.219844,489,1.790702462
1777986011.621728,490,1.751369953
1777986012.069417,491,1.635479212
1777986012.438721,492,1.776877642
1777986012.776281,493,1.569380403
1777986013.188734,494,1.635303855
1777986013.615447,495,1.657735348
1777986014.006953,496,1.560770988
1777986014.421497,497,1.670348644
1777986014.828286,498,1.627440095
1777986015.289938,499,1.681670427
1777986015.722852,500,1.638762951
1777986016.145712,501,1.659539104
1777986016.526868,502,1.615747929
1777986016.906175,503,1.723446608
1777986017.298678,504,1.703145981
1777986017.660776,505,1.746284246
1777986018.043898,506,1.654651523
1777986018.464334,507,1.775829554
1777986018.849581,508,1.679761887
1777986019.206635,509,1.637367487
1777986019.575462,510,1.616131306
1777986019.973620,511,1.621236205
1777986020.374869,512,1.600250006
1777986020.719113,513,1.73736155
1777986021.126438,514,1.743902802
1777986021.513189,515,1.648573995
1777986021.923491,516,1.543921709
1777986022.320146,517,1.465231895
1777986022.731405,518,1.652341008
1777986023.137254,519,1.658342004
1777986023.549878,520,1.692883134
1777986023.922735,521,1.609518766
1777986024.278164,522,1.519042015
1777986024.659911,523,1.70501399
1777986025.079188,524,1.751706719
1777986025.528186,525,1.70442462
1777986025.889820,526,1.726655006
1777986026.309046,527,1.656197309
1777986026.736415,528,1.584269166
1777986027.132728,529,1.547177792
1777986027.545797,530,1.675327659
1777986027.917128,531,1.572136998
1777986028.314141,532,1.678309917
1777986028.687821,533,1.65489161
1777986029.045420,534,1.674679399
1777986029.401088,535,1.633517981
1777986029.789583,536,1.70491004
1777986030.173862,537,1.736710548
1777986030.499954,538,1.542580128
1777986030.891461,539,1.699276686
1777986031.284887,540,1.6308043
1777986031.675308,541,1.620893717
1777986032.104204,542,1.599163294
1777986032.485330,543,1.64642489
1777986032.894538,544,1.587469339
1777986033.289263,545,1.616994619
1777986033.729764,546,1.676613212
1777986034.139992,547,1.606679916
1777986034.512695,548,1.615433216
1777986034.894121,549,1.666410089
1777986035.277380,550,1.54730773
1777986035.704508,551,1.601312399
1777986036.037867,552,1.593418717
1777986036.461514,553,1.682163239
1777986036.842803,554,1.524718046
1777986037.223489,555,1.636557579
1777986037.668502,556,1.613183618
1777986038.041090,557,1.736158967
1777986038.469469,558,1.649263382
1777986038.860683,559,1.747729182
1777986039.272828,560,1.665020227
1777986039.673457,561,1.5817734
1777986040.076582,562,1.685800314
1777986040.494434,563,1.570191264
1777986040.842529,564,1.536112309
1777986041.249720,565,1.617144585
1777986041.623390,566,1.637773275
1777986042.025059,567,1.576784372
1777986042.463125,568,1.573528528
1777986042.900524,569,1.638954163
1777986043.299151,570,1.604536772
1777986043.719955,571,1.47465539
1777986044.150114,572,1.684824109
1777986044.556943,573,1.651283026
1777986044.978924,574,1.511474133
1777986045.411330,575,1.718168497
1777986045.820197,576,1.687050819
1777986046.239064,577,1.632117271
1777986046.654501,578,1.639634132
1777986047.039577,579,1.648582458
1777986047.453840,580,1.630740523
1777986047.893971,581,1.664892197
1777986048.306122,582,1.700636625
1777986048.664433,583,1.499207973
1777986049.012893,584,1.639383078
1777986049.439699,585,1.664103508
1777986049.802505,586,1.706342697
1777986064.735088,587,1.688065767
1777986065.366260,588,1.590734243
1777986065.803340,589,1.520762205
1777986066.229625,590,1.626431704
1777986066.668475,591,1.620599985
1777986067.128614,592,1.656810045
1777986067.511234,593,1.568512201
1777986067.911770,594,1.61778307
1777986068.236337,595,1.561344624
1777986068.614697,596,1.520657063
1777986068.985942,597,1.651808977
1777986069.369568,598,1.630119562
1777986069.801179,599,1.694152594
1777986070.160913,600,1.527773261
1777986070.516484,601,1.684449434
1777986070.864783,602,1.696308851
1777986071.262220,603,1.747394323
1777986071.678529,604,1.607936859
1777986072.045178,605,1.693273067
1777986072.436502,606,1.666604757
1777986072.823107,607,1.50804615
1777986073.291133,608,1.632616997
1777986073.682569,609,1.621463776
1777986074.100641,610,1.645594358
1777986074.514768,611,1.644696832
1777986074.947658,612,1.598218679
1777986075.319994,613,1.683928132
1777986075.747849,614,1.568496466
1777986076.213901,615,1.591055632
1777986076.638915,616,1.699455261
1777986077.028765,617,1.690977693
1777986077.449300,618,1.636604309
1777986077.826416,619,1.537980556
1777986078.243265,620,1.5725348
1777986078.699430,621,1.588532925
1777986079.124449,622,1.630595922
1777986079.507545,623,1.583771944
1777986079.947050,624,1.655625343
1777986080.372400,625,1.673213124
1777986080.795396,626,1.637862563
1777986081.219537,627,1.654520869
1777986081.639842,628,1.528168321
1777986082.009411,629,1.668903708
1777986082.412539,630,1.635158658
1777986082.815056,631,1.735029459
1777986083.271472,632,1.616889238
1777986083.658380,633,1.510387182
1777986084.064849,634,1.517171144
1777986084.440326,635,1.594096422
1777986084.887925,636,1.653634787
1777986085.329970,637,1.678049564
1777986085.745440,638,1.609731078
1777986086.144830,639,1.651074409
1777986086.551020,640,1.638229132
1777986086.979741,641,1.653630495
1777986087.431998,642,1.6762321
1777986087.860754,643,1.645997167
1777986088.264618,644,1.664213419
1777986088.695763,645,1.571773529
1777986089.055924,646,1.637874365
1777986089.446038,647,1.517969608
1777986089.797175,648,1.470879555
1777986090.176348,649,1.583076477
1777986090.590251,650,1.615859032
1777986091.046769,651,1.645154476
1777986091.471758,652,1.626617193
1777986091.876669,653,1.683958173
1777986092.255732,654,1.609400511
1777986092.627407,655,1.639796734
1777986093.002521,656,1.64768815
1777986093.390412,657,1.68262291
1777986093.799263,658,1.536895394
1777986094.212921,659,1.736938
1777986094.624601,660,1.471592069
1777986094.994709,661,1.565834761
1777986095.413415,662,1.612855434
1777986095.791451,663,1.671535969
1777986096.156772,664,1.620920897
1777986096.563723,665,1.528567195
1777986096.934885,666,1.567492604
1777986097.329875,667,1.648071051
1777986097.709878,668,1.550668359
1777986098.127618,669,1.576394796
1777986098.532654,670,1.612739086
1777986098.939510,671,1.502864599
1777986099.298915,672,1.621273518
1777986099.650045,673,1.570156932
1777986100.026413,674,1.537834406
1777986100.415098,675,1.660442591
1777986100.816301,676,1.556078434
1777986101.178211,677,1.789889574
1777986101.623993,678,1.601977944
1777986101.974705,679,1.497523427
1777986102.336033,680,1.750519037
1777986102.740926,681,1.662541389
1777986103.163345,682,1.624934077
1777986103.591209,683,1.562430978
1777986103.972607,684,1.617479563
1777986104.347283,685,1.572871208
1777986104.701583,686,1.553420186
1777986105.154399,687,1.527676702
1777986105.515845,688,1.476721764
1777986105.935565,689,1.606116176
1777986106.355339,690,1.702237964
1777986106.733535,691,1.640602708
1777986107.126972,692,1.606092095
1777986107.522865,693,1.687763691
1777986107.912360,694,1.60596323
1777986108.294852,695,1.614669681
1777986108.663417,696,1.670824051
1777986109.094259,697,1.552936554
1777986109.441624,698,1.629789829
1777986109.781641,699,1.456553578
1777986110.147466,700,1.664174557
1777986110.534657,701,1.627008677
1777986110.938622,702,1.618558168
1777986111.390051,703,1.677469969
1777986111.819371,704,1.548322916
1777986112.186572,705,1.685542464
1777986112.584547,706,1.702617884
1777986113.016226,707,1.510862589
1777986113.442670,708,1.56058991
1777986113.820123,709,1.645869374
1777986114.223215,710,1.686502457
1777986114.636542,711,1.721335888
1777986115.061001,712,1.707210779
1777986115.468627,713,1.696545482
1777986115.897218,714,1.557529092
1777986116.286680,715,1.658139706
1777986116.695343,716,1.447561026
1777986117.108655,717,1.712347031
1777986117.492219,718,1.478733778
1777986117.961569,719,1.625765324
1777986118.339134,720,1.602454901
1777986118.733668,721,1.650961876
1777986119.143552,722,1.637112856
1777986119.546390,723,1.568269372
1777986119.959167,724,1.407722235
1777986120.353950,725,1.549473047
1777986120.685028,726,1.521127582
1777986136.054568,727,1.567572594
1777986136.439763,728,1.529564261
1777986136.854856,729,1.597221255
1777986137.283262,730,1.648591161
1777986137.655949,731,1.586668849
1777986137.989781,732,1.589271545
1777986138.360193,733,1.564441323
1777986138.751596,734,1.613439083
1777986139.132008,735,1.595064163
1777986139.506763,736,1.695429087
1777986139.868774,737,1.544200778
1777986140.266687,738,1.667866111
1777986140.667896,739,1.56216526
1777986141.053948,740,1.679004431
1777986141.480456,741,1.570667267
1777986141.910764,742,1.669401169
1777986142.270667,743,1.60897243
1777986142.648996,744,1.559130669
1777986143.049768,745,1.557758093
1777986143.431229,746,1.467821598
1777986143.870076,747,1.659670591
1777986144.276495,748,1.621669054
1777986144.682178,749,1.623503089
1777986145.114729,750,1.659074545
1777986145.518196,751,1.540937781
1777986145.921327,752,1.59704566
1777986146.291063,753,1.677496314
1777986146.688384,754,1.652209044
1777986147.111801,755,1.570028543
1777986147.507962,756,1.718815446
1777986147.955270,757,1.590821147
1777986148.326893,758,1.603050113
1777986148.693162,759,1.506374359
1777986149.108714,760,1.569255352
1777986149.498837,761,1.657770872
1777986149.848415,762,1.560105801
1777986150.223053,763,1.644626141
1777986150.621902,764,1.454499722
1777986151.027742,765,1.581357002
1777986151.429960,766,1.577461004
1777986151.774699,767,1.504545689
1777986152.179323,768,1.645802021
1777986152.546207,769,1.488336325
1777986152.981466,770,1.661494255
1777986153.399250,771,1.546529174
1777986153.812186,772,1.668603182
1777986154.227575,773,1.562501073
1777986154.639192,774,1.612833023
1777986155.023143,775,1.562037587
1777986155.421754,776,1.502789736
1777986155.825287,777,1.622083664
1777986156.229686,778,1.514567733
1777986156.605948,779,1.500634789
1777986156.996876,780,1.565867901
1777986157.374548,781,1.49838388
1777986157.745203,782,1.625476837
1777986158.155186,783,1.598035693
1777986158.581055,784,1.553937674
1777986159.017924,785,1.565768957
1777986159.467829,786,1.526594043
1777986159.850542,787,1.539553404
1777986160.235142,788,1.553087473
1777986160.663242,789,1.6236552
1777986161.062911,790,1.545188189
1777986161.481130,791,1.496087193
1777986161.884498,792,1.453218222
1777986162.290820,793,1.54001236
1777986162.646441,794,1.581517816
1777986163.041656,795,1.535134792
1777986163.417032,796,1.319718361
1777986163.814785,797,1.600594401
1777986164.259291,798,1.562170029
1777986164.681720,799,1.508743644
1777986165.085584,800,1.637621999
1777986165.490042,801,1.590981007
1777986165.889549,802,1.533210516
1777986166.307515,803,1.565697908
1777986166.710221,804,1.627313733
1777986167.117755,805,1.560644031
1777986167.560102,806,1.543608785
1777986167.963798,807,1.477461338
1777986168.350210,808,1.575179458
1777986168.744670,809,1.556251526
1777986169.164206,810,1.597963095
1777986169.580275,811,1.511376858
1777986170.012074,812,1.500366211
1777986170.398974,813,1.54101193
1777986170.778751,814,1.454612255
1777986171.198261,815,1.505094767
1777986171.567411,816,1.598321199
1777986171.966229,817,1.621697664
1777986172.318666,818,1.472598433
1777986172.746228,819,1.618894935
1777986173.161330,820,1.584577799
1777986173.588915,821,1.433570385
1777986173.977607,822,1.654362202
1777986174.390841,823,1.554678202
1777986174.798294,824,1.545708776
1777986175.222166,825,1.547296643
1777986175.592106,826,1.488866687
1777986175.984344,827,1.483414173
1777986176.392698,828,1.434031487
1777986176.829334,829,1.611703157
1777986177.200267,830,1.553782821
1777986177.597581,831,1.595261335
1777986178.000390,832,1.590027571
1777986178.364535,833,1.579443455
1777986178.766454,834,1.569946408
1777986179.115523,835,1.643827081
1777986179.544447,836,1.58214736
1777986179.948682,837,1.673256397
1777986180.391606,838,1.498919487
1777986180.800490,839,1.458390713
1777986181.233612,840,1.550837159
1777986181.654200,841,1.554567575
1777986182.057574,842,1.552094698
1777986182.421359,843,1.427158713
1777986182.806878,844,1.517363787
1777986183.189205,845,1.548736572
1777986183.586061,846,1.446531415
1777986184.022415,847,1.602538109
1777986184.418422,848,1.543772459
1777986184.791521,849,1.546863079
1777986185.244873,850,1.436163664
1777986185.644705,851,1.584499836
1777986186.108076,852,1.56261313
1777986186.520006,853,1.613537192
1777986186.972583,854,1.586748123
1777986187.391226,855,1.564434409
1777986187.786151,856,1.510864615
1777986188.218489,857,1.50507021
1777986188.612488,858,1.625181437
1777986189.019148,859,1.567436934
1777986189.410712,860,1.604445577
1777986189.805732,861,1.514059901
1777986190.216101,862,1.492795706
1777986190.631598,863,1.54379034
1777986191.011985,864,1.47218132
1777986191.426091,865,1.46101439
1777986191.802856,866,1.671551466
1777986192.211184,867,1.568605423
1777986192.611408,868,1.569912195
1777986193.068753,869,1.474366665
1777986193.433762,870,1.532329559
1777986193.773046,871,1.563712358
1777986194.185041,872,1.584586978
1777986194.574791,873,1.546971202
1777986194.977597,874,1.538840294
1777986195.406454,875,1.492185116
1777986195.805496,876,1.534579277
1777986196.210124,877,1.548333049
1777986196.582881,878,1.490473032
1777986196.991464,879,1.482524991
1777986197.402396,880,1.520058513
1777986197.862891,881,1.558711052
1777986198.284953,882,1.458251238
1777986198.668226,883,1.422763586
1777986199.050242,884,1.54005754
1777986199.438020,885,1.617649674
1777986199.867082,886,1.531068563
1777986200.242744,887,1.630577564
1777986200.645980,888,1.590144157
1777986201.071928,889,1.580572486
1777986201.491596,890,1.555537939
1777986201.869028,891,1.550865173
1777986202.288983,892,1.58865118
1777986202.670758,893,1.497371197
1777986203.057685,894,1.602394342
1777986203.476496,895,1.593938351
1777986203.869495,896,1.528948307
1777986204.220530,897,1.558910847
1777986204.595536,898,1.569824815
1777986204.985982,899,1.547210217
1777986205.383510,900,1.560143471
1777986205.807690,901,1.52887249
1777986206.239257,902,1.396820426
1777986206.650701,903,1.595803618
1777986207.108074,904,1.609457612
1777986207.530127,905,1.569673538
1777986207.929734,906,1.532970786
1777986208.338423,907,1.513882756
1777986208.764477,908,1.438330889
1777986209.185043,909,1.43288219
1777986209.540843,910,1.528319597
1777986209.907220,911,1.402115941
1777986210.243742,912,1.546101689
1777986210.695176,913,1.441747665
1777986211.062546,914,1.504054785
1777986211.466807,915,1.466133595
1777986211.879532,916,1.571451902
1777986212.280776,917,1.522902489
1777986212.627825,918,1.433557272
1777986212.996895,919,1.572748661
1777986213.354966,920,1.551363707
1777986213.751496,921,1.527841806
1777986214.117126,922,1.56291306
1777986214.491633,923,1.477212429
1777986214.838630,924,1.610203028
1777986215.217785,925,1.579408646
1777986215.622548,926,1.529853463
1777986215.962948,927,1.505541563
1777986216.307703,928,1.462877035
1777986216.686539,929,1.501902938
1777986217.052135,930,1.60731554
1777986217.423311,931,1.487655878
1777986217.782089,932,1.486815333
1777986218.115381,933,1.58855772
1777986218.499389,934,1.475813627
1777986218.869298,935,1.44920063
1777986219.194702,936,1.44494617
1777986219.545475,937,1.577824235
1777986219.884783,938,1.521494508
1777986220.222060,939,1.568214297
1777986220.581669,940,1.611497879
1777986220.960671,941,1.491571665
1777986221.297650,942,1.462194204
1777986221.684745,943,1.441428661
1777986222.041849,944,1.581148148
1777986222.457078,945,1.416320324
1777986222.850475,946,1.459352016
1777986223.220939,947,1.546057701
1777986223.586835,948,1.484344244
1777986223.941935,949,1.589337587
1777986224.286332,950,1.525093555
1777986224.670380,951,1.593379498
1777986224.999115,952,1.458922863
1777986225.357554,953,1.428216457
1777986225.739921,954,1.577409506
1777986226.074911,955,1.490027428
1777986226.437642,956,1.528665543
1777986226.815392,957,1.487209082
1777986227.148777,958,1.561147928
1777986227.504857,959,1.527147293
1777986227.846422,960,1.440008879
1777986228.193565,961,1.541416407
1777986228.543710,962,1.473381758
1777986228.903515,963,1.524765253
1777986229.316820,964,1.55292511
1777986229.681674,965,1.6280936
1777986230.041674,966,1.454523802
1777986230.366823,967,1.433829308
1777986230.730899,968,1.466106534
1777986231.090234,969,1.504664063
1777986231.483529,970,1.536443472
1777986231.812598,971,1.483765244
1777986232.145343,972,1.455791473
1777986232.523084,973,1.411163092
1777986232.877115,974,1.483783245
1777986233.247575,975,1.503830552
1777986233.633105,976,1.427575707
1777986234.008967,977,1.547257662
1777986234.374644,978,1.601393461
1777986234.724236,979,1.663860321
1777986235.091862,980,1.534951925
1777986235.452947,981,1.403389215
1777986235.842795,982,1.576225758
1777986236.208935,983,1.452130437
1777986236.587536,984,1.606855869
1777986236.947677,985,1.484013081
1777986237.297012,986,1.515702248
1777986237.668547,987,1.482842326
1777986238.015947,988,1.646208048
1777986238.373605,989,1.488677263
1777986238.719366,990,1.417810798
1777986239.072708,991,1.390661359
1777986239.447173,992,1.443598151
1777986239.818205,993,1.498794317
1777986240.203416,994,1.570728183
1777986240.570193,995,1.456011176
1777986240.928320,996,1.35149467
1777986241.284614,997,1.531666279
1777986241.629500,998,1.457901835
1777986242.024151,999,1.502630234
1777986242.355527,1000,1.42861867
1777986242.727011,1001,1.599197149
1777986243.084365,1002,1.463129997
1777986243.451738,1003,1.527879715
1777986243.797900,1004,1.460234642
1777986244.148980,1005,1.510965824
1777986244.511345,1006,1.636166215
1777986244.851540,1007,1.591140628
1777986245.209584,1008,1.48811841
1777986245.593961,1009,1.397849441
1777986245.943099,1010,1.562156677
1777986246.285736,1011,1.529339314
1777986246.641575,1012,1.4788872
1777986246.995072,1013,1.427556515
1777986247.334737,1014,1.518419504
1777986247.718251,1015,1.54343152
1777986248.134426,1016,1.642994404
1777986248.493405,1017,1.428626537
1777986248.834412,1018,1.50240469
1777986249.250800,1019,1.613207817
1777986249.689214,1020,1.453923225
1777986250.072205,1021,1.534116983
1777986250.426495,1022,1.65344739
1777986250.758243,1023,1.543380022
1777986251.166061,1024,1.478181124
1777986251.507464,1025,1.494581938
1777986251.857560,1026,1.417708397
1777986252.226178,1027,1.466303825
1777986252.583429,1028,1.545922756
1777986252.926236,1029,1.379724979
1777986253.302554,1030,1.487838745
1777986253.666971,1031,1.44473803
1777986254.016993,1032,1.583636761
1777986254.408214,1033,1.388672352
1777986254.786461,1034,1.512334585
1777986255.166027,1035,1.550967693
1777986255.522782,1036,1.482225299
1777986255.890209,1037,1.595541239
1777986256.279638,1038,1.333357334
1777986256.608300,1039,1.375981927
1777986256.979833,1040,1.402246833
1777986257.324388,1041,1.474677324
1777986257.739263,1042,1.464383364
1777986258.100782,1043,1.581591368
1777986258.479786,1044,1.428585052
1777986258.837478,1045,1.602509499
1777986259.212807,1046,1.557708025
1777986259.613709,1047,1.456130743
1777986259.977232,1048,1.429793596
1777986260.328470,1049,1.537138462
1777986260.673625,1050,1.52459383
1777986261.059373,1051,1.480431437
1777986261.420033,1052,1.373905659
1777986261.780669,1053,1.419965029
1777986262.142528,1054,1.483017325
1777986262.503223,1055,1.444482327
1777986262.857250,1056,1.529966474
1777986263.247405,1057,1.555019259
1777986263.668894,1058,1.575582147
1777986264.008472,1059,1.426192164
1777986264.393720,1060,1.384469509
1777986264.745196,1061,1.444687843
1777986265.145917,1062,1.489975691
1777986265.591014,1063,1.436647654
1777986265.962533,1064,1.452600956
1777986266.331129,1065,1.424317956
1777986266.703611,1066,1.495527983
1777986267.040896,1067,1.530280352
1777986267.391000,1068,1.420940161
1777986267.762417,1069,1.459829211
1777986268.114166,1070,1.482879162
1777986268.476976,1071,1.505438566
1777986268.837229,1072,1.565755963
1777986269.211178,1073,1.48735857
1777986269.562770,1074,1.421893001
1777986269.878996,1075,1.451799512
1777986270.270084,1076,1.616620779
1777986270.648837,1077,1.349202871
1777986270.990324,1078,1.37546885
1777986271.364796,1079,1.471236229
1777986271.748834,1080,1.541370511
1777986272.153097,1081,1.557818413
1777986272.509106,1082,1.571003675
1777986272.843796,1083,1.453821659
1777986273.227418,1084,1.434125066
1777986273.606528,1085,1.522957683
1777986273.993229,1086,1.389548421
1777986274.338789,1087,1.517383575
1777986274.687066,1088,1.435778379
1777986275.056767,1089,1.526709318
1777986275.424230,1090,1.459156275
1777986275.833190,1091,1.491750479
1777986276.235574,1092,1.455099583
1777986276.576941,1093,1.544007301
1777986276.951117,1094,1.450577736
1777986277.310413,1095,1.502673268
1777986277.677433,1096,1.447460771
1777986278.076198,1097,1.482118368
1777986278.447668,1098,1.523915529
1777986278.860931,1099,1.512332082
1777986279.251200,1100,1.470342398
1777986279.643583,1101,1.306766272
1777986280.016100,1102,1.428927898
1777986280.414547,1103,1.427150011
1777986280.791510,1104,1.61743021
1777986281.163691,1105,1.435842514
1777986281.509470,1106,1.307661772
1777986281.891235,1107,1.447552919
1777986282.265402,1108,1.646686792
1777986282.659148,1109,1.442614555
1777986283.031148,1110,1.497373581
1777986283.442725,1111,1.469398737
1777986283.799973,1112,1.48323822
1777986284.167337,1113,1.536349177
1777986284.546126,1114,1.449241877
1777986284.903275,1115,1.452706099
1777986285.265234,1116,1.4950459
1777986285.656895,1117,1.519458413
1777986286.057914,1118,1.390472889
1777986286.446543,1119,1.559232831
1777986286.844382,1120,1.422981381
1777986287.237070,1121,1.373641253
1777986287.617681,1122,1.440050364
1777986288.019158,1123,1.527428865
1777986288.390262,1124,1.400682688
1777986288.749789,1125,1.418606043
1777986289.170162,1126,1.48100853
1777986289.575870,1127,1.47055161
1777986289.907409,1128,1.413776517
1777986290.323496,1129,1.548739552
1777986290.697491,1130,1.475525379
1777986291.111659,1131,1.544941783
1777986291.503193,1132,1.496048093
1777986291.850049,1133,1.532147884
1777986292.196841,1134,1.524004698
1777986292.583277,1135,1.432335615
1777986292.994842,1136,1.520155907
1777986293.391981,1137,1.447123647
1777986293.757389,1138,1.477222919
1777986294.130132,1139,1.441240072
1777986294.542045,1140,1.574518561
1777986294.918745,1141,1.550315857
1777986295.351646,1142,1.492189527
1777986295.707831,1143,1.479336619
1777986296.126216,1144,1.412101984
1777986296.514437,1145,1.467675686
1777986296.928422,1146,1.544874191
1777986297.321408,1147,1.443087578
1777986297.686183,1148,1.463301897
1777986298.064367,1149,1.474851727
1777986298.410429,1150,1.343119383
1777986298.758130,1151,1.444410324
1777986299.113829,1152,1.498517871
1777986299.522320,1153,1.528842211
1777986299.925469,1154,1.381728649
1777986300.333501,1155,1.534997463
1777986300.723438,1156,1.555289745
1777986301.071281,1157,1.364653587
1777986301.440962,1158,1.485412359
1777986301.802336,1159,1.493097305
1777986302.171776,1160,1.588459611
1777986302.538000,1161,1.581520081
1777986302.907458,1162,1.45716536
1777986303.274048,1163,1.548574209
1777986303.624365,1164,1.434247255
1777986303.966349,1165,1.451870203
1777986304.338780,1166,1.561779499
1777986304.716913,1167,1.440417767
1777986305.089081,1168,1.461139679
1777986305.457889,1169,1.595910788
1777986305.816386,1170,1.363105059
1777986306.187787,1171,1.474298716
1777986306.536571,1172,1.412096262
1777986306.912359,1173,1.598396063
1777986307.272811,1174,1.406611204
1777986307.622936,1175,1.419436693
1777986307.967578,1176,1.433357954
1777986308.362224,1177,1.556590319
1777986308.734106,1178,1.423288107
1777986309.099671,1179,1.541571856
1777986309.470792,1180,1.443261623
1777986309.865261,1181,1.473961592
1777986310.238236,1182,1.566499233
1777986310.606106,1183,1.432502151
1777986310.988891,1184,1.53147471
1777986311.332289,1185,1.468517542
1777986311.691918,1186,1.51916647
1777986312.080637,1187,1.376790285
1777986312.425555,1188,1.509200454
1777986312.783395,1189,1.362388849
1777986313.174336,1190,1.545052052
1777986313.503633,1191,1.536320448
1777986313.892527,1192,1.576493502
1777986314.263659,1193,1.514087796
1777986314.609286,1194,1.422586679
1777986314.953458,1195,1.435758829
1777986315.365950,1196,1.509259224
1777986315.735308,1197,1.334789753
1777986316.106330,1198,1.492372036
1777986316.432428,1199,1.389190674
1777986316.796576,1200,1.544406891
1777986332.059922,1201,1.536976337
1777986332.442849,1202,1.576636553
1777986332.797073,1203,1.578469276
1777986333.216856,1204,1.559035063
1777986333.595197,1205,1.390889287
1777986333.967964,1206,1.435454726
1777986334.333162,1207,1.465184689
1777986334.683476,1208,1.367645264
1777986335.033977,1209,1.481152773
1777986335.359117,1210,1.527660489
1777986335.704410,1211,1.478876591
1777986351.959886,1212,1.508501768
1777986355.700647,1213,1.424095631
1777986356.081111,1214,1.488284707
1777986356.437095,1215,1.412218928
1777986356.805376,1216,1.481355429
1777986357.141230,1217,1.57939291
1777986357.465719,1218,1.40513742
1777986357.822474,1219,1.345267892
1777986358.148955,1220,1.355734706
1777986358.508341,1221,1.473471642
1777986358.892696,1222,1.502888203
1777986359.218038,1223,1.348078609
1777986359.566914,1224,1.471538305
1777986359.965416,1225,1.476630211
1777986360.376920,1226,1.49527061
1777986360.753771,1227,1.485718489
1777986361.133379,1228,1.397873402
1777986361.499103,1229,1.463964105
1777986361.849376,1230,1.53044486
1777986362.194279,1231,1.554887414
1777986362.562813,1232,1.416835189
1777986362.932122,1233,1.510414481
1777986363.261537,1234,1.497238398
1777986363.652502,1235,1.384989262
1777986364.052413,1236,1.591347456
1777986364.421999,1237,1.459073782
1777986364.759489,1238,1.339550734
1777986365.088809,1239,1.552443504
1777986365.429287,1240,1.388795137
1777986365.794809,1241,1.399881721
1777986366.177811,1242,1.46965313
1777986366.525053,1243,1.424640894
1777986366.938479,1244,1.4112221
1777986367.390567,1245,1.422994375
1777986367.743953,1246,1.453758478
1777986368.167845,1247,1.465052009
1777986368.545234,1248,1.415122032
1777986368.909164,1249,1.429075003
1777986369.296286,1250,1.532664061
1777986369.637325,1251,1.471237779
1777986370.077562,1252,1.462538719
1777986370.455695,1253,1.353651643
1777986370.923225,1254,1.396254778
1777986371.414932,1255,1.50628829
1777986371.850269,1256,1.484931707
1777986372.211899,1257,1.405397415
1777986372.565175,1258,1.469244003
1777986372.907195,1259,1.447931051
1777986373.267554,1260,1.528759241
1777986373.615590,1261,1.48519659
1777986373.988806,1262,1.303498745
1777986374.365188,1263,1.420405388
1777986374.719511,1264,1.466862202
1777986375.077936,1265,1.471175671
1777986375.428105,1266,1.476583719
1777986375.821972,1267,1.462329507
1777986376.203803,1268,1.625406504
1777986376.560688,1269,1.426339507
1777986376.933589,1270,1.404557943
1777986377.316476,1271,1.323445082
1777986377.748317,1272,1.363134146
1777986378.116177,1273,1.389509201
1777986378.474859,1274,1.439595699
1777986378.849402,1275,1.389432549
1777986379.232656,1276,1.402975559
1777986379.621383,1277,1.476171494
1777986379.968433,1278,1.492893457
1777986380.377709,1279,1.430386066
1777986380.773914,1280,1.32988143
1777986381.110400,1281,1.427004218
1777986381.457868,1282,1.539427876
1777986381.851987,1283,1.499490738
1777986382.249457,1284,1.434560418
1777986382.617563,1285,1.344001532
1777986382.992228,1286,1.24239552
1777986383.355651,1287,1.392090321
1777986383.725669,1288,1.607273221
1777986384.122869,1289,1.506352782
1777986384.490645,1290,1.506909728
1777986384.874438,1291,1.483228922
1777986385.222176,1292,1.500464797
1777986385.550023,1293,1.426825523
1777986385.928431,1294,1.483269334
1777986386.251536,1295,1.461096525
1777986386.587458,1296,1.523948312
1777986386.918687,1297,1.446925402
1777986387.268294,1298,1.558258533
1777986387.610778,1299,1.457749605
1777986387.961782,1300,1.567239285
1777986388.338258,1301,1.445709348
1777986388.719493,1302,1.365641236
1777986389.093668,1303,1.380103111
1777986389.435983,1304,1.394938946
1777986389.799337,1305,1.446312547
1777986390.215168,1306,1.530318022
1777986390.593168,1307,1.467967987
1777986391.016696,1308,1.384274602
1777986391.407314,1309,1.469674587
1777986391.785718,1310,1.519730091
1777986392.151911,1311,1.377877474
1777986392.520368,1312,1.44747901
1777986392.896652,1313,1.457226276
1777986393.246157,1314,1.30248034
1777986393.606945,1315,1.624291897
1777986393.986200,1316,1.522111893
1777986394.406379,1317,1.54339695
1777986394.812708,1318,1.410770416
1777986395.200010,1319,1.471550345
1777986395.578776,1320,1.284723043
1777986395.928492,1321,1.466635704
1777986396.308199,1322,1.398723841
1777986396.654880,1323,1.523334861
1777986397.031292,1324,1.427205801
1777986397.419950,1325,1.459957957
1777986397.793460,1326,1.436249375
1777986398.170593,1327,1.503371954
1777986398.531772,1328,1.466544867
1777986398.918539,1329,1.419612885
1777986399.341561,1330,1.412134409
1777986399.732169,1331,1.326944947
1777986400.116832,1332,1.485450149
1777986400.437885,1333,1.390826225
1777986400.821939,1334,1.521815658
1777986401.175638,1335,1.559047103
1777986413.318330,1336,1.556716442
1777986417.176390,1337,1.442688942
1777986417.569569,1338,1.453286409
1777986417.965541,1339,1.475794077
1777986418.313035,1340,1.503302574
1777986418.658962,1341,1.58040309
1777986419.020966,1342,1.560263872
1777986419.357184,1343,1.455073357
1777986419.767408,1344,1.509455204
1777986420.195728,1345,1.439289331
1777986420.568238,1346,1.428190351
1777986420.952792,1347,1.43514967
1777986421.326574,1348,1.557458401
1777986421.659720,1349,1.471325874
1777986422.013422,1350,1.496887207
1777986422.381862,1351,1.335395217
1777986422.755410,1352,1.50518465
1777986423.146792,1353,1.432231426
1777986423.528947,1354,1.41849184
1777986423.928896,1355,1.58584559
1777986424.319427,1356,1.344312787
1777986424.654278,1357,1.291540742
1777986425.036034,1358,1.391138077
1777986425.423977,1359,1.40814662
1777986425.767680,1360,1.499859691
1777986426.147780,1361,1.287066936
1777986426.478767,1362,1.427957177
1777986426.812299,1363,1.323425055
1777986427.213620,1364,1.396307468
1777986427.558961,1365,1.492426991
1777986427.953074,1366,1.544535041
1777986428.339377,1367,1.531271219
1777986428.736165,1368,1.41951251
1777986429.159978,1369,1.523597479
1777986429.535921,1370,1.456416607
1777986429.873708,1371,1.379250765
1777986430.271426,1372,1.362606525
1777986430.627981,1373,1.413783312
1777986431.001095,1374,1.526198626
1777986431.380398,1375,1.465121865
1777986431.737565,1376,1.406838775
1777986432.147980,1377,1.379003525
1777986432.519903,1378,1.546106577
1777986432.936237,1379,1.57182622
1777986433.380594,1380,1.501031041
1777986433.803714,1381,1.576454759
1777986434.176348,1382,1.409993172
1777986434.566695,1383,1.47472024
1777986434.911120,1384,1.516035914
1777986435.347997,1385,1.399236083
1777986435.712697,1386,1.47674036
1777986436.118947,1387,1.398223162
1777986436.534315,1388,1.427899361
1777986436.922418,1389,1.433410048
1777986437.305985,1390,1.242683172
1777986437.663819,1391,1.485558748
1777986438.048468,1392,1.543673277
1777986438.412350,1393,1.483718872
1777986438.764942,1394,1.360685468
1777986439.143296,1395,1.40284729
1777986439.525612,1396,1.454152226
1777986439.893345,1397,1.372701883
1777986440.262670,1398,1.417791605
1777986440.636434,1399,1.483260274
1777986441.060873,1400,1.484452486
1777986441.426709,1401,1.331990957
1777986441.793376,1402,1.393544912
1777986442.141958,1403,1.342479587
1777986442.525332,1404,1.490727425
1777986442.903592,1405,1.550145388
1777986443.278847,1406,1.498813033
1777986443.652776,1407,1.436871767
1777986444.065047,1408,1.427776814
1777986444.441082,1409,1.393209815
1777986444.845769,1410,1.496169567
1777986445.264132,1411,1.474881768
1777986445.657840,1412,1.493209839
1777986446.039836,1413,1.426342487
1777986446.421158,1414,1.355965853
1777986446.798978,1415,1.452379227
1777986447.188816,1416,1.504002094
1777986447.591702,1417,1.404948115
1777986448.004265,1418,1.448720098
1777986448.393109,1419,1.258457303
1777986448.775321,1420,1.478777409
1777986449.200870,1421,1.445378304
1777986449.634621,1422,1.37126565
1777986450.013976,1423,1.442743063
1777986450.419625,1424,1.442777991
1777986450.846400,1425,1.397588968
1777986451.299328,1426,1.360497117
1777986451.672949,1427,1.21906805
1777986452.081838,1428,1.40768373
1777986452.504784,1429,1.439809799
1777986452.977579,1430,1.373896599
1777986453.416006,1431,1.289118767
1777986453.832482,1432,1.47190392
1777986454.227660,1433,1.517168403
1777986454.629359,1434,1.469160318
1777986455.003292,1435,1.38988471
1777986455.399805,1436,1.345858574
1777986455.852399,1437,1.503530979
1777986456.267312,1438,1.509027004
1777986456.639222,1439,1.524483681
1777986456.992465,1440,1.443975329
1777986457.395820,1441,1.383893013
1777986457.760726,1442,1.273704648
1777986458.094594,1443,1.482344031
1777986458.481903,1444,1.330780745
1777986458.851400,1445,1.234024644
1777986459.211352,1446,1.384265542
1777986459.560073,1447,1.546253443
1777986459.955966,1448,1.334272265
1777986460.349206,1449,1.265952587
1777986460.737395,1450,1.353937149
1777986461.125995,1451,1.415368438
1777986461.526789,1452,1.448863506
1777986462.002747,1453,1.526792288
1777986462.428495,1454,1.412496805
1777986462.839086,1455,1.473174095
1777986463.267411,1456,1.450541019
1777986463.689997,1457,1.428867698
1777986464.141991,1458,1.315801144
1777986464.541912,1459,1.317124724
1777986464.949923,1460,1.356421232
1777986465.349032,1461,1.464996576
1777986465.785291,1462,1.468250513
1777986466.172832,1463,1.407068014
1777986466.637767,1464,1.453353405
1777986467.085227,1465,1.335197806
1777986467.503915,1466,1.248488307
1777986467.890823,1467,1.394130707
1777986468.279340,1468,1.393934369
1777986468.698847,1469,1.436099648
1777986469.196880,1470,1.375915051
1777986469.703709,1471,1.455497265
1777986470.070812,1472,1.473902345
1777986470.406793,1473,1.455084801
1777986470.763580,1474,1.357350707
1777986471.108133,1475,1.299077034
1777986471.476097,1476,1.347774267
1777986471.858866,1477,1.411860704
1777986472.293049,1478,1.493987083
1777986472.663124,1479,1.539988875
1777986473.028165,1480,1.457829952
1777986473.395889,1481,1.308365345
1777986473.762922,1482,1.43627882
1777986474.087285,1483,1.21924901
1777986474.430692,1484,1.431954741
1777986474.775481,1485,1.321938753
1777986475.157128,1486,1.309225798
1777986683.594073,1488,1.377508521
1777986684.058124,1489,1.437620163
1777986684.485475,1490,1.491521358
1777986684.956243,1491,1.498738289
1777986685.363164,1492,1.47825408
1777986685.720088,1493,1.498811007
1777986686.161182,1494,1.382838726
1777986686.593720,1495,1.369573832
1777986687.009876,1496,1.419361591
1777986687.448633,1497,1.392011523
1777986687.864410,1498,1.395823717
1777986688.327696,1499,1.485342741
1777986688.749710,1500,1.478853464
1777986689.191295,1501,1.403699398
1777986689.644454,1502,1.372015715
1777986690.025514,1503,1.330456376
1777986690.417025,1504,1.547338128
1777986690.864533,1505,1.56038928
1777986691.283444,1506,1.415890098
1777986691.715453,1507,1.383667707
1777986692.149561,1508,1.342388391
1777986692.586312,1509,1.466295362
1777986693.030715,1510,1.424198389
1777986693.454381,1511,1.392241836
1777986693.897986,1512,1.408276558
1777986694.279546,1513,1.415668607
1777986694.728595,1514,1.430355787
1777986695.170407,1515,1.429625392
1777986695.578663,1516,1.406222343
1777986696.028415,1517,1.45832324
1777986696.444726,1518,1.244910717
1777986696.856301,1519,1.490222931
1777986697.286120,1520,1.287771702
1777986697.741124,1521,1.500969172
1777986698.129194,1522,1.379523993
1777986698.518759,1523,1.223214865
1777986698.879393,1524,1.385683894
1777986699.270108,1525,1.273692012
1777986699.708843,1526,1.430528164
1777986700.097759,1527,1.460454345
1777986700.485643,1528,1.454281807
1777986700.882671,1529,1.301507354
1777986701.275731,1530,1.28096199
1777986701.648772,1531,1.509315252
1777986701.965419,1532,1.374132514
1777986702.358360,1533,1.537945867
1777986702.743691,1534,1.473615766
1777986703.148540,1535,1.440694332
1777986703.551115,1536,1.433008552
1777986703.999997,1537,1.33762002
1777986704.400603,1538,1.334201097
1777986704.770482,1539,1.397136927
1777986705.156582,1540,1.4402529
1777986705.534931,1541,1.416736603
1777986705.893076,1542,1.439562917
1777986706.210342,1543,1.361641884
1777986706.637206,1544,1.560507536
1777986707.113498,1545,1.366275907
1777986707.504495,1546,1.404632568
1777986707.897060,1547,1.325814366
1777986708.305336,1548,1.512467623
1777986708.715510,1549,1.359254837
1777986709.118276,1550,1.35743463
1777986709.562172,1551,1.366335392
1777986709.961057,1552,1.394189358
1777986710.398770,1553,1.42797029
1777986710.776359,1554,1.490886569
1777986711.204795,1555,1.400341868
1777986711.629745,1556,1.518096089
1777986712.003253,1557,1.379523754
1777986712.373080,1558,1.449986696
1777986712.836280,1559,1.45963347
1777986713.286152,1560,1.357848644
1777986713.687130,1561,1.491152287
1777986714.047296,1562,1.400727272
1777986714.442871,1563,1.455461264
1777986714.786771,1564,1.389993548
1777986715.117203,1565,1.328430295
1777986715.530905,1566,1.432706594
1777986715.905056,1567,1.363984704
1777986716.241195,1568,1.429250836
1777986716.667346,1569,1.335955143
1777986717.132262,1570,1.506260872
1777986717.554713,1571,1.504001617
1777986717.965846,1572,1.284496307
1777986718.423622,1573,1.369405746
1777986718.807748,1574,1.45664978
1777986719.257335,1575,1.499204636
1777986719.693399,1576,1.428634524
1777986720.091195,1577,1.419613838
1777986720.475697,1578,1.539339066
1777986720.832961,1579,1.323482394
1777986721.209162,1580,1.393330097
1777986721.550544,1581,1.452132702
1777986721.900640,1582,1.409245729
1777986722.241928,1583,1.480386615
1777986722.582086,1584,1.567078352
1777986723.001702,1585,1.47144556
1777986723.414298,1586,1.407706261
1777986723.861436,1587,1.518124819
1777986724.306138,1588,1.419445276
1777986724.728465,1589,1.362784624
1777986725.167832,1590,1.541331768
1777986725.590931,1591,1.308254004
1777986726.010833,1592,1.510903597
1777986726.401264,1593,1.502124071
1777986726.843375,1594,1.367710352
1777986727.263448,1595,1.426564574
1777986727.685637,1596,1.312989831
1777986728.088360,1597,1.370692968
1777986728.451694,1598,1.480652452
1777986728.828062,1599,1.403200507
1777986729.211282,1600,1.315371275
1777986729.670887,1601,1.388233662
1777986730.081643,1602,1.325439572
1777986730.510776,1603,1.483154535
1777986730.915560,1604,1.331395626
1777986731.275500,1605,1.551728725
1777986731.676278,1606,1.448192954
1777986732.033013,1607,1.328213334
1777986732.528390,1608,1.314725041
1777986732.984462,1609,1.447158337
1777986733.395786,1610,1.368338585
1777986733.804118,1611,1.371506691
1777986734.234071,1612,1.54518795
1777986734.649958,1613,1.54981637
1777986735.055302,1614,1.303110123
1777986735.472279,1615,1.373052001
1777986735.888151,1616,1.384525537
1777986736.297487,1617,1.315648079
1777986736.683899,1618,1.348956823
1777986737.115604,1619,1.34615016
1777986737.505444,1620,1.31679666
1777986737.928351,1621,1.459153414
1777986738.318883,1622,1.492165685
1777986738.713393,1623,1.437287807
1777986739.127125,1624,1.254863501
1777986739.550509,1625,1.381596565
1777986739.954524,1626,1.235712767
1777986740.368392,1627,1.411625862
1777986740.835598,1628,1.442453861
1777986741.257925,1629,1.364655018
1777986741.678830,1630,1.442973256
1777986742.105723,1631,1.50046134
1777986742.557853,1632,1.327882409
1777986742.962335,1633,1.415730596
1777986743.389239,1634,1.509129643
1777986743.811503,1635,1.568229198
1777986744.265623,1636,1.384280443
1777986744.660267,1637,1.365255475
1777986745.063061,1638,1.370231152
1777986745.523064,1639,1.283035278
1777986745.952274,1640,1.363922119
1777986746.355947,1641,1.393110752
1777986746.805234,1642,1.444703579
1777986747.237178,1643,1.467787027
1777986747.671087,1644,1.463880897
1777986748.068067,1645,1.433981895
1777986748.491714,1646,1.337685823
1777986748.884942,1647,1.432288885
1777986749.294997,1648,1.362640381
1777986749.731048,1649,1.332540989
1777986750.167138,1650,1.326208115
1777986750.600817,1651,1.422915936
1777986750.992433,1652,1.38727951
1777986751.420071,1653,1.38553381
1777986751.822762,1654,1.407387733
1777986752.261375,1655,1.328478813
1777986752.671230,1656,1.362801552
1777986753.033841,1657,1.286935329
1777986753.441994,1658,1.503182769
1777986753.857619,1659,1.265022516
1777986769.798928,1660,1.336779237
1777986770.201467,1661,1.450256348
1777986770.582036,1662,1.213602066
1777986770.974501,1663,1.395494223
1777986771.330937,1664,1.416358113
1777986771.726498,1665,1.403769851
1777986772.088782,1666,1.348722339
1777986772.450658,1667,1.4400599
1777986772.795269,1668,1.346570015
1777986773.222452,1669,1.276912928
1777986773.633342,1670,1.311092377
1777986774.050894,1671,1.455911875
1777986774.450904,1672,1.439256668
1777986774.882290,1673,1.382064342
1777986775.340765,1674,1.39349103
1777986775.763782,1675,1.394816399
1777986776.116869,1676,1.382113934
1777986776.497849,1677,1.374052048
1777986776.953424,1678,1.510787725
1777986777.376163,1679,1.380465269
1777986777.796726,1680,1.400072694
1777986778.251296,1681,1.349761486
1777986778.594792,1682,1.468035698
1777986778.963924,1683,1.373585701
1777986779.408604,1684,1.344792128
1777986779.869370,1685,1.383159637
1777986780.256611,1686,1.44415164
1777986780.663535,1687,1.470475912
1777986781.036209,1688,1.398203254
1777986781.476912,1689,1.318445325
1777986781.973227,1690,1.51827836
1777986782.355859,1691,1.411486387
1777986782.747658,1692,1.55957675
1777986783.135995,1693,1.391249657
1777986783.545487,1694,1.445140362
1777986783.934262,1695,1.425721765
1777986784.361479,1696,1.397289276
1777986784.771973,1697,1.434029937
1777986785.189048,1698,1.287242889
1777986785.594187,1699,1.545308471
1777986786.021097,1700,1.52024436
1777986786.394689,1701,1.425836444
1777986786.806951,1702,1.346495867
1777986787.196773,1703,1.518624663
1777986787.595282,1704,1.388447523
1777986788.032841,1705,1.355617881
1777986788.408239,1706,1.405520678
1777986788.776856,1707,1.497676492
1777986789.154951,1708,1.455991268
1777986789.587956,1709,1.339213729
1777986789.968070,1710,1.311065078
1777986790.358218,1711,1.303354502
1777986790.717960,1712,1.224090457
1777986791.082265,1713,1.426340103
1777986791.481348,1714,1.383529067
1777986791.868791,1715,1.46253264
1777986792.256542,1716,1.38789773
1777986792.654572,1717,1.335439682
1777986793.052215,1718,1.459379911
1777986793.479786,1719,1.453960419
1777986793.877995,1720,1.391537666
1777986794.291741,1721,1.396871805
1777986794.679523,1722,1.460161567
1777986795.090416,1723,1.358750343
1777986795.518864,1724,1.311239719
1777986795.926038,1725,1.465574622
1777986796.348234,1726,1.419924617
1777986796.788024,1727,1.242888927
1777986797.190930,1728,1.392224908
1777986797.594470,1729,1.267033577
1777986797.990088,1730,1.462608814
1777986798.384293,1731,1.321098566
1777986798.787271,1732,1.335080147
1777986799.176933,1733,1.454326868
1777986799.574704,1734,1.377928257
1777986799.996900,1735,1.416290998
1777986800.405752,1736,1.37104547
1777986800.812203,1737,1.284030676
1777986801.213212,1738,1.427561522
1777986801.601402,1739,1.411091685
1777986801.979495,1740,1.478038311
1777986802.413603,1741,1.42532444
1777986802.782291,1742,1.327133656
1777986803.134260,1743,1.266707301
1777986803.518242,1744,1.391826153
1777986803.921784,1745,1.45748353
1777986804.325182,1746,1.368620753
1777986804.678006,1747,1.548755527
1777986805.093528,1748,1.376265526
1777986805.484640,1749,1.407050371
1777986805.887466,1750,1.438130617
1777986806.293317,1751,1.491112709
1777986806.677029,1752,1.448029518
1777986807.071514,1753,1.439312696
1777986807.533269,1754,1.477746487
1777986807.917954,1755,1.561943531
1777986808.323858,1756,1.534372449
1777986808.736623,1757,1.427201509
1777986809.130628,1758,1.471977472
1777986809.506659,1759,1.493919849
1777986809.871454,1760,1.328108311
1777986810.247381,1761,1.495342731
1777986822.482819,1762,1.432670712
1777986825.970654,1763,1.443146825
1777986826.360477,1764,1.431145668
1777986826.754748,1765,1.416343451
1777986827.103361,1766,1.386000633
1777986827.495439,1767,1.405503273
1777986827.851853,1768,1.439831734
1777986828.225093,1769,1.468751311
1777986828.650188,1770,1.329788208
1777986829.063319,1771,1.482777834
1777986829.488101,1772,1.45336628
1777986829.864946,1773,1.332693219
1777986830.253947,1774,1.269206762
1777986830.653978,1775,1.175569296
1777986831.095851,1776,1.51108849
1777986831.469514,1777,1.462651253
1777986831.853521,1778,1.319763899
1777986832.257697,1779,1.428724885
1777986832.617208,1780,1.239830017
1777986832.952239,1781,1.367999554
1777986833.291141,1782,1.394975543
1777986833.697915,1783,1.424842834
1777986834.049823,1784,1.460573792
1777986834.411267,1785,1.393378973
1777986834.772699,1786,1.308727384
1777986835.135415,1787,1.354299784
1777986835.519086,1788,1.385006189
1777986835.909261,1789,1.535810947
1777986836.318535,1790,1.404258013
1777986836.715771,1791,1.355042815
1777986837.080803,1792,1.358909607
1777986837.438317,1793,1.51453805
1777986837.844132,1794,1.431200862
1777986838.213565,1795,1.372682571
1777986838.601669,1796,1.304659963
1777986838.990069,1797,1.249668479
1777986839.398862,1798,1.394846916
1777986839.791821,1799,1.458906054
1777986840.161352,1800,1.29676652
1777986840.563818,1801,1.374635339
1777986840.966877,1802,1.347622395
1777986841.396057,1803,1.428699136
1777986841.798134,1804,1.437088251
1777986842.166591,1805,1.464471579
1777986842.544580,1806,1.285511971
1777986842.918377,1807,1.399865389
1777986843.329943,1808,1.447944641
1777986843.704185,1809,1.362806559
1777986844.066849,1810,1.339599133
1777986844.454157,1811,1.34691608
1777986844.842568,1812,1.49253273
1777986845.273945,1813,1.490226626
1777986845.667586,1814,1.468642473
1777986846.048509,1815,1.468510628
1777986846.450124,1816,1.373462081
1777986846.840775,1817,1.442191005
1777986847.225601,1818,1.308173776
1777986847.615857,1819,1.338024735
1777986848.013882,1820,1.39528966
1777986848.431061,1821,1.426110506
1777986848.862524,1822,1.352383494
1777986849.223818,1823,1.460853934
1777986849.573078,1824,1.288351655
1777986850.010243,1825,1.425804853
1777986850.438776,1826,1.374168873
1777986850.820459,1827,1.369823098
1777986851.169250,1828,1.403565884
1777986851.604605,1829,1.316037774
1777986851.961673,1830,1.318804979
1777986852.313482,1831,1.307624459
1777986852.692595,1832,1.467120647
1777986853.079391,1833,1.279016733
1777986853.425313,1834,1.359482288
1777986853.785953,1835,1.175421
1777986854.195082,1836,1.322710395
1777986854.579065,1837,1.459945917
1777986854.940378,1838,1.434297085
1777986855.303121,1839,1.464851141
1777986855.642257,1840,1.333092451
1777986856.038356,1841,1.383343339
1777986856.392810,1842,1.428164959
1777986856.806098,1843,1.416342139
1777986857.206020,1844,1.3982656
1777986857.569296,1845,1.407063723
1777986857.963856,1846,1.414281249
1777986858.327083,1847,1.442011356
1777986858.688960,1848,1.398185253
1777986859.057383,1849,1.444938421
1777986859.408903,1850,1.297446489
1777986859.793823,1851,1.387989402
1777986860.223552,1852,1.327221632
1777986860.629257,1853,1.421701431
1777986861.007185,1854,1.433144569
1777986861.419084,1855,1.404805779
1777986861.798546,1856,1.218651056
1777986862.180770,1857,1.374807119
1777986862.619270,1858,1.574023843
1777986862.995755,1859,1.48934865
1777986863.377211,1860,1.356612921
1777986863.736647,1861,1.425103426
1777986864.156460,1862,1.53199482
1777986864.537718,1863,1.255317211
1777986864.954620,1864,1.442430377
1777986865.311743,1865,1.3786273
1777986865.669851,1866,1.371704102
1777986866.078292,1867,1.406416059
1777986866.466266,1868,1.340970635
1777986866.857773,1869,1.393728495
1777986867.313491,1870,1.250889421
1777986867.677839,1871,1.379793763
1777986868.042713,1872,1.364562869
1777986868.445449,1873,1.362567425
1777986868.840114,1874,1.403242588
1777986869.212166,1875,1.530440211
1777986869.606167,1876,1.407860041
1777986870.013244,1877,1.434457064
1777986870.452173,1878,1.42313385
1777986870.814895,1879,1.283937931
1777986871.234476,1880,1.502290249
1777986871.622921,1881,1.307308435
1777986872.019891,1882,1.403360844
1777986872.382007,1883,1.426246047
1777986872.723718,1884,1.400654078
1777986873.113679,1885,1.357257605
1777986873.498086,1886,1.432987809
1777986873.845217,1887,1.351209641
1777986874.221972,1888,1.252859712
1777986874.600404,1889,1.325312614
1777986874.979756,1890,1.515936017
1777986875.320149,1891,1.35925436
1777986875.687011,1892,1.271766186
1777986876.046311,1893,1.428158879
1777986876.420593,1894,1.468877316
1777986876.845166,1895,1.473565459
1777986877.224017,1896,1.414765
1777986877.606647,1897,1.385120749
1777986877.991861,1898,1.376276255
1777986878.387407,1899,1.343266249
1777986878.760118,1900,1.407622457
1777986879.084740,1901,1.46635294
1777986879.456464,1902,1.493373036
1777986879.836514,1903,1.455893993
1777986880.242778,1904,1.364676476
1777986880.600066,1905,1.242731571
1777986880.976047,1906,1.488014102
1777986881.363311,1907,1.391893148
1777986897.105716,1908,1.381469846
1777986897.491611,1909,1.339082956
1777986897.849371,1910,1.276688337
1777986898.235343,1911,1.44966054
1777986898.647099,1912,1.409642696
1777986899.020468,1913,1.360013008
1777986899.368434,1914,1.354493618
1777986899.729094,1915,1.355157018
1777986900.075836,1916,1.297100782
1777986900.433739,1917,1.475313783
1777986900.832248,1918,1.269307375
1777986901.196177,1919,1.263452768
1777986901.562982,1920,1.339166045
1777986901.943815,1921,1.419821262
1777986902.316406,1922,1.37953949
1777986902.701863,1923,1.378884077
1777986903.140146,1924,1.398655772
1777986903.503743,1925,1.335653543
1777986903.886350,1926,1.398845434
1777986904.257181,1927,1.399317503
1777986904.679528,1928,1.330562115
1777986905.056277,1929,1.21868062
1777986905.487489,1930,1.408560991
1777986905.899465,1931,1.357758999
1777986906.286462,1932,1.419733763
1777986906.647375,1933,1.302205324
1777986906.996508,1934,1.376443624
1777986907.393216,1935,1.412591815
1777986907.777634,1936,1.428551912
1777986908.154911,1937,1.326769114
1777986908.530398,1938,1.494427919
1777986908.889041,1939,1.371018648
1777986909.332558,1940,1.281604052
1777986909.782045,1941,1.469889164
1777986910.164192,1942,1.310943484
1777986910.535055,1943,1.384463191
1777986910.906009,1944,1.478432178
1777986911.333114,1945,1.446013927
1777986911.695365,1946,1.495655179
1777986912.090900,1947,1.297656536
1777986912.487533,1948,1.509187102
1777986912.893428,1949,1.448552251
1777986913.273331,1950,1.320089817
1777986913.631579,1951,1.302446365
1777986913.964875,1952,1.423732758
1777986914.327153,1953,1.276499271
1777986914.731425,1954,1.34820807
1777986915.117380,1955,1.405977726
1777986915.492244,1956,1.513289452
1777986915.828474,1957,1.401088238
1777986916.212722,1958,1.389608026
1777986916.585047,1959,1.275188208
1777986917.010314,1960,1.38369894
1777986917.395616,1961,1.41828537
1777986917.774692,1962,1.286066532
1777986918.152573,1963,1.318533182
1777986918.552282,1964,1.316624641
1777986918.903462,1965,1.266247034
1777986919.242458,1966,1.347130418
1777986919.642111,1967,1.336464405
1777986920.015522,1968,1.479464531
1777986920.379651,1969,1.389225721
1777986920.737167,1970,1.4043926
1777986921.075314,1971,1.215909958
1777986921.466198,1972,1.320783615
1777986921.840954,1973,1.520011544
1777986922.215549,1974,1.425323963
1777986922.624358,1975,1.464170218
1777986923.053442,1976,1.472660542
1777986923.421852,1977,1.430757046
1777986923.833917,1978,1.340870738
1777986924.229416,1979,1.459367275
1777986924.627313,1980,1.33048737
1777986925.029332,1981,1.430761099
1777986925.439314,1982,1.487755775
1777986925.820094,1983,1.217326164
1777986926.221749,1984,1.360228062
1777986926.614454,1985,1.324025273
1777986927.040058,1986,1.304210782
1777986927.428257,1987,1.342503548
1777986927.815586,1988,1.334936738
1777986928.185211,1989,1.402428746
1777986928.543289,1990,1.446095347
1777986928.907291,1991,1.425028324
1777986929.372338,1992,1.487301469
1777986929.729656,1993,1.464487076
1777986930.130889,1994,1.369754195
1777986930.549448,1995,1.477717161
1777986930.943041,1996,1.382362962
1777986931.331821,1997,1.452064037
1777986931.680200,1998,1.153944373
1777986932.061488,1999,1.241708994
1777986932.465828,2000,1.246189475
1777986932.850890,2001,1.384796143
1777986933.242761,2002,1.428516388
1777986933.686342,2003,1.331230164
1777986934.062562,2004,1.338939667
1777986934.432750,2005,1.433029413
1777986934.866555,2006,1.291016698
1777986935.271150,2007,1.49641943
1777986935.665535,2008,1.369804263
1777986936.040798,2009,1.432514071
1777986936.437195,2010,1.398792505
1777986936.812150,2011,1.351764202
1777986937.196856,2012,1.488737345
1777986937.594718,2013,1.269016743
1777986938.013221,2014,1.38768959
1777986938.403750,2015,1.453997493
1777986938.809172,2016,1.343192458
1777986939.247910,2017,1.404586077
1777986939.656996,2018,1.470097303
1777986940.050321,2019,1.348741651
1777986940.440983,2020,1.360675454
1777986940.840402,2021,1.469901085
1777986941.252945,2022,1.301065207
1777986941.629363,2023,1.399797678
1777986942.035609,2024,1.340697527
1777986942.390772,2025,1.506457329
1777986942.757899,2026,1.400553942
1777986943.120005,2027,1.427533984
1777986943.470538,2028,1.40637064
1777986943.845664,2029,1.468706965
1777986944.211664,2030,1.396178365
1777986944.561640,2031,1.346604586
1777986944.970814,2032,1.298497677
1777986945.324903,2033,1.341091037
1777986945.724489,2034,1.338621855
1777986946.111417,2035,1.294736028
1777986946.509993,2036,1.365412951
1777986946.898823,2037,1.2111938
1777986947.304924,2038,1.442047596
1777986947.681270,2039,1.309871435
1777986948.081434,2040,1.327239871
1777986948.459953,2041,1.281499386
1777986948.829585,2042,1.476579785
1777986949.229617,2043,1.489373684
1777986949.642190,2044,1.461869955
1777986950.018521,2045,1.234891653
1777986950.383313,2046,1.350310922
1777986950.743698,2047,1.480688334
1777986951.150956,2048,1.345513344
1777986951.569029,2049,1.375941753
1777986951.990053,2050,1.381849527
1777986952.350695,2051,1.270103812
1777986952.718936,2052,1.363108635
1777986953.113324,2053,1.341175318
1777986953.486032,2054,1.660692692
1777986953.834398,2055,1.222208142
1777986954.240215,2056,1.336893916
1777986954.627898,2057,1.393235326
1777986955.061252,2058,1.421323061
1777986955.402777,2059,1.20311594
1777986955.822317,2060,1.295243025
1777986956.208868,2061,1.432603121
1777986956.581972,2062,1.282917738
1777986956.910167,2063,1.20093739
1777986957.300404,2064,1.415427685
1777986957.671922,2065,1.397102833
1777986958.031260,2066,1.242687583
1777986958.407789,2067,1.363670111
1777986958.776083,2068,1.352049828
1777986959.137808,2069,1.34509325
1777986959.551801,2070,1.492989898
1777986959.936126,2071,1.380335569
1777986960.299493,2072,1.274745584
1777986960.698526,2073,1.385050654
1777986961.106629,2074,1.315149069
1777986961.485587,2075,1.333531141
1777986961.858543,2076,1.495707154
1777986962.220230,2077,1.385062456
1777986962.567303,2078,1.285535574
1777986962.974498,2079,1.384827852
1777986963.369496,2080,1.432121158
1777986963.736274,2081,1.428757429
1777986964.094613,2082,1.499811411
1777986964.470711,2083,1.467462897
1777986964.869838,2084,1.287406683
1777986965.239238,2085,1.408970237
1777986965.619547,2086,1.45096314
1777986966.001709,2087,1.424554944
1777986966.372800,2088,1.208846569
1777986966.756500,2089,1.472645998
1777986967.122015,2090,1.497295499
1777986967.446999,2091,1.250777006
1777986967.777296,2092,1.252285719
1777986968.102758,2093,1.310079098
1777986968.451324,2094,1.43552947
1777986968.843934,2095,1.356982112
1777986969.198842,2096,1.367386699
1777986969.576485,2097,1.330636978
1777986969.869362,2098,1.406820893
1777986970.243270,2099,1.404882193
1777986970.575896,2100,1.275902748
1777986970.986893,2101,1.389889956
1777986971.399049,2102,1.296724439
1777986971.742136,2103,1.323102713
1777986972.116544,2104,1.333345532
1777986972.476684,2105,1.357028246
1777986972.904525,2106,1.427045226
1777986973.256445,2107,1.392687321
1777986973.647619,2108,1.390503407
1777986974.023278,2109,1.309022903
1777986974.432790,2110,1.255326033
1777986974.792405,2111,1.517063856
1777986975.165123,2112,1.385418892
1777986975.548480,2113,1.365802765
1777986975.916530,2114,1.476709843
1777986976.260220,2115,1.369100451
1777986976.652512,2116,1.198400974
1777986977.019120,2117,1.521301031
1777986977.409771,2118,1.381204605
1777986977.807441,2119,1.310723662
1777986978.191717,2120,1.315922737
1777986978.572037,2121,1.346881628
1777986979.016987,2122,1.32873857
1777986979.395262,2123,1.308311939
1777986979.752567,2124,1.369376063
1777986980.161015,2125,1.36829567
1777986980.557420,2126,1.442837715
1777986980.961959,2127,1.443087935
1777986981.421167,2128,1.414877415
1777986981.823265,2129,1.458711386
1777986982.190600,2130,1.356022239
1777986982.607754,2131,1.353743553
1777986982.964280,2132,1.336566091
1777986983.362008,2133,1.37980473
1777986983.737997,2134,1.437736273
1777986984.099352,2135,1.375227213
1777986984.502491,2136,1.397118807
1777986984.868851,2137,1.408858299
1777986985.254111,2138,1.394869566
1777986985.623273,2139,1.419516325
1777986986.009633,2140,1.377693653
1777986986.386055,2141,1.277817607
1777986986.730759,2142,1.355247378
1777986987.113882,2143,1.413600206
1777986987.537082,2144,1.463511944
1777986987.911672,2145,1.350696325
1777986988.282048,2146,1.433917046
1777986988.637883,2147,1.327409267
1777986989.019913,2148,1.291751623
1777986989.421726,2149,1.371836424
1777986989.785677,2150,1.482029676
1777986990.159966,2151,1.426389575
1777986990.535051,2152,1.384602904
1777986990.901056,2153,1.261960268
1777986991.365375,2154,1.236633301
1777986991.809447,2155,1.362874031
1777986992.230131,2156,1.340466619
1777986992.637237,2157,1.378043532
1777986992.992562,2158,1.328599095
1777986993.382501,2159,1.424764156
1777986993.731431,2160,1.222743988
1777986994.113297,2161,1.458851576
1777986994.504381,2162,1.292046785
1777986994.874862,2163,1.326459527
1777986995.270381,2164,1.40946877
1777986995.642845,2165,1.399326324
1777986996.022798,2166,1.381791234
1777986996.411752,2167,1.24879396
1777986996.797841,2168,1.273316622
1777986997.227695,2169,1.363384128
1777986997.601202,2170,1.418966532
1777986997.973285,2171,1.357675314
1777986998.337669,2172,1.408713222
1777986998.680623,2173,1.24672699
1777986999.038084,2174,1.33446455
1777986999.421466,2175,1.503915071
1777986999.798285,2176,1.426945925
1777987000.150930,2177,1.280699968
1777987000.531542,2178,1.414876699
1777987000.943624,2179,1.356548309
1777987001.370311,2180,1.41631484
1777987001.743397,2181,1.311679363
1777987002.166074,2182,1.256630421
1777987002.499100,2183,1.345892429
1777987002.825411,2184,1.310724974
1777987003.188048,2185,1.184651971
1777987003.555074,2186,1.279075742
1777987003.909926,2187,1.401101351
1777987004.286203,2188,1.482466221
1777987004.622043,2189,1.351138473
1777987004.978974,2190,1.275710583
1777987005.387956,2191,1.456363916
1777987005.745821,2192,1.401823997
1777987006.140643,2193,1.344768167
1777987006.509878,2194,1.368403435
1777987006.864287,2195,1.226149082
1777987007.216983,2196,1.418462634
1777987007.554685,2197,1.344760656
1777987007.892696,2198,1.413964152
1777987008.261277,2199,1.303337812
1777987008.638071,2200,1.425176859
1777987008.971495,2201,1.462795854
1777987009.388774,2202,1.377627134
1777987009.759462,2203,1.296255112
1777987010.093210,2204,1.381472349
1777987010.460830,2205,1.34837997
1777987010.823407,2206,1.453673363
1777987011.169918,2207,1.462169886
1777987011.548772,2208,1.360467315
1777987011.934370,2209,1.484497547
1777987012.317393,2210,1.345935822
1777987012.675229,2211,1.293913484
1777987013.068375,2212,1.309438467
1777987013.438408,2213,1.376614094
1777987013.804875,2214,1.352200508
1777987014.177188,2215,1.347570539
1777987014.535588,2216,1.307250738
1777987014.933930,2217,1.259628057
1777987015.300239,2218,1.364495039
1777987015.682102,2219,1.415979862
1777987016.080255,2220,1.443792343
1777987016.446767,2221,1.391691804
1777987016.811371,2222,1.426729798
1777987017.177428,2223,1.388161182
1777987017.552852,2224,1.276155353
1777987017.889907,2225,1.382392645
1777987018.239537,2226,1.17249918
1777987018.605957,2227,1.349025249
1777987018.965582,2228,1.411641359
1777987019.303883,2229,1.349418879
1777987019.692535,2230,1.380539179
1777987020.085408,2231,1.416744947
1777987020.438676,2232,1.32135725
1777987020.819659,2233,1.294768095
1777987021.161555,2234,1.417416811
1777987021.571635,2235,1.23075223
1777987021.904641,2236,1.362337828
1777987022.214262,2237,1.473976731
1777987022.549536,2238,1.245398402
1777987022.913454,2239,1.352611423
1777987023.315921,2240,1.362459898
1777987023.693601,2241,1.430958271
1777987024.092584,2242,1.19303453
1777987024.493017,2243,1.369407654
1777987024.874293,2244,1.396927953
1777987025.273714,2245,1.38053751
1777987025.692030,2246,1.289404392
1777987026.138378,2247,1.248189449
1777987026.479612,2248,1.395518303
1777987026.827321,2249,1.483499289
1777987027.218241,2250,1.370809436
1777987027.577894,2251,1.359061241
1777987027.936689,2252,1.393878698
1777987028.305428,2253,1.382703066
1777987028.682194,2254,1.421802998
1777987029.038639,2255,1.406020999
1777987029.432416,2256,1.470178008
1777987029.855852,2257,1.348816872
1777987030.260321,2258,1.396196365
1777987030.679390,2259,1.298785448
1777987031.071684,2260,1.421098948
1777987031.451591,2261,1.472039104
1777987031.812899,2262,1.30036819
1777987032.183461,2263,1.182655573
1777987032.547756,2264,1.532174945
1777987032.915233,2265,1.409388065
1777987033.278763,2266,1.307233453
1777987033.673089,2267,1.32390511
1777987034.095992,2268,1.488039732
1777987034.482743,2269,1.352369428
1777987034.849880,2270,1.362508535
1777987035.207510,2271,1.25571239
1777987035.611891,2272,1.423546553
1777987035.978196,2273,1.298848152
1777987036.364980,2274,1.314950466
1777987036.767666,2275,1.346289754
1777987037.118711,2276,1.321750283
1777987037.519494,2277,1.17526865
1777987037.915687,2278,1.264752626
1777987038.294940,2279,1.283959389
1777987038.693179,2280,1.327389002
1777987039.106514,2281,1.371556282
1777987039.507083,2282,1.376868963
1777987039.918769,2283,1.427491784
1777987040.316439,2284,1.373329401
1777987321.303569,0,2.14052248
1777987321.744730,1,2.109285831
1777987322.105978,2,2.17257309
1777987322.456226,3,2.184446096
1777987322.850127,4,2.21919775
1777987323.327811,5,2.336407423
1777987323.689500,6,2.198739052
1777987324.208352,7,2.13124609
1777987324.647635,8,2.090221882
1777987325.142705,9,2.229968548
1777987325.475255,10,2.218504906
1777987325.849569,11,2.179512739
1777987326.240812,12,2.063659191
1777987326.625381,13,2.279699326
1777987327.000208,14,2.115673065
1777987327.361289,15,2.192836046
1777987327.762344,16,2.279508591
1777987328.142582,17,2.183678627
1777987328.477554,18,2.155474186
1777987328.838300,19,2.243711472
1777987329.195999,20,2.110040188
1777987329.554251,21,2.210390329
1777987329.965515,22,2.065474033
1777987330.303159,23,2.274903774
1777987330.682544,24,2.008421183
1777987331.059712,25,2.172885895
1777987331.433058,26,2.137393951
1777987331.809350,27,2.181627035
1777987332.172869,28,2.080349207
1777987332.581504,29,2.197185755
1777987332.923741,30,2.128642559
1777987333.275271,31,2.127928734
1777987333.633019,32,2.176410198
1777987334.001616,33,2.061551571
1777987334.395669,34,2.263393402
1777987334.795863,35,2.074160099
1777987335.151809,36,2.134549856
1777987335.520094,37,2.145181179
1777987336.010109,38,2.212833881
1777987336.473220,39,2.131618738
1777987336.917686,40,2.150187969
1777987337.323944,41,2.167625904
1777987337.728741,42,2.173516035
1777987338.166977,43,2.052257538
1777987338.577855,44,2.12830162
1777987338.941277,45,2.141161919
1777987339.259054,46,2.215153456
1777987339.619135,47,2.183401823
1777987340.029876,48,2.066386938
1777987340.393448,49,2.039659977
1777987340.770303,50,2.02704525
1777987341.176633,51,2.110161781
1777987341.588629,52,2.231971741
1777987341.967023,53,2.075585842
1777987342.325089,54,2.10094142
1777987342.697597,55,2.215986013
1777987343.076989,56,2.101335526
1777987343.482470,57,2.118416786
1777987343.853919,58,2.162434578
1777987344.192688,59,2.161766768
1777987344.591585,60,2.100518942
1777987344.958381,61,2.123067379
1777987345.396454,62,2.045938492
1777987345.763721,63,2.225168943
1777987346.115607,64,2.129251242
1777987346.490335,65,2.100614071
1777987346.882733,66,2.25947237
1777987347.267382,67,2.13269496
1777987347.599440,68,2.099915028
1777987347.952694,69,2.194605827
1777987348.416716,70,2.157966614
1777987348.785455,71,2.095296621
1777987349.134166,72,2.147498131
1777987349.523568,73,2.114690065
1777987349.921321,74,2.119351387
1777987350.293782,75,2.200733423
1777987350.696111,76,2.158536434
1777987351.110683,77,2.23099947
1777987351.522605,78,2.016724348
1777987351.883379,79,2.131954908
1777987352.252464,80,2.071314335
1777987352.612765,81,2.093823433
1777987352.969810,82,2.136096954
1777987353.338586,83,2.110754967
1777987353.686606,84,2.162858009
1777987354.051478,85,2.08714962
1777987354.411348,86,2.085945129
1777987354.791136,87,2.071650982
1777987355.158378,88,2.088030338
1777987355.575450,89,2.154685497
1777987355.970649,90,2.139023304
1777987356.329421,91,2.041753769
1777987356.726242,92,2.191543579
1777987357.074052,93,1.983358145
1777987357.428545,94,2.094018459
1777987357.835723,95,2.086846828
1777987358.200883,96,2.137075663
1777987358.544735,97,2.144330263
1777987358.944419,98,2.136448383
1777987359.303668,99,2.127395868
1777987359.653123,100,2.129569292
1777987360.017704,101,1.958828449
1777987360.380916,102,2.104319572
1777987360.730585,103,2.24848032
1777987361.100565,104,2.008180141
1777987361.515729,105,2.049102783
1777987361.886000,106,2.136311293
1777987362.266432,107,2.157810688
1777987362.660489,108,2.128865004
1777987363.137551,109,2.136306763
1777987363.569740,110,2.116585255
1777987364.005655,111,2.060945272
1777987364.402349,112,2.124381065
1777987364.838292,113,2.099532604
1777987365.269513,114,2.122357845
1777987365.689975,115,2.051352262
1777987366.104464,116,2.036365032
1777987366.529464,117,2.123872995
1777987366.955899,118,2.02015686
1777987367.385692,119,2.10821867
1777987367.812955,120,1.972557783
1777987368.247954,121,2.070376396
1777987368.652189,122,2.096172094
1777987369.290883,123,2.063278675
1777987369.654992,124,2.009048939
1777987370.047477,125,1.945653915
1777987370.456739,126,2.027898788
1777987370.911779,127,2.136446476
1777987371.357276,128,2.065783978
1777987371.788679,129,2.126352072
1777987372.192518,130,2.182322979
1777987372.603713,131,2.044119835
1777987372.999398,132,2.136458397
1777987373.398547,133,2.063720703
1777987373.794850,134,1.995274663
1777987374.208993,135,2.105363607
1777987374.615881,136,2.097826242
1777987375.026079,137,2.104351997
1777987375.367889,138,2.060362101
1777987375.754077,139,2.084414005
1777987376.155689,140,2.041128397
1777987376.550832,141,2.04584837
1777987376.950223,142,2.021823168
1777987377.368615,143,2.016694784
1777987377.735316,144,2.031903267
1777987378.138745,145,2.01554966
1777987378.520802,146,2.011970997
1777987378.886733,147,2.026166439
1777987379.266225,148,2.081963062
1777987379.657356,149,2.040063143
1777987380.012370,150,1.983766317
1777987380.381040,151,2.046269655
1777987380.800742,152,1.967815876
1777987381.202437,153,1.980970263
1777987381.579593,154,2.095382214
1777987381.975697,155,1.96489501
1777987382.376290,156,2.015522957
1777987382.738738,157,1.932189226
1777987383.116587,158,2.096010923
1777987383.489793,159,2.035647392
1777987383.875345,160,2.0350914
1777987384.244557,161,2.035969973
1777987384.611394,162,2.036153316
1777987385.014355,163,2.028252363
1777987385.385827,164,1.916123986
1777987385.809361,165,2.123188019
1777987386.285208,166,1.989544392
1777987386.666423,167,2.01595211
1777987387.023314,168,1.97808075
1777987387.443163,169,2.001291275
1777987387.842220,170,2.066900015
1777987388.200655,171,2.064997673
1777987388.572326,172,1.993601322
1777987388.957289,173,2.00171876
1777987389.307163,174,2.061275482
1777987389.718408,175,1.985619068
1777987390.096623,176,2.000489473
1777987390.462871,177,1.951012969
1777987390.821767,178,1.974216938
1777987391.173859,179,1.995373964
1777987391.580058,180,2.010306358
1777987391.977066,181,1.954554439
1777987392.402160,182,1.948100328
1777987392.793671,183,1.995815277
1777987393.179522,184,2.054201365
1777987393.566793,185,2.052912235
1777987393.935513,186,1.940316916
1777987394.348895,187,2.034868002
1777987394.749791,188,2.049797058
1777987395.152711,189,1.868191004
1777987395.510318,190,1.861509442
1777987395.902582,191,2.027688026
1777987396.251332,192,1.972956657
1777987396.613107,193,1.974456072
1777987397.007796,194,2.015482903
1777987397.362071,195,1.924609423
1777987397.732439,196,1.995318651
1777987398.090997,197,1.989715099
1777987398.482374,198,2.021665573
1777987398.861194,199,1.999657631
1777987399.205218,200,1.969254732
1777987399.563911,201,1.980763197
1777987399.913972,202,1.801280618
1777987400.306978,203,1.985752463
1777987400.699533,204,1.916487098
1777987401.033703,205,2.010662317
1777987401.397877,206,1.909310579
1777987401.784315,207,2.005835772
1777987402.184375,208,2.058393478
1777987402.564641,209,2.077530861
1777987402.962810,210,2.01816988
1777987403.344096,211,2.033034325
1777987403.719635,212,1.967427492
1777987404.057967,213,2.01749897
1777987404.380111,214,1.987007737
1777987404.751719,215,1.906573057
1777987405.168325,216,1.944356441
1777987405.543472,217,1.967908502
1777987405.958752,218,1.975923777
1777987406.311323,219,1.937130094
1777987406.720934,220,1.97436595
1777987407.092786,221,2.010609865
1777987407.483508,222,1.972746849
1777987407.851588,223,1.985831976
1777987408.211255,224,1.983410716
1777987408.579974,225,1.890829802
1777987408.987563,226,1.960848093
1777987409.385407,227,1.971021891
1777987409.730502,228,2.012424231
1777987410.078548,229,1.861130834
1777987410.459609,230,1.951642275
1777987410.827442,231,2.017399311
1777987411.208166,232,1.969906092
1777987411.620918,233,1.893149614
1777987412.048815,234,1.922075748
1777987412.442891,235,1.963451505
1777987412.800425,236,2.043207169
1777987413.201276,237,1.954399705
1777987413.597861,238,1.883673191
1777987413.971430,239,1.939293623
1777987414.350594,240,1.999502897
1777987414.715314,241,1.900412321
1777987415.117724,242,1.906271577
1777987415.495398,243,1.951598644
1777987415.855458,244,1.907608986
1777987416.222584,245,1.905561924
1777987416.606973,246,1.932285547
1777987417.014616,247,1.994843721
1777987417.352089,248,1.951589584
1777987417.735844,249,1.956814051
1777987418.138290,250,1.920031786
1777987418.498710,251,1.884029627
1777987418.850956,252,1.931007385
1777987419.253524,253,1.931132793
1777987419.635555,254,1.976188421
1777987420.026314,255,1.875250101
1777987420.400486,256,1.96762538
1777987420.746537,257,1.850878119
1777987421.135092,258,1.898446918
1777987421.527018,259,1.867111683
1777987421.911589,260,1.973651767
1777987422.323423,261,1.939699769
1777987422.710745,262,2.032971144
1777987423.067774,263,1.921937108
1777987423.479946,264,2.008012772
1777987423.861069,265,1.878686666
1777987424.210854,266,1.986298442
1777987424.572973,267,1.923121333
1777987424.958171,268,1.881458044
1777987425.336798,269,1.949132442
1777987425.726546,270,1.920362949
1777987426.092160,271,1.898714542
1777987426.451004,272,1.930123091
1777987426.804597,273,1.931916237
1777987427.194794,274,1.912505627
1777987427.567720,275,1.876066327
1777987427.966337,276,1.913625956
1777987428.350987,277,2.006980181
1777987428.771022,278,1.955547094
1777987429.187344,279,1.949436545
1777987429.550037,280,1.974253893
1777987444.162479,281,1.927702188
1777987445.207227,282,1.798935175
1777987445.623919,283,1.865245819
1777987446.044307,284,1.814918995
1777987446.473624,285,1.834109545
1777987446.858933,286,1.893275261
1777987447.252551,287,1.878431082
1777987447.649683,288,1.948756814
1777987448.094777,289,1.883991957
1777987448.506429,290,1.850645065
1777987448.913937,291,1.852411032
1777987449.319065,292,1.956629992
1777987449.674984,293,1.94425559
1777987450.071175,294,1.919691324
1777987450.438987,295,1.90157342
1777987450.797964,296,1.987152815
1777987451.228962,297,1.909414649
1777987451.584521,298,1.833259344
1777987451.924472,299,1.854172945
1777987452.292552,300,1.881082535
1777987452.697610,301,1.900446415
1777987453.067540,302,1.872909069
1777987453.442182,303,1.883239269
1777987453.833463,304,1.870476007
1777987454.191158,305,1.90694201
1777987454.615840,306,1.858664513
1777987454.987493,307,1.845785975
1777987455.414350,308,1.874245048
1777987455.793311,309,1.858159065
1777987456.167250,310,1.895244002
1777987456.524619,311,1.91929388
1777987456.873602,312,1.860017896
1777987457.286327,313,1.814460993
1777987457.650982,314,1.896423817
1777987458.022919,315,1.867804766
1777987458.392551,316,1.938865781
1777987458.748015,317,1.943484545
1777987459.137433,318,1.927997112
1777987459.554188,319,1.881862164
1777987459.923567,320,1.933478713
1777987460.260553,321,1.86472702
1777987460.614768,322,1.84612155
1777987460.954088,323,1.852046967
1777987461.322126,324,1.831900001
1777987461.718899,325,1.964071751
1777987462.085347,326,1.89047873
1777987462.469527,327,1.85678792
1777987462.835833,328,1.828856111
1777987463.189229,329,1.903306603
1777987463.588016,330,1.923489809
1777987463.945190,331,1.809281826
1777987464.290820,332,1.869660735
1777987464.659309,333,1.886277556
1777987465.016903,334,1.824957252
1777987465.398816,335,1.898612857
1777987465.747707,336,1.806429625
1777987466.151587,337,1.878477812
1777987466.532480,338,1.855886698
1777987466.925191,339,1.925583124
1777987467.320248,340,1.843308806
1777987467.738823,341,1.764579296
1777987468.123469,342,1.867501974
1777987468.465234,343,1.895602942
1777987468.839222,344,1.816639781
1777987469.195589,345,1.81473279
1777987469.536111,346,1.901937842
1777987469.896109,347,2.013751984
1777987470.301875,348,1.808105707
1777987470.667452,349,1.798139572
1777987471.030735,350,1.831345677
1777987471.385310,351,1.927154422
1777987471.806577,352,1.843384981
1777987472.179066,353,1.811259747
1777987472.515230,354,1.893075347
1777987472.907461,355,1.973792791
1777987473.283651,356,1.873582363
1777987473.637218,357,1.831677437
1777987487.802996,358,1.774368882
1777987503.810676,359,1.833133936
1777987504.166250,360,1.816678762
1777987504.509497,361,1.877613544
1777987504.908445,362,1.858575702
1777987505.296692,363,1.830425739
1777987505.648954,364,1.816793799
1777987506.052612,365,1.931140065
1777987506.439337,366,1.784272552
1777987506.820672,367,1.944602609
1777987507.202909,368,1.820988894
1777987507.603271,369,1.819424629
1777987507.963485,370,1.89451611
1777987508.348615,371,1.820114255
1777987508.701202,372,1.862490296
1777987509.057707,373,1.830043197
1777987509.432693,374,1.86958456
1777987509.824256,375,1.854426146
1777987510.175709,376,1.883048177
1777987510.506956,377,1.874310732
1777987510.880665,378,1.770089149
1777987511.236413,379,1.767646194
1777987511.576952,380,1.79014349
1777987511.945854,381,1.905509591
1777987512.313511,382,1.803270459
1777987512.714272,383,1.913686037
1777987513.087890,384,1.769467115
1777987513.438915,385,1.779160738
1777987513.777719,386,1.761714697
1777987514.107962,387,1.804601789
1777987514.464215,388,1.769402385
1777987514.835347,389,1.831368208
1777987515.238154,390,1.832404375
1777987515.597056,391,1.795631766
1777987515.933447,392,1.89712429
1777987516.296545,393,1.834901333
1777987516.674101,394,1.743227243
1777987517.031286,395,1.75411582
1777987517.398408,396,1.856994629
1777987517.790805,397,1.806820869
1777987532.116802,398,1.855165243
1777987534.211411,399,1.823426247
1777987534.611135,400,1.787907124
1777987535.023797,401,1.9251616
1777987535.455437,402,1.781718254
1777987535.842105,403,1.779432774
1777987536.246588,404,1.841064453
1777987536.609511,405,1.816033125
1777987536.948027,406,1.771701336
1777987537.490613,407,1.859557271
1777987537.912780,408,1.784455299
1777987538.338608,409,1.806933165
1777987538.822822,410,1.771329999
1777987539.211002,411,1.687785387
1777987539.625324,412,1.818422318
1777987540.048997,413,1.760567904
1777987540.501056,414,1.89264679
1777987541.022851,415,1.74879837
1777987545.946005,416,1.854562044
1777987566.005481,417,1.852876425
1777987566.381425,418,1.832278728
1777987566.713312,419,1.74712503
1777987567.104359,420,1.837724328
1777987567.479862,421,1.869245052
1777987567.863576,422,1.775890827
1777987568.215904,423,1.745584488
1777987568.594342,424,1.688254118
1777987569.031378,425,1.741216898
1777987569.419692,426,1.825191021
1777987569.808812,427,1.780896068
1777987570.193936,428,1.830452204
1777987570.552101,429,1.762159109
1777987570.925016,430,1.823249698
1777987571.283206,431,1.849084973
1777987571.662326,432,1.765538812
1777987572.027191,433,1.793128252
1777987572.422197,434,1.842977405
1777987572.804483,435,1.836407781
1777987573.173084,436,1.715396643
1777987573.561115,437,1.813213468
1777987573.946379,438,1.753862143
1777987574.365377,439,1.884103537
1777987574.733461,440,1.841662169
1777987575.090977,441,1.777352571
1777987575.471201,442,1.80214119
1777987575.844402,443,1.866290331
1777987576.242956,444,1.813483477
1777987576.686782,445,1.770435095
1777987577.078420,446,1.765196323
1777987577.429211,447,1.795322895
1777987577.808509,448,1.837640762
1777987578.203282,449,1.831169724
1777987578.626872,450,1.757633209
1777987578.989213,451,1.744266748
1777987579.356907,452,1.724341869
1777987579.708969,453,1.709026575
1777987580.124419,454,1.830445886
1777987580.473223,455,1.855184078
1777987580.844726,456,1.740059495
1777987581.197517,457,1.839868546
1777987581.585332,458,1.768935919
1777987581.968253,459,1.780018806
1777987582.373950,460,1.745347261
1777987582.757517,461,1.754349947
1777987583.116939,462,1.809258223
1777987583.525017,463,1.791507483
1777987583.897814,464,1.806227446
1777987584.233403,465,1.664551497
1777987584.593375,466,1.712198496
1777987584.996602,467,1.757327318
1777987585.384353,468,1.735239029
1777987585.735836,469,1.794525146
1777987586.077900,470,1.771017194
1777987586.442910,471,1.770524263
1777987586.842669,472,1.694967866
1777987587.232318,473,1.733994603
1777987587.617340,474,1.761707783
1777987587.962180,475,1.777754545
1777987588.303725,476,1.692892313
1777987588.718450,477,1.680633545
1777987589.092239,478,1.689173818
1777987589.465038,479,1.737618208
1777987589.857848,480,1.760209441
1777987590.241217,481,1.797306657
1777987590.638220,482,1.827342868
1777987591.024466,483,1.743944407
1777987591.420975,484,1.841644883
1777987591.790868,485,1.777567148
1777987592.174246,486,1.775217295
1777987592.504869,487,1.727250576
1777987592.901839,488,1.805454016
1777987593.281496,489,1.735243559
1777987593.634481,490,1.684885263
1777987594.003800,491,1.781789422
1777987594.380026,492,1.666272163
1777987594.743447,493,1.728256941
1777987595.133056,494,1.797627091
1777987595.506818,495,1.721208215
1777987595.897790,496,1.713065863
1777987596.317552,497,1.788162589
1777987596.695276,498,1.741616249
1777987597.121869,499,1.814677715
1777987597.531388,500,1.812268496
1777987597.891775,501,1.749090791
1777987598.327104,502,1.769881487
1777987598.715894,503,1.60188365
1777987599.086237,504,1.732389212
1777987599.446997,505,1.776260734
1777987599.826853,506,1.591840029
1777987600.203757,507,1.786977649
1777987600.556464,508,1.709437847
1777987600.913270,509,1.623488069
1777987601.313102,510,1.682101727
1777987601.680092,511,1.693318486
1777987602.045927,512,1.630583763
1777987602.410677,513,1.713891387
1777987602.780068,514,1.765550375
1777987603.152152,515,1.761443377
1777987603.541508,516,1.817734003
1777987603.907708,517,1.833396316
1777987604.251758,518,1.705299377
1777987604.625267,519,1.764030933
1777987604.972150,520,1.73710084
1777987605.374751,521,1.775980473
1777987605.758833,522,1.650508285
1777987606.128226,523,1.707600355
1777987606.480799,524,1.732397914
1777987606.844865,525,1.677783608
1777987607.219852,526,1.643873334
1777987607.599689,527,1.720226049
1777987607.999609,528,1.68735528
1777987608.341412,529,1.623071432
1777987608.676415,530,1.815733671
1777987609.083686,531,1.746261835
1777987609.476691,532,1.738553047
1777987609.906176,533,1.771071076
1777987610.307749,534,1.732144713
1777987610.687220,535,1.673763394
1777987611.044899,536,1.788445711
1777987611.389737,537,1.704255581
1777987611.755034,538,1.739460707
1777987612.124318,539,1.766619921
1777987612.471824,540,1.783614397
1777987612.840985,541,1.727311134
1777987613.263252,542,1.690821886
1777987613.623682,543,1.770989418
1777987613.975869,544,1.757102966
1777987614.369749,545,1.682913542
1777987614.722416,546,1.670860052
1777987615.118566,547,1.762531996
1777987615.540804,548,1.685066462
1777987615.948407,549,1.634587884
1777987616.312963,550,1.654785633
1777987616.746269,551,1.694406033
1777987617.125965,552,1.78981328
1777987617.504297,553,1.734352589
1777987617.923089,554,1.761340737
1777987618.277693,555,1.726926804
1777987618.622012,556,1.803004742
1777987619.014316,557,1.78616786
1777987619.385344,558,1.668289065
1777987619.789564,559,1.705615163
1777987620.173767,560,1.842513323
1777987620.562158,561,1.777000427
1777987620.966887,562,1.675530672
1777987621.364545,563,1.707291365
1777987621.757749,564,1.702803254
1777987622.141569,565,1.738092422
1777987622.513612,566,1.627166033
1777987622.917780,567,1.646931171
1777987623.335671,568,1.658748865
1777987623.755313,569,1.765206337
1777987624.120513,570,1.767898798
1777987624.491640,571,1.702159405
1777987624.869421,572,1.611232758
1777987625.243244,573,1.648678184
1777987625.655262,574,1.736292362
1777987626.018573,575,1.636336088
1777987626.368094,576,1.681112289
1777987626.723767,577,1.795572281
1777987627.107168,578,1.679323912
1777987627.516040,579,1.704425693
1777987627.912151,580,1.658293486
1777987628.304798,581,1.7066257
1777987628.723928,582,1.712479353
1777987629.137419,583,1.644992232
1777987629.512873,584,1.749422073
1777987629.884651,585,1.700822592
1777987630.242127,586,1.731753349
1777987630.653509,587,1.835615396
1777987630.996969,588,1.750166178
1777987631.348875,589,1.562062502
1777987631.712813,590,1.655253053
1777987632.158906,591,1.66302979
1777987632.553239,592,1.665014744
1777987632.963380,593,1.811097383
1777987633.342444,594,1.689625025
1777987633.701829,595,1.700524211
1777987634.070368,596,1.637346506
1777987634.418426,597,1.643469214
1777987634.839197,598,1.674579382
1777987635.235557,599,1.728212118
1777987635.611444,600,1.662880898
1777987636.015885,601,1.760400057
1777987636.429178,602,1.653375149
1777987636.819764,603,1.697563291
1777987637.214031,604,1.674365997
1777987637.630347,605,1.679418325
1777987637.984434,606,1.754779458
1777987638.388021,607,1.675734878
1777987638.783687,608,1.676157951
1777987639.130361,609,1.633053899
1777987639.530419,610,1.766769886
1777987639.932794,611,1.683878183
1777987640.300133,612,1.691488385
1777987640.663345,613,1.682013512
1777987641.064255,614,1.621644616
1777987641.507838,615,1.800847173
1777987641.914047,616,1.640797615
1777987642.276964,617,1.697895765
1777987642.702987,618,1.764996409
1777987643.094562,619,1.746232271
1777987643.435808,620,1.712509394
1777987643.797415,621,1.648922801
1777987644.155104,622,1.786533117
1777987644.531970,623,1.705991626
1777987644.932950,624,1.643153429
1777987645.335862,625,1.647120357
1777987645.704546,626,1.660747409
1777987646.068826,627,1.612849712
1777987646.466294,628,1.709450006
1777987646.873671,629,1.715413094
1777987647.250315,630,1.641896009
1777987647.607588,631,1.54292655
1777987647.998030,632,1.751701355
1777987648.378926,633,1.617507935
1777987648.773577,634,1.755670905
1777987649.220780,635,1.685247421
1777987649.671345,636,1.60865283
1777987650.105995,637,1.741882324
1777987650.485287,638,1.733254194
1777987650.862815,639,1.613555551
1777987651.272244,640,1.718293667
1777987651.672344,641,1.75863862
1777987652.092917,642,1.637079239
1777987652.491618,643,1.641991615
1777987652.895987,644,1.712501287
1777987653.339337,645,1.707986355
1777987653.763103,646,1.676405668
1777987654.192309,647,1.65448904
1777987654.672441,648,1.705246449
1777987655.070258,649,1.694916964
1777987655.454107,650,1.634261847
1777987655.906443,651,1.686002493
1777987656.339978,652,1.621656656
1777987656.744682,653,1.669468641
1777987657.176648,654,1.660474539
1777987657.567790,655,1.6991117
1777987657.962486,656,1.662363768
1777987658.391198,657,1.746715784
1777987658.753224,658,1.674772978
1777987659.143340,659,1.676201463
1777987659.575648,660,1.695046306
1777987659.961449,661,1.564393997
1777987660.396397,662,1.631113768
1777987660.839668,663,1.68501544
1777987661.266415,664,1.598128796
1777987661.684041,665,1.618181825
1777987662.014720,666,1.783476591
1777987662.358942,667,1.773978353
1777987662.731399,668,1.575715065
1777987663.116333,669,1.607776046
1777987663.507589,670,1.635980129
1777987663.912807,671,1.70498538
1777987664.328754,672,1.58163619
1777987664.735934,673,1.596823931
1777987665.177502,674,1.702896595
1777987665.602968,675,1.684649944
1777987665.999029,676,1.585641146
1777987666.427619,677,1.72831583
1777987666.861870,678,1.599805474
1777987667.246908,679,1.602651119
1777987667.689927,680,1.749257088
1777987668.102068,681,1.639606714
1777987668.495645,682,1.599330306
1777987668.913204,683,1.635593057
1777987669.332848,684,1.638126135
1777987669.756755,685,1.76232338
1777987670.211915,686,1.600596428
1777987670.616629,687,1.681241035
1777987671.066650,688,1.693422079
1777987671.432829,689,1.630283833
1777987671.834698,690,1.702899218
1777987672.223010,691,1.768653631
1777987672.583856,692,1.806344032
1777987672.952741,693,1.714813352
1777987673.332927,694,1.734443545
1777987673.721869,695,1.691191912
1777987674.092298,696,1.661685228
1777987674.464506,697,1.749577761
1777987674.826394,698,1.77451086
1777987675.206089,699,1.728333354
1777987675.627945,700,1.649088383
1777987675.999715,701,1.719501734
1777987676.358722,702,1.589720964
1777987676.759179,703,1.693681955
1777987677.114136,704,1.776780605
1777987677.515682,705,1.666618586
1777987677.896636,706,1.692553639
1777987678.298460,707,1.73982501
1777987678.668063,708,1.623472452
1777987679.018463,709,1.573628664
1777987679.420356,710,1.731712937
1777987679.826175,711,1.646420956
1777987680.195664,712,1.647386432
1777987680.550132,713,1.710013986
1777987680.926555,714,1.622452497
1777987681.287558,715,1.705218315
1777987681.677989,716,1.630916834
1777987682.015430,717,1.714664578
1777987682.444359,718,1.622105122
1777987682.850362,719,1.704776287
1777987683.242778,720,1.596696138
1777987683.670350,721,1.672136664
1777987684.048882,722,1.656291008
1777987684.438823,723,1.679079652
1777987684.831059,724,1.72304678
1777987685.206907,725,1.679045916
1777987685.606876,726,1.803240299
1777987686.023541,727,1.57798624
1777987686.396928,728,1.699095726
1777987686.742586,729,1.621159911
1777987687.112596,730,1.658097625
1777987687.500275,731,1.749668121
1777987687.860231,732,1.52349174
1777987688.221388,733,1.690613747
1777987688.620169,734,1.585412979
1777987689.013129,735,1.74636507
1777987689.407961,736,1.620699763
1777987689.834192,737,1.752245903
1777987690.279125,738,1.65348506
1777987690.660059,739,1.749543667
1777987691.062113,740,1.72757864
1777987691.415045,741,1.655828476
1777987691.806471,742,1.626176357
1777987692.231747,743,1.65391922
1777987692.623838,744,1.639938474
1777987693.043104,745,1.68817246
1777987693.458754,746,1.69636631
1777987693.853035,747,1.751014948
1777987694.268656,748,1.706643224
1777987694.638882,749,1.563620329
1777987695.038499,750,1.67862618
1777987695.457240,751,1.755884171
1777987695.884527,752,1.731254816
1777987696.252408,753,1.693134069
1777987696.678721,754,1.508284092
1777987697.033929,755,1.726211071
1777987697.433947,756,1.730074406
1777987697.820708,757,1.591091275
1777987698.220211,758,1.691179395
1777987698.635984,759,1.649813414
1777987699.010385,760,1.639826298
1777987699.376641,761,1.626424789
1777987699.758600,762,1.580899954
1777987700.088042,763,1.534615755
1777987700.477646,764,1.557900906
1777987700.874694,765,1.607545376
1777987701.289184,766,1.632691026
1777987701.687624,767,1.678079844
1777987702.063149,768,1.641894341
1777987702.433590,769,1.659626245
1777987702.825833,770,1.691972017
1777987703.201358,771,1.660076618
1777987703.574848,772,1.592689514
1777987703.937226,773,1.599302769
1777987704.290240,774,1.621877551
1777987704.650810,775,1.680927515
1777987705.065327,776,1.723228335
1777987705.454260,777,1.727386475
1777987705.809311,778,1.69614315
1777987706.195014,779,1.680397511
1777987706.576469,780,1.602936983
1777987706.985730,781,1.603732109
1777987707.353573,782,1.748781681
1777987707.762925,783,1.66193223
1777987708.154373,784,1.723570108
1777987708.508705,785,1.604079485
1777987708.914273,786,1.565484524
1777987709.293882,787,1.770324945
1777987709.691450,788,1.581329584
1777987710.064945,789,1.636058927
1777987710.461943,790,1.563583612
1777987710.840902,791,1.726888418
1777987711.244903,792,1.669271827
1777987711.642500,793,1.690664411
1777987712.009192,794,1.619523525
1777987712.370385,795,1.660331726
1777987712.757500,796,1.571766853
1777987713.180133,797,1.6611588
1777987713.628255,798,1.686041832
1777987714.062962,799,1.567371845
1777987714.454237,800,1.742568254
1777987714.803833,801,1.532283068
1777987715.196172,802,1.618375182
1777987715.568071,803,1.577554941
1777987715.960771,804,1.616145611
1777987716.375367,805,1.683569551
1777987716.783731,806,1.677696705
1777987717.227952,807,1.658921003
1777987717.626776,808,1.658415198
1777987718.031917,809,1.688969374
1777987718.424718,810,1.719408512
1777987718.781152,811,1.61521852
1777987719.144964,812,1.6628865
1777987719.516874,813,1.60950768
1777987719.917499,814,1.71666503
1777987720.353579,815,1.632518768
1777987720.764068,816,1.706624866
1777987721.175907,817,1.655940056
1777987721.628180,818,1.615981102
1777987722.003048,819,1.624633074
1777987722.470961,820,1.607152462
1777987722.910604,821,1.57622385
1777987723.319245,822,1.604530334
1777987723.746179,823,1.750578165
1777987724.168951,824,1.599393368
1777987724.610862,825,1.535930634
1777987725.012930,826,1.671808481
1777987725.481667,827,1.672154188
1777987725.891960,828,1.577679873
1777987726.358166,829,1.633194208
1777987726.763270,830,1.551297903
1777987727.194713,831,1.658467293
1777987727.635553,832,1.616723418
1777987728.035120,833,1.666735649
1777987728.443522,834,1.699049592
1777987728.881412,835,1.645314455
1777987729.330932,836,1.609582543
1777987729.842559,837,1.574826241
1777987730.237357,838,1.691106558
1777987730.699995,839,1.70389688
1777987731.086304,840,1.6941185
1777987731.473951,841,1.494886279
1777987731.853343,842,1.653783083
1777987732.299405,843,1.663131833
1777987732.707495,844,1.720067143
1777987733.122376,845,1.680912733
1777987733.490046,846,1.638733387
1777987733.846994,847,1.602030993
1777987734.236369,848,1.657512188
1777987734.608864,849,1.620339036
1777987735.028800,850,1.702898622
1777987735.439949,851,1.715389252
1777987735.860223,852,1.699662447
1777987736.311733,853,1.717015743
1777987736.710185,854,1.636720181
1777987737.099006,855,1.55734098
1777987737.542430,856,1.641820788
1777987737.923327,857,1.723901033
1777987738.341453,858,1.50718236
1777987738.747664,859,1.580783367
1777987739.124892,860,1.630522966
1777987739.480213,861,1.644147873
1777987739.889201,862,1.679558516
1777987740.300336,863,1.734293103
1777987740.713324,864,1.625251651
1777987741.255507,865,1.636443496
1777987741.780374,866,1.802508354
1777987742.372075,867,1.687916994
1777987742.856001,868,1.669476986
1777987743.354148,869,1.676772833
1777987743.832924,870,1.667864561
1777987744.350294,871,1.699709058
1777987744.885998,872,1.63162446
1777987745.416165,873,1.631771445
1777987745.925627,874,1.673727989
1777987746.424947,875,1.608761191
1777987746.993925,876,1.619969249
1777987747.528957,877,1.526191831
1777987748.062664,878,1.642106056
1777987748.437761,879,1.567117214
1777987748.830232,880,1.663730264
1777987749.200395,881,1.660901546
1777987749.596819,882,1.633593202
1777987750.024380,883,1.636627436
1777987750.410966,884,1.642786622
1777987750.787500,885,1.51616466
1777987751.211411,886,1.553737879
1777987751.613018,887,1.631470799
1777987752.015250,888,1.662492156
1777987752.376686,889,1.607013106
1777987752.794062,890,1.602522135
1777987753.204243,891,1.687224627
1777987753.642912,892,1.655452967
1777987754.041656,893,1.702623248
1777987754.457797,894,1.539348722
1777987754.864733,895,1.645199299
1777987755.344584,896,1.714130998
1777987755.725225,897,1.757149935
1777987756.149203,898,1.693825245
1777987756.588738,899,1.622880816
1777987757.000202,900,1.729570866
1777987757.465065,901,1.528331995
1777987757.875958,902,1.628466249
1777987758.289755,903,1.532322407
1777987758.730967,904,1.634096622
1777987759.232782,905,1.658385754
1777987759.732479,906,1.640192866
1777987760.332343,907,1.553384185
1777987760.807831,908,1.654814839
1777987761.413342,909,1.686877847
1777987761.915821,910,1.598653555
1777987762.395330,911,1.677562475
1777987762.994594,912,1.540176272
1777987763.456202,913,1.654573917
1777987763.870359,914,1.722820997
1777987764.232671,915,1.57162869
1777987764.593221,916,1.663858652
1777987765.004440,917,1.733715653
1777987765.423786,918,1.56298995
1777987765.796099,919,1.542264819
1777987766.183366,920,1.721472979
1777987766.615627,921,1.575698256
1777987766.999786,922,1.799255133
1777987767.388271,923,1.644808531
1777987767.783071,924,1.614429593
1777987768.164698,925,1.582291126
1777987768.512081,926,1.635657549
1777987768.884233,927,1.717264414
1777987769.319246,928,1.630992174
1777987769.723538,929,1.609915495
1777987770.119074,930,1.636618853
1777987770.505698,931,1.733039021
1777987770.913360,932,1.397138834
1777987771.312424,933,1.453220367
1777987771.707481,934,1.543678999
1777987772.124155,935,1.639181018
1777987772.541240,936,1.6672858
1777987772.950219,937,1.615162969
1777987773.328798,938,1.575327158
1777987773.780144,939,1.668991327
1777987774.184495,940,1.673131943
1777987774.588386,941,1.605475426
1777987774.965716,942,1.558183908
1777987775.374460,943,1.630664349
1777987775.753268,944,1.68009901
1777987776.173897,945,1.683468342
1777987776.570556,946,1.560939193
1777987776.985208,947,1.693036556
1777987777.385176,948,1.582205415
1777987777.801840,949,1.583102584
1777987778.216812,950,1.630091667
1777987778.581914,951,1.570633531
1777987778.983474,952,1.584256411
1777987779.444675,953,1.587365866
1777987779.844311,954,1.602170467
1777987780.280308,955,1.626874447
1777987780.705091,956,1.680595875
1777987781.134733,957,1.680469275
1777987781.538987,958,1.433278561
1777987781.936270,959,1.583258629
1777987782.343625,960,1.545815825
1777987782.770921,961,1.70237267
1777987783.209554,962,1.546923876
1777987783.661437,963,1.534620166
1777987784.127076,964,1.634841442
1777987784.506201,965,1.558865547
1777987784.889506,966,1.627846837
1777987785.255233,967,1.631783962
1777987785.631363,968,1.642501831
1777987786.069268,969,1.644453049
1777987786.499597,970,1.581896544
1777987786.951884,971,1.568949223
1777987787.384726,972,1.666474462
1777987787.809707,973,1.560144782
1777987788.205423,974,1.442174792
1777987788.617005,975,1.562587261
1777987789.048438,976,1.601092815
1777987789.503493,977,1.620943546
1777987789.909212,978,1.512214541
1777987790.320123,979,1.60694921
1777987790.756051,980,1.668630242
1777987791.205983,981,1.561537981
1777987791.664069,982,1.562215567
1777987792.073200,983,1.609459996
1777987792.436542,984,1.533961773
1777987792.820673,985,1.58085978
1777987793.191378,986,1.553578496
1777987793.559047,987,1.589665294
1777987793.924329,988,1.538865924
1777987794.310230,989,1.673893571
1777987794.654604,990,1.702988267
1777987795.016431,991,1.509836674
1777987795.400970,992,1.58947885
1777987795.803216,993,1.555069923
1777987796.163804,994,1.580188036
1777987796.533982,995,1.59072876
1777987796.924768,996,1.613609314
1777987797.368670,997,1.775254965
1777987797.758732,998,1.624279499
1777987798.157027,999,1.662198067
1777987798.573956,1000,1.647929668
1777987798.922624,1001,1.565416217
1777987799.302907,1002,1.685547352
1777987799.725317,1003,1.670915842
1777987800.118689,1004,1.663994551
1777987800.547982,1005,1.602187991
1777987800.927629,1006,1.635978222
1777987801.352080,1007,1.605377197
1777987801.743709,1008,1.640774965
1777987802.144364,1009,1.667426348
1777987802.519444,1010,1.656063795
1777987802.902902,1011,1.493474722
1777987803.304264,1012,1.549249172
1777987803.682742,1013,1.671557188
1777987804.054966,1014,1.551088333
1777987804.505484,1015,1.673806667
1777987804.921328,1016,1.682211041
1777987805.275604,1017,1.559654117
1777987805.658189,1018,1.564265251
1777987806.041641,1019,1.49218154
1777987806.413232,1020,1.609912634
1777987806.790592,1021,1.614996672
1777987807.151190,1022,1.47100246
1777987807.561204,1023,1.706691504
1777987807.952477,1024,1.669832349
1777987808.349842,1025,1.6174891
1777987808.757839,1026,1.695159912
1777987809.141319,1027,1.589629054
1777987809.508767,1028,1.731210232
1777987809.865037,1029,1.63940835
1777987810.270406,1030,1.626373291
1777987810.658255,1031,1.647250175
1777987811.016227,1032,1.562270403
1777987811.439546,1033,1.698414326
1777987811.823283,1034,1.467777848
1777987812.221100,1035,1.585414648
1777987812.588702,1036,1.548655629
1777987812.970361,1037,1.568475962
1777987813.343885,1038,1.631211042
1777987813.704451,1039,1.629364014
1777987814.050342,1040,1.660162091
1777987814.423327,1041,1.55681622
1777987814.833947,1042,1.476611972
1777987815.217034,1043,1.597692251
1777987815.643449,1044,1.64588213
1777987816.007941,1045,1.478342533
1777987816.411416,1046,1.615571737
1777987816.862199,1047,1.572805285
1777987817.241084,1048,1.555218101
1777987817.650231,1049,1.642934084
1777987818.067037,1050,1.577473998
1777987818.463032,1051,1.587934256
1777987818.902461,1052,1.622085571
1777987819.370857,1053,1.637352943
1777987819.782687,1054,1.700143099
1777987820.197521,1055,1.603687167
1777987820.603816,1056,1.566484928
1777987820.984303,1057,1.688629746
1777987821.344543,1058,1.555354714
1777987821.722186,1059,1.562677145
1777987822.107467,1060,1.63862741
1777987822.484687,1061,1.498063564
1777987822.867433,1062,1.619749069
1777987823.235187,1063,1.552220345
1777987823.600537,1064,1.610566378
1777987823.928958,1065,1.64159441
1777987824.277016,1066,1.634050608
1777987824.627362,1067,1.5783813
1777987825.002607,1068,1.544376373
1777987825.375251,1069,1.634783149
1777987825.732740,1070,1.622548938
1777987826.112605,1071,1.57314384
1777987826.513870,1072,1.541864395
1777987826.923129,1073,1.613131762
1777987827.379494,1074,1.569754362
1777987827.780257,1075,1.544709921
1777987828.179606,1076,1.626884937
1777987828.573480,1077,1.619896054
1777987828.999958,1078,1.674240351
1777987829.370712,1079,1.557771444
1777987829.773331,1080,1.456669807
1777987830.155546,1081,1.697404742
1777987830.476249,1082,1.451538682
1777987830.824372,1083,1.605032444
1777987831.199786,1084,1.681908131
1777987831.616013,1085,1.612150669
1777987832.010988,1086,1.504535079
1777987832.405302,1087,1.545808673
1777987832.763984,1088,1.641760468
1777987833.122860,1089,1.538625002
1777987833.464494,1090,1.644479275
1777987833.863214,1091,1.57979846
1777987834.251859,1092,1.557902694
1777987834.662638,1093,1.566536665
1777987835.029202,1094,1.47742033
1777987835.408551,1095,1.634508491
1777987835.789126,1096,1.664772153
1777987836.192410,1097,1.489985466
1777987836.564234,1098,1.47174716
1777987836.950453,1099,1.565594912
1777987837.411194,1100,1.595672607
1777987837.795444,1101,1.575531483
1777987838.202515,1102,1.554803014
1777987838.534212,1103,1.670487404
1777987838.942400,1104,1.500843525
1777987839.378144,1105,1.586572766
1777987839.784511,1106,1.602309942
1777987840.169875,1107,1.599212646
1777987840.530057,1108,1.606213331
1777987840.950733,1109,1.64408505
1777987841.338451,1110,1.609013796
1777987841.747218,1111,1.428290725
1777987842.184736,1112,1.533594608
1777987842.553582,1113,1.555948973
1777987842.957857,1114,1.473521113
1777987843.409288,1115,1.631715775
1777987843.826873,1116,1.574659586
1777987844.270244,1117,1.667565942
1777987844.723528,1118,1.526617765
1777987845.186888,1119,1.571147323
1777987845.594694,1120,1.586640477
1777987845.985087,1121,1.635825872
1777987846.331414,1122,1.565663576
1777987846.730360,1123,1.611583591
1777987847.166515,1124,1.555381536
1777987847.557244,1125,1.51697278
1777987847.915918,1126,1.449385405
1777987848.300210,1127,1.57279861
1777987848.679971,1128,1.566334367
1777987865.005854,1129,1.669017196
1777987865.373206,1130,1.475771427
1777987865.751181,1131,1.645427823
1777987866.109579,1132,1.581674695
1777987866.463086,1133,1.614968061
1777987866.809936,1134,1.624309182
1777987867.155998,1135,1.706947088
1777987867.560375,1136,1.545939922
1777987867.929729,1137,1.565954208
1777987868.354855,1138,1.583640337
1777987868.690802,1139,1.634602547
1777987869.061532,1140,1.6077106
1777987869.424881,1141,1.612810373
1777987869.771464,1142,1.641537666
1777987870.173022,1143,1.53238678
1777987870.543529,1144,1.599966407
1777987870.924126,1145,1.641513228
1777987871.281332,1146,1.518508077
1777987871.642582,1147,1.616886616
1777987872.022310,1148,1.581891537
1777987872.393071,1149,1.577205896
1777987872.747959,1150,1.497375965
1777987873.118004,1151,1.62696147
1777987873.518774,1152,1.547427416
1777987873.873972,1153,1.612049818
1777987874.267392,1154,1.540316939
1777987874.658998,1155,1.556806564
1777987875.016307,1156,1.607588768
1777987875.417183,1157,1.495615482
1777987875.837812,1158,1.664763689
1777987876.202488,1159,1.535027981
1777987876.599077,1160,1.411915779
1777987877.006436,1161,1.537387133
1777987877.361669,1162,1.476646423
1777987877.699156,1163,1.610848188
1777987878.040812,1164,1.580540657
1777987878.409620,1165,1.664480686
1777987878.809503,1166,1.628137827
1777987879.162785,1167,1.550053954
1777987879.504305,1168,1.548882484
1777987879.854243,1169,1.557039499
1777987880.224277,1170,1.575103164
1777987880.612222,1171,1.635461569
1777987880.973933,1172,1.423552155
1777987881.320778,1173,1.39530158
1777987881.662332,1174,1.622955561
1777987881.993623,1175,1.493987322
1777987882.368542,1176,1.582252026
1777987882.742195,1177,1.514470339
1777987883.097575,1178,1.628910065
1777987883.427591,1179,1.537191629
1777987883.860454,1180,1.562913895
1777987884.207967,1181,1.588273168
1777987884.559919,1182,1.599961996
1777987884.902226,1183,1.472939014
1777987885.250129,1184,1.519892812
1777987885.583071,1185,1.457401991
1777987885.931337,1186,1.602277517
1777987886.275321,1187,1.651482105
1777987886.638006,1188,1.608650446
1777987887.040332,1189,1.610389471
1777987887.457889,1190,1.640097737
1777987887.846155,1191,1.544447184
1777987888.244920,1192,1.645816088
1777987888.597335,1193,1.441621184
1777987888.947574,1194,1.592236161
1777987889.285513,1195,1.633274317
1777987889.654320,1196,1.529386997
1777987889.991657,1197,1.533658981
1777987890.351520,1198,1.600298882
1777987890.766592,1199,1.646665096
1777987891.144807,1200,1.58917737
1777987891.532071,1201,1.522230625
1777987891.921021,1202,1.585263848
1777987892.292091,1203,1.535527349
1777987892.646661,1204,1.508132458
1777987893.003092,1205,1.514168859
1777987893.385899,1206,1.620604753
1777987893.773491,1207,1.690286398
1777987894.139461,1208,1.39241147
1777987894.501979,1209,1.556222558
1777987894.866785,1210,1.591900587
1777987895.259495,1211,1.608138084
1777987895.613657,1212,1.556204319
1777987895.983996,1213,1.40865159
1777987896.319992,1214,1.558734417
1777987896.690815,1215,1.512367487
1777987897.062803,1216,1.544489622
1777987897.423068,1217,1.569448471
1777987897.779270,1218,1.539740324
1777987898.152117,1219,1.59684968
1777987898.521218,1220,1.629488826
1777987898.908125,1221,1.592030287
1777987899.277960,1222,1.685032129
1777987899.654432,1223,1.589332819
1777987899.976994,1224,1.625064373
1777987900.325209,1225,1.597135425
1777987900.674691,1226,1.550004959
1777987901.042617,1227,1.569791317
1777987901.411728,1228,1.635442019
1777987901.798026,1229,1.461394548
1777987902.170948,1230,1.503496766
1777987902.529388,1231,1.474295735
1777987902.918774,1232,1.575744033
1777987903.260896,1233,1.396992445
1777987903.617408,1234,1.568292379
1777987903.955607,1235,1.564873695
1777987904.321961,1236,1.663094044
1777987904.695058,1237,1.53625226
1777987905.078850,1238,1.432457089
1777987905.498556,1239,1.634591341
1777987905.884056,1240,1.610444784
1777987906.236417,1241,1.50250411
1777987906.601429,1242,1.483933449
1777987906.953382,1243,1.537663579
1777987907.296836,1244,1.52672565
1777987907.669275,1245,1.485668898
1777987908.024158,1246,1.55315423
1777987908.385789,1247,1.557743549
1777987908.730001,1248,1.390063643
1777987909.160193,1249,1.471890926
1777987909.560723,1250,1.518077016
1777987909.924242,1251,1.549046278
1777987910.316682,1252,1.536593199
1777987910.744437,1253,1.614575386
1777987911.098768,1254,1.606041312
1777987911.447166,1255,1.553447962
1777987911.818186,1256,1.499935508
1777987912.175606,1257,1.452111721
1777987912.547513,1258,1.563699365
1777987912.895052,1259,1.506711006
1777987913.255739,1260,1.500947118
1777987913.626580,1261,1.459958434
1777987914.001218,1262,1.453469276
1777987914.408070,1263,1.575194001
1777987914.766302,1264,1.610205889
1777987915.133798,1265,1.599086285
1777987915.522202,1266,1.548889637
1777987915.917735,1267,1.383065939
1777987916.267365,1268,1.449653029
1777987916.598064,1269,1.469727755
1777987916.950441,1270,1.611912489
1777987917.308852,1271,1.470220327
1777987917.678777,1272,1.487724423
1777987918.056785,1273,1.604795098
1777987918.398422,1274,1.554397583
1777987918.800680,1275,1.584940672
1777987919.156712,1276,1.437273979
1777987919.481648,1277,1.552774549
1777987919.846317,1278,1.538276315
1777987920.171727,1279,1.580843687
1777987920.572632,1280,1.504547238
1777987920.971301,1281,1.569022417
1777987921.327761,1282,1.583493948
1777987921.713946,1283,1.557089567
1777987922.090537,1284,1.453207254
1777987922.485866,1285,1.548609734
1777987922.873489,1286,1.528295755
1777987923.202380,1287,1.47913599
1777987923.544701,1288,1.489412546
1777987923.901266,1289,1.649710894
1777987924.257509,1290,1.543878317
1777987924.613174,1291,1.571542263
1777987925.019897,1292,1.415345907
1777987925.410058,1293,1.653568983
1777987925.796084,1294,1.460610271
1777987926.170626,1295,1.655373096
1777987926.514810,1296,1.546509027
1777987926.867964,1297,1.495645523
1777987927.260536,1298,1.608251333
1777987927.642772,1299,1.646205902
1777987928.000117,1300,1.541398048
1777987928.339185,1301,1.659188032
1777987928.654728,1302,1.469168901
1777987928.993652,1303,1.558460474
1777987929.340685,1304,1.569000006
1777987929.687991,1305,1.580810785
1777987930.049911,1306,1.532705545
1777987930.444022,1307,1.515445471
1777987930.802494,1308,1.477660537
1777987931.202583,1309,1.647752643
1777987931.540827,1310,1.493276119
1777987931.896435,1311,1.53516674
1777987932.290924,1312,1.537222266
1777987932.662879,1313,1.461390853
1777987933.054400,1314,1.559812903
1777987933.432918,1315,1.354012966
1777987933.790865,1316,1.445571303
1777987934.189969,1317,1.536654472
1777987934.548734,1318,1.614145637
1777987934.970680,1319,1.470832825
1777987935.349212,1320,1.516676903
1777987935.738264,1321,1.407355547
1777987936.120640,1322,1.420398593
1777987936.493356,1323,1.44322443
1777987936.852395,1324,1.437127113
1777987937.220564,1325,1.581891894
1777987937.635732,1326,1.567973137
1777987938.053728,1327,1.331481099
1777987938.440940,1328,1.545659184
1777987938.872058,1329,1.5194242
1777987939.257814,1330,1.529410601
1777987939.660638,1331,1.523581982
1777987940.060946,1332,1.603198171
1777987940.443281,1333,1.434118271
1777987940.827717,1334,1.547300816
1777987941.220431,1335,1.353375316
1777987941.585595,1336,1.48880291
1777987941.955890,1337,1.506399274
1777987942.325372,1338,1.543355346
1777987942.734461,1339,1.611775875
1777987943.094523,1340,1.535156012
1777987943.472236,1341,1.575895071
1777987943.805482,1342,1.517064929
1777987944.182193,1343,1.528328419
1777987944.490876,1344,1.432060242
1777987944.868734,1345,1.642914772
1777987945.279598,1346,1.623471022
1777987945.686159,1347,1.627528906
1777987946.074727,1348,1.507250667
1777987946.450788,1349,1.625743151
1777987946.770936,1350,1.388949037
1777987947.123058,1351,1.40500021
1777987947.535142,1352,1.473260999
1777987947.933222,1353,1.564121008
1777987948.309737,1354,1.608414888
1777987948.673812,1355,1.420633316
1777987949.006181,1356,1.551400423
1777987949.402855,1357,1.548813581
1777987949.789601,1358,1.485084891
1777987950.158536,1359,1.494257689
1777987950.551212,1360,1.475761414
1777987950.934655,1361,1.552531481
1777987951.315496,1362,1.479311705
1777987951.648205,1363,1.478555679
1777987952.009417,1364,1.581170321
1777987952.387836,1365,1.45200932
1777987952.765990,1366,1.471762061
1777987953.184197,1367,1.707769871
1777987953.588560,1368,1.614608407
1777987953.936662,1369,1.58990705
1777987954.298132,1370,1.579580665
1777987954.680586,1371,1.460576534
1777987955.057032,1372,1.497898936
1777987955.400613,1373,1.374022484
1777987955.775347,1374,1.551005363
1777987956.183681,1375,1.615054369
1777987956.548604,1376,1.640398741
1777987956.947205,1377,1.549937844
1777987957.287458,1378,1.430901885
1777987957.673633,1379,1.490882397
1777987958.032473,1380,1.454664826
1777987958.422977,1381,1.483152866
1777987958.789842,1382,1.484710097
1777987959.117853,1383,1.423310995
1777987959.473441,1384,1.447209716
1777987959.853307,1385,1.470990658
1777987960.213362,1386,1.493201375
1777987960.563226,1387,1.52085042
1777987960.928409,1388,1.460743904
1777987961.291130,1389,1.487814546
1777987961.673530,1390,1.673948765
1777987962.051526,1391,1.377781391
1777987962.415707,1392,1.489735603
1777987962.748022,1393,1.580134511
1777987963.097019,1394,1.497728586
1777987963.478926,1395,1.575606942
1777987963.858234,1396,1.489121199
1777987964.254802,1397,1.477310061
1777987964.632870,1398,1.665245295
1777987965.016453,1399,1.422166586
1777987965.344122,1400,1.419543505
1777987965.696085,1401,1.584075809
1777987966.052894,1402,1.469770908
1777987966.391698,1403,1.601643682
1777987966.800569,1404,1.511812449
1777987967.188529,1405,1.490859032
1777987967.567327,1406,1.591688871
1777987968.001713,1407,1.520980358
1777987968.358282,1408,1.588972807
1777987968.756327,1409,1.480518937
1777987969.102684,1410,1.579023123
1777987969.483576,1411,1.537214756
1777987969.826568,1412,1.611191034
1777987970.207819,1413,1.465011358
1777987970.569277,1414,1.364191055
1777987970.917728,1415,1.520056486
1777987971.321467,1416,1.568630099
1777987971.699780,1417,1.519397259
1777987972.094286,1418,1.504887342
1777987972.510936,1419,1.477164745
1777987972.862762,1420,1.582681656
1777987973.213424,1421,1.503316402
1777987973.565580,1422,1.442041874
1777987973.959876,1423,1.609272361
1777987974.287757,1424,1.496394277
1777987974.628281,1425,1.504070997
1777987974.991960,1426,1.430399656
1777987975.381315,1427,1.562294722
1777987975.734269,1428,1.525345087
1777987976.086308,1429,1.501048088
1777987976.441354,1430,1.506654024
1777987976.871254,1431,1.542105913
1777987977.294011,1432,1.65432477
1777987977.692982,1433,1.628742695
1777987978.037866,1434,1.475372314
1777987978.487621,1435,1.487685561
1777987978.834233,1436,1.511436462
1777987979.213159,1437,1.465525985
1777987979.606912,1438,1.473389983
1777987979.973948,1439,1.540513754
1777987980.306783,1440,1.48336792
1777987980.651741,1441,1.544880867
1777987981.009667,1442,1.445455313
1777987981.361517,1443,1.605648756
1777987981.709073,1444,1.516453266
1777987982.027699,1445,1.50696969
1777987982.391359,1446,1.395973206
1777987982.742674,1447,1.389304876
1777987983.106560,1448,1.399625778
1777987983.499132,1449,1.642160654
1777987983.825215,1450,1.604311109
1777987984.168209,1451,1.3989079
1777987984.530781,1452,1.675555229
1777987984.900761,1453,1.562163711
1777987985.247851,1454,1.633682013
1777987985.633388,1455,1.535785675
1777987986.017123,1456,1.523070812
1777987986.417603,1457,1.480921268
1777987986.727982,1458,1.642592907
1777987987.064491,1459,1.655974865
1777987987.431197,1460,1.49322772
1777987987.824034,1461,1.436399341
1777987988.165476,1462,1.416976094
1777987988.479321,1463,1.519360542
1777987988.845505,1464,1.663939834
1777987989.186049,1465,1.426625967
1777987989.586683,1466,1.660004377
1777987989.955406,1467,1.528824925
1777987990.323683,1468,1.528462648
1777987990.691444,1469,1.548022509
1777987991.027150,1470,1.602360129
1777987991.388317,1471,1.500178695
1777987991.748902,1472,1.450591564
1777987992.094279,1473,1.390498161
1777987992.451801,1474,1.551557779
1777987992.787641,1475,1.552605748
1777987993.139717,1476,1.389983892
1777987993.561315,1477,1.463505745
1777987993.918990,1478,1.476279259
1777987994.290866,1479,1.621440887
1777987994.739856,1480,1.541920185
1777987995.161293,1481,1.481847048
1777987995.557964,1482,1.578182459
1777987995.919641,1483,1.493603706
1777987996.280623,1484,1.399760962
1777987996.648837,1485,1.389294624
1777987997.021343,1486,1.428555369
1777987997.349497,1487,1.477806091
1777987997.684941,1488,1.606237173
1777987998.051712,1489,1.548144221
1777987998.394955,1490,1.394593477
1777987998.772691,1491,1.399967313
1777987999.154119,1492,1.581507921
1777987999.536979,1493,1.534318209
1777987999.947701,1494,1.53704834
1777988000.320656,1495,1.572567821
1777988000.716440,1496,1.548667431
1777988001.090303,1497,1.424720526
1777988001.451545,1498,1.482268572
1777988001.812016,1499,1.415855408
1777988002.195219,1500,1.591985226
1777988002.580235,1501,1.497467279
1777988003.004759,1502,1.551691651
1777988003.387434,1503,1.485187292
1777988003.785642,1504,1.614793777
1777988004.185917,1505,1.484442949
1777988004.572878,1506,1.425878286
1777988004.915795,1507,1.463986874
1777988005.300071,1508,1.45982182
1777988005.636974,1509,1.498550892
1777988005.998298,1510,1.546686888
1777988006.356802,1511,1.474188566
1777988006.746717,1512,1.464603186
1777988007.124854,1513,1.421421528
1777988007.507627,1514,1.518651962
1777988007.864905,1515,1.500022411
1777988008.227168,1516,1.442704439
1777988008.592688,1517,1.480898499
1777988008.934273,1518,1.505056024
1777988009.319045,1519,1.426543236
1777988009.678290,1520,1.534606814
1777988010.010922,1521,1.390529394
1777988010.356050,1522,1.537031889
1777988010.716768,1523,1.556980133
1777988011.076859,1524,1.488657117
1777988011.440028,1525,1.320541859
1777988011.835980,1526,1.426735163
1777988012.217288,1527,1.479621053
1777988012.583188,1528,1.462721348
1777988013.001670,1529,1.569310188
1777988013.428017,1530,1.493834615
1777988013.777529,1531,1.483100414
1777988014.133838,1532,1.685062051
1777988014.488010,1533,1.472313404
1777988014.856178,1534,1.653989077
1777988015.253278,1535,1.491165161
1777988015.592184,1536,1.386284351
1777988015.937346,1537,1.428579211
1777988016.274975,1538,1.531575084
1777988016.683630,1539,1.505885482
1777988017.095064,1540,1.463756442
1777988017.487206,1541,1.431913614
1777988017.875830,1542,1.585544348
1777988018.257544,1543,1.477695465
1777988018.610657,1544,1.363912344
1777988018.931550,1545,1.569180012
1777988019.320613,1546,1.513046503
1777988019.712075,1547,1.559313536
1777988020.067776,1548,1.52754426
1777988020.442584,1549,1.597523451
1777988020.791418,1550,1.589067459
1777988021.190353,1551,1.488706827
1777988021.555586,1552,1.491673708
1777988021.902953,1553,1.547285318
1777988022.299688,1554,1.476697803
1777988022.646108,1555,1.456003904
1777988022.993103,1556,1.600459337
1777988023.358973,1557,1.420184612
1777988023.750226,1558,1.546630621
1777988024.104679,1559,1.492881179
1777988024.445306,1560,1.461979389
1777988024.840113,1561,1.383547187
1777988025.246042,1562,1.544965386
1777988025.601658,1563,1.646300793
1777988025.988821,1564,1.403064489
1777988026.391577,1565,1.444930673
1777988026.756027,1566,1.576015234
1777988027.107521,1567,1.454562902
1777988027.488214,1568,1.510635495
1777988027.926616,1569,1.469015002
1777988028.283896,1570,1.44075048
1777988028.690899,1571,1.432857394
1777988029.083564,1572,1.464114904
1777988029.488044,1573,1.536732197
1777988029.875872,1574,1.532164097
1777988030.283985,1575,1.511805058
1777988030.651225,1576,1.485183716
1777988031.025021,1577,1.505188465
1777988031.462062,1578,1.58639276
1777988031.851236,1579,1.569610119
1777988032.214198,1580,1.555284262
1777988032.603873,1581,1.464095116
1777988032.974528,1582,1.658600569
1777988033.355881,1583,1.547815323
1777988033.717125,1584,1.566666842
1777988034.148729,1585,1.511320353
1777988034.500893,1586,1.463018894
1777988034.875263,1587,1.450664282
1777988035.222079,1588,1.436407685
1777988035.621707,1589,1.530642271
1777988035.974150,1590,1.409875393
1777988036.313161,1591,1.396564007
1777988036.745604,1592,1.59643662
1777988037.122317,1593,1.421040058
1777988037.532934,1594,1.452150583
1777988037.909572,1595,1.567219615
1777988038.335569,1596,1.422905803
1777988038.723393,1597,1.44526279
1777988039.096497,1598,1.613208294
1777988039.470000,1599,1.572370768
1777988039.878195,1600,1.48533535
1777988055.477546,1601,1.48873806
1777988055.898791,1602,1.427878022
1777988056.278829,1603,1.570462346
1777988056.711143,1604,1.436851025
1777988057.067001,1605,1.461618662
1777988057.471860,1606,1.429706097
1777988057.825285,1607,1.588663578
1777988058.195844,1608,1.591938019
1777988058.588646,1609,1.529797554
1777988059.002123,1610,1.57136631
1777988059.473439,1611,1.48183918
1777988059.970457,1612,1.407528281
1777988060.340372,1613,1.50817132
1777988060.742670,1614,1.334958673
1777988061.118757,1615,1.565107346
1777988061.497884,1616,1.536228418
1777988061.897846,1617,1.526310444
1777988062.280638,1618,1.514403105
1777988062.645369,1619,1.507392287
1777988063.003022,1620,1.4635005
1777988063.395527,1621,1.447100878
1777988063.771900,1622,1.43996644
1777988064.123854,1623,1.567875624
1777988064.476959,1624,1.50550282
1777988064.863415,1625,1.453762531
1777988065.244103,1626,1.550177574
1777988065.609758,1627,1.458597064
1777988065.974230,1628,1.471537113
1777988066.369786,1629,1.500809908
1777988066.695032,1630,1.487438679
1777988067.075060,1631,1.452346444
1777988067.447292,1632,1.480346441
1777988067.826249,1633,1.585172653
1777988068.204532,1634,1.402548313
1777988068.550175,1635,1.368618965
1777988068.888364,1636,1.443355083
1777988069.239926,1637,1.437641501
1777988069.609883,1638,1.497418404
1777988069.940050,1639,1.31708169
1777988070.310689,1640,1.530164719
1777988070.697792,1641,1.578021288
1777988071.072625,1642,1.524692297
1777988071.476082,1643,1.462221622
1777988071.830341,1644,1.320435762
1777988072.155269,1645,1.441729784
1777988072.502332,1646,1.558994889
1777988072.834801,1647,1.447554111
1777988073.207247,1648,1.491458893
1777988073.541638,1649,1.570921183
1777988073.909562,1650,1.41735363
1777988074.260776,1651,1.412330389
1777988074.633058,1652,1.389770865
1777988074.961039,1653,1.358852029
1777988075.341172,1654,1.555102348
1777988075.706688,1655,1.435163856
1777988076.074321,1656,1.427373886
1777988076.464141,1657,1.424378514
1777988076.835849,1658,1.578272581
1777988077.178385,1659,1.627071381
1777988077.510291,1660,1.433875084
1777988077.852162,1661,1.45431447
1777988078.234203,1662,1.445278645
1777988078.600191,1663,1.523342729
1777988078.950015,1664,1.420359254
1777988079.286464,1665,1.430715561
1777988079.661364,1666,1.29900682
1777988080.026232,1667,1.432179093
1777988080.388402,1668,1.345561981
1777988080.727673,1669,1.434995174
1777988081.095185,1670,1.453322291
1777988081.447294,1671,1.418376565
1777988081.813650,1672,1.520631313
1777988082.156017,1673,1.506844282
1777988082.523972,1674,1.26693356
1777988082.923313,1675,1.536627531
1777988083.307082,1676,1.452040911
1777988083.643925,1677,1.4196105
1777988084.043340,1678,1.432406902
1777988084.432338,1679,1.339200974
1777988084.843165,1680,1.538412333
1777988085.162144,1681,1.619619012
1777988085.529008,1682,1.498725414
1777988085.894206,1683,1.452234507
1777988086.236649,1684,1.41201067
1777988086.589271,1685,1.439815164
1777988086.967178,1686,1.603987694
1777988087.329203,1687,1.52184248
1777988087.732413,1688,1.572004557
1777988088.122327,1689,1.475594759
1777988088.545546,1690,1.458103061
1777988088.918789,1691,1.407266021
1777988089.280132,1692,1.465857267
1777988089.622053,1693,1.482873917
1777988089.977869,1694,1.447463632
1777988090.405246,1695,1.527984977
1777988090.778016,1696,1.38328433
1777988091.160168,1697,1.462462783
1777988091.517491,1698,1.484268427
1777988091.900587,1699,1.620460272
1777988092.258976,1700,1.413570046
1777988092.605244,1701,1.408195615
1777988092.966488,1702,1.506121635
1777988093.320038,1703,1.313953638
1777988093.649227,1704,1.487263441
1777988094.026492,1705,1.466754436
1777988094.366774,1706,1.373998404
1777988094.718914,1707,1.475819468
1777988095.085881,1708,1.567445278
1777988095.487433,1709,1.415256023
1777988095.861163,1710,1.552637935
1777988096.222050,1711,1.452223301
1777988096.592577,1712,1.444253325
1777988096.958591,1713,1.470307112
1777988097.343719,1714,1.446021795
1777988097.737807,1715,1.64231348
1777988098.097808,1716,1.42193079
1777988098.514039,1717,1.320817947
1777988098.879118,1718,1.502401829
1777988099.286285,1719,1.488358736
1777988099.599575,1720,1.586885929
1777988099.970848,1721,1.453223825
1777988100.379476,1722,1.464157581
1777988100.735962,1723,1.541260123
1777988101.135601,1724,1.553985357
1777988101.488879,1725,1.402107716
1777988108.244516,1726,1.441098452
1777988118.612351,1727,1.508394122
1777988119.013901,1728,1.679498434
1777988119.466316,1729,1.493932009
1777988119.914337,1730,1.491394877
1777988120.381737,1731,1.595936298
1777988120.774261,1732,1.431659222
1777988121.191290,1733,1.396759272
1777988121.610277,1734,1.426828861
1777988122.026338,1735,1.483581305
1777988122.412838,1736,1.387006283
1777988122.841332,1737,1.409413099
1777988123.270197,1738,1.629157782
1777988123.675648,1739,1.516844988
1777988140.458475,1740,1.539869547
1777988140.885644,1741,1.488641024
1777988141.321218,1742,1.486241102
1777988141.774190,1743,1.424161196
1777988142.223474,1744,1.533580065
1777988142.653337,1745,1.461760163
1777988143.116377,1746,1.607296228
1777988143.543203,1747,1.43616116
1777988143.949492,1748,1.592688084
1777988144.380938,1749,1.486317158
1777988144.782602,1750,1.430583954
1777988145.237946,1751,1.491447926
1777988145.636928,1752,1.400058746
1777988146.025013,1753,1.416598797
1777988146.436273,1754,1.444480062
1777988146.804523,1755,1.50647831
1777988147.147414,1756,1.41900301
1777988147.515681,1757,1.604428291
1777988147.972299,1758,1.407356739
1777988148.408185,1759,1.568079591
1777988148.842713,1760,1.484083652
1777988149.229427,1761,1.550715923
1777988149.629968,1762,1.533104897
1777988150.031401,1763,1.399088621
1777988150.448877,1764,1.393843055
1777988150.862967,1765,1.4185642
1777988151.310573,1766,1.508241177
1777988151.761500,1767,1.532234907
1777988152.213191,1768,1.445347905
1777988152.637669,1769,1.385989666
1777988153.067455,1770,1.449654579
1777988153.492587,1771,1.504739046
1777988153.919367,1772,1.558623075
1777988154.285003,1773,1.528672099
1777988154.728520,1774,1.504940987
1777988155.109511,1775,1.320460081
1777988155.565016,1776,1.555664539
1777988156.056674,1777,1.393244028
1777988156.483707,1778,1.482482433
1777988156.864574,1779,1.33186245
1777988157.293611,1780,1.503266335
1777988157.684565,1781,1.517230988
1777988158.122023,1782,1.505845547
1777988158.526706,1783,1.340515137
1777988158.919547,1784,1.559782386
1777988159.362315,1785,1.382094741
1777988159.736792,1786,1.520186663
1777988160.139910,1787,1.520469785
1777988160.599916,1788,1.485167861
1777988161.032485,1789,1.688070774
1777988161.435291,1790,1.557020903
1777988161.885896,1791,1.467026472
1777988162.322001,1792,1.383172274
1777988162.753112,1793,1.372036934
1777988163.119177,1794,1.40030241
1777988163.525823,1795,1.544679284
1777988163.940267,1796,1.496263266
1777988164.315541,1797,1.603513479
1777988164.701454,1798,1.447811246
1777988165.107809,1799,1.478188038
1777988165.538391,1800,1.560841322
1777988165.937564,1801,1.488588572
1777988166.350178,1802,1.421015739
1777988166.763406,1803,1.469367981
1777988167.202048,1804,1.410449386
1777988167.650160,1805,1.349321008
1777988168.061569,1806,1.49353385
1777988168.482240,1807,1.397381306
1777988168.924266,1808,1.456923127
1777988169.379484,1809,1.362067103
1777988169.771064,1810,1.502072215
1777988170.169333,1811,1.50158
1777988170.583750,1812,1.517819405
1777988171.003782,1813,1.537360191
1777988171.405576,1814,1.328038692
1777988171.855788,1815,1.284764171
1777988172.266217,1816,1.477976084
1777988172.641525,1817,1.427789092
1777988173.101729,1818,1.426828384
1777988173.533281,1819,1.395481586
1777988173.945038,1820,1.483099461
1777988174.407301,1821,1.496910572
1777988174.868658,1822,1.458871126
1777988175.285498,1823,1.441360831
1777988175.649861,1824,1.415685534
1777988175.981787,1825,1.380216599
1777988176.431100,1826,1.444256306
1777988176.842142,1827,1.565070391
1777988177.271418,1828,1.481029153
1777988177.689059,1829,1.506487131
1777988178.126518,1830,1.456122518
1777988178.531440,1831,1.389006138
1777988178.885528,1832,1.382698536
1777988179.268045,1833,1.448805571
1777988179.629712,1834,1.563729286
1777988179.993901,1835,1.476011395
1777988180.368899,1836,1.520318747
1777988180.749742,1837,1.525212884
1777988181.109721,1838,1.468590975
1777988181.453794,1839,1.334351182
1777988181.850226,1840,1.446067214
1777988182.223367,1841,1.403682947
1777988182.571161,1842,1.562020898
1777988182.934252,1843,1.493046045
1777988183.313086,1844,1.369017601
1777988183.704293,1845,1.458991051
1777988184.065214,1846,1.425111055
1777988184.428034,1847,1.44683075
1777988184.794664,1848,1.419880629
1777988185.159234,1849,1.51809299
1777988185.554927,1850,1.4255687
1777988185.931280,1851,1.479451895
1777988186.266081,1852,1.469495416
1777988186.602703,1853,1.432850242
1777988186.970068,1854,1.338376284
1777988187.293157,1855,1.482790709
1777988187.680995,1856,1.518001437
1777988188.062957,1857,1.338597298
1777988188.407746,1858,1.430271626
1777988188.782781,1859,1.444709301
1777988189.134185,1860,1.412520766
1777988189.459800,1861,1.59148097
1777988189.806736,1862,1.419964314
1777988190.140178,1863,1.384360552
1777988190.551189,1864,1.52567935
1777988190.943661,1865,1.499475479
1777988191.336381,1866,1.539285064
1777988191.704587,1867,1.454341173
1777988192.125040,1868,1.500758171
1777988192.492039,1869,1.448215961
1777988192.870868,1870,1.416610837
1777988193.213763,1871,1.441527843
1777988193.597838,1872,1.409430146
1777988222.499635,1873,1.494683027
1777988222.851430,1874,1.42679882
1777988223.219898,1875,1.382593393
1777988223.577532,1876,1.42214179
1777988223.907191,1877,1.329753876
1777988224.270849,1878,1.46083498
1777988224.602740,1879,1.373383045
1777988224.954724,1880,1.485889792
1777988225.361716,1881,1.514882326
1777988225.740902,1882,1.607533574
1777988226.110652,1883,1.293701053
1777988226.451498,1884,1.444468617
1777988226.780856,1885,1.482284546
1777988227.130671,1886,1.390236139
1777988227.528505,1887,1.518364906
1777988227.872340,1888,1.335618258
1777988228.257827,1889,1.519220591
1777988228.671281,1890,1.505851507
1777988229.024601,1891,1.532459736
1777988229.383226,1892,1.41431284
1777988229.774281,1893,1.441614866
1777988230.138411,1894,1.438266277
1777988230.525185,1895,1.505337119
1777988230.894155,1896,1.494909048
1777988231.243767,1897,1.534800053
1777988231.629799,1898,1.404063463
1777988231.955122,1899,1.501902461
1777988232.329468,1900,1.587840199
1777988232.725848,1901,1.469413996
1777988233.085113,1902,1.28459692
1777988233.422305,1903,1.424480438
1777988233.790773,1904,1.466322184
1777988234.162444,1905,1.588238478
1777988234.552751,1906,1.582481027
1777988234.937189,1907,1.393621206
1777988235.289615,1908,1.444050908
1777988235.636242,1909,1.447971106
1777988235.993085,1910,1.353237391
1777988236.341239,1911,1.538211823
1777988236.703761,1912,1.471914411
1777988237.084721,1913,1.428786516
1777988237.479636,1914,1.495638728
1777988237.855708,1915,1.472648025
1777988238.272323,1916,1.533583283
1777988238.631114,1917,1.44889164
1777988239.038970,1918,1.499438405
1777988239.423137,1919,1.334658623
1777988239.767195,1920,1.464691043
1777988240.155573,1921,1.323005199
1777988240.547245,1922,1.506890535
1777988240.918723,1923,1.431830883
1777988241.302696,1924,1.306617737
1777988241.670805,1925,1.529057622
1777988242.074461,1926,1.45422864
1777988242.491632,1927,1.416902065
1777988242.861214,1928,1.541368246
1777988243.231878,1929,1.421921968
1777988243.629036,1930,1.439395666
1777988244.004759,1931,1.471892118
1777988244.413263,1932,1.344258785
1777988244.831373,1933,1.42511797
1777988245.186244,1934,1.470317245
1777988245.584372,1935,1.395068407
1777988245.956135,1936,1.469871521
1777988246.351258,1937,1.417942882
1777988246.711925,1938,1.539993405
1777988247.074639,1939,1.392839432
1777988247.438433,1940,1.391179204
1777988247.791783,1941,1.533495426
1777988248.141570,1942,1.569027424
1777988248.506859,1943,1.507591963
1777988248.892167,1944,1.385979891
1777988249.254042,1945,1.549230099
1777988249.634069,1946,1.290382385
1777988249.991194,1947,1.513576508
1777988250.418896,1948,1.442729473
1777988250.813584,1949,1.591889501
1777988251.169276,1950,1.407702446
1777988251.514044,1951,1.546845675
1777988251.884184,1952,1.435206413
1777988252.227929,1953,1.455062866
1777988252.627093,1954,1.514077783
1777988252.964317,1955,1.329379082
1777988253.299461,1956,1.453266263
1777988253.650060,1957,1.323606372
1777988254.032235,1958,1.554528117
1777988254.469883,1959,1.483905911
1777988254.848925,1960,1.467725515
1777988255.190621,1961,1.458890557
1777988255.606987,1962,1.49119091
1777988255.951054,1963,1.440274
1777988256.307338,1964,1.400699139
1777988256.668907,1965,1.404583573
1777988257.056172,1966,1.518209219
1777988257.414041,1967,1.410764456
1777988257.803702,1968,1.433269024
1777988258.149367,1969,1.414366126
1777988258.530902,1970,1.421254635
1777988258.889766,1971,1.455147147
1777988259.315792,1972,1.509584665
1777988259.703159,1973,1.477157831
1777988260.102178,1974,1.407470226
1777988260.490403,1975,1.394370556
1777988260.908343,1976,1.427758336
1777988261.289387,1977,1.386333942
1777988261.694872,1978,1.363308311
1777988262.051638,1979,1.489854336
1777988262.482528,1980,1.608112216
1777988262.872453,1981,1.375657439
1777988263.231787,1982,1.357054949
1777988263.639132,1983,1.500323296
1777988264.010831,1984,1.455259562
1777988264.402314,1985,1.456368446
1777988264.756490,1986,1.515181303
1777988265.167908,1987,1.390213966
1777988265.534863,1988,1.468000889
1777988265.893853,1989,1.401729345
1777988266.261042,1990,1.459895134
1777988266.671255,1991,1.370296001
1777988267.088657,1992,1.378313541
1777988267.490770,1993,1.352507234
1777988267.895601,1994,1.36631763
1777988268.272233,1995,1.442921638
1777988268.647023,1996,1.521517515
1777988269.044966,1997,1.488348722
1777988269.460543,1998,1.466228724
1777988269.804002,1999,1.497669816
1777988270.179954,2000,1.546530604
1777988270.558927,2001,1.583377957
1777988270.954324,2002,1.413136244
1777988271.311751,2003,1.49378109
1777988271.660096,2004,1.33540225
1777988272.022741,2005,1.460032225
1777988272.407145,2006,1.310106993
1777988272.807579,2007,1.427327394
1777988273.165663,2008,1.454430103
1777988273.577882,2009,1.475901484
1777988273.950355,2010,1.350787401
1777988274.327772,2011,1.391254187
1777988274.732402,2012,1.349393249
1777988275.107338,2013,1.34153223
1777988275.503928,2014,1.483949423
1777988275.872931,2015,1.498279452
1777988276.260483,2016,1.498759508
1777988276.640090,2017,1.379579186
1777988276.952409,2018,1.524219036
1777988277.325993,2019,1.437519312
1777988277.703195,2020,1.465432167
1777988278.096344,2021,1.424254656
1777988278.479975,2022,1.327547073
1777988278.857753,2023,1.48366344
1777988279.229335,2024,1.473212719
1777988279.566457,2025,1.38634038
1777988279.955318,2026,1.491658211
1777988280.328184,2027,1.442481995
1777988280.672381,2028,1.503614545
1777988281.032937,2029,1.462492228
1777988281.433999,2030,1.41759491
1777988281.829761,2031,1.470199108
1777988282.194760,2032,1.352995634
1777988282.541816,2033,1.419197917
1777988282.937181,2034,1.452714801
1777988283.291752,2035,1.337140322
1777988283.640285,2036,1.539148331
1777988284.010023,2037,1.314457655
1777988284.367479,2038,1.439947844
1777988284.750724,2039,1.421579719
1777988285.124408,2040,1.426414967
1777988285.521807,2041,1.37218976
1777988285.921080,2042,1.387402058
1777988286.328949,2043,1.444513559
1777988286.702742,2044,1.414791822
1777988287.069018,2045,1.489831209
1777988287.435824,2046,1.473942518
1777988287.845744,2047,1.419553757
1777988288.226375,2048,1.41821444
1777988288.614920,2049,1.482323647
1777988289.011382,2050,1.436234474
1777988289.368476,2051,1.472305536
1777988289.763054,2052,1.391037703
1777988290.170228,2053,1.400995731
1777988290.540642,2054,1.40714097
1777988290.910844,2055,1.450472116
1777988291.273534,2056,1.291528225
1777988291.661333,2057,1.315352678
1777988292.028170,2058,1.364901781
1777988292.432559,2059,1.501264811
1777988292.822530,2060,1.428112984
1777988293.209778,2061,1.365465403
1777988293.569776,2062,1.494823337
1777988293.924372,2063,1.295034051
1777988294.312737,2064,1.528903961
1777988294.699541,2065,1.509627938
1777988295.076193,2066,1.392154217
1777988295.451548,2067,1.429568052
1777988295.803645,2068,1.383646488
1777988296.188631,2069,1.200423956
1777988296.565204,2070,1.283905029
1777988296.946452,2071,1.572072029
1777988297.321815,2072,1.466009617
1777988297.726855,2073,1.626897097
1777988298.146075,2074,1.527835608
1777988298.513098,2075,1.415071249
1777988298.886661,2076,1.406675577
1777988299.245554,2077,1.486504793
1777988299.616065,2078,1.375262737
1777988299.979222,2079,1.369812965
1777988300.344946,2080,1.54329443
1777988300.739877,2081,1.435374498
1777988301.123914,2082,1.370226383
1777988301.508129,2083,1.322186232
1777988301.889069,2084,1.415953755
1777988302.242151,2085,1.364335775
1777988302.630538,2086,1.399597883
1777988303.015608,2087,1.373414993
1777988303.382917,2088,1.422766447
1777988303.747609,2089,1.515031695
1777988304.159903,2090,1.526673555
1777988304.586910,2091,1.484015584
1777988304.935308,2092,1.38692832
1777988305.329799,2093,1.542626858
1777988305.723372,2094,1.43422544
1777988306.082228,2095,1.371406436
1777988306.511476,2096,1.42565906
1777988306.842912,2097,1.435600162
1777988307.227470,2098,1.353134513
1777988307.624816,2099,1.327314258
1777988308.015117,2100,1.465289116
1777988308.358644,2101,1.284978032
1777988308.732420,2102,1.368559003
1777988309.106132,2103,1.404351592
1777988309.469004,2104,1.516105175
1777988309.878382,2105,1.474161148
1777988310.278954,2106,1.46566236
1777988310.631827,2107,1.507044077
1777988311.037205,2108,1.52175355
1777988311.384500,2109,1.433121443
1777988311.774119,2110,1.415228009
1777988312.163684,2111,1.40273118
1777988312.527053,2112,1.376265764
1777988312.904951,2113,1.41420567
1777988313.302500,2114,1.445296168
1777988313.671498,2115,1.340308189
1777988314.068813,2116,1.455109239
1777988314.426983,2117,1.285526752
1777988314.766164,2118,1.402908087
1777988315.159980,2119,1.520937085
1777988315.505524,2120,1.352633953
1777988328.992210,2121,1.408315182
1777988331.273042,2122,1.39330709
1777988331.651506,2123,1.431500077
1777988331.970505,2124,1.398963928
1777988332.359284,2125,1.427668571
1777988332.715290,2126,1.438087344
1777988333.094554,2127,1.369976997
1777988333.486270,2128,1.340124249
1777988333.866297,2129,1.413152575
1777988334.252806,2130,1.474875569
1777988334.593818,2131,1.367780209
1777988334.980693,2132,1.34614408
1777988335.350690,2133,1.487710595
1777988335.716235,2134,1.503717899
1777988336.115663,2135,1.443141699
1777988336.479271,2136,1.350207329
1777988336.851694,2137,1.369673729
1777988337.213801,2138,1.436940312
1777988337.600821,2139,1.545381427
1777988337.935637,2140,1.494167089
1777988338.279671,2141,1.517387271
1777988338.629631,2142,1.438526869
1777988339.005559,2143,1.515443802
1777988339.374900,2144,1.555149198
1777988339.741215,2145,1.547971129
1777988340.100744,2146,1.394971013
1777988340.442183,2147,1.330551863
1777988340.758642,2148,1.460085511
1777988341.102839,2149,1.358825445
1777988341.475235,2150,1.510994434
1777988341.869078,2151,1.423360348
1777988342.232372,2152,1.469573259
1777988342.615143,2153,1.363896847
1777988342.974245,2154,1.552704692
1777988343.359240,2155,1.478291512
1777988343.765173,2156,1.450000405
1777988344.159988,2157,1.429615259
1777988344.531248,2158,1.466182709
1777988344.876832,2159,1.449765921
1777988345.266433,2160,1.426340342
1777988345.620296,2161,1.413458824
1777988345.990212,2162,1.52114296
1777988346.347605,2163,1.399576545
1777988346.722905,2164,1.248397589
1777988347.110895,2165,1.358901978
1777988347.468071,2166,1.279401422
1777988347.837681,2167,1.454857707
1777988348.257584,2168,1.403365612
1777988348.596485,2169,1.399134278
1777988348.946677,2170,1.359452963
1777988349.299323,2171,1.398369908
1777988349.641904,2172,1.461865664
1777988349.995554,2173,1.502675056
1777988350.365530,2174,1.423100948
1777988350.734800,2175,1.417158127
1777988351.116223,2176,1.310664415
1777988351.479956,2177,1.349377632
1777988351.851627,2178,1.429081082
1777988352.212504,2179,1.386951685
1777988352.568953,2180,1.329507947
1777988352.982275,2181,1.472160339
1777988353.353641,2182,1.394348502
1777988353.718168,2183,1.36910975
1777988354.092743,2184,1.423322201
1777988354.455831,2185,1.365502834
1777988354.812136,2186,1.388200521
1777988355.205853,2187,1.393643022
1777988355.597377,2188,1.478955269
1777988355.960452,2189,1.352995276
1777988356.318433,2190,1.649408102
1777988356.751323,2191,1.389811635
1777988357.142495,2192,1.368724108
1777988357.510970,2193,1.377409577
1777988357.874703,2194,1.432418346
1777988358.269073,2195,1.384734869
1777988358.612596,2196,1.434993267
1777988358.956551,2197,1.380365491
1777988359.294536,2198,1.434423566
1777988359.653068,2199,1.423271656
1777988360.003680,2200,1.420069456
1777988360.395652,2201,1.309058428
1777988360.767155,2202,1.406502962
1777988361.134210,2203,1.479515314
1777988361.542777,2204,1.433133006
1777988361.923862,2205,1.429338217
1777988362.294208,2206,1.328030586
1777988362.665921,2207,1.334882975
1777988362.998857,2208,1.422096848
1777988363.387904,2209,1.502367735
1777988363.744673,2210,1.482820511
1777988364.121867,2211,1.402074695
1777988364.505785,2212,1.476715922
1777988364.892637,2213,1.423800707
1777988365.275230,2214,1.613307476
1777988365.659016,2215,1.433532238
1777988366.072754,2216,1.407638311
1777988366.455729,2217,1.370263577
1777988366.859782,2218,1.360880733
1777988367.245048,2219,1.432794333
1777988367.603019,2220,1.477214456
1777988367.979836,2221,1.285905242
1777988368.334774,2222,1.388508797
1777988368.671131,2223,1.444905996
1777988369.027331,2224,1.431068659
1777988369.406965,2225,1.349885464
1777988369.767945,2226,1.290534973
1777988370.130364,2227,1.321307182
1777988370.517203,2228,1.419270635
1777988370.865682,2229,1.392320156
1777988371.238350,2230,1.437171936
1777988371.624210,2231,1.432242155
1777988372.027171,2232,1.383862376
1777988372.439730,2233,1.501390219
1777988372.795855,2234,1.362765551
1777988373.159745,2235,1.450428247
1777988373.535135,2236,1.41326642
1777988373.913940,2237,1.491261601
1777988374.288755,2238,1.438682914
1777988374.681763,2239,1.45588553
1777988375.052431,2240,1.46747756
1777988375.412587,2241,1.550486326
1777988375.760867,2242,1.392022133
1777988376.138422,2243,1.429227352
1777988376.486962,2244,1.506855726
1777988376.836235,2245,1.378246069
1777988377.199667,2246,1.419549227
1777988377.573469,2247,1.39713192
1777988377.910682,2248,1.363923788
1777988378.262768,2249,1.374021173
1777988378.643913,2250,1.406090498
1777988379.011570,2251,1.435951114
1777988379.364845,2252,1.459873557
1777988379.726601,2253,1.379223347
1777988380.089480,2254,1.490871668
1777988380.443749,2255,1.407834053
1777988380.806505,2256,1.538016796
1777988381.165819,2257,1.341014981
1777988381.527987,2258,1.37610507
1777988381.901018,2259,1.462981105
1777988382.265345,2260,1.469609261
1777988382.632114,2261,1.395347476
1777988382.976619,2262,1.560447216
1777988383.307798,2263,1.494223595
1777988383.688478,2264,1.407927036
1777988384.026282,2265,1.419470549
1777988384.349639,2266,1.42208004
1777988384.751210,2267,1.543373704
1777988385.071356,2268,1.549162388
1777988385.440157,2269,1.409926176
1777988385.784667,2270,1.275026321
1777988386.146554,2271,1.34322238
1777988386.537679,2272,1.411350012
1777988386.892129,2273,1.362268806
1777988387.255567,2274,1.426352501
1777988387.619159,2275,1.401428461
1777988387.974144,2276,1.174458742
1777988388.321009,2277,1.33371067
1777988388.675213,2278,1.380856633
1777988389.028928,2279,1.438748121
1777988389.370449,2280,1.37227881
1777988389.739842,2281,1.403036118
1777988390.134223,2282,1.461148262
1777988390.491508,2283,1.409767866
1777988390.889569,2284,1.46126163
1777988391.288950,2285,1.428952694
1777988391.613767,2286,1.445905089
1777988392.013307,2287,1.329398394
1777988392.399119,2288,1.434727669
1777988392.772285,2289,1.481453419
1777988393.158287,2290,1.324431419
1777988393.502006,2291,1.478849411
1777988393.877331,2292,1.483765006
1777988394.226721,2293,1.539029002
1777988394.584851,2294,1.39311552
1777988394.935826,2295,1.23504138
1777988395.292599,2296,1.418417692
1777988395.645024,2297,1.366625667
1777988395.959473,2298,1.450997233
1777988396.306957,2299,1.475533485
1777988396.685401,2300,1.429968596
1777988397.036254,2301,1.373281956
1777988397.400678,2302,1.476165533
1777988397.745736,2303,1.391884923
1777988398.126271,2304,1.427019119
1777988398.535930,2305,1.472681165
1777988398.903352,2306,1.389297485
1777988399.261783,2307,1.405590177
1777988399.653536,2308,1.393461943
1777988399.977907,2309,1.525316238
1777988400.326174,2310,1.378643155
1777988400.707991,2311,1.444795728
1777988401.050709,2312,1.329291582
1777988401.406344,2313,1.382671118
1777988401.776786,2314,1.416705012
1777988402.197129,2315,1.501386166
1777988402.540132,2316,1.331193328
1777988402.926919,2317,1.447046757
1777988403.301405,2318,1.455916166
1777988403.653238,2319,1.476108789
1777988404.016888,2320,1.445096374
1777988404.395839,2321,1.392421246
1777988404.756271,2322,1.468983293
1777988405.124807,2323,1.383255005
1777988405.484549,2324,1.574402452
1777988405.854556,2325,1.507422328
1777988406.200104,2326,1.517970085
1777988406.549820,2327,1.455356479
1777988406.909714,2328,1.288215637
1777988407.321096,2329,1.440542102
1777988407.665389,2330,1.382981062
1777988408.037196,2331,1.382497549
1777988408.375392,2332,1.400815845
1777988408.717650,2333,1.408525944
1777988409.086050,2334,1.408774614
1777988409.444929,2335,1.450366497
1777988409.799022,2336,1.370896935
1777988410.119759,2337,1.350300074
1777988410.472589,2338,1.368288994
1777988410.866828,2339,1.382184505
1777988411.232713,2340,1.437534928
1777988411.594242,2341,1.32568109
1777988411.973383,2342,1.314322114
1777988412.334030,2343,1.380152941
1777988412.730867,2344,1.397998095
1777988413.044634,2345,1.524567127
1777988413.369753,2346,1.550618291
1777988413.712841,2347,1.40782547
1777988414.094103,2348,1.402979374
1777988414.435927,2349,1.386846781
1777988414.794806,2350,1.312310934
1777988415.161501,2351,1.41772604
1777988415.569092,2352,1.434043646
1777988415.920958,2353,1.391582489
1777988416.286143,2354,1.331318855
1777988416.658045,2355,1.344911337
1777988417.021827,2356,1.361908674
1777988417.374267,2357,1.404791594
1777988417.726795,2358,1.516156912
1777988418.126059,2359,1.389844656
1777988418.500730,2360,1.340884209
1777988418.850982,2361,1.337419033
1777988419.213004,2362,1.426235557
1777988419.602459,2363,1.397948503
1777988419.935867,2364,1.256677866
1777988420.296279,2365,1.354479074
1777988420.660168,2366,1.431307197
1777988421.014077,2367,1.521261096
1777988421.327272,2368,1.47920537
1777988421.661679,2369,1.422981024
1777988422.045759,2370,1.39147222
1777988422.423436,2371,1.361676693
1777988422.781066,2372,1.436537504
1777988423.135757,2373,1.455801368
1777988423.451281,2374,1.355660319
1777988423.786534,2375,1.52221179
1777988424.120931,2376,1.305974841
1777988424.491768,2377,1.305127501
1777988424.857636,2378,1.328477859
1777988425.223764,2379,1.406847715
1777988425.599186,2380,1.478628874
1777988426.005247,2381,1.40285635
1777988426.359380,2382,1.309158087
1777988426.698655,2383,1.37669313
1777988427.057295,2384,1.370498419
1777988427.388437,2385,1.334473968
1777988427.757321,2386,1.343789101
1777988428.116523,2387,1.269020557
1777988428.490767,2388,1.316579819
1777988428.835239,2389,1.27442503
1777988429.206245,2390,1.402244091
1777988429.541725,2391,1.267590761
1777988429.891292,2392,1.508399487
1777988430.262324,2393,1.428689718
1777988430.658679,2394,1.473098993
1777988431.005611,2395,1.410816073
1777988431.348956,2396,1.403012037
1777988431.763370,2397,1.36562705
1777988432.176936,2398,1.372182608
1777988432.601475,2399,1.43123889
1777988432.970458,2400,1.297685385
1777988433.357173,2401,1.410623074
1777988433.708422,2402,1.328496456
1777988434.061107,2403,1.48018384
1777988434.460543,2404,1.304719329
1777988434.826916,2405,1.307413101
1777988435.186063,2406,1.267661095
1777988435.560827,2407,1.369141817
1777988435.914232,2408,1.352365851
1777988436.263985,2409,1.367956877
1777988436.618025,2410,1.35073185
1777988436.964770,2411,1.397680283
1777988437.342680,2412,1.413295269
1777988437.723916,2413,1.425266981
1777988438.120075,2414,1.469636202
1777988438.489916,2415,1.485608101
1777988438.829871,2416,1.485842347
1777988439.223015,2417,1.464405775
1777988439.588909,2418,1.191522121
1777988439.964418,2419,1.343342781
1777988440.372422,2420,1.374648929
1777988440.765842,2421,1.410384297
1777988441.109492,2422,1.488348246
1777988441.514382,2423,1.325214386
1777988441.964621,2424,1.466522932
1777988442.320036,2425,1.382009745
1777988442.688606,2426,1.378739834
1777988443.044572,2427,1.401046515
1777988443.436095,2428,1.318766117
1777988443.795061,2429,1.314011455
1777988444.231251,2430,1.366422415
1777988444.613721,2431,1.468352556
1777988445.004806,2432,1.42914021
1777988445.381980,2433,1.376930952
1777988445.748038,2434,1.366890311
1777988446.128462,2435,1.494908571
1777988446.500756,2436,1.427294135
1777988446.882861,2437,1.486202478
1777988447.244606,2438,1.427198172
1777988447.631853,2439,1.399820328
1777988448.028450,2440,1.35823226
1777988448.427636,2441,1.383179307
1777988448.786714,2442,1.280037642
1777988449.164699,2443,1.44930172
1777988449.502956,2444,1.418576479
1777988449.860230,2445,1.498340249
1777988450.213193,2446,1.392983913
1777988450.628394,2447,1.442304492
1777988451.013823,2448,1.48719573
1777988451.337497,2449,1.453939438
1777988451.708750,2450,1.528908491
1777988452.045841,2451,1.472448111
1777988452.455534,2452,1.437115908
1777988452.875811,2453,1.43269217
1777988453.303125,2454,1.494883299
1777988453.683874,2455,1.489056587
1777988454.129551,2456,1.290771604
1777988454.495315,2457,1.400093198
1777988454.867354,2458,1.466189265
1777988455.230703,2459,1.359978557
1777988455.598372,2460,1.189018369
1777988455.954620,2461,1.445567608
1777988456.344811,2462,1.42898941
1777988456.691175,2463,1.389536619
1777988457.102094,2464,1.389998436
1777988457.523890,2465,1.516087651
1777988457.924378,2466,1.382155538
1777988458.268770,2467,1.424369454
1777988458.661668,2468,1.533213377
1777988459.074204,2469,1.40067029
1777988459.446376,2470,1.30079627
1777988459.806199,2471,1.395699143
1777988460.181899,2472,1.329211473
1777988460.543363,2473,1.354359865
1777988460.900035,2474,1.403026462
1777988461.293625,2475,1.446969151
1777988461.660355,2476,1.484254122
1777988462.057450,2477,1.571351409
1777988462.461235,2478,1.245897293
1777988462.816307,2479,1.43739295
1777988463.238532,2480,1.357208967
1777988463.668868,2481,1.470403194
1777988464.075538,2482,1.319116831
1777988464.513129,2483,1.417013049
1777988464.942198,2484,1.295511365
1777988465.339143,2485,1.424067259
1777988465.768265,2486,1.396368027
1777988466.148566,2487,1.518073797
1777988466.523364,2488,1.352272749
1777988466.891117,2489,1.414873838
1777988467.259514,2490,1.359121442
1777988467.624656,2491,1.372585654
1777988467.977844,2492,1.323714018
1777988468.389823,2493,1.398910403
1777988468.800837,2494,1.556912065
1777988469.174989,2495,1.394682407
1777988469.563018,2496,1.489038348
1777988469.905223,2497,1.367373228
1777988470.281263,2498,1.260231137
1777988470.663888,2499,1.250756741
1777988471.066710,2500,1.381958485
1777988471.453446,2501,1.296159267
1777988471.833884,2502,1.453973293
1777988472.270282,2503,1.300411344
1777988472.676522,2504,1.480125427
1777988473.070395,2505,1.504825711
1777988473.464083,2506,1.415840626
1777988473.856066,2507,1.332919598
1777988474.213344,2508,1.210508108
1777988474.594045,2509,1.347121596
1777988474.968934,2510,1.410899401
1777988475.388131,2511,1.341738462
1777988475.796359,2512,1.438916564
1777988476.184597,2513,1.338118792
1777988476.619029,2514,1.378520012
1777988477.037928,2515,1.383514881
1777988477.403423,2516,1.382426977
1777988477.820265,2517,1.441449165
1777988478.177327,2518,1.436224222
1777988478.587457,2519,1.489962339
1777988479.001647,2520,1.363251448
1777988479.450630,2521,1.366605043
1777988479.807824,2522,1.388339043
1777988480.154868,2523,1.492759943
1777988480.514204,2524,1.434197187
1777988480.873951,2525,1.409260511
1777988481.272974,2526,1.464082003
1777988481.672550,2527,1.379331589
1777988482.019178,2528,1.29742372
1777988482.362597,2529,1.356531501
1777988482.718063,2530,1.423014402
1777988483.078430,2531,1.403873682
1777988483.502536,2532,1.29690814
1777988483.899934,2533,1.338469028
1777988484.274419,2534,1.271362424
1777988484.653666,2535,1.377796888
1777988485.112437,2536,1.395287275
1777988485.488898,2537,1.365299702
1777988485.858751,2538,1.550647736
1777988486.214641,2539,1.277868986
1777988486.557882,2540,1.335422993
1777988486.993369,2541,1.395761013
1777988487.420133,2542,1.369128466
1777988487.798513,2543,1.400584221
1777988488.184747,2544,1.444835424
1777988488.584378,2545,1.428853631
1777988488.973436,2546,1.301664114
1777988489.383034,2547,1.473171473
1777988489.784213,2548,1.499791145
1777988490.174242,2549,1.427769542
1777988490.584053,2550,1.389067769
1777988490.974685,2551,1.276356816
1777988491.372055,2552,1.36405921
1777988491.708475,2553,1.329924107
1777988492.095417,2554,1.320781946
1777988492.488747,2555,1.309250951
1777988492.836751,2556,1.51544261
1777988493.202962,2557,1.449575663
1777988493.563349,2558,1.340627789
1777988493.926405,2559,1.518819928
1777988494.302974,2560,1.336189866
1777988494.672269,2561,1.339428902
1777988495.066251,2562,1.282582045
1777988495.485748,2563,1.465178013
1777988495.916626,2564,1.434701443
1777988496.285082,2565,1.34428525
1777988496.646455,2566,1.329290867
1777988497.074954,2567,1.481924772
1777988497.505784,2568,1.374438286
1777988497.862922,2569,1.35686183
1777988498.240001,2570,1.501032352
1777988498.591954,2571,1.399783492
1777988498.955865,2572,1.243471384
1777988499.352376,2573,1.307437301
1777988499.720143,2574,1.439370871
1777988500.138995,2575,1.441926003
1777988500.482079,2576,1.326911449
1777988500.833815,2577,1.410750866
1777988501.209546,2578,1.470850348
1777988501.617596,2579,1.398223162
1777988502.049937,2580,1.337771893
1777988502.416684,2581,1.434393883
1777988502.773118,2582,1.562432528
1777988503.136725,2583,1.367954016
1777988503.512189,2584,1.283456326
1777988503.921422,2585,1.313445568
1777988504.291268,2586,1.350299239
1777988504.653197,2587,1.357266426
1777988505.011671,2588,1.323953986
1777988505.382623,2589,1.471753597
1777988505.739626,2590,1.452836037
1777988506.126086,2591,1.437612057
1777988506.456811,2592,1.349202394
1777988506.838367,2593,1.353554487
1777988507.209977,2594,1.336890221
1777988507.641202,2595,1.316029072
1777988508.009543,2596,1.445346355
1777988508.373653,2597,1.272721529
1777988508.766299,2598,1.31238699
1777988509.121752,2599,1.365939856
1777988509.478088,2600,1.386686325
1777988509.853506,2601,1.453923106
1777988510.254762,2602,1.336197615
1777988510.638030,2603,1.347754002
1777988511.001487,2604,1.497359753
1777988511.342548,2605,1.405682325
1777988511.728636,2606,1.364159107
1777988512.131387,2607,1.338231087
1777988512.520007,2608,1.323885798
1777988512.934617,2609,1.422930717
1777988513.338760,2610,1.480480671
1777988513.751670,2611,1.371986866
1777988514.146386,2612,1.313622713
1777988514.488612,2613,1.355116129
1777988514.920916,2614,1.414405346
1777988515.285938,2615,1.369706392
1777988515.675825,2616,1.253194094
1777988516.034577,2617,1.301822782
1777988516.473085,2618,1.475004315
1777988516.819689,2619,1.382957816
1777988517.218882,2620,1.398593307
1777988517.576573,2621,1.481113195
1777988517.964144,2622,1.439874411
1777988518.372184,2623,1.44568181
1777988518.795543,2624,1.486304522
1777988519.258627,2625,1.366200566
1777988519.649410,2626,1.315364122
1777988520.037169,2627,1.334094524
1777988520.469424,2628,1.422315955
1777988520.838092,2629,1.439062595
1777988521.200956,2630,1.271747828
1777988521.598440,2631,1.536362886
1777988522.031071,2632,1.423615098
1777988522.413375,2633,1.465968609
1777988522.831486,2634,1.337166786
1777988523.220635,2635,1.334227681
1777988523.599468,2636,1.352121115
1777988524.014717,2637,1.44279623
1777988524.396810,2638,1.377376556
1777988524.777509,2639,1.41458106
1777988525.126299,2640,1.356242537
1777988525.458873,2641,1.405969262
1777988525.827050,2642,1.408544898
1777988526.170009,2643,1.320947886
1777988526.573901,2644,1.386054635
1777988526.973485,2645,1.425200462
1777988527.332637,2646,1.458820105
1777988527.741527,2647,1.47182858
1777988528.157393,2648,1.381869316
1777988528.603476,2649,1.447385669
1777988529.046592,2650,1.525987387
1777988529.484964,2651,1.348633289
1777988529.913033,2652,1.318391323
1777988530.374673,2653,1.341346979
1777988530.841691,2654,1.442027807
1777988531.296684,2655,1.321665645
1777988531.709825,2656,1.320248485
1777988532.101001,2657,1.307125688
1777988532.504712,2658,1.434893012
1777988532.899089,2659,1.414257765
1777988533.315244,2660,1.291558385
1777988533.737598,2661,1.268664122
1777988534.139925,2662,1.333326817
1777988534.548210,2663,1.438974857
1777988534.912614,2664,1.267666817
1777988535.357723,2665,1.582888842
1777988535.752294,2666,1.38668108
1777988536.123868,2667,1.392201304
1777988536.518760,2668,1.506749153
1777988536.946188,2669,1.277381778
1777988537.378919,2670,1.47165823
1777988537.759285,2671,1.295307875
1777988538.089345,2672,1.362612844
1777988538.488975,2673,1.361708164
1777988538.932889,2674,1.35282886
1777988539.344398,2675,1.36373055
1777988539.798611,2676,1.363097429
1777988540.211698,2677,1.279363632
1777988540.633992,2678,1.370013833
1777988541.058099,2679,1.327583551
1777988541.436099,2680,1.391815424
1777988541.838905,2681,1.316029072
1777988542.208633,2682,1.308220029
1777988542.621338,2683,1.374688506
1777988543.001558,2684,1.452803969
1777988543.384675,2685,1.325757146
1777988543.818919,2686,1.444787383
1777988544.211107,2687,1.478630304
1777988544.593399,2688,1.3585639
1777988544.980228,2689,1.304404974
1777988545.419510,2690,1.327149987
1777988545.877514,2691,1.40695858
1777988546.276865,2692,1.416134357
1777988546.703380,2693,1.371554375
1777988547.154577,2694,1.29329443
1777988547.582398,2695,1.301531553
1777988548.054792,2696,1.414353132
1777988548.497326,2697,1.397364497
1777988548.880614,2698,1.396001577
1777988549.313421,2699,1.509364843
1777988549.721710,2700,1.333363056
1777988550.151439,2701,1.451462507
1777988550.604995,2702,1.318908095
1777988551.025909,2703,1.447504163
1777988551.455607,2704,1.286603332
1777988551.864312,2705,1.300724983
1777988552.245868,2706,1.445463538
1777988552.672904,2707,1.442883253
1777988553.183767,2708,1.355397344
1777988553.565788,2709,1.362839937
1777988553.999854,2710,1.464591384
1777988554.416247,2711,1.523559809
1777988554.872481,2712,1.47431457
1777988555.300051,2713,1.348944664
1777988555.710958,2714,1.366944551
1777988556.193891,2715,1.503774285
1777988556.601848,2716,1.30701232
1777988556.985912,2717,1.342710495
1777988557.389290,2718,1.451104045
1777988557.776443,2719,1.496069074
1777988558.189040,2720,1.292349696
1777988558.563548,2721,1.442243338
1777988558.963404,2722,1.407203674
1777988559.412407,2723,1.408366442
1777988559.833915,2724,1.35819304
1777988560.224700,2725,1.284440517
1777988560.613605,2726,1.283852816
1777988560.987937,2727,1.351346254
1777988561.334546,2728,1.430094123
1777988561.724045,2729,1.411374331
1777988562.065294,2730,1.365444303
1777988562.406605,2731,1.415508747
1777988562.761461,2732,1.384847522
1777988563.138859,2733,1.394579411
1777988563.558693,2734,1.512153864
1777988563.926338,2735,1.342772484
1777988564.327141,2736,1.340639949
1777988564.700022,2737,1.304484129
1777988565.040165,2738,1.545058489
1777988565.383432,2739,1.432601929
1777988565.779264,2740,1.43021059
1777988566.151713,2741,1.457982302
1777988566.516929,2742,1.49726975
1777988566.896364,2743,1.433159351
1777988567.226645,2744,1.488843083
1777988567.601819,2745,1.386021614
1777988568.012636,2746,1.422980309
1777988568.361224,2747,1.466684341
1777988568.717213,2748,1.396360993
1777988569.073967,2749,1.290748835
1777988569.434005,2750,1.387772202
1777988569.805160,2751,1.285594583
1777988570.181413,2752,1.262547255
1777988570.528375,2753,1.423058748
1777988570.866911,2754,1.466972351
1777988571.244628,2755,1.356281996
1777988571.588035,2756,1.309143186
1777988571.952332,2757,1.429984689
1777988572.357188,2758,1.371003509
1777988572.753448,2759,1.323355436
1777988573.115364,2760,1.28482461
1777988573.511315,2761,1.315983534
1777988573.878899,2762,1.30034256
1777988574.223374,2763,1.490390658
1777988574.580222,2764,1.332068086
1777988574.950642,2765,1.354617
1777988575.340724,2766,1.336902618
1777988575.715782,2767,1.415454388
1777988576.093853,2768,1.375800252
1777988576.450530,2769,1.346415401
1777988576.836752,2770,1.468204379
1777988577.306608,2771,1.364315033
1777988577.690024,2772,1.330971003
1777988578.044706,2773,1.244864583
1777988578.376379,2774,1.437387466
1777988578.752827,2775,1.429026604
1777988579.132758,2776,1.315295935
1777988579.529023,2777,1.424197078
1777988579.926170,2778,1.362590075
1777988580.275514,2779,1.424866199
1777988580.638519,2780,1.335298538
1777988581.002205,2781,1.345024228
1777988581.378476,2782,1.318504691
1777988581.806285,2783,1.38468194
1777988582.192140,2784,1.430300474
1777988582.606269,2785,1.32682085
1777988582.981504,2786,1.411852956
1777988583.360409,2787,1.349373579
1777988583.745334,2788,1.40297389
1777988584.134167,2789,1.313403606
1777988584.548289,2790,1.37233758
1777988584.932289,2791,1.315595031
1777988585.317077,2792,1.484411478
1777988585.731859,2793,1.329631567
1777988586.133591,2794,1.468943119
1777988586.549834,2795,1.452046752
1777988586.984009,2796,1.379354477
1777988587.391961,2797,1.376775742
1777988587.765095,2798,1.500116825
1777988588.188688,2799,1.374736786
1777988588.607708,2800,1.404229403
1777988603.914922,2801,1.478931189
1777988604.281590,2802,1.53672111
1777988604.697269,2803,1.396661639
1777988605.092346,2804,1.389666915
1777988605.460361,2805,1.343629837
1777988605.850754,2806,1.320875883
1777988606.261932,2807,1.383092999
1777988606.641457,2808,1.316990137
1777988607.022554,2809,1.483574867
1777988607.405021,2810,1.368252039
1777988607.818181,2811,1.266274095
1777988608.266460,2812,1.456358433
1777988608.724495,2813,1.355130911
1777988609.142671,2814,1.338196754
1777988609.531542,2815,1.423668027
1777988609.930663,2816,1.374426603
1777988610.349781,2817,1.265960217
1777988610.746246,2818,1.296242476
1777988611.170620,2819,1.342048168
1777988611.567687,2820,1.403862596
1777988611.952809,2821,1.374729395
1777988612.312843,2822,1.395171762
1777988612.721442,2823,1.253158092
1777988613.076262,2824,1.376673222
1777988613.476759,2825,1.343095303
1777988613.870336,2826,1.378803611
1777988614.262964,2827,1.287748575
1777988614.647691,2828,1.377611876
1777988615.040732,2829,1.331205249
1777988615.452659,2830,1.363217235
1777988615.825166,2831,1.321475744
1777988616.208981,2832,1.318291187
1777988616.588275,2833,1.294414043
1777988617.001261,2834,1.484416485
1777988617.403495,2835,1.321447372
1777988617.816966,2836,1.444518566
1777988618.200078,2837,1.323301077
1777988618.622252,2838,1.491297364
1777988619.015437,2839,1.401452541
1777988619.411896,2840,1.31312871
1777988619.806589,2841,1.221281767
1777988620.155244,2842,1.325088859
1777988620.573944,2843,1.388890147
1777988620.955012,2844,1.283213139
1777988621.301698,2845,1.433636189
1777988621.699617,2846,1.273744106
1777988622.083122,2847,1.426598072
1777988622.526644,2848,1.387801409
1777988622.946941,2849,1.460026264
1777988623.358383,2850,1.375173569
1777988623.748018,2851,1.370875359
1777988624.139551,2852,1.367517114
1777988624.510835,2853,1.359656572
1777988624.914460,2854,1.520137429
1777988625.309894,2855,1.535751581
1777988625.707876,2856,1.327783585
1777988626.076747,2857,1.517851949
1777988626.466339,2858,1.518861532
1777988626.909343,2859,1.443246841
1777988627.294716,2860,1.380758524
1777988627.697339,2861,1.422876835
1777988628.086469,2862,1.341799617
1777988628.497800,2863,1.50417757
1777988628.892434,2864,1.449676514
1777988629.293559,2865,1.401039243
1777988629.710487,2866,1.164877176
1777988630.151917,2867,1.432831526
1777988630.555511,2868,1.36452961
1777988630.993553,2869,1.414506197
1777988631.387340,2870,1.410274029
1777988631.780365,2871,1.316181779
1777988632.150799,2872,1.435123205
1777988632.576034,2873,1.40525198
1777988633.004266,2874,1.560729504
1777988633.388755,2875,1.357936144
1777988633.782436,2876,1.259005785
1777988634.178525,2877,1.36686039
1777988634.575994,2878,1.363885999
1777988635.048821,2879,1.505325079
1777988635.469811,2880,1.360414386
1777988635.859331,2881,1.535424471
1777988636.229336,2882,1.206330776
1777988636.634712,2883,1.395723104
1777988637.055851,2884,1.402361393
1777988637.486208,2885,1.277588606
1777988637.856846,2886,1.376021147
1777988638.320413,2887,1.385777593
1777988638.723992,2888,1.342943668
1777988639.105821,2889,1.406647444
1777988639.506029,2890,1.278107405
1777988639.913255,2891,1.369580984
1777988640.412281,2892,1.406964183
1777988640.835095,2893,1.307438374
1777988641.234374,2894,1.238133907
1777988641.590778,2895,1.363015294
1777988641.978370,2896,1.338124275
1777988642.343368,2897,1.317499638
1777988642.761190,2898,1.353264809
1777988643.206493,2899,1.363989711
1777988643.602806,2900,1.421973705
1777988643.972366,2901,1.328184128
1777988644.367203,2902,1.397316217
1777988644.791414,2903,1.307664871
1777988645.244401,2904,1.539591432
1777988645.634565,2905,1.387981892
1777988645.997038,2906,1.242080688
1777988646.345760,2907,1.389352083
1777988646.754839,2908,1.399145365
1777988647.148994,2909,1.215381384
1777988647.510679,2910,1.353937984
1777988647.844294,2911,1.477624416
1777988648.225331,2912,1.492230058
1777988648.575778,2913,1.290359735
1777988648.933023,2914,1.362153411
1777988649.301710,2915,1.385745764
1777988649.726951,2916,1.469821095
1777988650.106197,2917,1.344326735
1777988650.450176,2918,1.294169426
1777988650.934459,2919,1.447877526
1777988651.391238,2920,1.298940659
1777988651.750351,2921,1.392410278
1777988652.150228,2922,1.268218756
1777988652.538031,2923,1.377871871
1777988652.910447,2924,1.374450684
1777988653.299655,2925,1.32190454
1777988653.705552,2926,1.336153865
1777988654.061626,2927,1.30807364
1777988654.434616,2928,1.460626364
1777988654.794256,2929,1.44513917
1777988655.175829,2930,1.415217638
1777988655.575557,2931,1.317916393
1777988655.956523,2932,1.295882702
1777988656.368555,2933,1.533701658
1777988656.773047,2934,1.333464146
1777988657.160062,2935,1.437605739
1777988657.589312,2936,1.402541399
1777988657.976135,2937,1.295662045
1777988658.374364,2938,1.311308146
1777988658.787020,2939,1.304657221
1777988659.180499,2940,1.326426744
1777988659.575248,2941,1.37674427
1777988659.974331,2942,1.326508403
1777988660.358040,2943,1.489577055
1777988660.733884,2944,1.270882607
1777988661.120906,2945,1.244076729
1777988661.490358,2946,1.463359475
1777988661.845398,2947,1.412434578
1777988662.239038,2948,1.353327036
1777988662.638195,2949,1.457448721
1777988663.013931,2950,1.390133142
1777988663.415714,2951,1.285780668
1777988663.827004,2952,1.439914346
1777988664.211243,2953,1.284117937
1777988664.616530,2954,1.39882493
1777988665.056137,2955,1.407555461
1777988665.526331,2956,1.47821641
1777988665.864941,2957,1.446539044
1777988666.264242,2958,1.457914114
1777988666.654786,2959,1.422114372
1777988667.044252,2960,1.373296261
1777988667.438951,2961,1.345466733
1777988667.797936,2962,1.250996113
1777988668.284218,2963,1.29658103
1777988668.641862,2964,1.344360113
1777988669.071023,2965,1.586403608
1777988669.479666,2966,1.29879117
1777988669.823912,2967,1.307931662
1777988670.195829,2968,1.249414444
1777988670.546013,2969,1.320300221
1777988670.896200,2970,1.467362165
1777988671.286393,2971,1.310000539
1777988671.646087,2972,1.377627611
1777988671.990313,2973,1.278936863
1777988672.330890,2974,1.467410326
