wall_time,step,value
1777979710.291209,0,6.720430434e-08
1777979711.728208,1,1.344086087e-07
1777979712.998488,2,2.016129059e-07
1777979714.120438,3,2.688172174e-07
1777979715.389632,4,3.360215146e-07
1777979716.356619,5,4.032258119e-07
1777979717.415229,6,4.704301091e-07
1777979718.635353,7,5.376344347e-07
1777979720.159645,8,6.048387036e-07
1777979721.792710,9,6.720430292e-07
1777979723.282476,10,7.39247298e-07
1777979724.672998,11,8.064516237e-07
1777979725.787833,12,8.736558925e-07
1777979726.867706,13,9.408602182e-07
1777979728.290549,14,1.008064487e-06
1777979729.392030,15,1.075268869e-06
1777979730.593820,16,1.142473138e-06
1777979732.290072,17,1.209677407e-06
1777979733.407727,18,1.276881676e-06
1777979734.731632,19,1.344086058e-06
1777979736.094250,20,1.411290327e-06
1777979737.288108,21,1.478494596e-06
1777979738.457882,22,1.545698979e-06
1777979739.759755,23,1.612903247e-06
1777979741.231225,24,1.680107516e-06
1777979742.544581,25,1.747311785e-06
1777979743.808014,26,1.814516168e-06
1777979745.076344,27,1.881720436e-06
1777979746.382869,28,1.948924819e-06
1777979747.523985,29,2.016128974e-06
1777979748.857415,30,2.083333356e-06
1777979750.072551,31,2.150537739e-06
1777979751.275479,32,2.217741894e-06
1777979752.619455,33,2.284946277e-06
1777979753.953570,34,2.352150432e-06
1777979755.213712,35,2.419354814e-06
1777979756.435310,36,2.486559197e-06
1777979757.674078,37,2.553763352e-06
1777979758.948223,38,2.620967734e-06
1777979760.176813,39,2.688172117e-06
1777979761.522723,40,2.755376272e-06
1777979762.838684,41,2.822580655e-06
1777979764.092593,42,2.889785037e-06
1777979765.357878,43,2.956989192e-06
1777979766.753349,44,3.024193575e-06
1777979768.043086,45,3.091397957e-06
1777979769.413956,46,3.158602112e-06
1777979770.651459,47,3.225806495e-06
1777979794.486846,48,3.29301065e-06
1777979795.334006,49,3.360215032e-06
1777979796.073719,50,3.427419415e-06
1777979797.011231,51,3.49462357e-06
1777979797.816687,52,3.561827953e-06
1777979798.657030,53,3.629032335e-06
1777979799.545727,54,3.69623649e-06
1777979800.414464,55,3.763440873e-06
1777979801.221042,56,3.830645255e-06
1777979802.132112,57,3.897849638e-06
1777979802.954465,58,3.965053565e-06
1777979803.820207,59,4.032257948e-06
1777979804.613210,60,4.09946233e-06
1777979805.478517,61,4.166666713e-06
1777979806.275883,62,4.233871095e-06
1777979807.131744,63,4.301075478e-06
1777979807.894686,64,4.368279406e-06
1777979808.777291,65,4.435483788e-06
1777979809.634206,66,4.502688171e-06
1777979810.420848,67,4.569892553e-06
1777979811.279056,68,4.637096936e-06
1777979812.072094,69,4.704300864e-06
1777979812.946696,70,4.771505246e-06
1777979813.874838,71,4.838709629e-06
1777979814.696990,72,4.905914011e-06
1777979815.476449,73,4.973118394e-06
1777979816.269118,74,5.040322776e-06
1777979817.112005,75,5.107526704e-06
1777979817.955248,76,5.174731086e-06
1777979818.792649,77,5.241935469e-06
1777979819.644612,78,5.309139851e-06
1777979820.481050,79,5.376344234e-06
1777979821.270063,80,5.443548162e-06
1777979822.171873,81,5.510752544e-06
1777979822.988522,82,5.577956927e-06
1777979823.783978,83,5.645161309e-06
1777979824.594368,84,5.712365692e-06
1777979825.380541,85,5.779570074e-06
1777979826.187715,86,5.846774002e-06
1777979826.990183,87,5.913978384e-06
1777979827.773334,88,5.981182767e-06
1777979828.534851,89,6.048387149e-06
1777979829.337366,90,6.115591532e-06
1777979830.120974,91,6.182795914e-06
1777979830.987198,92,6.249999842e-06
1777979831.771330,93,6.317204225e-06
1777979832.528626,94,6.384408607e-06
1777979833.295674,95,6.45161299e-06
1777979834.088597,96,6.518817372e-06
1777979834.915521,97,6.5860213e-06
1777979835.807164,98,6.653225682e-06
1777979836.649786,99,6.720430065e-06
1777979837.497581,100,6.787634447e-06
1777979838.365738,101,6.85483883e-06
1777979839.242627,102,6.922043212e-06
1777979840.088633,103,6.98924714e-06
1777979840.840489,104,7.056451523e-06
1777979841.627193,105,7.123655905e-06
1777979842.373976,106,7.190860288e-06
1777979843.255995,107,7.25806467e-06
1777979844.128308,108,7.325268598e-06
1777979844.966430,109,7.39247298e-06
1777979845.804425,110,7.459677363e-06
1777979846.714957,111,7.526881745e-06
1777979847.559445,112,7.594086128e-06
1777979848.523236,113,7.66129051e-06
1777979849.353757,114,7.728494893e-06
1777979850.172273,115,7.795699275e-06
1777979850.920036,116,7.862903658e-06
1777979851.753938,117,7.930107131e-06
1777979852.545162,118,7.997311513e-06
1777979853.409435,119,8.064515896e-06
1777979854.300267,120,8.131720278e-06
1777979855.129890,121,8.198924661e-06
1777979856.005675,122,8.266129043e-06
1777979856.920800,123,8.333333426e-06
1777979857.811027,124,8.400537808e-06
1777979858.655524,125,8.467742191e-06
1777979859.563008,126,8.534946573e-06
1777979860.434113,127,8.602150956e-06
1777979861.309361,128,8.669354429e-06
1777979862.130527,129,8.736558812e-06
1777979862.918174,130,8.803763194e-06
1777979863.633825,131,8.870967577e-06
1777979864.504243,132,8.938171959e-06
1777979865.289612,133,9.005376342e-06
1777979866.081357,134,9.072580724e-06
1777979866.934066,135,9.139785107e-06
1777979867.803539,136,9.206989489e-06
1777979868.608584,137,9.274193872e-06
1777979869.472555,138,9.341398254e-06
1777979870.312581,139,9.408601727e-06
1777979871.207385,140,9.47580611e-06
1777979872.007542,141,9.543010492e-06
1777979872.836572,142,9.610214875e-06
1777979873.698791,143,9.677419257e-06
1777979874.436211,144,9.74462364e-06
1777979875.237546,145,9.811828022e-06
1777979876.025199,146,9.879032405e-06
1777979876.706257,147,9.946236787e-06
1777979877.615375,148,1.001344117e-05
1777979878.486100,149,1.008064555e-05
1777979879.453516,150,1.014784903e-05
1777979880.243542,151,1.021505341e-05
1777979881.076691,152,1.028225779e-05
1777979881.930225,153,1.034946217e-05
1777979882.827408,154,1.041666656e-05
1777979883.620874,155,1.048387094e-05
1777979884.536219,156,1.055107532e-05
1777979885.401613,157,1.06182797e-05
1777979886.264042,158,1.068548409e-05
1777979887.110223,159,1.075268847e-05
1777979887.911222,160,1.081989285e-05
1777979888.778584,161,1.088709632e-05
1777979889.676433,162,1.095430071e-05
1777979890.534262,163,1.102150509e-05
1777979891.323689,164,1.108870947e-05
1777979892.164569,165,1.115591385e-05
1777979893.100092,166,1.122311824e-05
1777979893.937768,167,1.129032262e-05
1777979894.876222,168,1.1357527e-05
1777979895.734097,169,1.142473138e-05
1777979896.557030,170,1.149193577e-05
1777979897.368929,171,1.155914015e-05
1777979898.191448,172,1.162634453e-05
1777979899.064557,173,1.1693548e-05
1777979900.033079,174,1.176075239e-05
1777979900.957765,175,1.182795677e-05
1777979901.746149,176,1.189516115e-05
1777979902.552276,177,1.196236553e-05
1777979903.539958,178,1.202956992e-05
1777979904.380089,179,1.20967743e-05
1777979905.224306,180,1.216397868e-05
1777979906.139020,181,1.223118306e-05
1777979907.014925,182,1.229838745e-05
1777979907.816126,183,1.236559183e-05
1777979908.677665,184,1.24327953e-05
1777979909.429406,185,1.249999968e-05
1777979922.420033,186,1.256720407e-05
1777979923.278014,187,1.263440845e-05
1777979924.126028,188,1.270161283e-05
1777979924.921498,189,1.276881721e-05
1777979925.769933,190,1.28360216e-05
1777979926.765538,191,1.290322598e-05
1777979927.574793,192,1.297043036e-05
1777979928.404255,193,1.303763474e-05
1777979929.205013,194,1.310483913e-05
1777979929.997998,195,1.31720426e-05
1777979930.901177,196,1.323924698e-05
1777979931.808639,197,1.330645136e-05
1777979932.848505,198,1.337365575e-05
1777979933.682331,199,1.344086013e-05
1777979934.727800,200,1.350806451e-05
1777979936.175247,201,1.357526889e-05
1777979937.485361,202,1.364247328e-05
1777979938.740178,203,1.370967766e-05
1777979939.908938,204,1.377688204e-05
1777979941.279708,205,1.384408642e-05
1777979942.527517,206,1.39112899e-05
1777979943.785817,207,1.397849428e-05
1777979945.086221,208,1.404569866e-05
1777979946.313716,209,1.411290305e-05
1777979947.557436,210,1.418010743e-05
1777979948.686523,211,1.424731181e-05
1777979949.880753,212,1.431451619e-05
1777979954.754278,213,1.438172058e-05
1777979963.635612,214,1.444892496e-05
1777979964.386442,215,1.451612934e-05
1777979965.237031,216,1.458333372e-05
1777979966.104141,217,1.46505372e-05
1777979966.934209,218,1.471774158e-05
1777979967.824769,219,1.478494596e-05
1777979968.673294,220,1.485215034e-05
1777979969.498024,221,1.491935473e-05
1777979970.444174,222,1.498655911e-05
1777979971.212527,223,1.505376349e-05
1777979972.064225,224,1.512096787e-05
1777979972.957331,225,1.518817226e-05
1777979973.782047,226,1.525537664e-05
1777979974.608849,227,1.532258102e-05
1777979975.499655,228,1.53897854e-05
1777979976.350195,229,1.545698979e-05
1777979977.181640,230,1.552419417e-05
1777979978.031575,231,1.559139855e-05
1777979978.879517,232,1.565860293e-05
1777979979.752886,233,1.572580732e-05
1777979980.613208,234,1.579300988e-05
1777979981.429451,235,1.586021426e-05
1777979982.224545,236,1.592741864e-05
1777979983.073468,237,1.599462303e-05
1777979983.990388,238,1.606182741e-05
1777979984.888216,239,1.612903179e-05
1777979985.803063,240,1.619623617e-05
1777979986.669826,241,1.626344056e-05
1777979987.523405,242,1.633064494e-05
1777979988.454235,243,1.639784932e-05
1777979989.354457,244,1.64650537e-05
1777979990.291174,245,1.653225809e-05
1777979991.075598,246,1.659946247e-05
1777979992.008782,247,1.666666685e-05
1777979992.851846,248,1.673387123e-05
1777979993.784151,249,1.680107562e-05
1777979994.719597,250,1.686828e-05
1777979995.524413,251,1.693548438e-05
1777979996.379650,252,1.700268876e-05
1777979997.256562,253,1.706989315e-05
1777979998.045302,254,1.713709753e-05
1777979998.847806,255,1.720430191e-05
1777979999.637270,256,1.727150448e-05
1777980000.500284,257,1.733870886e-05
1777980001.312718,258,1.740591324e-05
1777980002.164109,259,1.747311762e-05
1777980002.985447,260,1.754032201e-05
1777980003.761283,261,1.760752639e-05
1777980004.721700,262,1.767473077e-05
1777980005.512323,263,1.774193515e-05
1777980006.366640,264,1.780913954e-05
1777980007.174277,265,1.787634392e-05
1777980007.991996,266,1.79435483e-05
1777980008.775840,267,1.801075268e-05
1777980009.629684,268,1.807795707e-05
1777980010.445926,269,1.814516145e-05
1777980011.282802,270,1.821236583e-05
1777980012.127640,271,1.827957021e-05
1777980012.980178,272,1.83467746e-05
1777980013.871565,273,1.841397898e-05
1777980014.654760,274,1.848118336e-05
1777980015.519210,275,1.854838774e-05
1777980016.324581,276,1.861559213e-05
1777980017.149211,277,1.868279651e-05
1777980018.048835,278,1.875000089e-05
1777980018.906166,279,1.881720345e-05
1777980019.735307,280,1.888440784e-05
1777980020.575968,281,1.895161222e-05
1777980021.410368,282,1.90188166e-05
1777980022.211522,283,1.908602098e-05
1777980023.128509,284,1.915322537e-05
1777980023.966499,285,1.922042975e-05
1777980024.856918,286,1.928763413e-05
1777980025.739900,287,1.935483851e-05
1777980026.579858,288,1.94220429e-05
1777980027.432321,289,1.948924728e-05
1777980028.355164,290,1.955645166e-05
1777980029.190897,291,1.962365604e-05
1777980030.008996,292,1.969086043e-05
1777980030.821419,293,1.975806481e-05
1777980031.668006,294,1.982526919e-05
1777980032.507162,295,1.989247357e-05
1777980033.392844,296,1.995967796e-05
1777980034.166134,297,2.002688234e-05
1777980043.124737,298,2.009408672e-05
1777980049.161665,299,2.01612911e-05
1777980049.975422,300,2.022849549e-05
1777980050.830313,301,2.029569805e-05
1777980051.720336,302,2.036290243e-05
1777980052.588984,303,2.043010682e-05
1777980053.515938,304,2.04973112e-05
1777980054.336074,305,2.056451558e-05
1777980055.192600,306,2.063171996e-05
1777980056.063700,307,2.069892435e-05
1777980056.930820,308,2.076612873e-05
1777980057.737889,309,2.083333311e-05
1777980058.674647,310,2.090053749e-05
1777980059.501761,311,2.096774188e-05
1777980060.442888,312,2.103494626e-05
1777980061.269216,313,2.110215064e-05
1777980062.125518,314,2.116935502e-05
1777980062.988015,315,2.123655941e-05
1777980063.880663,316,2.130376379e-05
1777980064.688312,317,2.137096817e-05
1777980065.616442,318,2.143817255e-05
1777980066.477345,319,2.150537694e-05
1777980067.303376,320,2.157258132e-05
1777980068.239027,321,2.16397857e-05
1777980069.112518,322,2.170699008e-05
1777980069.890229,323,2.177419265e-05
1777980070.630644,324,2.184139703e-05
1777980071.527591,325,2.190860141e-05
1777980072.391708,326,2.197580579e-05
1777980073.201947,327,2.204301018e-05
1777980074.024029,328,2.211021456e-05
1777980087.851507,329,2.217741894e-05
1777980088.687432,330,2.224462332e-05
1777980089.583982,331,2.231182771e-05
1777980090.414119,332,2.237903209e-05
1777980091.231568,333,2.244623647e-05
1777980092.079912,334,2.251344085e-05
1777980092.918086,335,2.258064524e-05
1777980093.709183,336,2.264784962e-05
1777980094.550454,337,2.2715054e-05
1777980095.395835,338,2.278225838e-05
1777980096.260494,339,2.284946277e-05
1777980097.129278,340,2.291666715e-05
1777980098.136476,341,2.298387153e-05
1777980098.975695,342,2.305107591e-05
1777980099.893309,343,2.31182803e-05
1777980100.741476,344,2.318548468e-05
1777980101.586974,345,2.325268906e-05
1777980102.479283,346,2.331989162e-05
1777980103.356771,347,2.338709601e-05
1777980104.204450,348,2.345430039e-05
1777980104.952821,349,2.352150477e-05
1777980105.753638,350,2.358870915e-05
1777980106.688737,351,2.365591354e-05
1777980107.548061,352,2.372311792e-05
1777980108.474068,353,2.37903223e-05
1777980109.330372,354,2.385752668e-05
1777980110.226936,355,2.392473107e-05
1777980111.096937,356,2.399193545e-05
1777980111.995868,357,2.405913983e-05
1777980112.867359,358,2.412634421e-05
1777980113.806506,359,2.41935486e-05
1777980114.657915,360,2.426075298e-05
1777980115.568398,361,2.432795736e-05
1777980116.472962,362,2.439516174e-05
1777980117.207784,363,2.446236613e-05
1777980118.030973,364,2.452957051e-05
1777980118.912108,365,2.459677489e-05
1777980119.694843,366,2.466397927e-05
1777980120.522309,367,2.473118366e-05
1777980121.304061,368,2.479838622e-05
1777980122.158128,369,2.48655906e-05
1777980123.058913,370,2.493279499e-05
1777980123.932564,371,2.499999937e-05
1777980124.783225,372,2.506720375e-05
1777980125.675470,373,2.513440813e-05
1777980126.533278,374,2.520161252e-05
1777980127.403967,375,2.52688169e-05
1777980128.243133,376,2.533602128e-05
1777980129.111017,377,2.540322566e-05
1777980129.985101,378,2.547043005e-05
1777980130.760367,379,2.553763443e-05
1777980131.653676,380,2.560483881e-05
1777980132.411468,381,2.567204319e-05
1777980133.255417,382,2.573924758e-05
1777980134.039471,383,2.580645196e-05
1777980134.899402,384,2.587365634e-05
1777980135.839618,385,2.594086072e-05
1777980136.733457,386,2.600806511e-05
1777980137.625793,387,2.607526949e-05
1777980138.472300,388,2.614247387e-05
1777980139.304929,389,2.620967825e-05
1777980140.113016,390,2.627688082e-05
1777980140.908971,391,2.63440852e-05
1777980141.810789,392,2.641128958e-05
1777980142.685237,393,2.647849396e-05
1777980143.518917,394,2.654569835e-05
1777980144.330827,395,2.661290273e-05
1777980145.148789,396,2.668010711e-05
1777980145.940081,397,2.674731149e-05
1777980146.742774,398,2.681451588e-05
1777980147.617690,399,2.688172026e-05
1777980148.454127,400,2.694892464e-05
1777980149.329108,401,2.701612902e-05
1777980150.187709,402,2.708333341e-05
1777980151.115382,403,2.715053779e-05
1777980151.920323,404,2.721774217e-05
1777980152.806979,405,2.728494655e-05
1777980153.675108,406,2.735215094e-05
1777980154.501172,407,2.741935532e-05
1777980155.281011,408,2.74865597e-05
1777980156.150338,409,2.755376408e-05
1777980156.988269,410,2.762096847e-05
1777980157.809464,411,2.768817285e-05
1777980158.737994,412,2.775537723e-05
1777980159.532993,413,2.78225798e-05
1777980160.417830,414,2.788978418e-05
1777980161.241152,415,2.795698856e-05
1777980162.007973,416,2.802419294e-05
1777980162.839572,417,2.809139733e-05
1777980163.698120,418,2.815860171e-05
1777980164.576725,419,2.822580609e-05
1777980165.495366,420,2.829301047e-05
1777980166.303656,421,2.836021486e-05
1777980167.149969,422,2.842741924e-05
1777980168.071230,423,2.849462362e-05
1777980168.836940,424,2.8561828e-05
1777980169.733341,425,2.862903239e-05
1777980170.626832,426,2.869623677e-05
1777980171.492861,427,2.876344115e-05
1777980172.301161,428,2.883064553e-05
1777980173.170048,429,2.889784992e-05
1777980173.935033,430,2.89650543e-05
1777980174.771961,431,2.903225868e-05
1777980175.589177,432,2.909946306e-05
1777980176.384904,433,2.916666745e-05
1777980177.310466,434,2.923387183e-05
1777980178.033116,435,2.930107439e-05
1777980178.812481,436,2.936827877e-05
1777980179.625040,437,2.943548316e-05
1777980180.413524,438,2.950268754e-05
1777980181.293828,439,2.956989192e-05
1777980182.217254,440,2.96370963e-05
1777980183.043300,441,2.970430069e-05
1777980183.819351,442,2.977150507e-05
1777980184.642797,443,2.983870945e-05
1777980185.567177,444,2.990591383e-05
1777980186.339916,445,2.997311822e-05
1777980187.199167,446,3.00403226e-05
1777980188.103574,447,3.010752698e-05
1777980188.906971,448,3.017473136e-05
1777980189.735356,449,3.024193575e-05
1777980190.620639,450,3.030914013e-05
1777980191.498564,451,3.037634451e-05
1777980192.387125,452,3.044354889e-05
1777980193.243882,453,3.051075328e-05
1777980194.150805,454,3.057795766e-05
1777980195.001770,455,3.064516204e-05
1777980195.886525,456,3.071236642e-05
1777980196.729626,457,3.077957081e-05
1777980197.579821,458,3.084677519e-05
1777980198.374563,459,3.091397957e-05
1777980199.202355,460,3.098118395e-05
1777980200.058461,461,3.104838834e-05
1777980200.885417,462,3.111559272e-05
1777980201.746240,463,3.11827971e-05
1777980202.572951,464,3.125000148e-05
1777980203.406116,465,3.131720587e-05
1777980204.172741,466,3.138441025e-05
1777980205.047516,467,3.145161463e-05
1777980205.817639,468,3.151881901e-05
1777980206.609786,469,3.158601976e-05
1777980207.451370,470,3.165322414e-05
1777980208.289165,471,3.172042852e-05
1777980209.189626,472,3.178763291e-05
1777980210.085273,473,3.185483729e-05
1777980210.877765,474,3.192204167e-05
1777980211.717302,475,3.198924605e-05
1777980212.500644,476,3.205645044e-05
1777980213.327074,477,3.212365482e-05
1777980214.249620,478,3.21908592e-05
1777980215.070274,479,3.225806358e-05
1777980215.896716,480,3.232526797e-05
1777980216.765651,481,3.239247235e-05
1777980217.737889,482,3.245967673e-05
1777980218.557505,483,3.252688111e-05
1777980219.356807,484,3.25940855e-05
1777980220.185801,485,3.266128988e-05
1777980221.048537,486,3.272849426e-05
1777980221.933529,487,3.279569864e-05
1777980222.856641,488,3.286290303e-05
1777980223.725232,489,3.293010741e-05
1777980224.613338,490,3.299731179e-05
1777980225.536064,491,3.306451617e-05
1777980226.379999,492,3.313172056e-05
1777980227.204303,493,3.319892494e-05
1777980228.031698,494,3.326612932e-05
1777980228.850506,495,3.33333337e-05
1777980229.708838,496,3.340053809e-05
1777980230.568141,497,3.346774247e-05
1777980231.418459,498,3.353494685e-05
1777980232.291546,499,3.360215123e-05
1777980233.111377,500,3.366935562e-05
1777980233.983006,501,3.373656e-05
1777980234.809019,502,3.380376438e-05
1777980235.641751,503,3.387096876e-05
1777980236.532838,504,3.393817315e-05
1777980237.339841,505,3.400537753e-05
1777980238.159180,506,3.407258191e-05
1777980238.993479,507,3.413978629e-05
1777980239.902162,508,3.420699068e-05
1777980240.767262,509,3.427419506e-05
1777980241.737077,510,3.434139944e-05
1777980242.501632,511,3.440860382e-05
1777980243.364876,512,3.447580821e-05
1777980244.190812,513,3.454300895e-05
1777980245.003158,514,3.461021333e-05
1777980245.886551,515,3.467741772e-05
1777980246.746448,516,3.47446221e-05
1777980247.655993,517,3.481182648e-05
1777980248.519210,518,3.487903086e-05
1777980249.317758,519,3.494623525e-05
1777980250.150471,520,3.501343963e-05
1777980251.047050,521,3.508064401e-05
1777980251.895900,522,3.514784839e-05
1777980252.798222,523,3.521505278e-05
1777980253.620633,524,3.528225716e-05
1777980254.456616,525,3.534946154e-05
1777980255.294208,526,3.541666592e-05
1777980256.133017,527,3.548387031e-05
1777980256.982483,528,3.555107469e-05
1777980257.870316,529,3.561827907e-05
1777980258.736054,530,3.568548345e-05
1777980259.925698,531,3.575268784e-05
1777980260.765578,532,3.581989222e-05
1777980261.593912,533,3.58870966e-05
1777980262.431086,534,3.595430098e-05
1777980263.267446,535,3.602150537e-05
1777980264.133738,536,3.608870975e-05
1777980264.944264,537,3.615591413e-05
1777980265.846834,538,3.622311851e-05
1777980266.607908,539,3.62903229e-05
1777980267.538741,540,3.635752728e-05
1777980268.314040,541,3.642473166e-05
1777980269.199975,542,3.649193604e-05
1777980270.066339,543,3.655914043e-05
1777980270.902065,544,3.662634481e-05
1777980271.780594,545,3.669354919e-05
1777980272.636453,546,3.676075357e-05
1777980273.484047,547,3.682795796e-05
1777980274.404519,548,3.689516234e-05
1777980275.323981,549,3.696236672e-05
1777980276.205484,550,3.70295711e-05
1777980277.101446,551,3.709677549e-05
1777980277.931463,552,3.716397987e-05
1777980278.765161,553,3.723118425e-05
1777980279.654263,554,3.729838863e-05
1777980280.565971,555,3.736559302e-05
1777980281.437168,556,3.74327974e-05
1777980282.289504,557,3.750000178e-05
1777980283.156869,558,3.756720253e-05
1777980284.084212,559,3.763440691e-05
1777980285.025687,560,3.770161129e-05
1777980285.961278,561,3.776881567e-05
1777980286.783894,562,3.783602006e-05
1777980287.786165,563,3.790322444e-05
1777980288.666281,564,3.797042882e-05
1777980289.595210,565,3.80376332e-05
1777980290.429566,566,3.810483759e-05
1777980291.262172,567,3.817204197e-05
1777980292.164742,568,3.823924635e-05
1777980292.951994,569,3.830645073e-05
1777980293.873288,570,3.837365512e-05
1777980294.757338,571,3.84408595e-05
1777980295.641956,572,3.850806388e-05
1777980296.531932,573,3.857526826e-05
1777980297.354450,574,3.864247265e-05
1777980298.131390,575,3.870967703e-05
1777980298.955505,576,3.877688141e-05
1777980299.877703,577,3.884408579e-05
1777980300.660989,578,3.891129018e-05
1777980301.503640,579,3.897849456e-05
1777980302.381853,580,3.904569894e-05
1777980303.226129,581,3.911290332e-05
1777980303.977376,582,3.918010771e-05
1777980304.811167,583,3.924731209e-05
1777980305.668047,584,3.931451647e-05
1777980306.469748,585,3.938172085e-05
1777980307.300000,586,3.944892524e-05
1777980308.096079,587,3.951612962e-05
1777980308.921531,588,3.9583334e-05
1777980309.754877,589,3.965053838e-05
1777980310.623061,590,3.971774277e-05
1777980311.507523,591,3.978494715e-05
1777980312.333315,592,3.985215153e-05
1777980313.207288,593,3.991935591e-05
1777980314.013332,594,3.99865603e-05
1777980314.803191,595,4.005376468e-05
1777980315.684021,596,4.012096906e-05
1777980316.492043,597,4.018817344e-05
1777980317.454099,598,4.025537783e-05
1777980318.292911,599,4.032258221e-05
1777980319.160041,600,4.038978659e-05
1777980319.973572,601,4.045699097e-05
1777980320.891470,602,4.052419536e-05
1777980321.743840,603,4.05913961e-05
1777980322.575536,604,4.065860048e-05
1777980323.346589,605,4.072580487e-05
1777980324.157265,606,4.079300925e-05
1777980325.011608,607,4.086021363e-05
1777980325.855276,608,4.092741801e-05
1777980326.641785,609,4.09946224e-05
1777980327.443961,610,4.106182678e-05
1777980328.255525,611,4.112903116e-05
1777980329.109246,612,4.119623554e-05
1777980330.034628,613,4.126343993e-05
1777980330.904259,614,4.133064431e-05
1777980331.689396,615,4.139784869e-05
1777980332.585737,616,4.146505307e-05
1777980333.424520,617,4.153225746e-05
1777980334.298280,618,4.159946184e-05
1777980335.071161,619,4.166666622e-05
1777980335.914817,620,4.17338706e-05
1777980336.794397,621,4.180107499e-05
1777980337.683852,622,4.186827937e-05
1777980338.574940,623,4.193548375e-05
1777980339.430880,624,4.200268813e-05
1777980340.306650,625,4.206989252e-05
1777980341.234701,626,4.21370969e-05
1777980342.083316,627,4.220430128e-05
1777980342.970102,628,4.227150566e-05
1777980343.751114,629,4.233871005e-05
1777980344.572011,630,4.240591443e-05
1777980345.415086,631,4.247311881e-05
1777980346.209387,632,4.254032319e-05
1777980347.056482,633,4.260752758e-05
1777980347.864270,634,4.267473196e-05
1777980348.741361,635,4.274193634e-05
1777980349.717534,636,4.280914072e-05
1777980350.554050,637,4.287634511e-05
1777980351.480710,638,4.294354949e-05
1777980352.349274,639,4.301075387e-05
1777980353.181859,640,4.307795825e-05
1777980354.062435,641,4.314516264e-05
1777980354.955056,642,4.321236702e-05
1777980355.834789,643,4.32795714e-05
1777980356.774437,644,4.334677578e-05
1777980357.685452,645,4.341398017e-05
1777980358.469976,646,4.348118455e-05
1777980359.305214,647,4.354838529e-05
1777980360.059580,648,4.361558968e-05
1777980360.862110,649,4.368279406e-05
1777980361.713448,650,4.374999844e-05
1777980362.608198,651,4.381720282e-05
1777980363.421324,652,4.388440721e-05
1777980364.349561,653,4.395161159e-05
1777980365.240022,654,4.401881597e-05
1777980366.089350,655,4.408602035e-05
1777980366.983225,656,4.415322474e-05
1777980367.795804,657,4.422042912e-05
1777980368.651567,658,4.42876335e-05
1777980369.587571,659,4.435483788e-05
1777980370.416539,660,4.442204227e-05
1777980371.231948,661,4.448924665e-05
1777980372.079823,662,4.455645103e-05
1777980372.920896,663,4.462365541e-05
1777980373.751954,664,4.46908598e-05
1777980374.665750,665,4.475806418e-05
1777980375.458217,666,4.482526856e-05
1777980376.317989,667,4.489247294e-05
1777980377.178637,668,4.495967733e-05
1777980378.055508,669,4.502688171e-05
1777980378.849501,670,4.509408609e-05
1777980379.647684,671,4.516129047e-05
1777980380.621958,672,4.522849486e-05
1777980381.493563,673,4.529569924e-05
1777980382.304185,674,4.536290362e-05
1777980383.122997,675,4.5430108e-05
1777980384.046561,676,4.549731239e-05
1777980384.972308,677,4.556451677e-05
1777980385.812683,678,4.563172115e-05
1777980386.712215,679,4.569892553e-05
1777980387.552118,680,4.576612992e-05
1777980402.275447,681,4.58333343e-05
1777980403.165796,682,4.590053868e-05
1777980404.059055,683,4.596774306e-05
1777980405.022103,684,4.603494745e-05
1777980405.836383,685,4.610215183e-05
1777980406.699473,686,4.616935621e-05
1777980407.589378,687,4.623656059e-05
1777980408.488952,688,4.630376498e-05
1777980409.384296,689,4.637096936e-05
1777980410.330183,690,4.643817374e-05
1777980411.271738,691,4.650537812e-05
1777980412.042509,692,4.657257887e-05
1777980412.943227,693,4.663978325e-05
1777980413.879245,694,4.670698763e-05
1777980414.739185,695,4.677419201e-05
1777980415.616457,696,4.68413964e-05
1777980416.432908,697,4.690860078e-05
1777980417.316242,698,4.697580516e-05
1777980418.168298,699,4.704300954e-05
1777980419.066614,700,4.711021393e-05
1777980419.877205,701,4.717741831e-05
1777980420.782585,702,4.724462269e-05
1777980421.605225,703,4.731182707e-05
1777980422.457402,704,4.737903146e-05
1777980423.343706,705,4.744623584e-05
1777980424.211814,706,4.751344022e-05
1777980425.074749,707,4.75806446e-05
1777980425.935994,708,4.764784899e-05
1777980426.818994,709,4.771505337e-05
1777980427.739706,710,4.778225775e-05
1777980428.611077,711,4.784946213e-05
1777980429.494162,712,4.791666652e-05
1777980430.344434,713,4.79838709e-05
1777980431.214544,714,4.805107528e-05
1777980432.190024,715,4.811827966e-05
1777980433.019583,716,4.818548405e-05
1777980433.819735,717,4.825268843e-05
1777980434.710902,718,4.831989281e-05
1777980435.632651,719,4.838709719e-05
1777980436.553956,720,4.845430158e-05
1777980437.394109,721,4.852150596e-05
1777980438.317213,722,4.858871034e-05
1777980439.145028,723,4.865591472e-05
1777980440.005288,724,4.872311911e-05
1777980440.801245,725,4.879032349e-05
1777980441.714464,726,4.885752787e-05
1777980442.627303,727,4.892473225e-05
1777980443.529856,728,4.899193664e-05
1777980444.423637,729,4.905914102e-05
1777980445.236731,730,4.91263454e-05
1777980446.067473,731,4.919354978e-05
1777980446.973402,732,4.926075417e-05
1777980447.714482,733,4.932795855e-05
1777980448.492782,734,4.939516293e-05
1777980449.426451,735,4.946236731e-05
1777980450.213197,736,4.95295717e-05
1777980451.031734,737,4.959677244e-05
1777980451.903303,738,4.966397682e-05
1777980452.838437,739,4.973118121e-05
1777980453.703575,740,4.979838559e-05
1777980454.528301,741,4.986558997e-05
1777980455.334871,742,4.993279435e-05
1777983226.065520,0,6.720430434e-08
1777983227.005025,1,1.344086087e-07
1777983227.879633,2,2.016129059e-07
1777983228.744247,3,2.688172174e-07
1777983229.547489,4,3.360215146e-07
1777983230.440560,5,4.032258119e-07
1777983231.214143,6,4.704301091e-07
1777983232.112736,7,5.376344347e-07
1777983233.206975,8,6.048387036e-07
1777983234.283128,9,6.720430292e-07
1777983235.308483,10,7.39247298e-07
1777983236.246740,11,8.064516237e-07
1777983237.105931,12,8.736558925e-07
1777983238.135869,13,9.408602182e-07
1777983238.995988,14,1.008064487e-06
1777983240.023361,15,1.075268869e-06
1777983241.091722,16,1.142473138e-06
1777983241.954608,17,1.209677407e-06
1777983242.875010,18,1.276881676e-06
1777983243.869090,19,1.344086058e-06
1777983244.776853,20,1.411290327e-06
1777983245.644174,21,1.478494596e-06
1777983246.434146,22,1.545698979e-06
1777983247.280992,23,1.612903247e-06
1777983248.424434,24,1.680107516e-06
1777983249.334042,25,1.747311785e-06
1777983250.183962,26,1.814516168e-06
1777983251.020798,27,1.881720436e-06
1777983251.921381,28,1.948924819e-06
1777983252.771217,29,2.016128974e-06
1777983253.720500,30,2.083333356e-06
1777983254.548532,31,2.150537739e-06
1777983255.413877,32,2.217741894e-06
1777983256.291931,33,2.284946277e-06
1777983257.198794,34,2.352150432e-06
1777983258.041083,35,2.419354814e-06
1777983258.937068,36,2.486559197e-06
1777983259.823647,37,2.553763352e-06
1777983260.668986,38,2.620967734e-06
1777983261.566378,39,2.688172117e-06
1777983262.712610,40,2.755376272e-06
1777983263.769072,41,2.822580655e-06
1777983264.633791,42,2.889785037e-06
1777983278.667524,43,2.956989192e-06
1777983279.593852,44,3.024193575e-06
1777983280.427875,45,3.091397957e-06
1777983281.332549,46,3.158602112e-06
1777983282.151174,47,3.225806495e-06
1777983283.029698,48,3.29301065e-06
1777983283.887663,49,3.360215032e-06
1777983284.662718,50,3.427419415e-06
1777983285.604240,51,3.49462357e-06
1777983286.433018,52,3.561827953e-06
1777983287.291174,53,3.629032335e-06
1777983288.179651,54,3.69623649e-06
1777983289.066625,55,3.763440873e-06
1777983289.906256,56,3.830645255e-06
1777983290.832594,57,3.897849638e-06
1777983291.678496,58,3.965053565e-06
1777983292.554926,59,4.032257948e-06
1777983293.414216,60,4.09946233e-06
1777983294.354055,61,4.166666713e-06
1777983295.210590,62,4.233871095e-06
1777983309.321125,63,4.301075478e-06
1777983310.161355,64,4.368279406e-06
1777983311.051163,65,4.435483788e-06
1777983311.981659,66,4.502688171e-06
1777983312.838562,67,4.569892553e-06
1777983313.753628,68,4.637096936e-06
1777983314.584857,69,4.704300864e-06
1777983315.497007,70,4.771505246e-06
1777983316.450815,71,4.838709629e-06
1777983317.290488,72,4.905914011e-06
1777983318.082540,73,4.973118394e-06
1777983318.869717,74,5.040322776e-06
1777983319.758650,75,5.107526704e-06
1777983320.629322,76,5.174731086e-06
1777983321.497096,77,5.241935469e-06
1777983322.391593,78,5.309139851e-06
1777983323.291636,79,5.376344234e-06
1777983324.136537,80,5.443548162e-06
1777983325.098753,81,5.510752544e-06
1777983325.978968,82,5.577956927e-06
1777983326.815662,83,5.645161309e-06
1777983327.715754,84,5.712365692e-06
1777983328.586905,85,5.779570074e-06
1777983329.461284,86,5.846774002e-06
1777983330.321016,87,5.913978384e-06
1777983331.200864,88,5.981182767e-06
1777983332.054258,89,6.048387149e-06
1777983332.940883,90,6.115591532e-06
1777983333.803801,91,6.182795914e-06
1777983334.749506,92,6.249999842e-06
1777983335.587990,93,6.317204225e-06
1777983336.423421,94,6.384408607e-06
1777983337.267809,95,6.45161299e-06
1777983338.092237,96,6.518817372e-06
1777983338.935507,97,6.5860213e-06
1777983339.849427,98,6.653225682e-06
1777983340.748709,99,6.720430065e-06
1777983341.623796,100,6.787634447e-06
1777983342.519799,101,6.85483883e-06
1777983343.426256,102,6.922043212e-06
1777983344.328064,103,6.98924714e-06
1777983345.169886,104,7.056451523e-06
1777983346.043104,105,7.123655905e-06
1777983346.850086,106,7.190860288e-06
1777983347.782157,107,7.25806467e-06
1777983348.708454,108,7.325268598e-06
1777983349.587351,109,7.39247298e-06
1777983350.473618,110,7.459677363e-06
1777983351.413994,111,7.526881745e-06
1777983352.312492,112,7.594086128e-06
1777983353.307129,113,7.66129051e-06
1777983354.178783,114,7.728494893e-06
1777983355.032472,115,7.795699275e-06
1777983355.817550,116,7.862903658e-06
1777983356.708154,117,7.930107131e-06
1777983357.557830,118,7.997311513e-06
1777983358.458263,119,8.064515896e-06
1777983359.392159,120,8.131720278e-06
1777983360.281380,121,8.198924661e-06
1777983361.183454,122,8.266129043e-06
1777983362.115814,123,8.333333426e-06
1777983363.046084,124,8.400537808e-06
1777983363.920521,125,8.467742191e-06
1777983364.847299,126,8.534946573e-06
1777983365.737647,127,8.602150956e-06
1777983366.680325,128,8.669354429e-06
1777983367.571581,129,8.736558812e-06
1777983368.431186,130,8.803763194e-06
1777983369.201273,131,8.870967577e-06
1777983370.122115,132,8.938171959e-06
1777983370.965039,133,9.005376342e-06
1777983371.824528,134,9.072580724e-06
1777983372.735703,135,9.139785107e-06
1777983373.668822,136,9.206989489e-06
1777983374.543337,137,9.274193872e-06
1777983375.451529,138,9.341398254e-06
1777983376.368134,139,9.408601727e-06
1777983377.315684,140,9.47580611e-06
1777983378.195250,141,9.543010492e-06
1777983379.120556,142,9.610214875e-06
1777983380.066063,143,9.677419257e-06
1777983380.853791,144,9.74462364e-06
1777983381.698576,145,9.811828022e-06
1777983382.503702,146,9.879032405e-06
1777983383.214812,147,9.946236787e-06
1777983384.149577,148,1.001344117e-05
1777983385.028556,149,1.008064555e-05
1777983385.988472,150,1.014784903e-05
1777983386.812820,151,1.021505341e-05
1777983387.651406,152,1.028225779e-05
1777983388.499791,153,1.034946217e-05
1777983389.378370,154,1.041666656e-05
1777983390.202638,155,1.048387094e-05
1777983391.140273,156,1.055107532e-05
1777983392.051150,157,1.06182797e-05
1777983392.951872,158,1.068548409e-05
1777983393.842083,159,1.075268847e-05
1777983394.647459,160,1.081989285e-05
1777983395.523212,161,1.088709632e-05
1777983396.441960,162,1.095430071e-05
1777983397.334279,163,1.102150509e-05
1777983398.167795,164,1.108870947e-05
1777983399.074906,165,1.115591385e-05
1777983400.060194,166,1.122311824e-05
1777983400.933129,167,1.129032262e-05
1777983401.911993,168,1.1357527e-05
1777983402.747367,169,1.142473138e-05
1777983403.692117,170,1.149193577e-05
1777983404.556014,171,1.155914015e-05
1777983405.435004,172,1.162634453e-05
1777983406.312037,173,1.1693548e-05
1777983407.291230,174,1.176075239e-05
1777983408.256938,175,1.182795677e-05
1777983409.037881,176,1.189516115e-05
1777983409.860441,177,1.196236553e-05
1777983410.872235,178,1.202956992e-05
1777983411.738011,179,1.20967743e-05
1777983412.606779,180,1.216397868e-05
1777983413.553362,181,1.223118306e-05
1777983414.450183,182,1.229838745e-05
1777983415.238447,183,1.236559183e-05
1777983416.099165,184,1.24327953e-05
1777983416.847196,185,1.249999968e-05
1777983417.633726,186,1.256720407e-05
1777983418.493822,187,1.263440845e-05
1777983419.381789,188,1.270161283e-05
1777983420.334113,189,1.276881721e-05
1777983421.367064,190,1.28360216e-05
1777983422.220973,191,1.290322598e-05
1777983423.036655,192,1.297043036e-05
1777983423.872496,193,1.303763474e-05
1777983424.711804,194,1.310483913e-05
1777983425.564687,195,1.31720426e-05
1777983426.504753,196,1.323924698e-05
1777983427.409516,197,1.330645136e-05
1777983428.590451,198,1.337365575e-05
1777983429.461111,199,1.344086013e-05
1777983430.360012,200,1.350806451e-05
1777983431.269695,201,1.357526889e-05
1777983432.160007,202,1.364247328e-05
1777983433.025108,203,1.370967766e-05
1777983433.856344,204,1.377688204e-05
1777983434.766571,205,1.384408642e-05
1777983435.584657,206,1.39112899e-05
1777983436.445344,207,1.397849428e-05
1777983437.387959,208,1.404569866e-05
1777983438.274115,209,1.411290305e-05
1777983439.147007,210,1.418010743e-05
1777983439.972620,211,1.424731181e-05
1777983440.839016,212,1.431451619e-05
1777983441.667058,213,1.438172058e-05
1777983442.499996,214,1.444892496e-05
1777983443.330473,215,1.451612934e-05
1777983444.215724,216,1.458333372e-05
1777983445.132767,217,1.46505372e-05
1777983446.003839,218,1.471774158e-05
1777983446.891202,219,1.478494596e-05
1777983447.753603,220,1.485215034e-05
1777983448.550936,221,1.491935473e-05
1777983449.453576,222,1.498655911e-05
1777983450.238002,223,1.505376349e-05
1777983451.120997,224,1.512096787e-05
1777983452.038873,225,1.518817226e-05
1777983452.867658,226,1.525537664e-05
1777983453.751689,227,1.532258102e-05
1777983454.680651,228,1.53897854e-05
1777983455.574833,229,1.545698979e-05
1777983456.478175,230,1.552419417e-05
1777983457.375165,231,1.559139855e-05
1777983458.258754,232,1.565860293e-05
1777983459.165280,233,1.572580732e-05
1777983460.070229,234,1.579300988e-05
1777983460.948549,235,1.586021426e-05
1777983461.796930,236,1.592741864e-05
1777983462.637949,237,1.599462303e-05
1777983463.555136,238,1.606182741e-05
1777983464.445799,239,1.612903179e-05
1777983465.355098,240,1.619623617e-05
1777983466.221167,241,1.626344056e-05
1777983467.089099,242,1.633064494e-05
1777983468.048910,243,1.639784932e-05
1777983468.911618,244,1.64650537e-05
1777983469.805424,245,1.653225809e-05
1777983470.560423,246,1.659946247e-05
1777983471.480517,247,1.666666685e-05
1777983472.288787,248,1.673387123e-05
1777983473.178843,249,1.680107562e-05
1777983474.083177,250,1.686828e-05
1777983474.872755,251,1.693548438e-05
1777983475.691469,252,1.700268876e-05
1777983476.539893,253,1.706989315e-05
1777983477.320241,254,1.713709753e-05
1777983478.111226,255,1.720430191e-05
1777983478.905331,256,1.727150448e-05
1777983479.817601,257,1.733870886e-05
1777983480.653998,258,1.740591324e-05
1777983481.494879,259,1.747311762e-05
1777983482.319327,260,1.754032201e-05
1777983483.069074,261,1.760752639e-05
1777983484.007613,262,1.767473077e-05
1777983484.788800,263,1.774193515e-05
1777983485.616961,264,1.780913954e-05
1777983486.404706,265,1.787634392e-05
1777983487.201214,266,1.79435483e-05
1777983487.966979,267,1.801075268e-05
1777983488.792681,268,1.807795707e-05
1777983489.615655,269,1.814516145e-05
1777983490.439056,270,1.821236583e-05
1777983491.267249,271,1.827957021e-05
1777983492.109691,272,1.83467746e-05
1777983493.005996,273,1.841397898e-05
1777983493.767274,274,1.848118336e-05
1777983494.648012,275,1.854838774e-05
1777983495.473294,276,1.861559213e-05
1777983496.334355,277,1.868279651e-05
1777983497.253538,278,1.875000089e-05
1777983498.223236,279,1.881720345e-05
1777983499.076133,280,1.888440784e-05
1777983499.932199,281,1.895161222e-05
1777983500.766052,282,1.90188166e-05
1777983501.629779,283,1.908602098e-05
1777983502.593659,284,1.915322537e-05
1777983503.489661,285,1.922042975e-05
1777983504.439865,286,1.928763413e-05
1777983505.346379,287,1.935483851e-05
1777983506.241034,288,1.94220429e-05
1777983507.109999,289,1.948924728e-05
1777983508.065818,290,1.955645166e-05
1777983508.913422,291,1.962365604e-05
1777983509.777564,292,1.969086043e-05
1777983510.640737,293,1.975806481e-05
1777983511.544401,294,1.982526919e-05
1777983512.421733,295,1.989247357e-05
1777983513.326855,296,1.995967796e-05
1777983514.102561,297,2.002688234e-05
1777983514.976220,298,2.009408672e-05
1777983515.807821,299,2.01612911e-05
1777983516.634792,300,2.022849549e-05
1777983517.526880,301,2.029569805e-05
1777983518.424280,302,2.036290243e-05
1777983519.321566,303,2.043010682e-05
1777983520.272712,304,2.04973112e-05
1777983521.092149,305,2.056451558e-05
1777983521.941797,306,2.063171996e-05
1777983522.811611,307,2.069892435e-05
1777983523.688671,308,2.076612873e-05
1777983524.471552,309,2.083333311e-05
1777983525.424959,310,2.090053749e-05
1777983526.276705,311,2.096774188e-05
1777983527.236411,312,2.103494626e-05
1777983528.077513,313,2.110215064e-05
1777983528.946890,314,2.116935502e-05
1777983529.808862,315,2.123655941e-05
1777983530.751035,316,2.130376379e-05
1777983531.618882,317,2.137096817e-05
1777983532.561424,318,2.143817255e-05
1777983533.443022,319,2.150537694e-05
1777983534.284047,320,2.157258132e-05
1777983535.206479,321,2.16397857e-05
1777983536.104344,322,2.170699008e-05
1777983536.912761,323,2.177419265e-05
1777983537.671997,324,2.184139703e-05
1777983538.576066,325,2.190860141e-05
1777983539.456609,326,2.197580579e-05
1777983540.288546,327,2.204301018e-05
1777983541.149520,328,2.211021456e-05
1777983542.062273,329,2.217741894e-05
1777983542.901499,330,2.224462332e-05
1777983543.782485,331,2.231182771e-05
1777983544.592617,332,2.237903209e-05
1777983545.389441,333,2.244623647e-05
1777983546.266658,334,2.251344085e-05
1777983547.127150,335,2.258064524e-05
1777983547.914551,336,2.264784962e-05
1777983548.721617,337,2.2715054e-05
1777983549.547536,338,2.278225838e-05
1777983550.406605,339,2.284946277e-05
1777983551.260596,340,2.291666715e-05
1777983552.286077,341,2.298387153e-05
1777983553.129206,342,2.305107591e-05
1777983553.997190,343,2.31182803e-05
1777983554.804962,344,2.318548468e-05
1777983555.668572,345,2.325268906e-05
1777983556.563622,346,2.331989162e-05
1777983557.440036,347,2.338709601e-05
1777983558.241814,348,2.345430039e-05
1777983558.929505,349,2.352150477e-05
1777983559.680238,350,2.358870915e-05
1777983560.586659,351,2.365591354e-05
1777983561.397822,352,2.372311792e-05
1777983562.280802,353,2.37903223e-05
1777983563.090668,354,2.385752668e-05
1777983563.968660,355,2.392473107e-05
1777983564.825565,356,2.399193545e-05
1777983565.725256,357,2.405913983e-05
1777983566.584203,358,2.412634421e-05
1777983567.515392,359,2.41935486e-05
1777983568.370903,360,2.426075298e-05
1777983569.277713,361,2.432795736e-05
1777983570.182207,362,2.439516174e-05
1777983570.922959,363,2.446236613e-05
1777983571.737920,364,2.452957051e-05
1777983572.589825,365,2.459677489e-05
1777983573.344611,366,2.466397927e-05
1777983574.140185,367,2.473118366e-05
1777983574.914260,368,2.479838622e-05
1777983575.764052,369,2.48655906e-05
1777983576.642184,370,2.493279499e-05
1777983577.513840,371,2.499999937e-05
1777983578.322071,372,2.506720375e-05
1777983579.186178,373,2.513440813e-05
1777983580.016891,374,2.520161252e-05
1777983580.865697,375,2.52688169e-05
1777983581.696975,376,2.533602128e-05
1777983582.571393,377,2.540322566e-05
1777983583.445339,378,2.547043005e-05
1777983584.204337,379,2.553763443e-05
1777983585.087314,380,2.560483881e-05
1777983585.804169,381,2.567204319e-05
1777983586.618565,382,2.573924758e-05
1777983587.375711,383,2.580645196e-05
1777983588.202035,384,2.587365634e-05
1777983589.104119,385,2.594086072e-05
1777983589.967082,386,2.600806511e-05
1777983590.844813,387,2.607526949e-05
1777983591.669185,388,2.614247387e-05
1777983592.462408,389,2.620967825e-05
1777983593.269373,390,2.627688082e-05
1777983594.037515,391,2.63440852e-05
1777983594.907779,392,2.641128958e-05
1777983595.768209,393,2.647849396e-05
1777983596.566007,394,2.654569835e-05
1777983597.380260,395,2.661290273e-05
1777983598.189171,396,2.668010711e-05
1777983598.974109,397,2.674731149e-05
1777983599.792741,398,2.681451588e-05
1777983600.710591,399,2.688172026e-05
1777983601.572655,400,2.694892464e-05
1777983602.449033,401,2.701612902e-05
1777983603.314356,402,2.708333341e-05
1777983604.254000,403,2.715053779e-05
1777983605.088584,404,2.721774217e-05
1777983605.998219,405,2.728494655e-05
1777983606.882550,406,2.735215094e-05
1777983607.734960,407,2.741935532e-05
1777983608.494519,408,2.74865597e-05
1777983609.377399,409,2.755376408e-05
1777983610.237740,410,2.762096847e-05
1777983611.083638,411,2.768817285e-05
1777983612.015657,412,2.775537723e-05
1777983612.852880,413,2.78225798e-05
1777983613.777055,414,2.788978418e-05
1777983614.619863,415,2.795698856e-05
1777983615.411124,416,2.802419294e-05
1777983616.288374,417,2.809139733e-05
1777983617.142107,418,2.815860171e-05
1777983618.036195,419,2.822580609e-05
1777983618.950178,420,2.829301047e-05
1777983619.778146,421,2.836021486e-05
1777983620.604461,422,2.842741924e-05
1777983621.496802,423,2.849462362e-05
1777983622.281624,424,2.8561828e-05
1777983623.152116,425,2.862903239e-05
1777983624.014989,426,2.869623677e-05
1777983624.882921,427,2.876344115e-05
1777983625.710498,428,2.883064553e-05
1777983626.562049,429,2.889784992e-05
1777983627.312598,430,2.89650543e-05
1777983628.181194,431,2.903225868e-05
1777983628.992303,432,2.909946306e-05
1777983629.781333,433,2.916666745e-05
1777983630.706632,434,2.923387183e-05
1777983631.387353,435,2.930107439e-05
1777983632.170901,436,2.936827877e-05
1777983632.984172,437,2.943548316e-05
1777983633.760213,438,2.950268754e-05
1777983634.624563,439,2.956989192e-05
1777983635.540513,440,2.96370963e-05
1777983636.400446,441,2.970430069e-05
1777983637.218473,442,2.977150507e-05
1777983638.033992,443,2.983870945e-05
1777983638.963357,444,2.990591383e-05
1777983639.744989,445,2.997311822e-05
1777983640.567731,446,3.00403226e-05
1777983641.452575,447,3.010752698e-05
1777983642.282337,448,3.017473136e-05
1777983643.103932,449,3.024193575e-05
1777983643.984734,450,3.030914013e-05
1777983644.831003,451,3.037634451e-05
1777983645.693878,452,3.044354889e-05
1777983646.504856,453,3.051075328e-05
1777983647.370133,454,3.057795766e-05
1777983648.195282,455,3.064516204e-05
1777983649.052458,456,3.071236642e-05
1777983649.875398,457,3.077957081e-05
1777983650.688703,458,3.084677519e-05
1777983651.486838,459,3.091397957e-05
1777983652.257368,460,3.098118395e-05
1777983653.087321,461,3.104838834e-05
1777983653.917759,462,3.111559272e-05
1777983654.802954,463,3.11827971e-05
1777983655.642023,464,3.125000148e-05
1777983656.466780,465,3.131720587e-05
1777983657.251295,466,3.138441025e-05
1777983658.096592,467,3.145161463e-05
1777983658.856344,468,3.151881901e-05
1777983659.602366,469,3.158601976e-05
1777983660.417504,470,3.165322414e-05
1777983661.248141,471,3.172042852e-05
1777983662.118850,472,3.178763291e-05
1777983662.994807,473,3.185483729e-05
1777983663.792796,474,3.192204167e-05
1777983664.594264,475,3.198924605e-05
1777983665.405762,476,3.205645044e-05
1777983666.214937,477,3.212365482e-05
1777983667.093161,478,3.21908592e-05
1777983667.893116,479,3.225806358e-05
1777983668.662202,480,3.232526797e-05
1777983669.501720,481,3.239247235e-05
1777983670.424648,482,3.245967673e-05
1777983671.214807,483,3.252688111e-05
1777983672.009762,484,3.25940855e-05
1777983672.839209,485,3.266128988e-05
1777983686.252614,486,3.272849426e-05
1777983687.112666,487,3.279569864e-05
1777983688.036860,488,3.286290303e-05
1777983688.906753,489,3.293010741e-05
1777983689.798217,490,3.299731179e-05
1777983690.723919,491,3.306451617e-05
1777983691.579814,492,3.313172056e-05
1777983692.436090,493,3.319892494e-05
1777983693.280802,494,3.326612932e-05
1777983694.116035,495,3.33333337e-05
1777983694.992347,496,3.340053809e-05
1777983695.863467,497,3.346774247e-05
1777983696.692708,498,3.353494685e-05
1777983697.581377,499,3.360215123e-05
1777983698.424896,500,3.366935562e-05
1777983699.307784,501,3.373656e-05
1777983700.147696,502,3.380376438e-05
1777983700.983631,503,3.387096876e-05
1777983701.882878,504,3.393817315e-05
1777983702.732791,505,3.400537753e-05
1777983703.612391,506,3.407258191e-05
1777983704.493110,507,3.413978629e-05
1777983705.437371,508,3.420699068e-05
1777983706.346800,509,3.427419506e-05
1777983707.351476,510,3.434139944e-05
1777983708.164591,511,3.440860382e-05
1777983709.052221,512,3.447580821e-05
1777983709.883225,513,3.454300895e-05
1777983710.712356,514,3.461021333e-05
1777983711.599299,515,3.467741772e-05
1777983712.507353,516,3.47446221e-05
1777983713.462696,517,3.481182648e-05
1777983714.342711,518,3.487903086e-05
1777983715.164666,519,3.494623525e-05
1777983716.031444,520,3.501343963e-05
1777983716.958966,521,3.508064401e-05
1777983717.828577,522,3.514784839e-05
1777983718.739693,523,3.521505278e-05
1777983719.577458,524,3.528225716e-05
1777983720.429237,525,3.534946154e-05
1777983721.289010,526,3.541666592e-05
1777983722.138425,527,3.548387031e-05
1777983722.981937,528,3.555107469e-05
1777983723.872698,529,3.561827907e-05
1777983724.747802,530,3.568548345e-05
1777983725.923944,531,3.575268784e-05
1777983726.774600,532,3.581989222e-05
1777983727.607450,533,3.58870966e-05
1777983728.458872,534,3.595430098e-05
1777983729.305320,535,3.602150537e-05
1777983730.157907,536,3.608870975e-05
1777983730.958379,537,3.615591413e-05
1777983731.851657,538,3.622311851e-05
1777983732.659543,539,3.62903229e-05
1777983733.593884,540,3.635752728e-05
1777983734.399872,541,3.642473166e-05
1777983735.309277,542,3.649193604e-05
1777983736.163796,543,3.655914043e-05
1777983737.008850,544,3.662634481e-05
1777983737.898001,545,3.669354919e-05
1777983738.776107,546,3.676075357e-05
1777983739.605402,547,3.682795796e-05
1777983740.493314,548,3.689516234e-05
1777983741.421444,549,3.696236672e-05
1777983742.327255,550,3.70295711e-05
1777983743.275279,551,3.709677549e-05
1777983744.128869,552,3.716397987e-05
1777983744.981354,553,3.723118425e-05
1777983745.870955,554,3.729838863e-05
1777983746.781469,555,3.736559302e-05
1777983747.639369,556,3.74327974e-05
1777983748.477432,557,3.750000178e-05
1777983749.345081,558,3.756720253e-05
1777983750.274185,559,3.763440691e-05
1777983751.211062,560,3.770161129e-05
1777983752.155350,561,3.776881567e-05
1777983753.008127,562,3.783602006e-05
1777983754.002100,563,3.790322444e-05
1777983754.906436,564,3.797042882e-05
1777983755.842857,565,3.80376332e-05
1777983756.722444,566,3.810483759e-05
1777983757.585658,567,3.817204197e-05
1777983758.540946,568,3.823924635e-05
1777983759.372266,569,3.830645073e-05
1777983760.324954,570,3.837365512e-05
1777983761.234001,571,3.84408595e-05
1777983762.150159,572,3.850806388e-05
1777983763.084523,573,3.857526826e-05
1777983763.928648,574,3.864247265e-05
1777983764.724122,575,3.870967703e-05
1777983765.554834,576,3.877688141e-05
1777983766.501355,577,3.884408579e-05
1777983767.313892,578,3.891129018e-05
1777983768.168525,579,3.897849456e-05
1777983769.052743,580,3.904569894e-05
1777983769.905185,581,3.911290332e-05
1777983770.691308,582,3.918010771e-05
1777983771.569782,583,3.924731209e-05
1777983772.447119,584,3.931451647e-05
1777983773.289389,585,3.938172085e-05
1777983774.129757,586,3.944892524e-05
1777983774.934034,587,3.951612962e-05
1777983775.761778,588,3.9583334e-05
1777983776.594282,589,3.965053838e-05
1777983777.471799,590,3.971774277e-05
1777983778.355274,591,3.978494715e-05
1777983779.193221,592,3.985215153e-05
1777983780.078007,593,3.991935591e-05
1777983780.912548,594,3.99865603e-05
1777983781.769605,595,4.005376468e-05
1777983782.692599,596,4.012096906e-05
1777983783.498795,597,4.018817344e-05
1777983784.475672,598,4.025537783e-05
1777983785.296407,599,4.032258221e-05
1777983786.123702,600,4.038978659e-05
1777983786.921108,601,4.045699097e-05
1777983787.835461,602,4.052419536e-05
1777983803.450032,603,4.05913961e-05
1777983804.308775,604,4.065860048e-05
1777983805.102724,605,4.072580487e-05
1777983805.939878,606,4.079300925e-05
1777983806.801169,607,4.086021363e-05
1777983807.642957,608,4.092741801e-05
1777983808.442625,609,4.09946224e-05
1777983809.256053,610,4.106182678e-05
1777983810.061966,611,4.112903116e-05
1777983810.924237,612,4.119623554e-05
1777983811.859538,613,4.126343993e-05
1777983812.739064,614,4.133064431e-05
1777983813.527736,615,4.139784869e-05
1777983814.428669,616,4.146505307e-05
1777983815.269042,617,4.153225746e-05
1777983816.150465,618,4.159946184e-05
1777983816.912643,619,4.166666622e-05
1777983817.740761,620,4.17338706e-05
1777983818.618418,621,4.180107499e-05
1777983819.511022,622,4.186827937e-05
1777983820.393745,623,4.193548375e-05
1777983821.268512,624,4.200268813e-05
1777983822.154739,625,4.206989252e-05
1777983823.068171,626,4.21370969e-05
1777983823.941696,627,4.220430128e-05
1777983824.856496,628,4.227150566e-05
1777983825.654791,629,4.233871005e-05
1777983826.451274,630,4.240591443e-05
1777983827.264579,631,4.247311881e-05
1777983828.045786,632,4.254032319e-05
1777983828.879779,633,4.260752758e-05
1777983829.725926,634,4.267473196e-05
1777983830.607309,635,4.274193634e-05
1777983831.587275,636,4.280914072e-05
1777983832.414846,637,4.287634511e-05
1777983833.314945,638,4.294354949e-05
1777983834.178529,639,4.301075387e-05
1777983835.000516,640,4.307795825e-05
1777983835.841171,641,4.314516264e-05
1777983836.703142,642,4.321236702e-05
1777983837.566985,643,4.32795714e-05
1777983838.485113,644,4.334677578e-05
1777983839.376904,645,4.341398017e-05
1777983840.161906,646,4.348118455e-05
1777983840.994322,647,4.354838529e-05
1777983841.771205,648,4.361558968e-05
1777983842.620073,649,4.368279406e-05
1777983843.510857,650,4.374999844e-05
1777983844.438157,651,4.381720282e-05
1777983845.290136,652,4.388440721e-05
1777983846.182167,653,4.395161159e-05
1777983847.068836,654,4.401881597e-05
1777983847.920243,655,4.408602035e-05
1777983848.758442,656,4.415322474e-05
1777983849.567734,657,4.422042912e-05
1777983850.434846,658,4.42876335e-05
1777983851.361717,659,4.435483788e-05
1777983852.159329,660,4.442204227e-05
1777983852.961989,661,4.448924665e-05
1777983853.783305,662,4.455645103e-05
1777983854.586087,663,4.462365541e-05
1777983869.244386,664,4.46908598e-05
1777983870.170139,665,4.475806418e-05
1777983870.943136,666,4.482526856e-05
1777983871.804175,667,4.489247294e-05
1777983872.622844,668,4.495967733e-05
1777983873.453804,669,4.502688171e-05
1777983874.233351,670,4.509408609e-05
1777983875.029202,671,4.516129047e-05
1777983876.003675,672,4.522849486e-05
1777983876.846076,673,4.529569924e-05
1777983877.619681,674,4.536290362e-05
1777983878.446301,675,4.5430108e-05
1777983879.361157,676,4.549731239e-05
1777983880.279647,677,4.556451677e-05
1777983881.101249,678,4.563172115e-05
1777983881.999126,679,4.569892553e-05
1777983882.837262,680,4.576612992e-05
1777983883.611630,681,4.58333343e-05
1777983884.484299,682,4.590053868e-05
1777983885.393574,683,4.596774306e-05
1777983886.350232,684,4.603494745e-05
1777983887.170932,685,4.610215183e-05
1777983888.058944,686,4.616935621e-05
1777983888.947849,687,4.623656059e-05
1777983889.841903,688,4.630376498e-05
1777983890.744112,689,4.637096936e-05
1777983891.687613,690,4.643817374e-05
1777983892.623464,691,4.650537812e-05
1777983893.406438,692,4.657257887e-05
1777983894.307053,693,4.663978325e-05
1777983895.268543,694,4.670698763e-05
1777983896.091452,695,4.677419201e-05
1777983896.946464,696,4.68413964e-05
1777983897.743319,697,4.690860078e-05
1777983898.604425,698,4.697580516e-05
1777983899.448860,699,4.704300954e-05
1777983900.359412,700,4.711021393e-05
1777983901.176011,701,4.717741831e-05
1777983902.086881,702,4.724462269e-05
1777983902.909353,703,4.731182707e-05
1777983903.769824,704,4.737903146e-05
1777983904.651048,705,4.744623584e-05
1777983905.484337,706,4.751344022e-05
1777983906.315165,707,4.75806446e-05
1777983907.156490,708,4.764784899e-05
1777983908.028644,709,4.771505337e-05
1777983908.918117,710,4.778225775e-05
1777983909.751183,711,4.784946213e-05
1777983910.636437,712,4.791666652e-05
1777983911.480789,713,4.79838709e-05
1777983912.328367,714,4.805107528e-05
1777983913.288736,715,4.811827966e-05
1777983914.111392,716,4.818548405e-05
1777983914.920213,717,4.825268843e-05
1777983915.805458,718,4.831989281e-05
1777983916.755654,719,4.838709719e-05
1777983917.670145,720,4.845430158e-05
1777983918.504667,721,4.852150596e-05
1777983919.415678,722,4.858871034e-05
1777983920.240662,723,4.865591472e-05
1777983921.098412,724,4.872311911e-05
1777983921.890223,725,4.879032349e-05
1777983922.787925,726,4.885752787e-05
1777983923.684021,727,4.892473225e-05
1777983924.558287,728,4.899193664e-05
1777983925.404762,729,4.905914102e-05
1777983926.159522,730,4.91263454e-05
1777983926.956706,731,4.919354978e-05
1777983927.879950,732,4.926075417e-05
1777983928.639708,733,4.932795855e-05
1777983929.428359,734,4.939516293e-05
1777983930.334482,735,4.946236731e-05
1777983931.075909,736,4.95295717e-05
1777983931.853353,737,4.959677244e-05
1777983932.701479,738,4.966397682e-05
1777983933.604104,739,4.973118121e-05
1777983934.456078,740,4.979838559e-05
1777983935.266993,741,4.986558997e-05
1777983936.045299,742,4.993279435e-05
1777984417.506351,0,3.360215217e-08
1777984418.103247,1,6.720430434e-08
1777984418.543136,2,1.00806453e-07
1777984418.942337,3,1.344086087e-07
1777984419.337615,4,1.680107573e-07
1777984419.746236,5,2.016129059e-07
1777984420.129594,6,2.352150545e-07
1777984427.122972,7,2.688172174e-07
1777984427.534250,8,3.024193518e-07
1777984427.901470,9,3.360215146e-07
1777984436.173322,10,3.69623649e-07
1777984436.615479,11,4.032258119e-07
1777984436.997905,12,4.368279463e-07
1777984437.344483,13,4.704301091e-07
1777984437.806650,14,5.040322435e-07
1777984438.186010,15,5.376344347e-07
1777984438.642482,16,5.712365692e-07
1777984439.006830,17,6.048387036e-07
1777984439.405662,18,6.38440838e-07
1777984439.871749,19,6.720430292e-07
1777984440.275122,20,7.056451636e-07
1777984440.656121,21,7.39247298e-07
1777984441.040771,22,7.728494893e-07
1777984441.490618,23,8.064516237e-07
1777984441.934925,24,8.400537581e-07
1777984442.442564,25,8.736558925e-07
1777984442.900766,26,9.072580838e-07
1777984443.325472,27,9.408602182e-07
1777984443.734762,28,9.744624094e-07
1777984444.195891,29,1.008064487e-06
1777984444.631790,30,1.041666678e-06
1777984445.063735,31,1.075268869e-06
1777984445.517387,32,1.108870947e-06
1777984445.953796,33,1.142473138e-06
1777984446.479240,34,1.176075216e-06
1777984446.920938,35,1.209677407e-06
1777984447.535204,36,1.243279598e-06
1777984448.015344,37,1.276881676e-06
1777984448.484952,38,1.310483867e-06
1777984448.980168,39,1.344086058e-06
1777984449.421103,40,1.377688136e-06
1777984449.871713,41,1.411290327e-06
1777984450.259476,42,1.444892519e-06
1777984450.682684,43,1.478494596e-06
1777984451.082574,44,1.512096787e-06
1777984451.622568,45,1.545698979e-06
1777984452.047437,46,1.579301056e-06
1777984452.459883,47,1.612903247e-06
1777984452.941253,48,1.646505325e-06
1777984453.383972,49,1.680107516e-06
1777984453.790374,50,1.713709707e-06
1777984454.279283,51,1.747311785e-06
1777984454.739429,52,1.780913976e-06
1777984455.127604,53,1.814516168e-06
1777984455.523821,54,1.848118245e-06
1777984455.933206,55,1.881720436e-06
1777984456.359744,56,1.915322628e-06
1777984456.800159,57,1.948924819e-06
1777984457.227878,58,1.982526783e-06
1777984457.656790,59,2.016128974e-06
1777984458.105697,60,2.049731165e-06
1777984458.569737,61,2.083333356e-06
1777984459.007780,62,2.116935548e-06
1777984459.439489,63,2.150537739e-06
1777984459.884462,64,2.184139703e-06
1777984460.325429,65,2.217741894e-06
1777984460.787462,66,2.251344085e-06
1777984461.213954,67,2.284946277e-06
1777984461.685180,68,2.318548468e-06
1777984462.106147,69,2.352150432e-06
1777984462.507926,70,2.385752623e-06
1777984462.946688,71,2.419354814e-06
1777984463.403166,72,2.452957006e-06
1777984463.836517,73,2.486559197e-06
1777984464.304419,74,2.520161388e-06
1777984464.724907,75,2.553763352e-06
1777984465.153978,76,2.587365543e-06
1777984465.535302,77,2.620967734e-06
1777984465.953900,78,2.654569926e-06
1777984466.420197,79,2.688172117e-06
1777984466.855768,80,2.721774081e-06
1777984467.454386,81,2.755376272e-06
1777984467.924331,82,2.788978463e-06
1777984468.366620,83,2.822580655e-06
1777984468.814428,84,2.856182846e-06
1777984469.265397,85,2.889785037e-06
1777984469.699736,86,2.923387001e-06
1777984470.162140,87,2.956989192e-06
1777984470.642119,88,2.990591383e-06
1777984471.096595,89,3.024193575e-06
1777984471.558688,90,3.057795766e-06
1777984472.017334,91,3.091397957e-06
1777984472.473691,92,3.124999921e-06
1777984472.947865,93,3.158602112e-06
1777984473.400629,94,3.192204304e-06
1777984473.806411,95,3.225806495e-06
1777984474.263644,96,3.259408686e-06
1777984474.705484,97,3.29301065e-06
1777984475.150395,98,3.326612841e-06
1777984475.579974,99,3.360215032e-06
1777984476.000985,100,3.393817224e-06
1777984476.392598,101,3.427419415e-06
1777984476.836008,102,3.461021606e-06
1777984477.306221,103,3.49462357e-06
1777984477.743305,104,3.528225761e-06
1777984478.154230,105,3.561827953e-06
1777984478.575143,106,3.595430144e-06
1777984478.995847,107,3.629032335e-06
1777984479.426820,108,3.662634299e-06
1777984479.893131,109,3.69623649e-06
1777984480.320448,110,3.729838681e-06
1777984480.759379,111,3.763440873e-06
1777984481.182521,112,3.797043064e-06
1777984481.584295,113,3.830645255e-06
1777984482.034113,114,3.864247446e-06
1777984482.472959,115,3.897849638e-06
1777984482.902028,116,3.931451829e-06
1777984483.332540,117,3.965053565e-06
1777984483.770807,118,3.998655757e-06
1777984484.230669,119,4.032257948e-06
1777984484.661424,120,4.065860139e-06
1777984485.115376,121,4.09946233e-06
1777984485.568849,122,4.133064522e-06
1777984485.969822,123,4.166666713e-06
1777984486.376309,124,4.200268904e-06
1777984486.836099,125,4.233871095e-06
1777984487.297519,126,4.267473287e-06
1777984487.750852,127,4.301075478e-06
1777984488.148449,128,4.334677215e-06
1777984488.566399,129,4.368279406e-06
1777984489.037443,130,4.401881597e-06
1777984489.497918,131,4.435483788e-06
1777984489.935654,132,4.46908598e-06
1777984490.374452,133,4.502688171e-06
1777984490.775448,134,4.536290362e-06
1777984491.171906,135,4.569892553e-06
1777984491.609381,136,4.603494745e-06
1777984492.043853,137,4.637096936e-06
1777984492.456704,138,4.670699127e-06
1777984492.885638,139,4.704300864e-06
1777984493.338398,140,4.737903055e-06
1777984493.748337,141,4.771505246e-06
1777984494.234690,142,4.805107437e-06
1777984494.699217,143,4.838709629e-06
1777984495.063591,144,4.87231182e-06
1777984495.439184,145,4.905914011e-06
1777984495.864909,146,4.939516202e-06
1777984496.261830,147,4.973118394e-06
1777984496.659012,148,5.006720585e-06
1777984497.089399,149,5.040322776e-06
1777984497.536937,150,5.073924513e-06
1777984497.987873,151,5.107526704e-06
1777984498.400281,152,5.141128895e-06
1777984498.854732,153,5.174731086e-06
1777984499.289477,154,5.208333278e-06
1777984499.705727,155,5.241935469e-06
1777984500.177106,156,5.27553766e-06
1777984500.611693,157,5.309139851e-06
1777984501.022263,158,5.342742043e-06
1777984501.464823,159,5.376344234e-06
1777984501.899452,160,5.409946425e-06
1777984502.330810,161,5.443548162e-06
1777984502.794854,162,5.477150353e-06
1777984503.257674,163,5.510752544e-06
1777984503.720994,164,5.544354735e-06
1777984504.142329,165,5.577956927e-06
1777984504.540262,166,5.611559118e-06
1777984504.990792,167,5.645161309e-06
1777984505.405553,168,5.6787635e-06
1777984505.866910,169,5.712365692e-06
1777984506.326244,170,5.745967883e-06
1777984506.742295,171,5.779570074e-06
1777984507.166692,172,5.813172265e-06
1777984507.588287,173,5.846774002e-06
1777984507.992995,174,5.880376193e-06
1777984508.440445,175,5.913978384e-06
1777984508.866497,176,5.947580576e-06
1777984509.274910,177,5.981182767e-06
1777984509.653623,178,6.014784958e-06
1777984510.065849,179,6.048387149e-06
1777984510.495586,180,6.081989341e-06
1777984510.902320,181,6.115591532e-06
1777984511.308082,182,6.149193723e-06
1777984511.713535,183,6.182795914e-06
1777984512.116351,184,6.216397651e-06
1777984512.566191,185,6.249999842e-06
1777984512.964587,186,6.283602033e-06
1777984513.382113,187,6.317204225e-06
1777984513.781986,188,6.350806416e-06
1777984514.202254,189,6.384408607e-06
1777984514.636876,190,6.418010798e-06
1777984515.046125,191,6.45161299e-06
1777984515.455498,192,6.485215181e-06
1777984515.825536,193,6.518817372e-06
1777984516.214904,194,6.552419563e-06
1777984516.639298,195,6.5860213e-06
1777984517.064324,196,6.619623491e-06
1777984517.467756,197,6.653225682e-06
1777984517.855365,198,6.686827874e-06
1777984518.290312,199,6.720430065e-06
1777984518.683664,200,6.754032256e-06
1777984519.104499,201,6.787634447e-06
1777984519.516114,202,6.821236639e-06
1777984519.933355,203,6.85483883e-06
1777984520.332773,204,6.888441021e-06
1777984520.719668,205,6.922043212e-06
1777984521.130646,206,6.955644949e-06
1777984521.558975,207,6.98924714e-06
1777984521.947039,208,7.022849331e-06
1777984522.324491,209,7.056451523e-06
1777984522.707637,210,7.090053714e-06
1777984523.085424,211,7.123655905e-06
1777984523.415724,212,7.157258096e-06
1777984523.765078,213,7.190860288e-06
1777984524.118331,214,7.224462479e-06
1777984524.543173,215,7.25806467e-06
1777984524.948526,216,7.291666861e-06
1777984525.351985,217,7.325268598e-06
1777984525.720135,218,7.358870789e-06
1777984526.098193,219,7.39247298e-06
1777984526.457617,220,7.426075172e-06
1777984526.834248,221,7.459677363e-06
1777984527.232458,222,7.493279554e-06
1777984527.648886,223,7.526881745e-06
1777984528.062101,224,7.560483937e-06
1777984528.506726,225,7.594086128e-06
1777984528.983099,226,7.627688319e-06
1777984529.407698,227,7.66129051e-06
1777984529.850914,228,7.694892702e-06
1777984530.269925,229,7.728494893e-06
1777984530.694641,230,7.762097084e-06
1777984531.122716,231,7.795699275e-06
1777984531.513998,232,7.829301467e-06
1777984531.914407,233,7.862903658e-06
1777984532.334129,234,7.89650494e-06
1777984532.768103,235,7.930107131e-06
1777984533.165773,236,7.963709322e-06
1777984533.602050,237,7.997311513e-06
1777984534.032903,238,8.030913705e-06
1777984534.495443,239,8.064515896e-06
1777984534.923710,240,8.098118087e-06
1777984535.528927,241,8.131720278e-06
1777984535.994121,242,8.16532247e-06
1777984536.422866,243,8.198924661e-06
1777984536.894092,244,8.232526852e-06
1777984537.319751,245,8.266129043e-06
1777984537.775484,246,8.299731235e-06
1777984538.236808,247,8.333333426e-06
1777984538.661734,248,8.366935617e-06
1777984539.127008,249,8.400537808e-06
1777984539.584754,250,8.43414e-06
1777984540.001421,251,8.467742191e-06
1777984540.461601,252,8.501344382e-06
1777984540.999080,253,8.534946573e-06
1777984541.453127,254,8.568548765e-06
1777984541.891706,255,8.602150956e-06
1777984542.354295,256,8.635752238e-06
1777984542.799985,257,8.669354429e-06
1777984543.254770,258,8.70295662e-06
1777984543.635363,259,8.736558812e-06
1777984544.080779,260,8.770161003e-06
1777984544.500176,261,8.803763194e-06
1777984544.884608,262,8.837365385e-06
1777984545.273233,263,8.870967577e-06
1777984545.724710,264,8.904569768e-06
1777984546.142673,265,8.938171959e-06
1777984546.538712,266,8.97177415e-06
1777984546.894082,267,9.005376342e-06
1777984547.262385,268,9.038978533e-06
1777984547.644340,269,9.072580724e-06
1777984548.056116,270,9.106182915e-06
1777984548.447600,271,9.139785107e-06
1777984548.852945,272,9.173387298e-06
1777984549.248679,273,9.206989489e-06
1777984549.610186,274,9.24059168e-06
1777984550.023302,275,9.274193872e-06
1777984550.439962,276,9.307796063e-06
1777984550.820801,277,9.341398254e-06
1777984551.263691,278,9.375000445e-06
1777984551.684254,279,9.408601727e-06
1777984552.105963,280,9.442203918e-06
1777984552.556145,281,9.47580611e-06
1777984552.958885,282,9.509408301e-06
1777984553.387775,283,9.543010492e-06
1777984553.756017,284,9.576612683e-06
1777984554.176027,285,9.610214875e-06
1777984554.642831,286,9.643817066e-06
1777984555.018025,287,9.677419257e-06
1777984555.400684,288,9.711021448e-06
1777984555.814116,289,9.74462364e-06
1777984556.208962,290,9.778225831e-06
1777984556.646034,291,9.811828022e-06
1777984557.048662,292,9.845430213e-06
1777984557.456244,293,9.879032405e-06
1777984557.845286,294,9.912634596e-06
1777984558.203502,295,9.946236787e-06
1777984558.630147,296,9.979838978e-06
1777984559.072904,297,1.001344117e-05
1777984559.510630,298,1.004704336e-05
1777984559.925325,299,1.008064555e-05
1777984560.377735,300,1.011424774e-05
1777984560.842547,301,1.014784903e-05
1777984561.270771,302,1.018145122e-05
1777984561.643910,303,1.021505341e-05
1777984562.073305,304,1.02486556e-05
1777984562.488019,305,1.028225779e-05
1777984562.928097,306,1.031585998e-05
1777984563.343982,307,1.034946217e-05
1777984563.762821,308,1.038306436e-05
1777984564.183274,309,1.041666656e-05
1777984564.607896,310,1.045026875e-05
1777984565.002274,311,1.048387094e-05
1777984565.441237,312,1.051747313e-05
1777984565.852167,313,1.055107532e-05
1777984566.219951,314,1.058467751e-05
1777984566.609311,315,1.06182797e-05
1777984566.993240,316,1.065188189e-05
1777984567.372967,317,1.068548409e-05
1777984567.762180,318,1.071908628e-05
1777984568.193838,319,1.075268847e-05
1777984568.662627,320,1.078629066e-05
1777984569.024843,321,1.081989285e-05
1777984569.430199,322,1.085349504e-05
1777984569.817731,323,1.088709632e-05
1777984570.215519,324,1.092069851e-05
1777984570.650871,325,1.095430071e-05
1777984571.063333,326,1.09879029e-05
1777984571.477662,327,1.102150509e-05
1777984571.867504,328,1.105510728e-05
1777984572.248541,329,1.108870947e-05
1777984572.645285,330,1.112231166e-05
1777984573.022858,331,1.115591385e-05
1777984573.448983,332,1.118951604e-05
1777984573.846032,333,1.122311824e-05
1777984574.212038,334,1.125672043e-05
1777984574.581363,335,1.129032262e-05
1777984575.022311,336,1.132392481e-05
1777984575.446660,337,1.1357527e-05
1777984575.830390,338,1.139112919e-05
1777984576.225318,339,1.142473138e-05
1777984576.625276,340,1.145833357e-05
1777984576.981094,341,1.149193577e-05
1777984577.382736,342,1.152553796e-05
1777984577.773314,343,1.155914015e-05
1777984578.181449,344,1.159274234e-05
1777984578.576194,345,1.162634453e-05
1777984579.010525,346,1.165994581e-05
1777984579.386908,347,1.1693548e-05
1777984579.797017,348,1.172715019e-05
1777984580.213760,349,1.176075239e-05
1777984580.583364,350,1.179435458e-05
1777984581.008595,351,1.182795677e-05
1777984581.357056,352,1.186155896e-05
1777984581.719234,353,1.189516115e-05
1777984582.075200,354,1.192876334e-05
1777984582.433123,355,1.196236553e-05
1777984582.834915,356,1.199596772e-05
1777984583.257656,357,1.202956992e-05
1777984583.611792,358,1.206317211e-05
1777984583.992987,359,1.20967743e-05
1777984584.368274,360,1.213037649e-05
1777984584.739028,361,1.216397868e-05
1777984585.133594,362,1.219758087e-05
1777984585.527977,363,1.223118306e-05
1777984585.934738,364,1.226478525e-05
1777984586.308372,365,1.229838745e-05
1777984586.690312,366,1.233198964e-05
1777984587.069431,367,1.236559183e-05
1777984587.476673,368,1.239919311e-05
1777984587.864850,369,1.24327953e-05
1777984588.233755,370,1.246639749e-05
1777984588.593182,371,1.249999968e-05
1777984588.981128,372,1.253360188e-05
1777984589.379055,373,1.256720407e-05
1777984589.773191,374,1.260080626e-05
1777984590.200246,375,1.263440845e-05
1777984590.627244,376,1.266801064e-05
1777984591.050007,377,1.270161283e-05
1777984591.460958,378,1.273521502e-05
1777984591.917344,379,1.276881721e-05
1777984592.404047,380,1.280241941e-05
1777984592.839209,381,1.28360216e-05
1777984593.247697,382,1.286962379e-05
1777984593.723559,383,1.290322598e-05
1777984594.170061,384,1.293682817e-05
1777984594.582863,385,1.297043036e-05
1777984595.039685,386,1.300403255e-05
1777984595.500723,387,1.303763474e-05
1777984595.951967,388,1.307123694e-05
1777984596.379055,389,1.310483913e-05
1777984596.830619,390,1.313844041e-05
1777984597.256119,391,1.31720426e-05
1777984597.735439,392,1.320564479e-05
1777984598.216184,393,1.323924698e-05
1777984598.691220,394,1.327284917e-05
1777984599.075982,395,1.330645136e-05
1777984599.453595,396,1.334005356e-05
1777984599.866913,397,1.337365575e-05
1777984600.232127,398,1.340725794e-05
1777984600.605407,399,1.344086013e-05
1777984601.059130,400,1.347446232e-05
1777984601.436723,401,1.350806451e-05
1777984601.913524,402,1.35416667e-05
1777984602.338088,403,1.357526889e-05
1777984602.726651,404,1.360887109e-05
1777984603.088033,405,1.364247328e-05
1777984603.445907,406,1.367607547e-05
1777984603.833117,407,1.370967766e-05
1777984604.182967,408,1.374327985e-05
1777984604.599890,409,1.377688204e-05
1777984605.096157,410,1.381048423e-05
1777984605.515291,411,1.384408642e-05
1777984605.938171,412,1.387768862e-05
1777984606.320342,413,1.39112899e-05
1777984606.727413,414,1.394489209e-05
1777984607.108267,415,1.397849428e-05
1777984607.550281,416,1.401209647e-05
1777984607.967473,417,1.404569866e-05
1777984608.348056,418,1.407930085e-05
1777984608.840705,419,1.411290305e-05
1777984609.232145,420,1.414650524e-05
1777984609.640317,421,1.418010743e-05
1777984610.056830,422,1.421370962e-05
1777984610.421444,423,1.424731181e-05
1777984610.781494,424,1.4280914e-05
1777984611.175867,425,1.431451619e-05
1777984611.515014,426,1.434811838e-05
1777984611.986309,427,1.438172058e-05
1777984612.437453,428,1.441532277e-05
1777984612.765330,429,1.444892496e-05
1777984613.158800,430,1.448252715e-05
1777984613.559106,431,1.451612934e-05
1777984613.953552,432,1.454973153e-05
1777984614.365605,433,1.458333372e-05
1777984614.768546,434,1.461693591e-05
1777984615.219379,435,1.46505372e-05
1777984615.619067,436,1.468413939e-05
1777984615.981342,437,1.471774158e-05
1777984616.431257,438,1.475134377e-05
1777984616.877836,439,1.478494596e-05
1777984617.316077,440,1.481854815e-05
1777984617.739309,441,1.485215034e-05
1777984618.187859,442,1.488575253e-05
1777984618.532814,443,1.491935473e-05
1777984618.956610,444,1.495295692e-05
1777984619.346618,445,1.498655911e-05
1777984619.710531,446,1.50201613e-05
1777984620.120074,447,1.505376349e-05
1777984620.508463,448,1.508736568e-05
1777984620.920845,449,1.512096787e-05
1777984621.363699,450,1.515457006e-05
1777984621.729094,451,1.518817226e-05
1777984622.067782,452,1.522177445e-05
1777984622.445273,453,1.525537664e-05
1777984622.812459,454,1.528897883e-05
1777984623.172503,455,1.532258102e-05
1777984623.542124,456,1.535618321e-05
1777984623.914159,457,1.53897854e-05
1777984624.270992,458,1.542338759e-05
1777984624.652745,459,1.545698979e-05
1777984625.007941,460,1.549059198e-05
1777984625.392461,461,1.552419417e-05
1777984625.752895,462,1.555779636e-05
1777984626.115078,463,1.559139855e-05
1777984626.477376,464,1.562500074e-05
1777984626.823274,465,1.565860293e-05
1777984627.200815,466,1.569220512e-05
1777984627.563189,467,1.572580732e-05
1777984627.943260,468,1.575940951e-05
1777984628.316938,469,1.579300988e-05
1777984628.668751,470,1.582661207e-05
1777984629.023414,471,1.586021426e-05
1777984629.386466,472,1.589381645e-05
1777984629.733112,473,1.592741864e-05
1777984630.090850,474,1.596102084e-05
1777984630.472703,475,1.599462303e-05
1777984630.876186,476,1.602822522e-05
1777984631.210470,477,1.606182741e-05
1777984631.607386,478,1.60954296e-05
1777984631.956246,479,1.612903179e-05
1777984632.319424,480,1.616263398e-05
1777984632.697980,481,1.619623617e-05
1777984633.066817,482,1.622983837e-05
1777984633.442991,483,1.626344056e-05
1777984633.799547,484,1.629704275e-05
1777984634.184861,485,1.633064494e-05
1777984634.613988,486,1.636424713e-05
1777984635.022996,487,1.639784932e-05
1777984635.378087,488,1.643145151e-05
1777984635.775350,489,1.64650537e-05
1777984636.124982,490,1.64986559e-05
1777984636.535002,491,1.653225809e-05
1777984636.875849,492,1.656586028e-05
1777984637.198412,493,1.659946247e-05
1777984637.569070,494,1.663306466e-05
1777984637.971638,495,1.666666685e-05
1777984638.309004,496,1.670026904e-05
1777984638.676965,497,1.673387123e-05
1777984639.049740,498,1.676747343e-05
1777984639.456536,499,1.680107562e-05
1777984639.851463,500,1.683467781e-05
1777984640.233968,501,1.686828e-05
1777984640.581457,502,1.690188219e-05
1777984640.942133,503,1.693548438e-05
1777984641.325176,504,1.696908657e-05
1777984641.664387,505,1.700268876e-05
1777984642.021334,506,1.703629096e-05
1777984642.411129,507,1.706989315e-05
1777984642.783391,508,1.710349534e-05
1777984643.133983,509,1.713709753e-05
1777984643.489300,510,1.717069972e-05
1777984643.866752,511,1.720430191e-05
1777984644.263088,512,1.72379041e-05
1777984644.645047,513,1.727150448e-05
1777984645.066960,514,1.730510667e-05
1777984645.476695,515,1.733870886e-05
1777984645.890172,516,1.737231105e-05
1777984646.357266,517,1.740591324e-05
1777984646.817529,518,1.743951543e-05
1777984647.301515,519,1.747311762e-05
1777984647.762234,520,1.750671981e-05
1777984648.170270,521,1.754032201e-05
1777984648.593346,522,1.75739242e-05
1777984649.007610,523,1.760752639e-05
1777984649.451725,524,1.764112858e-05
1777984649.945687,525,1.767473077e-05
1777984650.341696,526,1.770833296e-05
1777984650.777734,527,1.774193515e-05
1777984651.232699,528,1.777553734e-05
1777984651.666570,529,1.780913954e-05
1777984652.106733,530,1.784274173e-05
1777984652.515373,531,1.787634392e-05
1777984652.937918,532,1.790994611e-05
1777984653.335812,533,1.79435483e-05
1777984653.767691,534,1.797715049e-05
1777984654.175723,535,1.801075268e-05
1777984654.548485,536,1.804435487e-05
1777984654.967349,537,1.807795707e-05
1777984655.329963,538,1.811155926e-05
1777984655.783426,539,1.814516145e-05
1777984656.217958,540,1.817876364e-05
1777984656.629441,541,1.821236583e-05
1777984657.079245,542,1.824596802e-05
1777984657.480218,543,1.827957021e-05
1777984657.934432,544,1.83131724e-05
1777984658.363575,545,1.83467746e-05
1777984658.818920,546,1.838037679e-05
1777984659.258246,547,1.841397898e-05
1777984659.629752,548,1.844758117e-05
1777984660.029066,549,1.848118336e-05
1777984660.451936,550,1.851478555e-05
1777984660.874561,551,1.854838774e-05
1777984661.248162,552,1.858198993e-05
1777984661.730772,553,1.861559213e-05
1777984662.115687,554,1.864919432e-05
1777984662.510228,555,1.868279651e-05
1777984662.931785,556,1.87163987e-05
1777984663.299022,557,1.875000089e-05
1777984663.764907,558,1.878360126e-05
1777984664.220742,559,1.881720345e-05
1777984664.695648,560,1.885080565e-05
1777984665.121949,561,1.888440784e-05
1777984665.570144,562,1.891801003e-05
1777984665.994338,563,1.895161222e-05
1777984666.420524,564,1.898521441e-05
1777984666.853586,565,1.90188166e-05
1777984667.247453,566,1.905241879e-05
1777984667.664001,567,1.908602098e-05
1777984668.077826,568,1.911962318e-05
1777984668.479365,569,1.915322537e-05
1777984668.933552,570,1.918682756e-05
1777984669.361384,571,1.922042975e-05
1777984669.779499,572,1.925403194e-05
1777984670.220329,573,1.928763413e-05
1777984670.661613,574,1.932123632e-05
1777984671.103557,575,1.935483851e-05
1777984671.496839,576,1.938844071e-05
1777984671.885916,577,1.94220429e-05
1777984687.821970,578,1.945564509e-05
1777984688.239091,579,1.948924728e-05
1777984688.688890,580,1.952284947e-05
1777984689.131698,581,1.955645166e-05
1777984689.582019,582,1.959005385e-05
1777984689.970567,583,1.962365604e-05
1777984690.346355,584,1.965725824e-05
1777984690.734835,585,1.969086043e-05
1777984691.102251,586,1.972446262e-05
1777984691.519074,587,1.975806481e-05
1777984691.928835,588,1.9791667e-05
1777984692.349157,589,1.982526919e-05
1777984692.754431,590,1.985887138e-05
1777984693.177304,591,1.989247357e-05
1777984693.654307,592,1.992607577e-05
1777984694.034205,593,1.995967796e-05
1777984694.452904,594,1.999328015e-05
1777984694.826660,595,2.002688234e-05
1777984695.238483,596,2.006048453e-05
1777984695.679194,597,2.009408672e-05
1777984696.101122,598,2.012768891e-05
1777984696.532763,599,2.01612911e-05
1777984696.953366,600,2.01948933e-05
1777984697.339283,601,2.022849549e-05
1777984697.735403,602,2.026209768e-05
1777984698.155536,603,2.029569805e-05
1777984698.583591,604,2.032930024e-05
1777984698.980208,605,2.036290243e-05
1777984699.384750,606,2.039650462e-05
1777984699.767794,607,2.043010682e-05
1777984700.212471,608,2.046370901e-05
1777984700.585227,609,2.04973112e-05
1777984700.957586,610,2.053091339e-05
1777984701.366084,611,2.056451558e-05
1777984701.781318,612,2.059811777e-05
1777984702.154939,613,2.063171996e-05
1777984702.568886,614,2.066532215e-05
1777984702.974756,615,2.069892435e-05
1777984703.411527,616,2.073252654e-05
1777984703.784995,617,2.076612873e-05
1777984704.171367,618,2.079973092e-05
1777984704.494732,619,2.083333311e-05
1777984704.876460,620,2.08669353e-05
1777984705.317916,621,2.090053749e-05
1777984705.734288,622,2.093413968e-05
1777984706.089827,623,2.096774188e-05
1777984706.509425,624,2.100134407e-05
1777984706.932472,625,2.103494626e-05
1777984707.344575,626,2.106854845e-05
1777984707.722173,627,2.110215064e-05
1777984708.109461,628,2.113575283e-05
1777984708.471420,629,2.116935502e-05
1777984708.850883,630,2.120295721e-05
1777984709.199676,631,2.123655941e-05
1777984709.602724,632,2.12701616e-05
1777984709.971364,633,2.130376379e-05
1777984710.337264,634,2.133736598e-05
1777984710.663427,635,2.137096817e-05
1777984711.062245,636,2.140457036e-05
1777984711.432713,637,2.143817255e-05
1777984711.796219,638,2.147177474e-05
1777984712.150729,639,2.150537694e-05
1777984712.490461,640,2.153897913e-05
1777984712.845759,641,2.157258132e-05
1777984713.249452,642,2.160618351e-05
1777984713.628227,643,2.16397857e-05
1777984713.988518,644,2.167338789e-05
1777984714.366611,645,2.170699008e-05
1777984714.710305,646,2.174059227e-05
1777984715.065802,647,2.177419265e-05
1777984715.394555,648,2.180779484e-05
1777984715.729081,649,2.184139703e-05
1777984716.100675,650,2.187499922e-05
1777984716.515063,651,2.190860141e-05
1777984716.892143,652,2.19422036e-05
1777984717.262934,653,2.197580579e-05
1777984717.619035,654,2.200940799e-05
1777984718.066442,655,2.204301018e-05
1777984718.453407,656,2.207661237e-05
1777984718.833999,657,2.211021456e-05
1777984719.236428,658,2.214381675e-05
1777984719.615320,659,2.217741894e-05
1777984719.999456,660,2.221102113e-05
1777984720.350375,661,2.224462332e-05
1777984720.741637,662,2.227822552e-05
1777984721.095811,663,2.231182771e-05
1777984721.428095,664,2.23454299e-05
1777984721.800312,665,2.237903209e-05
1777984722.132174,666,2.241263428e-05
1777984722.494024,667,2.244623647e-05
1777984722.846055,668,2.247983866e-05
1777984723.234347,669,2.251344085e-05
1777984723.598508,670,2.254704305e-05
1777984723.967053,671,2.258064524e-05
1777984724.306318,672,2.261424743e-05
1777984724.640328,673,2.264784962e-05
1777984724.991900,674,2.268145181e-05
1777984725.350058,675,2.2715054e-05
1777984725.721981,676,2.274865619e-05
1777984726.069949,677,2.278225838e-05
1777984726.472047,678,2.281586058e-05
1777984726.795843,679,2.284946277e-05
1777984727.154880,680,2.288306496e-05
1777984727.521286,681,2.291666715e-05
1777984727.906568,682,2.295026934e-05
1777984728.321152,683,2.298387153e-05
1777984728.682414,684,2.301747372e-05
1777984729.038161,685,2.305107591e-05
1777984729.372122,686,2.308467811e-05
1777984729.802135,687,2.31182803e-05
1777984730.151147,688,2.315188249e-05
1777984730.527331,689,2.318548468e-05
1777984730.906841,690,2.321908687e-05
1777984731.235078,691,2.325268906e-05
1777984731.587035,692,2.328628943e-05
1777984731.976849,693,2.331989162e-05
1777984732.358078,694,2.335349382e-05
1777984732.707502,695,2.338709601e-05
1777984733.034952,696,2.34206982e-05
1777984733.429009,697,2.345430039e-05
1777984733.748707,698,2.348790258e-05
1777984734.070279,699,2.352150477e-05
1777984734.408030,700,2.355510696e-05
1777984734.752009,701,2.358870915e-05
1777984735.118298,702,2.362231135e-05
1777984735.526342,703,2.365591354e-05
1777984735.895477,704,2.368951573e-05
1777984736.237916,705,2.372311792e-05
1777984736.618052,706,2.375672011e-05
1777984737.006482,707,2.37903223e-05
1777984737.398298,708,2.382392449e-05
1777984737.752705,709,2.385752668e-05
1777984738.115245,710,2.389112888e-05
1777984738.512301,711,2.392473107e-05
1777984738.889510,712,2.395833326e-05
1777984739.240283,713,2.399193545e-05
1777984739.632963,714,2.402553764e-05
1777984739.978940,715,2.405913983e-05
1777984740.342393,716,2.409274202e-05
1777984740.705900,717,2.412634421e-05
1777984741.048903,718,2.415994641e-05
1777984741.470160,719,2.41935486e-05
1777984741.815654,720,2.422715079e-05
1777984742.192640,721,2.426075298e-05
1777984742.577260,722,2.429435517e-05
1777984742.941825,723,2.432795736e-05
1777984743.343203,724,2.436155955e-05
1777984743.729649,725,2.439516174e-05
1777984744.074006,726,2.442876394e-05
1777984744.406590,727,2.446236613e-05
1777984744.751974,728,2.449596832e-05
1777984745.122358,729,2.452957051e-05
1777984745.496553,730,2.45631727e-05
1777984745.857372,731,2.459677489e-05
1777984746.185838,732,2.463037708e-05
1777984746.523720,733,2.466397927e-05
1777984746.867604,734,2.469758147e-05
1777984747.215602,735,2.473118366e-05
1777984747.554636,736,2.476478585e-05
1777984747.879923,737,2.479838622e-05
1777984748.229904,738,2.483198841e-05
1777984748.591522,739,2.48655906e-05
1777984748.953989,740,2.489919279e-05
1777984749.335459,741,2.493279499e-05
1777984749.721342,742,2.496639718e-05
1777984750.063367,743,2.499999937e-05
1777984750.406805,744,2.503360156e-05
1777984750.772522,745,2.506720375e-05
1777984751.110439,746,2.510080594e-05
1777984751.501453,747,2.513440813e-05
1777984751.845375,748,2.516801032e-05
1777984752.212301,749,2.520161252e-05
1777984752.596637,750,2.523521471e-05
1777984752.951390,751,2.52688169e-05
1777984753.305007,752,2.530241909e-05
1777984753.651273,753,2.533602128e-05
1777984753.998869,754,2.536962347e-05
1777984754.364295,755,2.540322566e-05
1777984754.705586,756,2.543682785e-05
1777984755.090416,757,2.547043005e-05
1777984755.438272,758,2.550403224e-05
1777984755.805572,759,2.553763443e-05
1777984756.207713,760,2.557123662e-05
1777984756.580160,761,2.560483881e-05
1777984756.922664,762,2.5638441e-05
1777984757.273172,763,2.567204319e-05
1777984757.638327,764,2.570564538e-05
1777984758.019927,765,2.573924758e-05
1777984758.385115,766,2.577284977e-05
1777984758.721843,767,2.580645196e-05
1777984759.119020,768,2.584005415e-05
1777984759.482243,769,2.587365634e-05
1777984759.885464,770,2.590725853e-05
1777984760.270148,771,2.594086072e-05
1777984760.653196,772,2.597446291e-05
1777984761.045904,773,2.600806511e-05
1777984761.455640,774,2.60416673e-05
1777984761.837455,775,2.607526949e-05
1777984762.214806,776,2.610887168e-05
1777984762.586912,777,2.614247387e-05
1777984762.961115,778,2.617607606e-05
1777984763.316424,779,2.620967825e-05
1777984763.692946,780,2.624328044e-05
1777984764.050112,781,2.627688082e-05
1777984764.387810,782,2.631048301e-05
1777984764.767015,783,2.63440852e-05
1777984765.157518,784,2.637768739e-05
1777984765.554624,785,2.641128958e-05
1777984765.959818,786,2.644489177e-05
1777984766.307996,787,2.647849396e-05
1777984766.678990,788,2.651209616e-05
1777984767.083014,789,2.654569835e-05
1777984767.455612,790,2.657930054e-05
1777984767.860194,791,2.661290273e-05
1777984768.224172,792,2.664650492e-05
1777984768.607167,793,2.668010711e-05
1777984768.979842,794,2.67137093e-05
1777984769.453887,795,2.674731149e-05
1777984769.877648,796,2.678091369e-05
1777984770.314294,797,2.681451588e-05
1777984770.765592,798,2.684811807e-05
1777984771.220900,799,2.688172026e-05
1777984771.610613,800,2.691532245e-05
1777984772.037428,801,2.694892464e-05
1777984772.440547,802,2.698252683e-05
1777984772.845114,803,2.701612902e-05
1777984773.234945,804,2.704973122e-05
1777984773.646912,805,2.708333341e-05
1777984774.092217,806,2.71169356e-05
1777984774.485852,807,2.715053779e-05
1777984774.878752,808,2.718413998e-05
1777984775.255570,809,2.721774217e-05
1777984775.639344,810,2.725134436e-05
1777984776.023474,811,2.728494655e-05
1777984776.426002,812,2.731854875e-05
1777984776.791244,813,2.735215094e-05
1777984777.147812,814,2.738575313e-05
1777984777.526805,815,2.741935532e-05
1777984777.865498,816,2.745295751e-05
1777984778.224745,817,2.74865597e-05
1777984778.584299,818,2.752016189e-05
1777984779.006563,819,2.755376408e-05
1777984779.397682,820,2.758736628e-05
1777984779.766079,821,2.762096847e-05
1777984780.119633,822,2.765457066e-05
1777984780.500489,823,2.768817285e-05
1777984780.879074,824,2.772177504e-05
1777984781.288397,825,2.775537723e-05
1777984781.650886,826,2.77889776e-05
1777984782.018956,827,2.78225798e-05
1777984782.409483,828,2.785618199e-05
1777984782.803377,829,2.788978418e-05
1777984783.162061,830,2.792338637e-05
1777984783.524082,831,2.795698856e-05
1777984783.880303,832,2.799059075e-05
1777984784.231671,833,2.802419294e-05
1777984784.631471,834,2.805779513e-05
1777984784.991270,835,2.809139733e-05
1777984785.394523,836,2.812499952e-05
1777984785.745830,837,2.815860171e-05
1777984786.150160,838,2.81922039e-05
1777984786.519996,839,2.822580609e-05
1777984786.909723,840,2.825940828e-05
1777984787.303703,841,2.829301047e-05
1777984787.677471,842,2.832661266e-05
1777984788.026636,843,2.836021486e-05
1777984788.407890,844,2.839381705e-05
1777984788.780571,845,2.842741924e-05
1777984789.157749,846,2.846102143e-05
1777984789.569720,847,2.849462362e-05
1777984789.940602,848,2.852822581e-05
1777984790.297849,849,2.8561828e-05
1777984790.714712,850,2.859543019e-05
1777984791.088446,851,2.862903239e-05
1777984791.500552,852,2.866263458e-05
1777984791.870938,853,2.869623677e-05
1777984792.274065,854,2.872983896e-05
1777984792.643646,855,2.876344115e-05
1777984793.001415,856,2.879704334e-05
1777984793.387691,857,2.883064553e-05
1777984793.758859,858,2.886424772e-05
1777984794.149323,859,2.889784992e-05
1777984794.506651,860,2.893145211e-05
1777984794.848358,861,2.89650543e-05
1777984795.237096,862,2.899865649e-05
1777984795.618559,863,2.903225868e-05
1777984795.973082,864,2.906586087e-05
1777984796.369800,865,2.909946306e-05
1777984796.724513,866,2.913306525e-05
1777984797.093256,867,2.916666745e-05
1777984797.473768,868,2.920026964e-05
1777984797.893540,869,2.923387183e-05
1777984798.230796,870,2.926747402e-05
1777984798.559747,871,2.930107439e-05
1777984798.926316,872,2.933467658e-05
1777984799.282132,873,2.936827877e-05
1777984799.656068,874,2.940188097e-05
1777984800.043497,875,2.943548316e-05
1777984800.410859,876,2.946908535e-05
1777984800.760787,877,2.950268754e-05
1777984801.113871,878,2.953628973e-05
1777984801.525153,879,2.956989192e-05
1777984801.912607,880,2.960349411e-05
1777984802.324117,881,2.96370963e-05
1777984802.709818,882,2.96706985e-05
1777984803.070268,883,2.970430069e-05
1777984803.438284,884,2.973790288e-05
1777984803.808686,885,2.977150507e-05
1777984804.196558,886,2.980510726e-05
1777984804.556808,887,2.983870945e-05
1777984804.945642,888,2.987231164e-05
1777984805.352029,889,2.990591383e-05
1777984805.716935,890,2.993951603e-05
1777984806.063378,891,2.997311822e-05
1777984806.444871,892,3.000672041e-05
1777984806.811519,893,3.00403226e-05
1777984807.181323,894,3.007392479e-05
1777984807.589160,895,3.010752698e-05
1777984807.983002,896,3.014112917e-05
1777984808.331733,897,3.017473136e-05
1777984808.690129,898,3.020833356e-05
1777984809.083534,899,3.024193575e-05
1777984809.463730,900,3.027553794e-05
1777984809.856936,901,3.030914013e-05
1777984810.240268,902,3.034274232e-05
1777984810.603374,903,3.037634451e-05
1777984811.005937,904,3.04099467e-05
1777984811.370903,905,3.044354889e-05
1777984811.743463,906,3.047715109e-05
1777984812.116799,907,3.051075328e-05
1777984812.497078,908,3.054435365e-05
1777984812.893616,909,3.057795766e-05
1777984813.258595,910,3.061155803e-05
1777984813.631202,911,3.064516204e-05
1777984813.971995,912,3.067876241e-05
1777984814.375295,913,3.071236642e-05
1777984814.736557,914,3.07459668e-05
1777984815.093261,915,3.077957081e-05
1777984815.448184,916,3.081317118e-05
1777984815.816519,917,3.084677519e-05
1777984816.178092,918,3.088037556e-05
1777984816.539402,919,3.091397957e-05
1777984816.884736,920,3.094757994e-05
1777984817.231510,921,3.098118395e-05
1777984817.594510,922,3.101478433e-05
1777984817.970545,923,3.104838834e-05
1777984818.324188,924,3.108198871e-05
1777984818.707110,925,3.111559272e-05
1777984819.115646,926,3.114919309e-05
1777984819.456436,927,3.11827971e-05
1777984819.802017,928,3.121639747e-05
1777984820.186201,929,3.125000148e-05
1777984820.546939,930,3.128360186e-05
1777984820.916339,931,3.131720587e-05
1777984821.276977,932,3.135080624e-05
1777984821.613111,933,3.138441025e-05
1777984821.980192,934,3.141801062e-05
1777984822.356464,935,3.145161463e-05
1777984822.682181,936,3.1485215e-05
1777984823.040044,937,3.151881901e-05
1777984823.384068,938,3.155241939e-05
1777984823.740069,939,3.158601976e-05
1777984824.111963,940,3.161962377e-05
1777984824.541649,941,3.165322414e-05
1777984824.948763,942,3.168682815e-05
1777984825.395642,943,3.172042852e-05
1777984825.807939,944,3.175403253e-05
1777984826.268278,945,3.178763291e-05
1777984826.718663,946,3.182123692e-05
1777984827.159030,947,3.185483729e-05
1777984827.542488,948,3.18884413e-05
1777984827.904917,949,3.192204167e-05
1777984828.260924,950,3.195564568e-05
1777984828.692740,951,3.198924605e-05
1777984829.094268,952,3.202285006e-05
1777984829.571154,953,3.205645044e-05
1777984830.005523,954,3.209005445e-05
1777984830.396833,955,3.212365482e-05
1777984830.838350,956,3.215725883e-05
1777984831.283830,957,3.21908592e-05
1777984831.684787,958,3.222446321e-05
1777984832.111415,959,3.225806358e-05
1777984832.525220,960,3.229166759e-05
1777984832.939098,961,3.232526797e-05
1777984833.355758,962,3.235887198e-05
1777984833.789369,963,3.239247235e-05
1777984834.267269,964,3.242607636e-05
1777984834.689093,965,3.245967673e-05
1777984835.110171,966,3.249328074e-05
1777984835.494699,967,3.252688111e-05
1777984835.909564,968,3.256048512e-05
1777984836.329720,969,3.25940855e-05
1777984836.792048,970,3.262768951e-05
1777984837.176224,971,3.266128988e-05
1777984837.570482,972,3.269489389e-05
1777984838.006160,973,3.272849426e-05
1777984838.426331,974,3.276209827e-05
1777984838.865314,975,3.279569864e-05
1777984839.281590,976,3.282930265e-05
1777984839.678097,977,3.286290303e-05
1777984840.070005,978,3.289650704e-05
1777984840.438184,979,3.293010741e-05
1777984840.825324,980,3.296371142e-05
1777984841.201962,981,3.299731179e-05
1777984841.599794,982,3.303091216e-05
1777984841.972238,983,3.306451617e-05
1777984842.347119,984,3.309811655e-05
1777984842.711493,985,3.313172056e-05
1777984843.080249,986,3.316532093e-05
1777984843.491184,987,3.319892494e-05
1777984843.889021,988,3.323252531e-05
1777984844.273892,989,3.326612932e-05
1777984844.639588,990,3.329972969e-05
1777984845.012684,991,3.33333337e-05
1777984845.413294,992,3.336693408e-05
1777984845.788297,993,3.340053809e-05
1777984846.170243,994,3.343413846e-05
1777984846.549366,995,3.346774247e-05
1777984846.920069,996,3.350134284e-05
1777984847.303143,997,3.353494685e-05
1777984847.669602,998,3.356854722e-05
1777984848.084391,999,3.360215123e-05
1777984848.416369,1000,3.363575161e-05
1777984848.804538,1001,3.366935562e-05
1777984849.176755,1002,3.370295599e-05
1777984849.540385,1003,3.373656e-05
1777984849.901218,1004,3.377016037e-05
1777984850.261087,1005,3.380376438e-05
1777984850.628944,1006,3.383736475e-05
1777984866.176823,1007,3.387096876e-05
1777984866.721765,1008,3.390456914e-05
1777984867.124533,1009,3.393817315e-05
1777984867.490947,1010,3.397177352e-05
1777984867.840073,1011,3.400537753e-05
1777984868.199797,1012,3.40389779e-05
1777984868.552520,1013,3.407258191e-05
1777984868.887779,1014,3.410618228e-05
1777984869.255539,1015,3.413978629e-05
1777984869.664827,1016,3.417338667e-05
1777984870.010417,1017,3.420699068e-05
1777984870.343057,1018,3.424059105e-05
1777984870.746517,1019,3.427419506e-05
1777984871.182870,1020,3.430779543e-05
1777984871.570779,1021,3.434139944e-05
1777984871.936755,1022,3.437499981e-05
1777984872.273780,1023,3.440860382e-05
1777984872.668591,1024,3.44422042e-05
1777984873.011996,1025,3.447580821e-05
1777984873.360775,1026,3.450940858e-05
1777984873.726413,1027,3.454300895e-05
1777984874.094412,1028,3.457661296e-05
1777984874.440535,1029,3.461021333e-05
1777984874.814806,1030,3.464381734e-05
1777984875.181753,1031,3.467741772e-05
1777984875.532178,1032,3.471102173e-05
1777984875.959174,1033,3.47446221e-05
1777984876.405696,1034,3.477822611e-05
1777984876.826462,1035,3.481182648e-05
1777984877.225227,1036,3.484543049e-05
1777984877.636585,1037,3.487903086e-05
1777984878.069277,1038,3.491263487e-05
1777984878.453530,1039,3.494623525e-05
1777984878.870049,1040,3.497983926e-05
1777984879.278227,1041,3.501343963e-05
1777984879.745681,1042,3.504704364e-05
1777984880.147479,1043,3.508064401e-05
1777984880.564691,1044,3.511424802e-05
1777984880.962430,1045,3.514784839e-05
1777984881.385296,1046,3.51814524e-05
1777984881.836310,1047,3.521505278e-05
1777984882.246922,1048,3.524865679e-05
1777984882.640985,1049,3.528225716e-05
1777984883.061578,1050,3.531586117e-05
1777984883.490490,1051,3.534946154e-05
1777984883.895688,1052,3.538306555e-05
1777984884.293700,1053,3.541666592e-05
1777984884.682121,1054,3.545026993e-05
1777984885.059691,1055,3.548387031e-05
1777984885.430963,1056,3.551747432e-05
1777984885.827401,1057,3.555107469e-05
1777984886.276062,1058,3.55846787e-05
1777985001.519319,0,3.360215217e-08
1777985002.123947,1,6.720430434e-08
1777985002.576986,2,1.00806453e-07
1777985002.983058,3,1.344086087e-07
1777985003.418765,4,1.680107573e-07
1777985003.817831,5,2.016129059e-07
1777985004.244544,6,2.352150545e-07
1777985004.711348,7,2.688172174e-07
1777985005.118777,8,3.024193518e-07
1777985005.595209,9,3.360215146e-07
1777985005.947120,10,3.69623649e-07
1777985006.376041,11,4.032258119e-07
1777985006.867512,12,4.368279463e-07
1777985007.333966,13,4.704301091e-07
1777985007.774398,14,5.040322435e-07
1777985008.132144,15,5.376344347e-07
1777985008.710016,16,5.712365692e-07
1777985009.089441,17,6.048387036e-07
1777985009.475773,18,6.38440838e-07
1777985009.885753,19,6.720430292e-07
1777985010.353997,20,7.056451636e-07
1777985010.775274,21,7.39247298e-07
1777985011.204004,22,7.728494893e-07
1777985011.633418,23,8.064516237e-07
1777985012.019789,24,8.400537581e-07
1777985012.412596,25,8.736558925e-07
1777985012.825413,26,9.072580838e-07
1777985013.180808,27,9.408602182e-07
1777985013.545432,28,9.744624094e-07
1777985013.948503,29,1.008064487e-06
1777985014.328160,30,1.041666678e-06
1777985014.679148,31,1.075268869e-06
1777985015.051054,32,1.108870947e-06
1777985015.421989,33,1.142473138e-06
1777985015.785126,34,1.176075216e-06
1777985016.156205,35,1.209677407e-06
1777985016.555144,36,1.243279598e-06
1777985016.913867,37,1.276881676e-06
1777985017.311280,38,1.310483867e-06
1777985017.735782,39,1.344086058e-06
1777985018.111903,40,1.377688136e-06
1777985018.500910,41,1.411290327e-06
1777985018.849777,42,1.444892519e-06
1777985019.242172,43,1.478494596e-06
1777985019.574542,44,1.512096787e-06
1777985019.949557,45,1.545698979e-06
1777985020.397656,46,1.579301056e-06
1777985020.775359,47,1.612903247e-06
1777985021.309625,48,1.646505325e-06
1777985021.695746,49,1.680107516e-06
1777985022.031685,50,1.713709707e-06
1777985022.445716,51,1.747311785e-06
1777985022.830553,52,1.780913976e-06
1777985023.184190,53,1.814516168e-06
1777985023.539607,54,1.848118245e-06
1777985023.890967,55,1.881720436e-06
1777985024.256027,56,1.915322628e-06
1777985024.633705,57,1.948924819e-06
1777985024.973891,58,1.982526783e-06
1777985025.368200,59,2.016128974e-06
1777985025.777984,60,2.049731165e-06
1777985026.182297,61,2.083333356e-06
1777985026.547260,62,2.116935548e-06
1777985026.898921,63,2.150537739e-06
1777985027.271636,64,2.184139703e-06
1777985027.649727,65,2.217741894e-06
1777985028.045727,66,2.251344085e-06
1777985028.403329,67,2.284946277e-06
1777985028.791699,68,2.318548468e-06
1777985029.163633,69,2.352150432e-06
1777985029.522065,70,2.385752623e-06
1777985029.883273,71,2.419354814e-06
1777985030.256709,72,2.452957006e-06
1777985030.617842,73,2.486559197e-06
1777985031.007641,74,2.520161388e-06
1777985031.351805,75,2.553763352e-06
1777985031.722746,76,2.587365543e-06
1777985032.069328,77,2.620967734e-06
1777985032.432080,78,2.654569926e-06
1777985032.833523,79,2.688172117e-06
1777985033.215349,80,2.721774081e-06
1777985033.661637,81,2.755376272e-06
1777985034.061002,82,2.788978463e-06
1777985034.415128,83,2.822580655e-06
1777985034.783689,84,2.856182846e-06
1777985035.143578,85,2.889785037e-06
1777985035.519953,86,2.923387001e-06
1777985035.937903,87,2.956989192e-06
1777985036.330453,88,2.990591383e-06
1777985036.713439,89,3.024193575e-06
1777985037.068451,90,3.057795766e-06
1777985037.440049,91,3.091397957e-06
1777985037.840950,92,3.124999921e-06
1777985038.241908,93,3.158602112e-06
1777985038.607697,94,3.192204304e-06
1777985038.945260,95,3.225806495e-06
1777985039.320572,96,3.259408686e-06
1777985039.682098,97,3.29301065e-06
1777985040.046313,98,3.326612841e-06
1777985040.387667,99,3.360215032e-06
1777985040.737233,100,3.393817224e-06
1777985041.056811,101,3.427419415e-06
1777985041.432558,102,3.461021606e-06
1777985041.823603,103,3.49462357e-06
1777985042.171989,104,3.528225761e-06
1777985042.535604,105,3.561827953e-06
1777985042.905040,106,3.595430144e-06
1777985043.270084,107,3.629032335e-06
1777985043.627476,108,3.662634299e-06
1777985044.029973,109,3.69623649e-06
1777985044.421210,110,3.729838681e-06
1777985044.821499,111,3.763440873e-06
1777985045.179951,112,3.797043064e-06
1777985045.532647,113,3.830645255e-06
1777985045.936777,114,3.864247446e-06
1777985046.296909,115,3.897849638e-06
1777985046.646838,116,3.931451829e-06
1777985046.999431,117,3.965053565e-06
1777985047.351771,118,3.998655757e-06
1777985047.743212,119,4.032257948e-06
1777985048.100394,120,4.065860139e-06
1777985048.465523,121,4.09946233e-06
1777985048.863861,122,4.133064522e-06
1777985049.248842,123,4.166666713e-06
1777985049.586869,124,4.200268904e-06
1777985049.967012,125,4.233871095e-06
1777985050.346664,126,4.267473287e-06
1777985050.736756,127,4.301075478e-06
1777985051.081357,128,4.334677215e-06
1777985051.433517,129,4.368279406e-06
1777985051.823720,130,4.401881597e-06
1777985052.203351,131,4.435483788e-06
1777985052.578614,132,4.46908598e-06
1777985052.952758,133,4.502688171e-06
1777985053.308957,134,4.536290362e-06
1777985053.669513,135,4.569892553e-06
1777985054.048887,136,4.603494745e-06
1777985054.432292,137,4.637096936e-06
1777985054.775952,138,4.670699127e-06
1777985055.147688,139,4.704300864e-06
1777985055.580077,140,4.737903055e-06
1777985055.941092,141,4.771505246e-06
1777985056.367582,142,4.805107437e-06
1777985056.775909,143,4.838709629e-06
1777985057.147892,144,4.87231182e-06
1777985057.525245,145,4.905914011e-06
1777985057.919330,146,4.939516202e-06
1777985058.250270,147,4.973118394e-06
1777985058.578431,148,5.006720585e-06
1777985058.941784,149,5.040322776e-06
1777985059.323373,150,5.073924513e-06
1777985059.699713,151,5.107526704e-06
1777985060.047281,152,5.141128895e-06
1777985060.432007,153,5.174731086e-06
1777985060.799093,154,5.208333278e-06
1777985061.151496,155,5.241935469e-06
1777985061.539525,156,5.27553766e-06
1777985061.926038,157,5.309139851e-06
1777985062.283161,158,5.342742043e-06
1777985062.660682,159,5.376344234e-06
1777985063.015116,160,5.409946425e-06
1777985063.360085,161,5.443548162e-06
1777985063.753452,162,5.477150353e-06
1777985064.145367,163,5.510752544e-06
1777985064.533323,164,5.544354735e-06
1777985064.861932,165,5.577956927e-06
1777985065.201380,166,5.611559118e-06
1777985065.572352,167,5.645161309e-06
1777985065.903768,168,5.6787635e-06
1777985066.303356,169,5.712365692e-06
1777985066.680486,170,5.745967883e-06
1777985067.013023,171,5.779570074e-06
1777985067.374804,172,5.813172265e-06
1777985067.756114,173,5.846774002e-06
1777985068.102079,174,5.880376193e-06
1777985068.467692,175,5.913978384e-06
1777985068.838381,176,5.947580576e-06
1777985069.203232,177,5.981182767e-06
1777985069.546848,178,6.014784958e-06
1777985069.932904,179,6.048387149e-06
1777985070.334413,180,6.081989341e-06
1777985070.711823,181,6.115591532e-06
1777985071.058079,182,6.149193723e-06
1777985071.417542,183,6.182795914e-06
1777985071.772768,184,6.216397651e-06
1777985072.165809,185,6.249999842e-06
1777985072.538018,186,6.283602033e-06
1777985072.897880,187,6.317204225e-06
1777985073.253233,188,6.350806416e-06
1777985073.593629,189,6.384408607e-06
1777985073.948730,190,6.418010798e-06
1777985074.275854,191,6.45161299e-06
1777985074.616554,192,6.485215181e-06
1777985074.945083,193,6.518817372e-06
1777985075.293604,194,6.552419563e-06
1777985075.665129,195,6.5860213e-06
1777985076.042431,196,6.619623491e-06
1777985076.403319,197,6.653225682e-06
1777985076.726891,198,6.686827874e-06
1777985077.125397,199,6.720430065e-06
1777985077.506402,200,6.754032256e-06
1777985077.867525,201,6.787634447e-06
1777985078.213644,202,6.821236639e-06
1777985078.593528,203,6.85483883e-06
1777985078.971626,204,6.888441021e-06
1777985079.326561,205,6.922043212e-06
1777985079.709943,206,6.955644949e-06
1777985080.083313,207,6.98924714e-06
1777985080.421907,208,7.022849331e-06
1777985080.762197,209,7.056451523e-06
1777985081.145896,210,7.090053714e-06
1777985081.509748,211,7.123655905e-06
1777985081.848325,212,7.157258096e-06
1777985082.190554,213,7.190860288e-06
1777985082.538939,214,7.224462479e-06
1777985082.944390,215,7.25806467e-06
1777985083.308263,216,7.291666861e-06
1777985083.673387,217,7.325268598e-06
1777985084.029505,218,7.358870789e-06
1777985084.388317,219,7.39247298e-06
1777985084.743909,220,7.426075172e-06
1777985085.117918,221,7.459677363e-06
1777985085.486941,222,7.493279554e-06
1777985085.859252,223,7.526881745e-06
1777985086.212193,224,7.560483937e-06
1777985086.571437,225,7.594086128e-06
1777985086.974883,226,7.627688319e-06
1777985087.343347,227,7.66129051e-06
1777985087.723691,228,7.694892702e-06
1777985088.073793,229,7.728494893e-06
1777985088.416271,230,7.762097084e-06
1777985088.781077,231,7.795699275e-06
1777985089.100327,232,7.829301467e-06
1777985089.438731,233,7.862903658e-06
1777985089.802557,234,7.89650494e-06
1777985090.171008,235,7.930107131e-06
1777985090.509307,236,7.963709322e-06
1777985090.909177,237,7.997311513e-06
1777985091.271226,238,8.030913705e-06
1777985091.644456,239,8.064515896e-06
1777985091.977032,240,8.098118087e-06
1777985092.485729,241,8.131720278e-06
1777985092.863552,242,8.16532247e-06
1777985093.201161,243,8.198924661e-06
1777985093.594293,244,8.232526852e-06
1777985093.942199,245,8.266129043e-06
1777985094.336358,246,8.299731235e-06
1777985094.737177,247,8.333333426e-06
1777985095.118575,248,8.366935617e-06
1777985095.539419,249,8.400537808e-06
1777985095.922794,250,8.43414e-06
1777985096.261343,251,8.467742191e-06
1777985096.639266,252,8.501344382e-06
1777985097.036155,253,8.534946573e-06
1777985097.423814,254,8.568548765e-06
1777985097.787781,255,8.602150956e-06
1777985098.150354,256,8.635752238e-06
1777985098.535877,257,8.669354429e-06
1777985098.905490,258,8.70295662e-06
1777985099.256088,259,8.736558812e-06
1777985099.621706,260,8.770161003e-06
1777985099.964707,261,8.803763194e-06
1777985100.295469,262,8.837365385e-06
1777985100.624982,263,8.870967577e-06
1777985101.009593,264,8.904569768e-06
1777985101.371154,265,8.938171959e-06
1777985101.734788,266,8.97177415e-06
1777985102.067844,267,9.005376342e-06
1777985102.420741,268,9.038978533e-06
1777985102.787765,269,9.072580724e-06
1777985103.172184,270,9.106182915e-06
1777985103.527792,271,9.139785107e-06
1777985103.890504,272,9.173387298e-06
1777985104.265351,273,9.206989489e-06
1777985104.612356,274,9.24059168e-06
1777985104.980748,275,9.274193872e-06
1777985105.368701,276,9.307796063e-06
1777985105.729571,277,9.341398254e-06
1777985106.109376,278,9.375000445e-06
1777985106.479758,279,9.408601727e-06
1777985106.855004,280,9.442203918e-06
1777985107.245679,281,9.47580611e-06
1777985107.590824,282,9.509408301e-06
1777985107.964985,283,9.543010492e-06
1777985108.305824,284,9.576612683e-06
1777985108.686619,285,9.610214875e-06
1777985109.108414,286,9.643817066e-06
1777985109.447300,287,9.677419257e-06
1777985109.804680,288,9.711021448e-06
1777985110.154695,289,9.74462364e-06
1777985110.482821,290,9.778225831e-06
1777985110.884505,291,9.811828022e-06
1777985111.231886,292,9.845430213e-06
1777985111.578663,293,9.879032405e-06
1777985111.920216,294,9.912634596e-06
1777985112.228295,295,9.946236787e-06
1777985112.615170,296,9.979838978e-06
1777985112.989786,297,1.001344117e-05
1777985113.351072,298,1.004704336e-05
1777985113.735952,299,1.008064555e-05
1777985114.154617,300,1.011424774e-05
1777985114.533934,301,1.014784903e-05
1777985114.906826,302,1.018145122e-05
1777985115.233853,303,1.021505341e-05
1777985115.619885,304,1.02486556e-05
1777985115.980915,305,1.028225779e-05
1777985116.384427,306,1.031585998e-05
1777985116.771939,307,1.034946217e-05
1777985117.156733,308,1.038306436e-05
1777985117.527508,309,1.041666656e-05
1777985117.899689,310,1.045026875e-05
1777985118.229231,311,1.048387094e-05
1777985118.613679,312,1.051747313e-05
1777985119.000378,313,1.055107532e-05
1777985119.353627,314,1.058467751e-05
1777985119.736668,315,1.06182797e-05
1777985120.125245,316,1.065188189e-05
1777985120.526418,317,1.068548409e-05
1777985120.903135,318,1.071908628e-05
1777985121.286673,319,1.075268847e-05
1777985121.730101,320,1.078629066e-05
1777985122.077102,321,1.081989285e-05
1777985122.458393,322,1.085349504e-05
1777985122.821436,323,1.088709632e-05
1777985123.211065,324,1.092069851e-05
1777985123.629119,325,1.095430071e-05
1777985124.023483,326,1.09879029e-05
1777985124.397336,327,1.102150509e-05
1777985124.736370,328,1.105510728e-05
1777985125.079274,329,1.108870947e-05
1777985125.448690,330,1.112231166e-05
1777985125.815888,331,1.115591385e-05
1777985126.230471,332,1.118951604e-05
1777985126.621994,333,1.122311824e-05
1777985127.018882,334,1.125672043e-05
1777985127.400887,335,1.129032262e-05
1777985127.800781,336,1.132392481e-05
1777985128.198941,337,1.1357527e-05
1777985128.568303,338,1.139112919e-05
1777985128.945927,339,1.142473138e-05
1777985129.334624,340,1.145833357e-05
1777985129.688430,341,1.149193577e-05
1777985130.052002,342,1.152553796e-05
1777985130.413426,343,1.155914015e-05
1777985130.785462,344,1.159274234e-05
1777985131.135923,345,1.162634453e-05
1777985131.535925,346,1.165994581e-05
1777985131.902863,347,1.1693548e-05
1777985132.318755,348,1.172715019e-05
1777985132.753776,349,1.176075239e-05
1777985133.140262,350,1.179435458e-05
1777985133.558664,351,1.182795677e-05
1777985133.897766,352,1.186155896e-05
1777985134.242506,353,1.189516115e-05
1777985134.610604,354,1.192876334e-05
1777985135.063978,355,1.196236553e-05
1777985135.503327,356,1.199596772e-05
1777985135.949493,357,1.202956992e-05
1777985136.316951,358,1.206317211e-05
1777985136.690332,359,1.20967743e-05
1777985137.156133,360,1.213037649e-05
1777985137.521210,361,1.216397868e-05
1777985137.900113,362,1.219758087e-05
1777985138.296774,363,1.223118306e-05
1777985138.687189,364,1.226478525e-05
1777985139.058957,365,1.229838745e-05
1777985139.443233,366,1.233198964e-05
1777985139.797451,367,1.236559183e-05
1777985140.192400,368,1.239919311e-05
1777985140.589506,369,1.24327953e-05
1777985140.951164,370,1.246639749e-05
1777985141.304357,371,1.249999968e-05
1777985141.679237,372,1.253360188e-05
1777985142.045182,373,1.256720407e-05
1777985142.415890,374,1.260080626e-05
1777985142.787172,375,1.263440845e-05
1777985143.156380,376,1.266801064e-05
1777985143.546084,377,1.270161283e-05
1777985143.884971,378,1.273521502e-05
1777985144.252120,379,1.276881721e-05
1777985144.650924,380,1.280241941e-05
1777985145.033820,381,1.28360216e-05
1777985145.414523,382,1.286962379e-05
1777985145.818098,383,1.290322598e-05
1777985146.198749,384,1.293682817e-05
1777985146.538966,385,1.297043036e-05
1777985146.925261,386,1.300403255e-05
1777985147.269838,387,1.303763474e-05
1777985147.641836,388,1.307123694e-05
1777985148.002334,389,1.310483913e-05
1777985148.376503,390,1.313844041e-05
1777985148.723041,391,1.31720426e-05
1777985149.121579,392,1.320564479e-05
1777985149.537183,393,1.323924698e-05
1777985149.949252,394,1.327284917e-05
1777985150.322789,395,1.330645136e-05
1777985150.697397,396,1.334005356e-05
1777985151.109297,397,1.337365575e-05
1777985151.494186,398,1.340725794e-05
1777985151.897905,399,1.344086013e-05
1777985152.319005,400,1.347446232e-05
1777985152.673721,401,1.350806451e-05
1777985153.126517,402,1.35416667e-05
1777985153.496634,403,1.357526889e-05
1777985153.900978,404,1.360887109e-05
1777985154.276009,405,1.364247328e-05
1777985154.626373,406,1.367607547e-05
1777985155.034293,407,1.370967766e-05
1777985155.423372,408,1.374327985e-05
1777985155.802096,409,1.377688204e-05
1777985156.229274,410,1.381048423e-05
1777985156.572498,411,1.384408642e-05
1777985156.909958,412,1.387768862e-05
1777985157.282252,413,1.39112899e-05
1777985157.637688,414,1.394489209e-05
1777985158.050725,415,1.397849428e-05
1777985158.446582,416,1.401209647e-05
1777985158.823462,417,1.404569866e-05
1777985159.173342,418,1.407930085e-05
1777985159.559389,419,1.411290305e-05
1777985159.923825,420,1.414650524e-05
1777985160.305231,421,1.418010743e-05
1777985160.676014,422,1.421370962e-05
1777985161.026349,423,1.424731181e-05
1777985161.361107,424,1.4280914e-05
1777985161.716910,425,1.431451619e-05
1777985162.061190,426,1.434811838e-05
1777985162.436894,427,1.438172058e-05
1777985162.819893,428,1.441532277e-05
1777985163.145903,429,1.444892496e-05
1777985163.522188,430,1.448252715e-05
1777985163.935800,431,1.451612934e-05
1777985164.366443,432,1.454973153e-05
1777985164.781009,433,1.458333372e-05
1777985165.168942,434,1.461693591e-05
1777985165.569668,435,1.46505372e-05
1777985165.965518,436,1.468413939e-05
1777985166.314842,437,1.471774158e-05
1777985166.695858,438,1.475134377e-05
1777985167.097436,439,1.478494596e-05
1777985167.474080,440,1.481854815e-05
1777985167.823269,441,1.485215034e-05
1777985168.226415,442,1.488575253e-05
1777985168.539914,443,1.491935473e-05
1777985168.938330,444,1.495295692e-05
1777985169.328147,445,1.498655911e-05
1777985169.675006,446,1.50201613e-05
1777985170.030699,447,1.505376349e-05
1777985170.395679,448,1.508736568e-05
1777985170.816788,449,1.512096787e-05
1777985171.240421,450,1.515457006e-05
1777985171.573581,451,1.518817226e-05
1777985171.913272,452,1.522177445e-05
1777985172.289211,453,1.525537664e-05
1777985172.655918,454,1.528897883e-05
1777985173.012881,455,1.532258102e-05
1777985173.390414,456,1.535618321e-05
1777985173.766584,457,1.53897854e-05
1777985174.156687,458,1.542338759e-05
1777985174.563307,459,1.545698979e-05
1777985174.914529,460,1.549059198e-05
1777985175.337245,461,1.552419417e-05
1777985175.725235,462,1.555779636e-05
1777985176.128251,463,1.559139855e-05
1777985176.530299,464,1.562500074e-05
1777985176.885918,465,1.565860293e-05
1777985177.264606,466,1.569220512e-05
1777985177.630457,467,1.572580732e-05
1777985178.020717,468,1.575940951e-05
1777985178.433308,469,1.579300988e-05
1777985178.826830,470,1.582661207e-05
1777985179.222710,471,1.586021426e-05
1777985179.614349,472,1.589381645e-05
1777985180.023852,473,1.592741864e-05
1777985180.406329,474,1.596102084e-05
1777985180.810599,475,1.599462303e-05
1777985181.265601,476,1.602822522e-05
1777985181.627538,477,1.606182741e-05
1777985182.050543,478,1.60954296e-05
1777985182.430012,479,1.612903179e-05
1777985182.832683,480,1.616263398e-05
1777985183.257493,481,1.619623617e-05
1777985183.649877,482,1.622983837e-05
1777985184.059698,483,1.626344056e-05
1777985184.474108,484,1.629704275e-05
1777985184.883170,485,1.633064494e-05
1777985185.332121,486,1.636424713e-05
1777985185.733763,487,1.639784932e-05
1777985186.105955,488,1.643145151e-05
1777985186.537592,489,1.64650537e-05
1777985186.930315,490,1.64986559e-05
1777985187.485983,491,1.653225809e-05
1777985187.869287,492,1.656586028e-05
1777985188.217118,493,1.659946247e-05
1777985188.612014,494,1.663306466e-05
1777985189.025142,495,1.666666685e-05
1777985189.376844,496,1.670026904e-05
1777985189.738396,497,1.673387123e-05
1777985190.103646,498,1.676747343e-05
1777985190.533991,499,1.680107562e-05
1777985190.946341,500,1.683467781e-05
1777985191.342106,501,1.686828e-05
1777985191.705454,502,1.690188219e-05
1777985192.073337,503,1.693548438e-05
1777985192.470342,504,1.696908657e-05
1777985192.812639,505,1.700268876e-05
1777985193.171054,506,1.703629096e-05
1777985193.571566,507,1.706989315e-05
1777985193.934095,508,1.710349534e-05
1777985194.266538,509,1.713709753e-05
1777985194.603482,510,1.717069972e-05
1777985194.964890,511,1.720430191e-05
1777985195.363320,512,1.72379041e-05
1777985195.717693,513,1.727150448e-05
1777985196.101311,514,1.730510667e-05
1777985196.480894,515,1.733870886e-05
1777985196.868108,516,1.737231105e-05
1777985197.247531,517,1.740591324e-05
1777985197.627930,518,1.743951543e-05
1777985197.996635,519,1.747311762e-05
1777985198.372926,520,1.750671981e-05
1777985198.714669,521,1.754032201e-05
1777985199.048129,522,1.75739242e-05
1777985199.408599,523,1.760752639e-05
1777985199.812711,524,1.764112858e-05
1777985200.246180,525,1.767473077e-05
1777985200.585057,526,1.770833296e-05
1777985200.949184,527,1.774193515e-05
1777985201.356463,528,1.777553734e-05
1777985201.741405,529,1.780913954e-05
1777985202.136436,530,1.784274173e-05
1777985202.477636,531,1.787634392e-05
1777985202.844647,532,1.790994611e-05
1777985203.188542,533,1.79435483e-05
1777985203.547458,534,1.797715049e-05
1777985203.889729,535,1.801075268e-05
1777985204.250320,536,1.804435487e-05
1777985204.631408,537,1.807795707e-05
1777985204.954015,538,1.811155926e-05
1777985205.363657,539,1.814516145e-05
1777985205.757714,540,1.817876364e-05
1777985206.115818,541,1.821236583e-05
1777985206.509243,542,1.824596802e-05
1777985206.865718,543,1.827957021e-05
1777985207.263762,544,1.83131724e-05
1777985207.626051,545,1.83467746e-05
1777985208.016553,546,1.838037679e-05
1777985208.388699,547,1.841397898e-05
1777985208.751653,548,1.844758117e-05
1777985209.112746,549,1.848118336e-05
1777985209.489154,550,1.851478555e-05
1777985209.875366,551,1.854838774e-05
1777985210.202917,552,1.858198993e-05
1777985210.614513,553,1.861559213e-05
1777985210.991364,554,1.864919432e-05
1777985211.351960,555,1.868279651e-05
1777985211.757120,556,1.87163987e-05
1777985212.141182,557,1.875000089e-05
1777985212.546970,558,1.878360126e-05
1777985212.922689,559,1.881720345e-05
1777985213.323718,560,1.885080565e-05
1777985213.672394,561,1.888440784e-05
1777985214.049903,562,1.891801003e-05
1777985214.426195,563,1.895161222e-05
1777985214.757484,564,1.898521441e-05
1777985215.155179,565,1.90188166e-05
1777985215.537616,566,1.905241879e-05
1777985215.937573,567,1.908602098e-05
1777985216.341507,568,1.911962318e-05
1777985216.729180,569,1.915322537e-05
1777985217.107189,570,1.918682756e-05
1777985217.485676,571,1.922042975e-05
1777985217.902427,572,1.925403194e-05
1777985218.323612,573,1.928763413e-05
1777985218.725521,574,1.932123632e-05
1777985219.120473,575,1.935483851e-05
1777985219.496320,576,1.938844071e-05
1777985219.871436,577,1.94220429e-05
1777985220.239084,578,1.945564509e-05
1777985220.635348,579,1.948924728e-05
1777985221.035419,580,1.952284947e-05
1777985221.426834,581,1.955645166e-05
1777985221.824336,582,1.959005385e-05
1777985222.162397,583,1.962365604e-05
1777985222.516966,584,1.965725824e-05
1777985222.895950,585,1.969086043e-05
1777985223.237980,586,1.972446262e-05
1777985223.634741,587,1.975806481e-05
1777985224.019869,588,1.9791667e-05
1777985224.424960,589,1.982526919e-05
1777985224.803766,590,1.985887138e-05
1777985225.182481,591,1.989247357e-05
1777985225.634095,592,1.992607577e-05
1777985226.003919,593,1.995967796e-05
1777985226.366387,594,1.999328015e-05
1777985226.680075,595,2.002688234e-05
1777985227.061645,596,2.006048453e-05
1777985227.457190,597,2.009408672e-05
1777985227.817844,598,2.012768891e-05
1777985228.197712,599,2.01612911e-05
1777985228.561413,600,2.01948933e-05
1777985228.922227,601,2.022849549e-05
1777985229.277633,602,2.026209768e-05
1777985229.661885,603,2.029569805e-05
1777985230.054950,604,2.032930024e-05
1777985230.445902,605,2.036290243e-05
1777985230.833346,606,2.039650462e-05
1777985231.187003,607,2.043010682e-05
1777985231.642097,608,2.046370901e-05
1777985232.025807,609,2.04973112e-05
1777985232.444466,610,2.053091339e-05
1777985232.843925,611,2.056451558e-05
1777985233.265601,612,2.059811777e-05
1777985233.656033,613,2.063171996e-05
1777985234.085660,614,2.066532215e-05
1777985234.495098,615,2.069892435e-05
1777985234.935688,616,2.073252654e-05
1777985235.339466,617,2.076612873e-05
1777985235.755757,618,2.079973092e-05
1777985236.129253,619,2.083333311e-05
1777985236.541227,620,2.08669353e-05
1777985237.005663,621,2.090053749e-05
1777985237.434922,622,2.093413968e-05
1777985237.811508,623,2.096774188e-05
1777985238.257048,624,2.100134407e-05
1777985238.673782,625,2.103494626e-05
1777985239.045314,626,2.106854845e-05
1777985239.431579,627,2.110215064e-05
1777985239.817610,628,2.113575283e-05
1777985240.205215,629,2.116935502e-05
1777985240.581364,630,2.120295721e-05
1777985240.936909,631,2.123655941e-05
1777985255.788561,632,2.12701616e-05
1777985256.226688,633,2.130376379e-05
1777985256.643054,634,2.133736598e-05
1777985257.010518,635,2.137096817e-05
1777985257.457642,636,2.140457036e-05
1777985257.897587,637,2.143817255e-05
1777985258.302230,638,2.147177474e-05
1777985258.692418,639,2.150537694e-05
1777985259.084776,640,2.153897913e-05
1777985259.514663,641,2.157258132e-05
1777985259.979067,642,2.160618351e-05
1777985260.418213,643,2.16397857e-05
1777985260.833235,644,2.167338789e-05
1777985261.288861,645,2.170699008e-05
1777985261.647503,646,2.174059227e-05
1777985262.023193,647,2.177419265e-05
1777985262.359432,648,2.180779484e-05
1777985262.725900,649,2.184139703e-05
1777985263.088347,650,2.187499922e-05
1777985263.488355,651,2.190860141e-05
1777985263.880499,652,2.19422036e-05
1777985264.259295,653,2.197580579e-05
1777985264.609401,654,2.200940799e-05
1777985264.971255,655,2.204301018e-05
1777985265.326242,656,2.207661237e-05
1777985265.680399,657,2.211021456e-05
1777985266.062679,658,2.214381675e-05
1777985266.452729,659,2.217741894e-05
1777985266.819999,660,2.221102113e-05
1777985267.153431,661,2.224462332e-05
1777985267.564700,662,2.227822552e-05
1777985267.919607,663,2.231182771e-05
1777985268.271408,664,2.23454299e-05
1777985268.669311,665,2.237903209e-05
1777985269.032151,666,2.241263428e-05
1777985269.424802,667,2.244623647e-05
1777985269.778934,668,2.247983866e-05
1777985270.179274,669,2.251344085e-05
1777985270.552315,670,2.254704305e-05
1777985270.940271,671,2.258064524e-05
1777985271.286404,672,2.261424743e-05
1777985271.628554,673,2.264784962e-05
1777985271.987386,674,2.268145181e-05
1777985272.369230,675,2.2715054e-05
1777985272.748774,676,2.274865619e-05
1777985273.108537,677,2.278225838e-05
1777985273.555025,678,2.281586058e-05
1777985273.903149,679,2.284946277e-05
1777985274.271663,680,2.288306496e-05
1777985274.687221,681,2.291666715e-05
1777985275.114316,682,2.295026934e-05
1777985275.537377,683,2.298387153e-05
1777985275.904490,684,2.301747372e-05
1777985276.280199,685,2.305107591e-05
1777985276.625452,686,2.308467811e-05
1777985277.046791,687,2.31182803e-05
1777985277.422322,688,2.315188249e-05
1777985277.880302,689,2.318548468e-05
1777985278.327937,690,2.321908687e-05
1777985278.735544,691,2.325268906e-05
1777985279.168416,692,2.328628943e-05
1777985279.638247,693,2.331989162e-05
1777985280.130651,694,2.335349382e-05
1777985280.543222,695,2.338709601e-05
1777985280.887238,696,2.34206982e-05
1777985281.297299,697,2.345430039e-05
1777985281.635155,698,2.348790258e-05
1777985281.979874,699,2.352150477e-05
1777985282.354957,700,2.355510696e-05
1777985282.707268,701,2.358870915e-05
1777985283.099597,702,2.362231135e-05
1777985283.547378,703,2.365591354e-05
1777985284.005052,704,2.368951573e-05
1777985284.423977,705,2.372311792e-05
1777985284.874307,706,2.375672011e-05
1777985285.317949,707,2.37903223e-05
1777985285.786857,708,2.382392449e-05
1777985286.176807,709,2.385752668e-05
1777985286.565888,710,2.389112888e-05
1777985286.976237,711,2.392473107e-05
1777985287.383404,712,2.395833326e-05
1777985287.797715,713,2.399193545e-05
1777985288.279497,714,2.402553764e-05
1777985288.681749,715,2.405913983e-05
1777985289.092252,716,2.409274202e-05
1777985289.490779,717,2.412634421e-05
1777985289.894662,718,2.415994641e-05
1777985290.380903,719,2.41935486e-05
1777985290.784775,720,2.422715079e-05
1777985291.212852,721,2.426075298e-05
1777985291.638817,722,2.429435517e-05
1777985292.038188,723,2.432795736e-05
1777985292.441570,724,2.436155955e-05
1777985292.860973,725,2.439516174e-05
1777985293.226648,726,2.442876394e-05
1777985293.611630,727,2.446236613e-05
1777985294.000318,728,2.449596832e-05
1777985294.391730,729,2.452957051e-05
1777985294.803635,730,2.45631727e-05
1777985295.194811,731,2.459677489e-05
1777985295.553654,732,2.463037708e-05
1777985295.920226,733,2.466397927e-05
1777985296.304911,734,2.469758147e-05
1777985296.691375,735,2.473118366e-05
1777985297.068977,736,2.476478585e-05
1777985297.455878,737,2.479838622e-05
1777985297.826725,738,2.483198841e-05
1777985298.203772,739,2.48655906e-05
1777985298.597058,740,2.489919279e-05
1777985299.059306,741,2.493279499e-05
1777985299.528930,742,2.496639718e-05
1777985299.927375,743,2.499999937e-05
1777985300.313488,744,2.503360156e-05
1777985300.708865,745,2.506720375e-05
1777985301.097318,746,2.510080594e-05
1777985301.551265,747,2.513440813e-05
1777985301.950656,748,2.516801032e-05
1777985302.338686,749,2.520161252e-05
1777985302.764384,750,2.523521471e-05
1777985303.156579,751,2.52688169e-05
1777985303.551713,752,2.530241909e-05
1777985303.984436,753,2.533602128e-05
1777985304.390901,754,2.536962347e-05
1777985304.816395,755,2.540322566e-05
1777985305.205179,756,2.543682785e-05
1777985305.618587,757,2.547043005e-05
1777985305.999567,758,2.550403224e-05
1777985306.386671,759,2.553763443e-05
1777985306.836425,760,2.557123662e-05
1777985307.234696,761,2.560483881e-05
1777985307.599372,762,2.5638441e-05
1777985307.998034,763,2.567204319e-05
1777985308.408983,764,2.570564538e-05
1777985308.860405,765,2.573924758e-05
1777985309.297891,766,2.577284977e-05
1777985309.689526,767,2.580645196e-05
1777985310.126727,768,2.584005415e-05
1777985310.514615,769,2.587365634e-05
1777985310.951311,770,2.590725853e-05
1777985311.351969,771,2.594086072e-05
1777985311.760248,772,2.597446291e-05
1777985312.206898,773,2.600806511e-05
1777985312.659975,774,2.60416673e-05
1777985313.072226,775,2.607526949e-05
1777985313.459090,776,2.610887168e-05
1777985313.919969,777,2.614247387e-05
1777985314.345229,778,2.617607606e-05
1777985314.744447,779,2.620967825e-05
1777985315.175463,780,2.624328044e-05
1777985315.554959,781,2.627688082e-05
1777985315.918286,782,2.631048301e-05
1777985316.319668,783,2.63440852e-05
1777985316.728083,784,2.637768739e-05
1777985317.152585,785,2.641128958e-05
1777985317.614183,786,2.644489177e-05
1777985318.013224,787,2.647849396e-05
1777985318.389924,788,2.651209616e-05
1777985318.829784,789,2.654569835e-05
1777985319.204885,790,2.657930054e-05
1777985319.602405,791,2.661290273e-05
1777985319.990447,792,2.664650492e-05
1777985320.385817,793,2.668010711e-05
1777985320.741899,794,2.67137093e-05
1777985321.180168,795,2.674731149e-05
1777985321.558077,796,2.678091369e-05
1777985321.969633,797,2.681451588e-05
1777985322.400944,798,2.684811807e-05
1777985322.802771,799,2.688172026e-05
1777985323.186779,800,2.691532245e-05
1777985323.577686,801,2.694892464e-05
1777985323.974591,802,2.698252683e-05
1777985324.390542,803,2.701612902e-05
1777985324.782888,804,2.704973122e-05
1777985325.176126,805,2.708333341e-05
1777985325.602983,806,2.71169356e-05
1777985325.996008,807,2.715053779e-05
1777985326.361302,808,2.718413998e-05
1777985326.732929,809,2.721774217e-05
1777985327.111647,810,2.725134436e-05
1777985327.503622,811,2.728494655e-05
1777985327.912398,812,2.731854875e-05
1777985328.284554,813,2.735215094e-05
1777985328.636953,814,2.738575313e-05
1777985329.036084,815,2.741935532e-05
1777985329.374337,816,2.745295751e-05
1777985329.732628,817,2.74865597e-05
1777985330.127549,818,2.752016189e-05
1777985330.587095,819,2.755376408e-05
1777985330.983156,820,2.758736628e-05
1777985331.349229,821,2.762096847e-05
1777985331.702156,822,2.765457066e-05
1777985332.082887,823,2.768817285e-05
1777985332.484963,824,2.772177504e-05
1777985332.909239,825,2.775537723e-05
1777985333.305232,826,2.77889776e-05
1777985333.701543,827,2.78225798e-05
1777985334.188554,828,2.785618199e-05
1777985334.622632,829,2.788978418e-05
1777985335.034118,830,2.792338637e-05
1777985335.423911,831,2.795698856e-05
1777985335.769296,832,2.799059075e-05
1777985336.117701,833,2.802419294e-05
1777985336.518265,834,2.805779513e-05
1777985336.889176,835,2.809139733e-05
1777985337.310700,836,2.812499952e-05
1777985337.693640,837,2.815860171e-05
1777985338.168566,838,2.81922039e-05
1777985338.541843,839,2.822580609e-05
1777985338.963167,840,2.825940828e-05
1777985339.404572,841,2.829301047e-05
1777985339.845353,842,2.832661266e-05
1777985340.273712,843,2.836021486e-05
1777985340.716985,844,2.839381705e-05
1777985341.136469,845,2.842741924e-05
1777985341.578890,846,2.846102143e-05
1777985342.040418,847,2.849462362e-05
1777985342.458497,848,2.852822581e-05
1777985342.846653,849,2.8561828e-05
1777985343.283727,850,2.859543019e-05
1777985343.643142,851,2.862903239e-05
1777985344.051578,852,2.866263458e-05
1777985344.436246,853,2.869623677e-05
1777985359.940661,854,2.872983896e-05
1777985360.300037,855,2.876344115e-05
1777985360.652195,856,2.879704334e-05
1777985361.039351,857,2.883064553e-05
1777985361.397362,858,2.886424772e-05
1777985361.772347,859,2.889784992e-05
1777985362.113566,860,2.893145211e-05
1777985362.443749,861,2.89650543e-05
1777985362.823888,862,2.899865649e-05
1777985363.194291,863,2.903225868e-05
1777985363.522169,864,2.906586087e-05
1777985363.892896,865,2.909946306e-05
1777985364.229424,866,2.913306525e-05
1777985364.576975,867,2.916666745e-05
1777985364.936543,868,2.920026964e-05
1777985365.345738,869,2.923387183e-05
1777985365.665413,870,2.926747402e-05
1777985365.978396,871,2.930107439e-05
1777985366.335280,872,2.933467658e-05
1777985366.682114,873,2.936827877e-05
1777985367.038237,874,2.940188097e-05
1777985367.417566,875,2.943548316e-05
1777985367.759841,876,2.946908535e-05
1777985368.103096,877,2.950268754e-05
1777985368.449380,878,2.953628973e-05
1777985368.842916,879,2.956989192e-05
1777985369.222710,880,2.960349411e-05
1777985369.622530,881,2.96370963e-05
1777985369.997163,882,2.96706985e-05
1777985370.363452,883,2.970430069e-05
1777985370.715927,884,2.973790288e-05
1777985371.095151,885,2.977150507e-05
1777985371.497500,886,2.980510726e-05
1777985371.871276,887,2.983870945e-05
1777985372.260033,888,2.987231164e-05
1777985372.670503,889,2.990591383e-05
1777985373.045953,890,2.993951603e-05
1777985421.325127,0,3.360215217e-08
1777985422.052113,1,6.720430434e-08
1777985422.504222,2,1.00806453e-07
1777985422.935252,3,1.344086087e-07
1777985423.371749,4,1.680107573e-07
1777985423.781211,5,2.016129059e-07
1777985424.284819,6,2.352150545e-07
1777985424.715965,7,2.688172174e-07
1777985425.169045,8,3.024193518e-07
1777985425.696383,9,3.360215146e-07
1777985426.077000,10,3.69623649e-07
1777985426.538131,11,4.032258119e-07
1777985426.933562,12,4.368279463e-07
1777985427.390375,13,4.704301091e-07
1777985427.902785,14,5.040322435e-07
1777985428.339323,15,5.376344347e-07
1777985428.985014,16,5.712365692e-07
1777985429.403604,17,6.048387036e-07
1777985429.860315,18,6.38440838e-07
1777985430.342676,19,6.720430292e-07
1777985430.729578,20,7.056451636e-07
1777985431.155912,21,7.39247298e-07
1777985431.567252,22,7.728494893e-07
1777985431.968325,23,8.064516237e-07
1777985432.355736,24,8.400537581e-07
1777985432.707660,25,8.736558925e-07
1777985433.099636,26,9.072580838e-07
1777985433.501693,27,9.408602182e-07
1777985433.900123,28,9.744624094e-07
1777985434.350661,29,1.008064487e-06
1777985434.787007,30,1.041666678e-06
1777985435.209365,31,1.075268869e-06
1777985435.659819,32,1.108870947e-06
1777985436.080734,33,1.142473138e-06
1777985436.519802,34,1.176075216e-06
1777985436.899266,35,1.209677407e-06
1777985437.421568,36,1.243279598e-06
1777985437.923251,37,1.276881676e-06
1777985438.328956,38,1.310483867e-06
1777985438.768752,39,1.344086058e-06
1777985439.151383,40,1.377688136e-06
1777985439.545034,41,1.411290327e-06
1777985439.912620,42,1.444892519e-06
1777985440.304726,43,1.478494596e-06
1777985440.618546,44,1.512096787e-06
1777985441.165596,45,1.545698979e-06
1777985441.544659,46,1.579301056e-06
1777985441.931293,47,1.612903247e-06
1777985442.391400,48,1.646505325e-06
1777985442.772801,49,1.680107516e-06
1777985443.114438,50,1.713709707e-06
1777985443.534405,51,1.747311785e-06
1777985443.904305,52,1.780913976e-06
1777985444.251512,53,1.814516168e-06
1777985444.595152,54,1.848118245e-06
1777985444.950777,55,1.881720436e-06
1777985445.340693,56,1.915322628e-06
1777985445.717855,57,1.948924819e-06
1777985446.066547,58,1.982526783e-06
1777985446.437872,59,2.016128974e-06
1777985446.820528,60,2.049731165e-06
1777985447.222701,61,2.083333356e-06
1777985447.574806,62,2.116935548e-06
1777985447.921255,63,2.150537739e-06
1777985448.295494,64,2.184139703e-06
1777985448.650237,65,2.217741894e-06
1777985449.036393,66,2.251344085e-06
1777985449.394617,67,2.284946277e-06
1777985449.785515,68,2.318548468e-06
1777985450.153894,69,2.352150432e-06
1777985450.496814,70,2.385752623e-06
1777985450.856431,71,2.419354814e-06
1777985451.227342,72,2.452957006e-06
1777985451.582048,73,2.486559197e-06
1777985451.970128,74,2.520161388e-06
1777985452.308303,75,2.553763352e-06
1777985452.679142,76,2.587365543e-06
1777985453.029299,77,2.620967734e-06
1777985453.388411,78,2.654569926e-06
1777985453.779769,79,2.688172117e-06
1777985454.160159,80,2.721774081e-06
1777985454.591978,81,2.755376272e-06
1777985454.986465,82,2.788978463e-06
1777985455.340991,83,2.822580655e-06
1777985455.713463,84,2.856182846e-06
1777985456.082051,85,2.889785037e-06
1777985456.430464,86,2.923387001e-06
1777985456.805841,87,2.956989192e-06
1777985457.191095,88,2.990591383e-06
1777985457.571395,89,3.024193575e-06
1777985457.946562,90,3.057795766e-06
1777985458.328073,91,3.091397957e-06
1777985458.690293,92,3.124999921e-06
1777985459.077426,93,3.158602112e-06
1777985459.433010,94,3.192204304e-06
1777985459.776552,95,3.225806495e-06
1777985460.154172,96,3.259408686e-06
1777985460.511946,97,3.29301065e-06
1777985460.871449,98,3.326612841e-06
1777985461.209832,99,3.360215032e-06
1777985461.555196,100,3.393817224e-06
1777985461.879891,101,3.427419415e-06
1777985462.254572,102,3.461021606e-06
1777985462.641986,103,3.49462357e-06
1777985462.984260,104,3.528225761e-06
1777985463.322150,105,3.561827953e-06
1777985463.674192,106,3.595430144e-06
1777985464.044976,107,3.629032335e-06
1777985464.413566,108,3.662634299e-06
1777985464.809262,109,3.69623649e-06
1777985465.173845,110,3.729838681e-06
1777985465.547806,111,3.763440873e-06
1777985465.901474,112,3.797043064e-06
1777985466.241104,113,3.830645255e-06
1777985466.645689,114,3.864247446e-06
1777985466.996734,115,3.897849638e-06
1777985467.351672,116,3.931451829e-06
1777985467.703870,117,3.965053565e-06
1777985468.049756,118,3.998655757e-06
1777985468.468574,119,4.032257948e-06
1777985468.827354,120,4.065860139e-06
1777985469.197927,121,4.09946233e-06
1777985469.584585,122,4.133064522e-06
1777985469.958292,123,4.166666713e-06
1777985470.295728,124,4.200268904e-06
1777985470.673523,125,4.233871095e-06
1777985471.035836,126,4.267473287e-06
1777985471.423482,127,4.301075478e-06
1777985471.770927,128,4.334677215e-06
1777985472.126236,129,4.368279406e-06
1777985472.536333,130,4.401881597e-06
1777985472.915061,131,4.435483788e-06
1777985473.294378,132,4.46908598e-06
1777985473.673192,133,4.502688171e-06
1777985474.024050,134,4.536290362e-06
1777985474.379948,135,4.569892553e-06
1777985474.774359,136,4.603494745e-06
1777985475.176239,137,4.637096936e-06
1777985475.518101,138,4.670699127e-06
1777985475.904368,139,4.704300864e-06
1777985476.336250,140,4.737903055e-06
1777985476.703802,141,4.771505246e-06
1777985477.125167,142,4.805107437e-06
1777985477.505218,143,4.838709629e-06
1777985477.883814,144,4.87231182e-06
1777985478.268332,145,4.905914011e-06
1777985478.637297,146,4.939516202e-06
1777985478.964730,147,4.973118394e-06
1777985479.305773,148,5.006720585e-06
1777985479.660228,149,5.040322776e-06
1777985480.042267,150,5.073924513e-06
1777985480.416375,151,5.107526704e-06
1777985480.765542,152,5.141128895e-06
1777985481.161340,153,5.174731086e-06
1777985481.535751,154,5.208333278e-06
1777985481.898628,155,5.241935469e-06
1777985482.286337,156,5.27553766e-06
1777985482.653818,157,5.309139851e-06
1777985483.007263,158,5.342742043e-06
1777985483.378160,159,5.376344234e-06
1777985483.724639,160,5.409946425e-06
1777985484.069823,161,5.443548162e-06
1777985484.458784,162,5.477150353e-06
1777985484.855715,163,5.510752544e-06
1777985485.241642,164,5.544354735e-06
1777985485.574274,165,5.577956927e-06
1777985485.931027,166,5.611559118e-06
1777985486.303065,167,5.645161309e-06
1777985486.648399,168,5.6787635e-06
1777985487.039647,169,5.712365692e-06
1777985487.424726,170,5.745967883e-06
1777985487.801181,171,5.779570074e-06
1777985488.179171,172,5.813172265e-06
1777985488.542881,173,5.846774002e-06
1777985488.899144,174,5.880376193e-06
1777985489.278837,175,5.913978384e-06
1777985489.629842,176,5.947580576e-06
1777985489.986756,177,5.981182767e-06
1777985490.330461,178,6.014784958e-06
1777985490.694736,179,6.048387149e-06
1777985491.064641,180,6.081989341e-06
1777985491.425612,181,6.115591532e-06
1777985491.784710,182,6.149193723e-06
1777985492.151718,183,6.182795914e-06
1777985492.522286,184,6.216397651e-06
1777985492.941330,185,6.249999842e-06
1777985493.304125,186,6.283602033e-06
1777985493.651803,187,6.317204225e-06
1777985493.993731,188,6.350806416e-06
1777985494.357160,189,6.384408607e-06
1777985494.737431,190,6.418010798e-06
1777985495.088158,191,6.45161299e-06
1777985495.437800,192,6.485215181e-06
1777985495.774884,193,6.518817372e-06
1777985496.116019,194,6.552419563e-06
1777985496.478732,195,6.5860213e-06
1777985496.883271,196,6.619623491e-06
1777985497.254913,197,6.653225682e-06
1777985497.587873,198,6.686827874e-06
1777985497.996093,199,6.720430065e-06
1777985498.357986,200,6.754032256e-06
1777985498.711038,201,6.787634447e-06
1777985499.059803,202,6.821236639e-06
1777985499.436447,203,6.85483883e-06
1777985499.816922,204,6.888441021e-06
1777985500.194600,205,6.922043212e-06
1777985500.576717,206,6.955644949e-06
1777985500.961969,207,6.98924714e-06
1777985501.325727,208,7.022849331e-06
1777985501.705490,209,7.056451523e-06
1777985502.103946,210,7.090053714e-06
1777985502.463166,211,7.123655905e-06
1777985502.794470,212,7.157258096e-06
1777985503.143263,213,7.190860288e-06
1777985503.513463,214,7.224462479e-06
1777985503.949376,215,7.25806467e-06
1777985504.383035,216,7.291666861e-06
1777985504.811991,217,7.325268598e-06
1777985505.214982,218,7.358870789e-06
1777985505.627819,219,7.39247298e-06
1777985506.008869,220,7.426075172e-06
1777985506.428417,221,7.459677363e-06
1777985506.878542,222,7.493279554e-06
1777985507.321891,223,7.526881745e-06
1777985507.740451,224,7.560483937e-06
1777985508.187718,225,7.594086128e-06
1777985508.649642,226,7.627688319e-06
1777985509.076724,227,7.66129051e-06
1777985509.499260,228,7.694892702e-06
1777985509.909296,229,7.728494893e-06
1777985510.323267,230,7.762097084e-06
1777985510.724395,231,7.795699275e-06
1777985511.094476,232,7.829301467e-06
1777985511.470160,233,7.862903658e-06
1777985511.824960,234,7.89650494e-06
1777985512.204014,235,7.930107131e-06
1777985512.532031,236,7.963709322e-06
1777985512.905589,237,7.997311513e-06
1777985513.271417,238,8.030913705e-06
1777985513.651149,239,8.064515896e-06
1777985513.989905,240,8.098118087e-06
1777985514.524969,241,8.131720278e-06
1777985514.964315,242,8.16532247e-06
1777985515.385875,243,8.198924661e-06
1777985515.800885,244,8.232526852e-06
1777985516.227670,245,8.266129043e-06
1777985516.618260,246,8.299731235e-06
1777985517.006255,247,8.333333426e-06
1777985517.388817,248,8.366935617e-06
1777985517.796199,249,8.400537808e-06
1777985518.183530,250,8.43414e-06
1777985518.626095,251,8.467742191e-06
1777985519.007598,252,8.501344382e-06
1777985519.509216,253,8.534946573e-06
1777985519.915350,254,8.568548765e-06
1777985520.337185,255,8.602150956e-06
1777985520.736318,256,8.635752238e-06
1777985521.120622,257,8.669354429e-06
1777985521.508276,258,8.70295662e-06
1777985521.863744,259,8.736558812e-06
1777985522.226347,260,8.770161003e-06
1777985522.570438,261,8.803763194e-06
1777985522.910790,262,8.837365385e-06
1777985523.250550,263,8.870967577e-06
1777985523.638599,264,8.904569768e-06
1777985524.005517,265,8.938171959e-06
1777985524.381950,266,8.97177415e-06
1777985524.724035,267,9.005376342e-06
1777985525.076535,268,9.038978533e-06
1777985525.438389,269,9.072580724e-06
1777985525.823332,270,9.106182915e-06
1777985526.173361,271,9.139785107e-06
1777985526.541408,272,9.173387298e-06
1777985526.918815,273,9.206989489e-06
1777985527.272810,274,9.24059168e-06
1777985527.651150,275,9.274193872e-06
1777985528.041995,276,9.307796063e-06
1777985528.398399,277,9.341398254e-06
1777985528.765265,278,9.375000445e-06
1777985529.132904,279,9.408601727e-06
1777985529.509515,280,9.442203918e-06
1777985529.899981,281,9.47580611e-06
1777985530.238802,282,9.509408301e-06
1777985530.612412,283,9.543010492e-06
1777985530.952727,284,9.576612683e-06
1777985531.347337,285,9.610214875e-06
1777985531.783437,286,9.643817066e-06
1777985532.149457,287,9.677419257e-06
1777985532.500164,288,9.711021448e-06
1777985532.839958,289,9.74462364e-06
1777985533.185463,290,9.778225831e-06
1777985533.595890,291,9.811828022e-06
1777985533.970539,292,9.845430213e-06
1777985534.361068,293,9.879032405e-06
1777985534.749260,294,9.912634596e-06
1777985535.111553,295,9.946236787e-06
1777985535.561997,296,9.979838978e-06
1777985535.981486,297,1.001344117e-05
1777985536.392286,298,1.004704336e-05
1777985536.806140,299,1.008064555e-05
1777985537.260869,300,1.011424774e-05
1777985537.681960,301,1.014784903e-05
1777985538.090641,302,1.018145122e-05
1777985538.451754,303,1.021505341e-05
1777985538.850111,304,1.02486556e-05
1777985539.250377,305,1.028225779e-05
1777985539.673053,306,1.031585998e-05
1777985540.096229,307,1.034946217e-05
1777985540.516515,308,1.038306436e-05
1777985540.916485,309,1.041666656e-05
1777985541.332622,310,1.045026875e-05
1777985541.727961,311,1.048387094e-05
1777985542.167129,312,1.051747313e-05
1777985542.581565,313,1.055107532e-05
1777985542.976492,314,1.058467751e-05
1777985543.405264,315,1.06182797e-05
1777985543.820008,316,1.065188189e-05
1777985544.228992,317,1.068548409e-05
1777985544.652384,318,1.071908628e-05
1777985545.062479,319,1.075268847e-05
1777985545.494604,320,1.078629066e-05
1777985545.849087,321,1.081989285e-05
1777985546.271288,322,1.085349504e-05
1777985546.681910,323,1.088709632e-05
1777985547.089129,324,1.092069851e-05
1777985547.533771,325,1.095430071e-05
1777985562.866042,326,1.09879029e-05
1777985563.283162,327,1.102150509e-05
1777985563.660868,328,1.105510728e-05
1777985564.052622,329,1.108870947e-05
1777985564.475904,330,1.112231166e-05
1777985564.879142,331,1.115591385e-05
1777985565.334979,332,1.118951604e-05
1777985565.751752,333,1.122311824e-05
1777985566.151565,334,1.125672043e-05
1777985566.545496,335,1.129032262e-05
1777985566.982444,336,1.132392481e-05
1777985567.415252,337,1.1357527e-05
1777985567.809910,338,1.139112919e-05
1777985568.209164,339,1.142473138e-05
1777985568.618862,340,1.145833357e-05
1777985569.000661,341,1.149193577e-05
1777985569.391754,342,1.152553796e-05
1777985569.787681,343,1.155914015e-05
1777985570.169942,344,1.159274234e-05
1777985570.565225,345,1.162634453e-05
1777985571.004785,346,1.165994581e-05
1777985571.393555,347,1.1693548e-05
1777985571.820585,348,1.172715019e-05
1777985572.292953,349,1.176075239e-05
1777985572.701647,350,1.179435458e-05
1777985573.165739,351,1.182795677e-05
1777985573.528403,352,1.186155896e-05
1777985573.926570,353,1.189516115e-05
1777985574.318825,354,1.192876334e-05
1777985574.701355,355,1.196236553e-05
1777985575.146326,356,1.199596772e-05
1777985575.579338,357,1.202956992e-05
1777985575.954654,358,1.206317211e-05
1777985576.363495,359,1.20967743e-05
1777985576.748199,360,1.213037649e-05
1777985577.148706,361,1.216397868e-05
1777985577.575304,362,1.219758087e-05
1777985578.014383,363,1.223118306e-05
1777985578.426839,364,1.226478525e-05
1777985578.827983,365,1.229838745e-05
1777985579.224152,366,1.233198964e-05
1777985579.594779,367,1.236559183e-05
1777985580.004452,368,1.239919311e-05
1777985580.411761,369,1.24327953e-05
1777985580.787961,370,1.246639749e-05
1777985581.165922,371,1.249999968e-05
1777985581.572832,372,1.253360188e-05
1777985581.924016,373,1.256720407e-05
1777985582.320183,374,1.260080626e-05
1777985582.736528,375,1.263440845e-05
1777985583.158173,376,1.266801064e-05
1777985583.535513,377,1.270161283e-05
1777985583.922668,378,1.273521502e-05
1777985584.351757,379,1.276881721e-05
1777985584.809404,380,1.280241941e-05
1777985585.205223,381,1.28360216e-05
1777985585.665128,382,1.286962379e-05
1777985586.092522,383,1.290322598e-05
1777985586.520015,384,1.293682817e-05
1777985586.883890,385,1.297043036e-05
1777985587.304107,386,1.300403255e-05
1777985587.688925,387,1.303763474e-05
1777985588.114961,388,1.307123694e-05
1777985588.512873,389,1.310483913e-05
1777985588.907803,390,1.313844041e-05
1777985589.287471,391,1.31720426e-05
1777985589.736636,392,1.320564479e-05
1777985590.193985,393,1.323924698e-05
1777985590.661785,394,1.327284917e-05
1777985591.057827,395,1.330645136e-05
1777985591.466424,396,1.334005356e-05
1777985591.915676,397,1.337365575e-05
1777985592.312066,398,1.340725794e-05
1777985592.723507,399,1.344086013e-05
1777985593.177256,400,1.347446232e-05
1777985593.559632,401,1.350806451e-05
1777985594.017688,402,1.35416667e-05
1777985594.370976,403,1.357526889e-05
1777985594.758231,404,1.360887109e-05
1777985595.124478,405,1.364247328e-05
1777985595.480978,406,1.367607547e-05
1777985595.844505,407,1.370967766e-05
1777985596.198225,408,1.374327985e-05
1777985596.568857,409,1.377688204e-05
1777985596.982087,410,1.381048423e-05
1777985597.341879,411,1.384408642e-05
1777985597.721529,412,1.387768862e-05
1777985598.104907,413,1.39112899e-05
1777985598.477582,414,1.394489209e-05
1777985598.844195,415,1.397849428e-05
1777985599.245973,416,1.401209647e-05
1777985599.621342,417,1.404569866e-05
1777985600.019848,418,1.407930085e-05
1777985600.422972,419,1.411290305e-05
1777985600.787651,420,1.414650524e-05
1777985601.154527,421,1.418010743e-05
1777985601.520115,422,1.421370962e-05
1777985601.889038,423,1.424731181e-05
1777985602.241915,424,1.4280914e-05
1777985602.602296,425,1.431451619e-05
1777985602.949917,426,1.434811838e-05
1777985603.329360,427,1.438172058e-05
1777985603.720067,428,1.441532277e-05
1777985604.059989,429,1.444892496e-05
1777985604.430702,430,1.448252715e-05
1777985604.783347,431,1.451612934e-05
1777985605.165303,432,1.454973153e-05
1777985605.542157,433,1.458333372e-05
1777985605.911117,434,1.461693591e-05
1777985606.309773,435,1.46505372e-05
1777985606.684042,436,1.468413939e-05
1777985607.032160,437,1.471774158e-05
1777985607.415872,438,1.475134377e-05
1777985607.798072,439,1.478494596e-05
1777985608.161563,440,1.481854815e-05
1777985608.511574,441,1.485215034e-05
1777985608.900846,442,1.488575253e-05
1777985609.228464,443,1.491935473e-05
1777985609.630465,444,1.495295692e-05
1777985610.003436,445,1.498655911e-05
1777985610.360440,446,1.50201613e-05
1777985610.728059,447,1.505376349e-05
1777985611.075617,448,1.508736568e-05
1777985611.465179,449,1.512096787e-05
1777985611.891304,450,1.515457006e-05
1777985612.223568,451,1.518817226e-05
1777985612.572796,452,1.522177445e-05
1777985612.956182,453,1.525537664e-05
1777985613.353820,454,1.528897883e-05
1777985613.751483,455,1.532258102e-05
1777985614.175128,456,1.535618321e-05
1777985614.600288,457,1.53897854e-05
1777985614.998019,458,1.542338759e-05
1777985615.408958,459,1.545698979e-05
1777985615.803117,460,1.549059198e-05
1777985616.231204,461,1.552419417e-05
1777985616.642203,462,1.555779636e-05
1777985617.050476,463,1.559139855e-05
1777985617.462266,464,1.562500074e-05
1777985617.877002,465,1.565860293e-05
1777985618.304189,466,1.569220512e-05
1777985618.671689,467,1.572580732e-05
1777985619.048530,468,1.575940951e-05
1777985619.433454,469,1.579300988e-05
1777985619.883371,470,1.582661207e-05
1777985620.285411,471,1.586021426e-05
1777985620.677154,472,1.589381645e-05
1777985621.051240,473,1.592741864e-05
1777985621.454138,474,1.596102084e-05
1777985621.888128,475,1.599462303e-05
1777985622.360534,476,1.602822522e-05
1777985622.744283,477,1.606182741e-05
1777985623.181690,478,1.60954296e-05
1777985623.576234,479,1.612903179e-05
1777985623.992538,480,1.616263398e-05
1777985624.385372,481,1.619623617e-05
1777985624.763585,482,1.622983837e-05
1777985625.137044,483,1.626344056e-05
1777985625.528505,484,1.629704275e-05
1777985625.927355,485,1.633064494e-05
1777985626.409229,486,1.636424713e-05
1777985626.834187,487,1.639784932e-05
1777985627.216983,488,1.643145151e-05
1777985627.716247,489,1.64650537e-05
1777985628.133437,490,1.64986559e-05
1777985628.568626,491,1.653225809e-05
1777985628.942320,492,1.656586028e-05
1777985629.320812,493,1.659946247e-05
1777985629.743854,494,1.663306466e-05
1777985630.172828,495,1.666666685e-05
1777985630.561005,496,1.670026904e-05
1777985630.972563,497,1.673387123e-05
1777985631.373621,498,1.676747343e-05
1777985631.805003,499,1.680107562e-05
1777985632.244107,500,1.683467781e-05
1777985632.650908,501,1.686828e-05
1777985633.032696,502,1.690188219e-05
1777985633.432242,503,1.693548438e-05
1777985633.848644,504,1.696908657e-05
1777985634.212877,505,1.700268876e-05
1777985634.583588,506,1.703629096e-05
1777985635.000076,507,1.706989315e-05
1777985635.398894,508,1.710349534e-05
1777985635.768990,509,1.713709753e-05
1777985636.137753,510,1.717069972e-05
1777985636.525083,511,1.720430191e-05
1777985636.918290,512,1.72379041e-05
1777985637.291366,513,1.727150448e-05
1777985637.704962,514,1.730510667e-05
1777985638.107870,515,1.733870886e-05
1777985638.505418,516,1.737231105e-05
1777985638.907726,517,1.740591324e-05
1777985639.313743,518,1.743951543e-05
1777985639.729319,519,1.747311762e-05
1777985640.139647,520,1.750671981e-05
1777985640.492205,521,1.754032201e-05
1777985640.825858,522,1.75739242e-05
1777985641.177923,523,1.760752639e-05
1777985641.554625,524,1.764112858e-05
1777985641.964983,525,1.767473077e-05
1777985642.286502,526,1.770833296e-05
1777985642.657786,527,1.774193515e-05
1777985643.050471,528,1.777553734e-05
1777985643.421619,529,1.780913954e-05
1777985643.815887,530,1.784274173e-05
1777985644.150398,531,1.787634392e-05
1777985644.517457,532,1.790994611e-05
1777985644.851685,533,1.79435483e-05
1777985645.200830,534,1.797715049e-05
1777985645.539535,535,1.801075268e-05
1777985645.881562,536,1.804435487e-05
1777985646.255824,537,1.807795707e-05
1777985646.576780,538,1.811155926e-05
1777985646.957372,539,1.814516145e-05
1777985647.358252,540,1.817876364e-05
1777985647.725752,541,1.821236583e-05
1777985648.130518,542,1.824596802e-05
1777985648.496532,543,1.827957021e-05
1777985648.880713,544,1.83131724e-05
1777985649.240758,545,1.83467746e-05
1777985649.631646,546,1.838037679e-05
1777985650.008003,547,1.841397898e-05
1777985650.357707,548,1.844758117e-05
1777985650.694813,549,1.848118336e-05
1777985651.066671,550,1.851478555e-05
1777985651.457645,551,1.854838774e-05
1777985651.778841,552,1.858198993e-05
1777985652.162193,553,1.861559213e-05
1777985652.512547,554,1.864919432e-05
1777985652.874230,555,1.868279651e-05
1777985653.279749,556,1.87163987e-05
1777985653.631232,557,1.875000089e-05
1777985654.012149,558,1.878360126e-05
1777985654.372268,559,1.881720345e-05
1777985654.737854,560,1.885080565e-05
1777985655.074426,561,1.888440784e-05
1777985655.443255,562,1.891801003e-05
1777985655.800392,563,1.895161222e-05
1777985656.123183,564,1.898521441e-05
1777985656.496446,565,1.90188166e-05
1777985656.825268,566,1.905241879e-05
1777985657.181705,567,1.908602098e-05
1777985657.559291,568,1.911962318e-05
1777985657.945632,569,1.915322537e-05
1777985658.317353,570,1.918682756e-05
1777985658.684152,571,1.922042975e-05
1777985659.059042,572,1.925403194e-05
1777985659.425246,573,1.928763413e-05
1777985659.780728,574,1.932123632e-05
1777985660.163863,575,1.935483851e-05
1777985660.524977,576,1.938844071e-05
1777985660.875139,577,1.94220429e-05
1777985661.227220,578,1.945564509e-05
1777985661.586340,579,1.948924728e-05
1777985661.980399,580,1.952284947e-05
1777985662.376380,581,1.955645166e-05
1777985662.772650,582,1.959005385e-05
1777985663.117561,583,1.962365604e-05
1777985663.456895,584,1.965725824e-05
1777985663.826681,585,1.969086043e-05
1777985664.168986,586,1.972446262e-05
1777985664.543662,587,1.975806481e-05
1777985664.897521,588,1.9791667e-05
1777985665.270848,589,1.982526919e-05
1777985665.620888,590,1.985887138e-05
1777985665.986533,591,1.989247357e-05
1777985666.395159,592,1.992607577e-05
1777985666.735136,593,1.995967796e-05
1777985667.101971,594,1.999328015e-05
1777985667.417949,595,2.002688234e-05
1777985667.787431,596,2.006048453e-05
1777985668.142570,597,2.009408672e-05
1777985668.490384,598,2.012768891e-05
1777985668.853243,599,2.01612911e-05
1777985669.201093,600,2.01948933e-05
1777985669.543283,601,2.022849549e-05
1777985669.877758,602,2.026209768e-05
1777985670.267896,603,2.029569805e-05
1777985670.646672,604,2.032930024e-05
1777985670.988373,605,2.036290243e-05
1777985671.353572,606,2.039650462e-05
1777985671.709436,607,2.043010682e-05
1777985672.147171,608,2.046370901e-05
1777985672.489102,609,2.04973112e-05
1777985672.833968,610,2.053091339e-05
1777985673.186881,611,2.056451558e-05
1777985786.569979,0,3.360215217e-08
1777985787.193970,1,6.720430434e-08
1777985787.652718,2,1.00806453e-07
1777985788.061000,3,1.344086087e-07
1777985799.068536,4,1.680107573e-07
1777985799.471697,5,2.016129059e-07
1777985799.867588,6,2.352150545e-07
1777985800.249787,7,2.688172174e-07
1777985800.643382,8,3.024193518e-07
1777985801.130069,9,3.360215146e-07
1777985801.500374,10,3.69623649e-07
1777985801.932220,11,4.032258119e-07
1777985802.343947,12,4.368279463e-07
1777985802.807063,13,4.704301091e-07
1777985803.247891,14,5.040322435e-07
1777985803.615760,15,5.376344347e-07
1777985804.200360,16,5.712365692e-07
1777985804.557996,17,6.048387036e-07
1777985804.925270,18,6.38440838e-07
1777985805.384395,19,6.720430292e-07
1777985805.747596,20,7.056451636e-07
1777985806.122702,21,7.39247298e-07
1777985806.500892,22,7.728494893e-07
1777985806.911459,23,8.064516237e-07
1777985807.326033,24,8.400537581e-07
1777985807.702242,25,8.736558925e-07
1777985808.134789,26,9.072580838e-07
1777985808.499034,27,9.408602182e-07
1777985808.851381,28,9.744624094e-07
1777985809.259925,29,1.008064487e-06
1777985809.643170,30,1.041666678e-06
1777985810.022810,31,1.075268869e-06
1777985810.426569,32,1.108870947e-06
1777985810.835700,33,1.142473138e-06
1777985811.216642,34,1.176075216e-06
1777985811.611224,35,1.209677407e-06
1777985812.108372,36,1.243279598e-06
1777985812.482336,37,1.276881676e-06
1777985812.903155,38,1.310483867e-06
1777985813.322156,39,1.344086058e-06
1777985813.705714,40,1.377688136e-06
1777985814.112124,41,1.411290327e-06
1777985814.473949,42,1.444892519e-06
1777985814.891088,43,1.478494596e-06
1777985815.243007,44,1.512096787e-06
1777985815.717168,45,1.545698979e-06
1777985816.113600,46,1.579301056e-06
1777985816.487786,47,1.612903247e-06
1777985816.984209,48,1.646505325e-06
1777985817.353439,49,1.680107516e-06
1777985817.746197,50,1.713709707e-06
1777985818.152807,51,1.747311785e-06
1777985818.536434,52,1.780913976e-06
1777985818.879865,53,1.814516168e-06
1777985819.239377,54,1.848118245e-06
1777985819.589591,55,1.881720436e-06
1777985819.968749,56,1.915322628e-06
1777985820.346446,57,1.948924819e-06
1777985820.690412,58,1.982526783e-06
1777985821.135818,59,2.016128974e-06
1777985821.547847,60,2.049731165e-06
1777985821.955738,61,2.083333356e-06
1777985822.325826,62,2.116935548e-06
1777985822.685790,63,2.150537739e-06
1777985823.119697,64,2.184139703e-06
1777985823.492988,65,2.217741894e-06
1777985823.906478,66,2.251344085e-06
1777985824.289092,67,2.284946277e-06
1777985824.678706,68,2.318548468e-06
1777985825.046018,69,2.352150432e-06
1777985825.398625,70,2.385752623e-06
1777985825.759587,71,2.419354814e-06
1777985826.142906,72,2.452957006e-06
1777985826.503084,73,2.486559197e-06
1777985826.916758,74,2.520161388e-06
1777985827.278865,75,2.553763352e-06
1777985827.688228,76,2.587365543e-06
1777985828.070619,77,2.620967734e-06
1777985828.482938,78,2.654569926e-06
1777985828.918490,79,2.688172117e-06
1777985829.345285,80,2.721774081e-06
1777985829.826499,81,2.755376272e-06
1777985830.265887,82,2.788978463e-06
1777985830.632669,83,2.822580655e-06
1777985831.024972,84,2.856182846e-06
1777985831.452327,85,2.889785037e-06
1777985831.842931,86,2.923387001e-06
1777985832.284449,87,2.956989192e-06
1777985832.732053,88,2.990591383e-06
1777985833.168777,89,3.024193575e-06
1777985833.569777,90,3.057795766e-06
1777985833.979471,91,3.091397957e-06
1777985834.399301,92,3.124999921e-06
1777985834.817878,93,3.158602112e-06
1777985835.210296,94,3.192204304e-06
1777985835.608750,95,3.225806495e-06
1777985836.005069,96,3.259408686e-06
1777985836.416679,97,3.29301065e-06
1777985836.823770,98,3.326612841e-06
1777985837.206328,99,3.360215032e-06
1777985837.629185,100,3.393817224e-06
1777985837.991876,101,3.427419415e-06
1777985838.433656,102,3.461021606e-06
1777985838.884434,103,3.49462357e-06
1777985839.288955,104,3.528225761e-06
1777985839.684306,105,3.561827953e-06
1777985840.079929,106,3.595430144e-06
1777985840.476228,107,3.629032335e-06
1777985840.876353,108,3.662634299e-06
1777985841.346628,109,3.69623649e-06
1777985841.729653,110,3.729838681e-06
1777985842.137734,111,3.763440873e-06
1777985842.540771,112,3.797043064e-06
1777985842.933265,113,3.830645255e-06
1777985843.386686,114,3.864247446e-06
1777985843.799647,115,3.897849638e-06
1777985844.210569,116,3.931451829e-06
1777985844.606582,117,3.965053565e-06
1777985844.995882,118,3.998655757e-06
1777985845.446021,119,4.032257948e-06
1777985845.807322,120,4.065860139e-06
1777985846.216846,121,4.09946233e-06
1777985846.660398,122,4.133064522e-06
1777985847.069423,123,4.166666713e-06
1777985847.462232,124,4.200268904e-06
1777985847.902164,125,4.233871095e-06
1777985848.318944,126,4.267473287e-06
1777985848.748934,127,4.301075478e-06
1777985849.138657,128,4.334677215e-06
1777985849.545213,129,4.368279406e-06
1777985849.969283,130,4.401881597e-06
1777985850.399022,131,4.435483788e-06
1777985850.824343,132,4.46908598e-06
1777985851.249124,133,4.502688171e-06
1777985851.673340,134,4.536290362e-06
1777985852.088738,135,4.569892553e-06
1777985852.510271,136,4.603494745e-06
1777985852.941237,137,4.637096936e-06
1777985853.344696,138,4.670699127e-06
1777985853.775435,139,4.704300864e-06
1777985854.250594,140,4.737903055e-06
1777985854.667171,141,4.771505246e-06
1777985855.145306,142,4.805107437e-06
1777985855.562988,143,4.838709629e-06
1777985855.954835,144,4.87231182e-06
1777985856.358686,145,4.905914011e-06
1777985856.761579,146,4.939516202e-06
1777985857.126794,147,4.973118394e-06
1777985857.493470,148,5.006720585e-06
1777985857.872660,149,5.040322776e-06
1777985858.289727,150,5.073924513e-06
1777985858.712924,151,5.107526704e-06
1777985859.107840,152,5.141128895e-06
1777985859.545100,153,5.174731086e-06
1777985859.965509,154,5.208333278e-06
1777985860.368354,155,5.241935469e-06
1777985860.809334,156,5.27553766e-06
1777985861.199482,157,5.309139851e-06
1777985861.570650,158,5.342742043e-06
1777985861.978036,159,5.376344234e-06
1777985862.333202,160,5.409946425e-06
1777985862.707039,161,5.443548162e-06
1777985863.132999,162,5.477150353e-06
1777985863.542888,163,5.510752544e-06
1777985863.938821,164,5.544354735e-06
1777985864.280645,165,5.577956927e-06
1777985864.617657,166,5.611559118e-06
1777985865.012658,167,5.645161309e-06
1777985865.396791,168,5.6787635e-06
1777985865.840170,169,5.712365692e-06
1777985866.251523,170,5.745967883e-06
1777985866.611642,171,5.779570074e-06
1777985866.995557,172,5.813172265e-06
1777985867.397847,173,5.846774002e-06
1777985867.753722,174,5.880376193e-06
1777985868.150822,175,5.913978384e-06
1777985868.543277,176,5.947580576e-06
1777985868.956856,177,5.981182767e-06
1777985869.354544,178,6.014784958e-06
1777985869.751684,179,6.048387149e-06
1777985870.148211,180,6.081989341e-06
1777985870.554401,181,6.115591532e-06
1777985870.956388,182,6.149193723e-06
1777985871.383666,183,6.182795914e-06
1777985871.786924,184,6.216397651e-06
1777985872.247576,185,6.249999842e-06
1777985872.641116,186,6.283602033e-06
1777985873.006354,187,6.317204225e-06
1777985873.381128,188,6.350806416e-06
1777985873.787769,189,6.384408607e-06
1777985874.178939,190,6.418010798e-06
1777985874.554312,191,6.45161299e-06
1777985874.957110,192,6.485215181e-06
1777985875.319108,193,6.518817372e-06
1777985875.690256,194,6.552419563e-06
1777985876.095260,195,6.5860213e-06
1777985876.518161,196,6.619623491e-06
1777985876.922999,197,6.653225682e-06
1777985877.282116,198,6.686827874e-06
1777985877.727839,199,6.720430065e-06
1777985878.122532,200,6.754032256e-06
1777985878.508551,201,6.787634447e-06
1777985878.896682,202,6.821236639e-06
1777985879.306519,203,6.85483883e-06
1777985879.729457,204,6.888441021e-06
1777985880.128046,205,6.922043212e-06
1777985880.539390,206,6.955644949e-06
1777985880.937217,207,6.98924714e-06
1777985881.323751,208,7.022849331e-06
1777985881.698101,209,7.056451523e-06
1777985882.101573,210,7.090053714e-06
1777985882.494435,211,7.123655905e-06
1777985882.853597,212,7.157258096e-06
1777985883.236054,213,7.190860288e-06
1777985883.628932,214,7.224462479e-06
1777985884.066115,215,7.25806467e-06
1777985884.475181,216,7.291666861e-06
1777985884.902725,217,7.325268598e-06
1777985885.293251,218,7.358870789e-06
1777985885.668485,219,7.39247298e-06
1777985886.056096,220,7.426075172e-06
1777985886.475255,221,7.459677363e-06
1777985886.898971,222,7.493279554e-06
1777985887.333073,223,7.526881745e-06
1777985887.745595,224,7.560483937e-06
1777985888.151001,225,7.594086128e-06
1777985888.600707,226,7.627688319e-06
1777985889.008120,227,7.66129051e-06
1777985889.420648,228,7.694892702e-06
1777985889.802658,229,7.728494893e-06
1777985890.214642,230,7.762097084e-06
1777985890.600940,231,7.795699275e-06
1777985890.942816,232,7.829301467e-06
1777985891.332943,233,7.862903658e-06
1777985891.731369,234,7.89650494e-06
1777985892.138221,235,7.930107131e-06
1777985892.511516,236,7.963709322e-06
1777985892.913380,237,7.997311513e-06
1777985893.323824,238,8.030913705e-06
1777985893.749295,239,8.064515896e-06
1777985894.122097,240,8.098118087e-06
1777985894.687907,241,8.131720278e-06
1777985895.098627,242,8.16532247e-06
1777985895.497038,243,8.198924661e-06
1777985895.929880,244,8.232526852e-06
1777985896.301241,245,8.266129043e-06
1777985896.732785,246,8.299731235e-06
1777985897.163655,247,8.333333426e-06
1777985897.574885,248,8.366935617e-06
1777985897.993157,249,8.400537808e-06
1777985898.420668,250,8.43414e-06
1777985898.904936,251,8.467742191e-06
1777985899.325748,252,8.501344382e-06
1777985899.856660,253,8.534946573e-06
1777985900.276357,254,8.568548765e-06
1777985900.677315,255,8.602150956e-06
1777985901.088361,256,8.635752238e-06
1777985901.509907,257,8.669354429e-06
1777985901.903224,258,8.70295662e-06
1777985902.245646,259,8.736558812e-06
1777985902.602162,260,8.770161003e-06
1777985902.979188,261,8.803763194e-06
1777985903.360949,262,8.837365385e-06
1777985903.736915,263,8.870967577e-06
1777985904.172904,264,8.904569768e-06
1777985904.583551,265,8.938171959e-06
1777985904.979262,266,8.97177415e-06
1777985905.351105,267,9.005376342e-06
1777985905.747887,268,9.038978533e-06
1777985906.151687,269,9.072580724e-06
1777985906.589694,270,9.106182915e-06
1777985907.000966,271,9.139785107e-06
1777985907.417434,272,9.173387298e-06
1777985907.822514,273,9.206989489e-06
1777985908.196692,274,9.24059168e-06
1777985908.588810,275,9.274193872e-06
1777985909.025351,276,9.307796063e-06
1777985909.437013,277,9.341398254e-06
1777985909.845901,278,9.375000445e-06
1777985910.264413,279,9.408601727e-06
1777985910.680475,280,9.442203918e-06
1777985911.117852,281,9.47580611e-06
1777985911.503752,282,9.509408301e-06
1777985911.941752,283,9.543010492e-06
1777985912.332893,284,9.576612683e-06
1777985912.766204,285,9.610214875e-06
1777985913.222806,286,9.643817066e-06
1777985913.618311,287,9.677419257e-06
1777985914.011901,288,9.711021448e-06
1777985914.379259,289,9.74462364e-06
1777985914.740759,290,9.778225831e-06
1777985915.138582,291,9.811828022e-06
1777985915.499921,292,9.845430213e-06
1777985915.840066,293,9.879032405e-06
1777985916.215147,294,9.912634596e-06
1777985916.556295,295,9.946236787e-06
1777985916.995990,296,9.979838978e-06
1777985917.421986,297,1.001344117e-05
1777985917.837492,298,1.004704336e-05
1777985918.259089,299,1.008064555e-05
1777985918.722346,300,1.011424774e-05
1777985919.145669,301,1.014784903e-05
1777985919.558885,302,1.018145122e-05
1777985919.932133,303,1.021505341e-05
1777985920.328040,304,1.02486556e-05
1777985920.718307,305,1.028225779e-05
1777985921.129678,306,1.031585998e-05
1777985921.547614,307,1.034946217e-05
1777985921.973771,308,1.038306436e-05
1777985922.385432,309,1.041666656e-05
1777985922.803613,310,1.045026875e-05
1777985923.174564,311,1.048387094e-05
1777985923.607365,312,1.051747313e-05
1777985924.051628,313,1.055107532e-05
1777985924.471068,314,1.058467751e-05
1777985924.907851,315,1.06182797e-05
1777985925.337805,316,1.065188189e-05
1777985925.765857,317,1.068548409e-05
1777985926.183202,318,1.071908628e-05
1777985926.602341,319,1.075268847e-05
1777985927.065435,320,1.078629066e-05
1777985927.426797,321,1.081989285e-05
1777985927.845556,322,1.085349504e-05
1777985928.275635,323,1.088709632e-05
1777985928.694089,324,1.092069851e-05
1777985929.150754,325,1.095430071e-05
1777985929.596997,326,1.09879029e-05
1777985929.979268,327,1.102150509e-05
1777985930.347365,328,1.105510728e-05
1777985930.723714,329,1.108870947e-05
1777985931.116533,330,1.112231166e-05
1777985931.509661,331,1.115591385e-05
1777985931.967054,332,1.118951604e-05
1777985932.397970,333,1.122311824e-05
1777985932.814909,334,1.125672043e-05
1777985933.215677,335,1.129032262e-05
1777985933.646194,336,1.132392481e-05
1777985934.088820,337,1.1357527e-05
1777985934.490102,338,1.139112919e-05
1777985934.895592,339,1.142473138e-05
1777985935.286179,340,1.145833357e-05
1777985935.649190,341,1.149193577e-05
1777985936.028494,342,1.152553796e-05
1777985936.423368,343,1.155914015e-05
1777985936.817196,344,1.159274234e-05
1777985937.208441,345,1.162634453e-05
1777985937.659112,346,1.165994581e-05
1777985938.064265,347,1.1693548e-05
1777985938.513028,348,1.172715019e-05
1777985938.973616,349,1.176075239e-05
1777985939.382815,350,1.179435458e-05
1777985939.841991,351,1.182795677e-05
1777985940.195957,352,1.186155896e-05
1777985940.582824,353,1.189516115e-05
1777985940.981949,354,1.192876334e-05
1777985941.369160,355,1.196236553e-05
1777985941.799147,356,1.199596772e-05
1777985942.242736,357,1.202956992e-05
1777985942.630007,358,1.206317211e-05
1777985943.051860,359,1.20967743e-05
1777985943.462922,360,1.213037649e-05
1777985943.862512,361,1.216397868e-05
1777985944.291469,362,1.219758087e-05
1777985944.730995,363,1.223118306e-05
1777985945.160061,364,1.226478525e-05
1777985945.574432,365,1.229838745e-05
1777985945.974733,366,1.233198964e-05
1777985946.349874,367,1.236559183e-05
1777985946.767562,368,1.239919311e-05
1777985947.183483,369,1.24327953e-05
1777985947.559588,370,1.246639749e-05
1777985947.934312,371,1.249999968e-05
1777985948.332391,372,1.253360188e-05
1777985948.709207,373,1.256720407e-05
1777985949.110609,374,1.260080626e-05
1777985949.536409,375,1.263440845e-05
1777985949.956449,376,1.266801064e-05
1777985950.365884,377,1.270161283e-05
1777985950.747291,378,1.273521502e-05
1777985951.173451,379,1.276881721e-05
1777985951.615693,380,1.280241941e-05
1777985952.008243,381,1.28360216e-05
1777985952.401099,382,1.286962379e-05
1777985952.813278,383,1.290322598e-05
1777985953.221930,384,1.293682817e-05
1777985953.592439,385,1.297043036e-05
1777985954.011445,386,1.300403255e-05
1777985954.390790,387,1.303763474e-05
1777985954.800545,388,1.307123694e-05
1777985955.180053,389,1.310483913e-05
1777985955.585654,390,1.313844041e-05
1777985955.963988,391,1.31720426e-05
1777985956.412985,392,1.320564479e-05
1777985956.851250,393,1.323924698e-05
1777985957.309474,394,1.327284917e-05
1777985957.713238,395,1.330645136e-05
1777985958.107616,396,1.334005356e-05
1777985958.559248,397,1.337365575e-05
1777985958.959913,398,1.340725794e-05
1777985959.380749,399,1.344086013e-05
1777985959.824664,400,1.347446232e-05
1777985960.174315,401,1.350806451e-05
1777985960.626256,402,1.35416667e-05
1777985961.008228,403,1.357526889e-05
1777985961.426628,404,1.360887109e-05
1777985961.834631,405,1.364247328e-05
1777985962.210871,406,1.367607547e-05
1777985962.626345,407,1.370967766e-05
1777985963.019621,408,1.374327985e-05
1777985963.411147,409,1.377688204e-05
1777985963.878703,410,1.381048423e-05
1777985964.258631,411,1.384408642e-05
1777985964.638375,412,1.387768862e-05
1777985965.022080,413,1.39112899e-05
1777985965.422894,414,1.394489209e-05
1777985965.840775,415,1.397849428e-05
1777985966.277656,416,1.401209647e-05
1777985966.693535,417,1.404569866e-05
1777985967.108226,418,1.407930085e-05
1777985967.539377,419,1.411290305e-05
1777985967.946492,420,1.414650524e-05
1777985968.362595,421,1.418010743e-05
1777985968.771918,422,1.421370962e-05
1777985969.146081,423,1.424731181e-05
1777985969.505221,424,1.4280914e-05
1777985969.891192,425,1.431451619e-05
1777985970.252103,426,1.434811838e-05
1777985970.634278,427,1.438172058e-05
1777985971.027740,428,1.441532277e-05
1777985971.395259,429,1.444892496e-05
1777985971.791986,430,1.448252715e-05
1777985972.180946,431,1.451612934e-05
1777985972.577097,432,1.454973153e-05
1777985972.957951,433,1.458333372e-05
1777985973.344525,434,1.461693591e-05
1777985973.741923,435,1.46505372e-05
1777985974.141249,436,1.468413939e-05
1777985974.535715,437,1.471774158e-05
1777985974.966323,438,1.475134377e-05
1777985975.411633,439,1.478494596e-05
1777985975.823141,440,1.481854815e-05
1777985976.220369,441,1.485215034e-05
1777985976.642499,442,1.488575253e-05
1777985977.003039,443,1.491935473e-05
1777985977.424605,444,1.495295692e-05
1777985977.806330,445,1.498655911e-05
1777985978.161455,446,1.50201613e-05
1777985978.551045,447,1.505376349e-05
1777985978.953553,448,1.508736568e-05
1777985979.394957,449,1.512096787e-05
1777985979.841207,450,1.515457006e-05
1777985980.190406,451,1.518817226e-05
1777985980.559326,452,1.522177445e-05
1777985980.938619,453,1.525537664e-05
1777985981.339510,454,1.528897883e-05
1777985981.700821,455,1.532258102e-05
1777985982.087257,456,1.535618321e-05
1777985982.460479,457,1.53897854e-05
1777985982.823284,458,1.542338759e-05
1777985999.125964,459,1.545698979e-05
1777985999.499437,460,1.549059198e-05
1777985999.951786,461,1.552419417e-05
1777986000.351120,462,1.555779636e-05
1777986000.751526,463,1.559139855e-05
1777986001.158355,464,1.562500074e-05
1777986001.546685,465,1.565860293e-05
1777986001.919415,466,1.569220512e-05
1777986002.295868,467,1.572580732e-05
1777986002.690176,468,1.575940951e-05
1777986003.070214,469,1.579300988e-05
1777986003.446880,470,1.582661207e-05
1777986003.817242,471,1.586021426e-05
1777986004.208516,472,1.589381645e-05
1777986004.610443,473,1.592741864e-05
1777986005.009726,474,1.596102084e-05
1777986005.424867,475,1.599462303e-05
1777986005.871541,476,1.602822522e-05
1777986006.240829,477,1.606182741e-05
1777986006.672715,478,1.60954296e-05
1777986007.057672,479,1.612903179e-05
1777986007.453324,480,1.616263398e-05
1777986007.871434,481,1.619623617e-05
1777986008.274514,482,1.622983837e-05
1777986008.680629,483,1.626344056e-05
1777986009.079629,484,1.629704275e-05
1777986009.486271,485,1.633064494e-05
1777986009.981378,486,1.636424713e-05
1777986010.375824,487,1.639784932e-05
1777986010.729465,488,1.643145151e-05
1777986011.219956,489,1.64650537e-05
1777986011.621817,490,1.64986559e-05
1777986012.069482,491,1.653225809e-05
1777986012.438770,492,1.656586028e-05
1777986012.776348,493,1.659946247e-05
1777986013.188826,494,1.663306466e-05
1777986013.615516,495,1.666666685e-05
1777986014.007020,496,1.670026904e-05
1777986014.421582,497,1.673387123e-05
1777986014.828375,498,1.676747343e-05
1777986015.290022,499,1.680107562e-05
1777986015.722939,500,1.683467781e-05
1777986016.145788,501,1.686828e-05
1777986016.526937,502,1.690188219e-05
1777986016.906250,503,1.693548438e-05
1777986017.298747,504,1.696908657e-05
1777986017.660846,505,1.700268876e-05
1777986018.043965,506,1.703629096e-05
1777986018.464427,507,1.706989315e-05
1777986018.849649,508,1.710349534e-05
1777986019.206702,509,1.713709753e-05
1777986019.575524,510,1.717069972e-05
1777986019.973706,511,1.720430191e-05
1777986020.374934,512,1.72379041e-05
1777986020.719181,513,1.727150448e-05
1777986021.126506,514,1.730510667e-05
1777986021.513254,515,1.733870886e-05
1777986021.923562,516,1.737231105e-05
1777986022.320215,517,1.740591324e-05
1777986022.731502,518,1.743951543e-05
1777986023.137331,519,1.747311762e-05
1777986023.549952,520,1.750671981e-05
1777986023.922785,521,1.754032201e-05
1777986024.278233,522,1.75739242e-05
1777986024.659997,523,1.760752639e-05
1777986025.079257,524,1.764112858e-05
1777986025.528272,525,1.767473077e-05
1777986025.889906,526,1.770833296e-05
1777986026.309158,527,1.774193515e-05
1777986026.736503,528,1.777553734e-05
1777986027.132816,529,1.780913954e-05
1777986027.545863,530,1.784274173e-05
1777986027.917218,531,1.787634392e-05
1777986028.314211,532,1.790994611e-05
1777986028.687905,533,1.79435483e-05
1777986029.045469,534,1.797715049e-05
1777986029.401199,535,1.801075268e-05
1777986029.789649,536,1.804435487e-05
1777986030.173914,537,1.807795707e-05
1777986030.500021,538,1.811155926e-05
1777986030.891530,539,1.814516145e-05
1777986031.284950,540,1.817876364e-05
1777986031.675375,541,1.821236583e-05
1777986032.104291,542,1.824596802e-05
1777986032.485396,543,1.827957021e-05
1777986032.894627,544,1.83131724e-05
1777986033.289351,545,1.83467746e-05
1777986033.729854,546,1.838037679e-05
1777986034.140060,547,1.841397898e-05
1777986034.512764,548,1.844758117e-05
1777986034.894209,549,1.848118336e-05
1777986035.277454,550,1.851478555e-05
1777986035.704593,551,1.854838774e-05
1777986036.037942,552,1.858198993e-05
1777986036.461581,553,1.861559213e-05
1777986036.842874,554,1.864919432e-05
1777986037.223558,555,1.868279651e-05
1777986037.668601,556,1.87163987e-05
1777986038.041185,557,1.875000089e-05
1777986038.469559,558,1.878360126e-05
1777986038.860772,559,1.881720345e-05
1777986039.272918,560,1.885080565e-05
1777986039.673544,561,1.888440784e-05
1777986040.076651,562,1.891801003e-05
1777986040.494519,563,1.895161222e-05
1777986040.842580,564,1.898521441e-05
1777986041.249805,565,1.90188166e-05
1777986041.623459,566,1.905241879e-05
1777986042.025177,567,1.908602098e-05
1777986042.463208,568,1.911962318e-05
1777986042.900612,569,1.915322537e-05
1777986043.299198,570,1.918682756e-05
1777986043.720046,571,1.922042975e-05
1777986044.150201,572,1.925403194e-05
1777986044.557025,573,1.928763413e-05
1777986044.979017,574,1.932123632e-05
1777986045.411422,575,1.935483851e-05
1777986045.820286,576,1.938844071e-05
1777986046.239158,577,1.94220429e-05
1777986046.654600,578,1.945564509e-05
1777986047.039628,579,1.948924728e-05
1777986047.453911,580,1.952284947e-05
1777986047.894071,581,1.955645166e-05
1777986048.306193,582,1.959005385e-05
1777986048.664507,583,1.962365604e-05
1777986049.012948,584,1.965725824e-05
1777986049.439771,585,1.969086043e-05
1777986049.802546,586,1.972446262e-05
1777986064.925581,587,1.975806481e-05
1777986065.366354,588,1.9791667e-05
1777986065.803444,589,1.982526919e-05
1777986066.229715,590,1.985887138e-05
1777986066.668568,591,1.989247357e-05
1777986067.128663,592,1.992607577e-05
1777986067.511302,593,1.995967796e-05
1777986067.911824,594,1.999328015e-05
1777986068.236390,595,2.002688234e-05
1777986068.614747,596,2.006048453e-05
1777986068.985994,597,2.009408672e-05
1777986069.369666,598,2.012768891e-05
1777986069.801234,599,2.01612911e-05
1777986070.160966,600,2.01948933e-05
1777986070.516542,601,2.022849549e-05
1777986070.864836,602,2.026209768e-05
1777986071.262271,603,2.029569805e-05
1777986071.678626,604,2.032930024e-05
1777986072.045229,605,2.036290243e-05
1777986072.436631,606,2.039650462e-05
1777986072.823160,607,2.043010682e-05
1777986073.291246,608,2.046370901e-05
1777986073.682670,609,2.04973112e-05
1777986074.100741,610,2.053091339e-05
1777986074.514847,611,2.056451558e-05
1777986074.947728,612,2.059811777e-05
1777986075.320058,613,2.063171996e-05
1777986075.747942,614,2.066532215e-05
1777986076.213991,615,2.069892435e-05
1777986076.639013,616,2.073252654e-05
1777986077.028859,617,2.076612873e-05
1777986077.449394,618,2.079973092e-05
1777986077.826509,619,2.083333311e-05
1777986078.243358,620,2.08669353e-05
1777986078.699519,621,2.090053749e-05
1777986079.124539,622,2.093413968e-05
1777986079.507623,623,2.096774188e-05
1777986079.947124,624,2.100134407e-05
1777986080.372490,625,2.103494626e-05
1777986080.795489,626,2.106854845e-05
1777986081.219624,627,2.110215064e-05
1777986081.639925,628,2.113575283e-05
1777986082.009462,629,2.116935502e-05
1777986082.412610,630,2.120295721e-05
1777986082.815159,631,2.123655941e-05
1777986083.271567,632,2.12701616e-05
1777986083.658449,633,2.130376379e-05
1777986084.064946,634,2.133736598e-05
1777986084.440394,635,2.137096817e-05
1777986084.888011,636,2.140457036e-05
1777986085.330057,637,2.143817255e-05
1777986085.745507,638,2.147177474e-05
1777986086.144919,639,2.150537694e-05
1777986086.551120,640,2.153897913e-05
1777986086.979829,641,2.157258132e-05
1777986087.432092,642,2.160618351e-05
1777986087.860844,643,2.16397857e-05
1777986088.264691,644,2.167338789e-05
1777986088.695849,645,2.170699008e-05
1777986089.055990,646,2.174059227e-05
1777986089.446106,647,2.177419265e-05
1777986089.797240,648,2.180779484e-05
1777986090.176416,649,2.184139703e-05
1777986090.590342,650,2.187499922e-05
1777986091.046838,651,2.190860141e-05
1777986091.471853,652,2.19422036e-05
1777986091.876749,653,2.197580579e-05
1777986092.255798,654,2.200940799e-05
1777986092.627461,655,2.204301018e-05
1777986093.002588,656,2.207661237e-05
1777986093.390499,657,2.211021456e-05
1777986093.799354,658,2.214381675e-05
1777986094.213009,659,2.217741894e-05
1777986094.624691,660,2.221102113e-05
1777986094.994788,661,2.224462332e-05
1777986095.413480,662,2.227822552e-05
1777986095.791520,663,2.231182771e-05
1777986096.156861,664,2.23454299e-05
1777986096.563801,665,2.237903209e-05
1777986096.935353,666,2.241263428e-05
1777986097.329944,667,2.244623647e-05
1777986097.709966,668,2.247983866e-05
1777986098.127707,669,2.251344085e-05
1777986098.532739,670,2.254704305e-05
1777986098.939595,671,2.258064524e-05
1777986099.298981,672,2.261424743e-05
1777986099.650114,673,2.264784962e-05
1777986100.026514,674,2.268145181e-05
1777986100.415167,675,2.2715054e-05
1777986100.816390,676,2.274865619e-05
1777986101.178280,677,2.278225838e-05
1777986101.624082,678,2.281586058e-05
1777986101.974750,679,2.284946277e-05
1777986102.336120,680,2.288306496e-05
1777986102.741014,681,2.291666715e-05
1777986103.163392,682,2.295026934e-05
1777986103.591278,683,2.298387153e-05
1777986103.972678,684,2.301747372e-05
1777986104.347349,685,2.305107591e-05
1777986104.701638,686,2.308467811e-05
1777986105.154487,687,2.31182803e-05
1777986105.515913,688,2.315188249e-05
1777986105.935630,689,2.318548468e-05
1777986106.355408,690,2.321908687e-05
1777986106.733626,691,2.325268906e-05
1777986107.127038,692,2.328628943e-05
1777986107.522917,693,2.331989162e-05
1777986107.912427,694,2.335349382e-05
1777986108.294946,695,2.338709601e-05
1777986108.663500,696,2.34206982e-05
1777986109.094308,697,2.345430039e-05
1777986109.441675,698,2.348790258e-05
1777986109.781707,699,2.352150477e-05
1777986110.147535,700,2.355510696e-05
1777986110.534742,701,2.358870915e-05
1777986110.938691,702,2.362231135e-05
1777986111.390153,703,2.365591354e-05
1777986111.819455,704,2.368951573e-05
1777986112.186621,705,2.372311792e-05
1777986112.584635,706,2.375672011e-05
1777986113.016313,707,2.37903223e-05
1777986113.442745,708,2.382392449e-05
1777986113.820200,709,2.385752668e-05
1777986114.223289,710,2.389112888e-05
1777986114.636621,711,2.392473107e-05
1777986115.061103,712,2.395833326e-05
1777986115.468721,713,2.399193545e-05
1777986115.897290,714,2.402553764e-05
1777986116.286768,715,2.405913983e-05
1777986116.695438,716,2.409274202e-05
1777986117.108815,717,2.412634421e-05
1777986117.492310,718,2.415994641e-05
1777986117.961658,719,2.41935486e-05
1777986118.339200,720,2.422715079e-05
1777986118.733743,721,2.426075298e-05
1777986119.143625,722,2.429435517e-05
1777986119.546458,723,2.432795736e-05
1777986119.959235,724,2.436155955e-05
1777986120.353985,725,2.439516174e-05
1777986120.685067,726,2.442876394e-05
1777986136.054705,727,2.446236613e-05
1777986136.439834,728,2.449596832e-05
1777986136.854947,729,2.452957051e-05
1777986137.283329,730,2.45631727e-05
1777986137.656004,731,2.459677489e-05
1777986137.989829,732,2.463037708e-05
1777986138.360265,733,2.466397927e-05
1777986138.751683,734,2.469758147e-05
1777986139.132081,735,2.473118366e-05
1777986139.506833,736,2.476478585e-05
1777986139.868847,737,2.479838622e-05
1777986140.266753,738,2.483198841e-05
1777986140.667968,739,2.48655906e-05
1777986141.054017,740,2.489919279e-05
1777986141.480528,741,2.493279499e-05
1777986141.910828,742,2.496639718e-05
1777986142.270732,743,2.499999937e-05
1777986142.649067,744,2.503360156e-05
1777986143.049832,745,2.506720375e-05
1777986143.431319,746,2.510080594e-05
1777986143.870166,747,2.513440813e-05
1777986144.276586,748,2.516801032e-05
1777986144.682250,749,2.520161252e-05
1777986145.114827,750,2.523521471e-05
1777986145.518267,751,2.52688169e-05
1777986145.921397,752,2.530241909e-05
1777986146.291130,753,2.533602128e-05
1777986146.688483,754,2.536962347e-05
1777986147.111905,755,2.540322566e-05
1777986147.508062,756,2.543682785e-05
1777986147.955365,757,2.547043005e-05
1777986148.326977,758,2.550403224e-05
1777986148.693227,759,2.553763443e-05
1777986149.108792,760,2.557123662e-05
1777986149.498910,761,2.560483881e-05
1777986149.848484,762,2.5638441e-05
1777986150.223143,763,2.567204319e-05
1777986150.621988,764,2.570564538e-05
1777986151.027809,765,2.573924758e-05
1777986151.430042,766,2.577284977e-05
1777986151.774774,767,2.580645196e-05
1777986152.179389,768,2.584005415e-05
1777986152.546281,769,2.587365634e-05
1777986152.981529,770,2.590725853e-05
1777986153.399342,771,2.594086072e-05
1777986153.812259,772,2.597446291e-05
1777986154.227663,773,2.600806511e-05
1777986154.639240,774,2.60416673e-05
1777986155.023215,775,2.607526949e-05
1777986155.421819,776,2.610887168e-05
1777986155.825370,777,2.614247387e-05
1777986156.229770,778,2.617607606e-05
1777986156.606016,779,2.620967825e-05
1777986156.996956,780,2.624328044e-05
1777986157.374676,781,2.627688082e-05
1777986157.745292,782,2.631048301e-05
1777986158.155280,783,2.63440852e-05
1777986158.581196,784,2.637768739e-05
1777986159.018018,785,2.641128958e-05
1777986159.467917,786,2.644489177e-05
1777986159.850635,787,2.647849396e-05
1777986160.235233,788,2.651209616e-05
1777986160.663336,789,2.654569835e-05
1777986161.063001,790,2.657930054e-05
1777986161.481245,791,2.661290273e-05
1777986161.884589,792,2.664650492e-05
1777986162.290906,793,2.668010711e-05
1777986162.646513,794,2.67137093e-05
1777986163.041726,795,2.674731149e-05
1777986163.417102,796,2.678091369e-05
1777986163.814874,797,2.681451588e-05
1777986164.259385,798,2.684811807e-05
1777986164.681808,799,2.688172026e-05
1777986165.085652,800,2.691532245e-05
1777986165.490130,801,2.694892464e-05
1777986165.889616,802,2.698252683e-05
1777986166.307603,803,2.701612902e-05
1777986166.710324,804,2.704973122e-05
1777986167.117826,805,2.708333341e-05
1777986167.560204,806,2.71169356e-05
1777986167.963868,807,2.715053779e-05
1777986168.350275,808,2.718413998e-05
1777986168.744766,809,2.721774217e-05
1777986169.164289,810,2.725134436e-05
1777986169.580366,811,2.728494655e-05
1777986170.012143,812,2.731854875e-05
1777986170.399060,813,2.735215094e-05
1777986170.778839,814,2.738575313e-05
1777986171.198346,815,2.741935532e-05
1777986171.567482,816,2.745295751e-05
1777986171.966312,817,2.74865597e-05
1777986172.318732,818,2.752016189e-05
1777986172.746313,819,2.755376408e-05
1777986173.161413,820,2.758736628e-05
1777986173.588995,821,2.762096847e-05
1777986173.977675,822,2.765457066e-05
1777986174.390930,823,2.768817285e-05
1777986174.798379,824,2.772177504e-05
1777986175.222231,825,2.775537723e-05
1777986175.592180,826,2.77889776e-05
1777986175.984462,827,2.78225798e-05
1777986176.392767,828,2.785618199e-05
1777986176.829421,829,2.788978418e-05
1777986177.200338,830,2.792338637e-05
1777986177.597679,831,2.795698856e-05
1777986178.000458,832,2.799059075e-05
1777986178.364603,833,2.802419294e-05
1777986178.766503,834,2.805779513e-05
1777986179.115577,835,2.809139733e-05
1777986179.544544,836,2.812499952e-05
1777986179.948773,837,2.815860171e-05
1777986180.391710,838,2.81922039e-05
1777986180.800591,839,2.822580609e-05
1777986181.233709,840,2.825940828e-05
1777986181.654297,841,2.829301047e-05
1777986182.057641,842,2.832661266e-05
1777986182.421409,843,2.836021486e-05
1777986182.806967,844,2.839381705e-05
1777986183.189270,845,2.842741924e-05
1777986183.586130,846,2.846102143e-05
1777986184.022505,847,2.849462362e-05
1777986184.418513,848,2.852822581e-05
1777986184.791619,849,2.8561828e-05
1777986185.244960,850,2.859543019e-05
1777986185.644794,851,2.862903239e-05
1777986186.108163,852,2.866263458e-05
1777986186.520112,853,2.869623677e-05
1777986186.972673,854,2.872983896e-05
1777986187.391323,855,2.876344115e-05
1777986187.786239,856,2.879704334e-05
1777986188.218576,857,2.883064553e-05
1777986188.612554,858,2.886424772e-05
1777986189.019218,859,2.889784992e-05
1777986189.410806,860,2.893145211e-05
1777986189.805822,861,2.89650543e-05
1777986190.216189,862,2.899865649e-05
1777986190.631668,863,2.903225868e-05
1777986191.012100,864,2.906586087e-05
1777986191.426159,865,2.909946306e-05
1777986191.802944,866,2.913306525e-05
1777986192.211273,867,2.916666745e-05
1777986192.611478,868,2.920026964e-05
1777986193.068840,869,2.923387183e-05
1777986193.433815,870,2.926747402e-05
1777986193.773170,871,2.930107439e-05
1777986194.185162,872,2.933467658e-05
1777986194.574892,873,2.936827877e-05
1777986194.977689,874,2.940188097e-05
1777986195.406548,875,2.943548316e-05
1777986195.805585,876,2.946908535e-05
1777986196.210188,877,2.950268754e-05
1777986196.582949,878,2.953628973e-05
1777986196.991533,879,2.956989192e-05
1777986197.402486,880,2.960349411e-05
1777986197.862977,881,2.96370963e-05
1777986198.285052,882,2.96706985e-05
1777986198.668293,883,2.970430069e-05
1777986199.050308,884,2.973790288e-05
1777986199.438091,885,2.977150507e-05
1777986199.867167,886,2.980510726e-05
1777986200.242807,887,2.983870945e-05
1777986200.646046,888,2.987231164e-05
1777986201.072027,889,2.990591383e-05
1777986201.491684,890,2.993951603e-05
1777986201.869098,891,2.997311822e-05
1777986202.289071,892,3.000672041e-05
1777986202.670846,893,3.00403226e-05
1777986203.057752,894,3.007392479e-05
1777986203.476561,895,3.010752698e-05
1777986203.869563,896,3.014112917e-05
1777986204.220599,897,3.017473136e-05
1777986204.595611,898,3.020833356e-05
1777986204.986032,899,3.024193575e-05
1777986205.383607,900,3.027553794e-05
1777986205.807797,901,3.030914013e-05
1777986206.239352,902,3.034274232e-05
1777986206.650802,903,3.037634451e-05
1777986207.108208,904,3.04099467e-05
1777986207.530205,905,3.044354889e-05
1777986207.929832,906,3.047715109e-05
1777986208.338523,907,3.051075328e-05
1777986208.764554,908,3.054435365e-05
1777986209.185093,909,3.057795766e-05
1777986209.540890,910,3.061155803e-05
1777986209.907266,911,3.064516204e-05
1777986210.243791,912,3.067876241e-05
1777986210.695232,913,3.071236642e-05
1777986211.062599,914,3.07459668e-05
1777986211.466902,915,3.077957081e-05
1777986211.879655,916,3.081317118e-05
1777986212.280829,917,3.084677519e-05
1777986212.627873,918,3.088037556e-05
1777986212.996948,919,3.091397957e-05
1777986213.355061,920,3.094757994e-05
1777986213.751571,921,3.098118395e-05
1777986214.117194,922,3.101478433e-05
1777986214.491684,923,3.104838834e-05
1777986214.838681,924,3.108198871e-05
1777986215.217838,925,3.111559272e-05
1777986215.622601,926,3.114919309e-05
1777986215.963008,927,3.11827971e-05
1777986216.307755,928,3.121639747e-05
1777986216.686591,929,3.125000148e-05
1777986217.052189,930,3.128360186e-05
1777986217.423365,931,3.131720587e-05
1777986217.782143,932,3.135080624e-05
1777986218.115461,933,3.138441025e-05
1777986218.499471,934,3.141801062e-05
1777986218.869354,935,3.145161463e-05
1777986219.194754,936,3.1485215e-05
1777986219.545528,937,3.151881901e-05
1777986219.884841,938,3.155241939e-05
1777986220.222111,939,3.158601976e-05
1777986220.581720,940,3.161962377e-05
1777986220.960723,941,3.165322414e-05
1777986221.297699,942,3.168682815e-05
1777986221.684796,943,3.172042852e-05
1777986222.041900,944,3.175403253e-05
1777986222.457131,945,3.178763291e-05
1777986222.850528,946,3.182123692e-05
1777986223.221007,947,3.185483729e-05
1777986223.586884,948,3.18884413e-05
1777986223.941984,949,3.192204167e-05
1777986224.286391,950,3.195564568e-05
1777986224.670444,951,3.198924605e-05
1777986224.999164,952,3.202285006e-05
1777986225.357605,953,3.205645044e-05
1777986225.739988,954,3.209005445e-05
1777986226.074958,955,3.212365482e-05
1777986226.437691,956,3.215725883e-05
1777986226.815440,957,3.21908592e-05
1777986227.148829,958,3.222446321e-05
1777986227.504907,959,3.225806358e-05
1777986227.846469,960,3.229166759e-05
1777986228.193613,961,3.232526797e-05
1777986228.543758,962,3.235887198e-05
1777986228.903568,963,3.239247235e-05
1777986229.316871,964,3.242607636e-05
1777986229.681719,965,3.245967673e-05
1777986230.041723,966,3.249328074e-05
1777986230.366873,967,3.252688111e-05
1777986230.730965,968,3.256048512e-05
1777986231.090284,969,3.25940855e-05
1777986231.483584,970,3.262768951e-05
1777986231.812667,971,3.266128988e-05
1777986232.145391,972,3.269489389e-05
1777986232.523129,973,3.272849426e-05
1777986232.877179,974,3.276209827e-05
1777986233.247624,975,3.279569864e-05
1777986233.633166,976,3.282930265e-05
1777986234.009017,977,3.286290303e-05
1777986234.374694,978,3.289650704e-05
1777986234.724286,979,3.293010741e-05
1777986235.091914,980,3.296371142e-05
1777986235.452993,981,3.299731179e-05
1777986235.842863,982,3.303091216e-05
1777986236.208981,983,3.306451617e-05
1777986236.587586,984,3.309811655e-05
1777986236.947725,985,3.313172056e-05
1777986237.297062,986,3.316532093e-05
1777986237.668598,987,3.319892494e-05
1777986238.015991,988,3.323252531e-05
1777986238.373652,989,3.326612932e-05
1777986238.719411,990,3.329972969e-05
1777986239.072754,991,3.33333337e-05
1777986239.447212,992,3.336693408e-05
1777986239.818271,993,3.340053809e-05
1777986240.203462,994,3.343413846e-05
1777986240.570236,995,3.346774247e-05
1777986240.928366,996,3.350134284e-05
1777986241.284660,997,3.353494685e-05
1777986241.629547,998,3.356854722e-05
1777986242.024194,999,3.360215123e-05
1777986242.355573,1000,3.363575161e-05
1777986242.727049,1001,3.366935562e-05
1777986243.084408,1002,3.370295599e-05
1777986243.451785,1003,3.373656e-05
1777986243.797964,1004,3.377016037e-05
1777986244.149028,1005,3.380376438e-05
1777986244.511393,1006,3.383736475e-05
1777986244.851581,1007,3.387096876e-05
1777986245.209629,1008,3.390456914e-05
1777986245.594005,1009,3.393817315e-05
1777986245.943138,1010,3.397177352e-05
1777986246.285789,1011,3.400537753e-05
1777986246.641617,1012,3.40389779e-05
1777986246.995129,1013,3.407258191e-05
1777986247.334779,1014,3.410618228e-05
1777986247.718335,1015,3.413978629e-05
1777986248.134472,1016,3.417338667e-05
1777986248.493446,1017,3.420699068e-05
1777986248.834473,1018,3.424059105e-05
1777986249.250847,1019,3.427419506e-05
1777986249.689256,1020,3.430779543e-05
1777986250.072259,1021,3.434139944e-05
1777986250.426545,1022,3.437499981e-05
1777986250.758315,1023,3.440860382e-05
1777986251.166111,1024,3.44422042e-05
1777986251.507516,1025,3.447580821e-05
1777986251.857611,1026,3.450940858e-05
1777986252.226230,1027,3.454300895e-05
1777986252.583481,1028,3.457661296e-05
1777986252.926286,1029,3.461021333e-05
1777986253.302609,1030,3.464381734e-05
1777986253.667021,1031,3.467741772e-05
1777986254.017044,1032,3.471102173e-05
1777986254.408266,1033,3.47446221e-05
1777986254.786511,1034,3.477822611e-05
1777986255.166076,1035,3.481182648e-05
1777986255.522834,1036,3.484543049e-05
1777986255.890258,1037,3.487903086e-05
1777986256.279680,1038,3.491263487e-05
1777986256.608351,1039,3.494623525e-05
1777986256.979884,1040,3.497983926e-05
1777986257.324455,1041,3.501343963e-05
1777986257.739350,1042,3.504704364e-05
1777986258.100837,1043,3.508064401e-05
1777986258.479841,1044,3.511424802e-05
1777986258.837526,1045,3.514784839e-05
1777986259.212857,1046,3.51814524e-05
1777986259.613764,1047,3.521505278e-05
1777986259.977292,1048,3.524865679e-05
1777986260.328525,1049,3.528225716e-05
1777986260.673680,1050,3.531586117e-05
1777986261.059429,1051,3.534946154e-05
1777986261.420094,1052,3.538306555e-05
1777986261.780725,1053,3.541666592e-05
1777986262.142579,1054,3.545026993e-05
1777986262.503293,1055,3.548387031e-05
1777986262.857322,1056,3.551747432e-05
1777986263.247460,1057,3.555107469e-05
1777986263.668952,1058,3.55846787e-05
1777986264.008529,1059,3.561827907e-05
1777986264.393779,1060,3.565188308e-05
1777986264.745246,1061,3.568548345e-05
1777986265.145975,1062,3.571908746e-05
1777986265.591075,1063,3.575268784e-05
1777986265.962586,1064,3.578629185e-05
1777986266.331168,1065,3.581989222e-05
1777986266.703663,1066,3.585349623e-05
1777986267.040955,1067,3.58870966e-05
1777986267.391048,1068,3.592070061e-05
1777986267.762470,1069,3.595430098e-05
1777986268.114208,1070,3.598790499e-05
1777986268.477027,1071,3.602150537e-05
1777986268.837282,1072,3.605510574e-05
1777986269.211228,1073,3.608870975e-05
1777986269.562819,1074,3.612231012e-05
1777986269.879044,1075,3.615591413e-05
1777986270.270150,1076,3.61895145e-05
1777986270.648892,1077,3.622311851e-05
1777986270.990374,1078,3.625671889e-05
1777986271.364851,1079,3.62903229e-05
1777986271.748888,1080,3.632392327e-05
1777986272.153163,1081,3.635752728e-05
1777986272.509166,1082,3.639112765e-05
1777986272.843863,1083,3.642473166e-05
1777986273.227473,1084,3.645833203e-05
1777986273.606579,1085,3.649193604e-05
1777986273.993285,1086,3.652553642e-05
1777986274.338842,1087,3.655914043e-05
1777986274.687132,1088,3.65927408e-05
1777986275.056822,1089,3.662634481e-05
1777986275.424282,1090,3.665994518e-05
1777986275.833250,1091,3.669354919e-05
1777986276.235626,1092,3.672714956e-05
1777986276.576990,1093,3.676075357e-05
1777986276.951166,1094,3.679435395e-05
1777986277.310454,1095,3.682795796e-05
1777986277.677483,1096,3.686155833e-05
1777986278.076240,1097,3.689516234e-05
1777986278.447722,1098,3.692876271e-05
1777986278.860999,1099,3.696236672e-05
1777986279.251251,1100,3.699596709e-05
1777986279.643641,1101,3.70295711e-05
1777986280.016153,1102,3.706317148e-05
1777986280.414598,1103,3.709677549e-05
1777986280.791582,1104,3.713037586e-05
1777986281.163744,1105,3.716397987e-05
1777986281.509523,1106,3.719758024e-05
1777986281.891307,1107,3.723118425e-05
1777986282.265471,1108,3.726478462e-05
1777986282.659219,1109,3.729838863e-05
1777986283.031205,1110,3.733198901e-05
1777986283.442778,1111,3.736559302e-05
1777986283.800026,1112,3.739919339e-05
1777986284.167397,1113,3.74327974e-05
1777986284.546183,1114,3.746639777e-05
1777986284.903331,1115,3.750000178e-05
1777986285.265301,1116,3.753360215e-05
1777986285.656957,1117,3.756720253e-05
1777986286.057965,1118,3.760080654e-05
1777986286.446595,1119,3.763440691e-05
1777986286.844438,1120,3.766801092e-05
1777986287.237122,1121,3.770161129e-05
1777986287.617748,1122,3.77352153e-05
1777986288.019211,1123,3.776881567e-05
1777986288.390311,1124,3.780241968e-05
1777986288.749848,1125,3.783602006e-05
1777986289.170235,1126,3.786962407e-05
1777986289.575921,1127,3.790322444e-05
1777986289.907457,1128,3.793682845e-05
1777986290.323568,1129,3.797042882e-05
1777986290.697541,1130,3.800403283e-05
1777986291.111712,1131,3.80376332e-05
1777986291.503245,1132,3.807123721e-05
1777986291.850094,1133,3.810483759e-05
1777986292.196905,1134,3.81384416e-05
1777986292.583353,1135,3.817204197e-05
1777986292.994910,1136,3.820564598e-05
1777986293.392030,1137,3.823924635e-05
1777986293.757456,1138,3.827285036e-05
1777986294.130183,1139,3.830645073e-05
1777986294.542096,1140,3.834005474e-05
1777986294.918816,1141,3.837365512e-05
1777986295.351717,1142,3.840725913e-05
1777986295.707885,1143,3.84408595e-05
1777986296.126272,1144,3.847446351e-05
1777986296.514506,1145,3.850806388e-05
1777986296.928497,1146,3.854166789e-05
1777986297.321478,1147,3.857526826e-05
1777986297.686232,1148,3.860887227e-05
1777986298.064423,1149,3.864247265e-05
1777986298.410481,1150,3.867607666e-05
1777986298.758200,1151,3.870967703e-05
1777986299.113894,1152,3.874328104e-05
1777986299.522375,1153,3.877688141e-05
1777986299.925536,1154,3.881048542e-05
1777986300.333584,1155,3.884408579e-05
1777986300.723511,1156,3.88776898e-05
1777986301.071333,1157,3.891129018e-05
1777986301.441011,1158,3.894489419e-05
1777986301.802392,1159,3.897849456e-05
1777986302.171831,1160,3.901209857e-05
1777986302.538049,1161,3.904569894e-05
1777986302.907510,1162,3.907929931e-05
1777986303.274100,1163,3.911290332e-05
1777986303.624413,1164,3.91465037e-05
1777986303.966420,1165,3.918010771e-05
1777986304.338833,1166,3.921370808e-05
1777986304.716968,1167,3.924731209e-05
1777986305.089128,1168,3.928091246e-05
1777986305.457950,1169,3.931451647e-05
1777986305.816461,1170,3.934811684e-05
1777986306.187834,1171,3.938172085e-05
1777986306.536621,1172,3.941532123e-05
1777986306.912432,1173,3.944892524e-05
1777986307.272854,1174,3.948252561e-05
1777986307.623010,1175,3.951612962e-05
1777986307.967634,1176,3.954972999e-05
1777986308.362271,1177,3.9583334e-05
1777986308.734156,1178,3.961693437e-05
1777986309.099722,1179,3.965053838e-05
1777986309.470860,1180,3.968413876e-05
1777986309.865311,1181,3.971774277e-05
1777986310.238305,1182,3.975134314e-05
1777986310.606153,1183,3.978494715e-05
1777986310.988944,1184,3.981854752e-05
1777986311.332354,1185,3.985215153e-05
1777986311.691967,1186,3.98857519e-05
1777986312.080690,1187,3.991935591e-05
1777986312.425606,1188,3.995295629e-05
1777986312.783465,1189,3.99865603e-05
1777986313.174386,1190,4.002016067e-05
1777986313.503683,1191,4.005376468e-05
1777986313.892595,1192,4.008736505e-05
1777986314.263710,1193,4.012096906e-05
1777986314.609331,1194,4.015456943e-05
1777986314.953523,1195,4.018817344e-05
1777986315.366000,1196,4.022177382e-05
1777986315.735354,1197,4.025537783e-05
1777986316.106365,1198,4.02889782e-05
1777986316.432468,1199,4.032258221e-05
1777986316.796625,1200,4.035618258e-05
1777986332.059991,1201,4.038978659e-05
1777986332.442914,1202,4.042338696e-05
1777986332.797194,1203,4.045699097e-05
1777986333.216938,1204,4.049059135e-05
1777986333.595245,1205,4.052419536e-05
1777986333.968028,1206,4.055779573e-05
1777986334.333208,1207,4.05913961e-05
1777986334.683523,1208,4.062500011e-05
1777986335.034014,1209,4.065860048e-05
1777986335.359154,1210,4.069220449e-05
1777986335.704446,1211,4.072580487e-05
1777986355.290665,1212,4.075940888e-05
1777986355.700701,1213,4.079300925e-05
1777986356.081174,1214,4.082661326e-05
1777986356.437160,1215,4.086021363e-05
1777986356.805423,1216,4.089381764e-05
1777986357.141275,1217,4.092741801e-05
1777986357.465767,1218,4.096102202e-05
1777986357.822542,1219,4.09946224e-05
1777986358.149003,1220,4.102822641e-05
1777986358.508390,1221,4.106182678e-05
1777986358.892762,1222,4.109543079e-05
1777986359.218085,1223,4.112903116e-05
1777986359.566962,1224,4.116263517e-05
1777986359.965501,1225,4.119623554e-05
1777986360.376986,1226,4.122983955e-05
1777986360.753818,1227,4.126343993e-05
1777986361.133447,1228,4.129704394e-05
1777986361.499153,1229,4.133064431e-05
1777986361.849446,1230,4.136424832e-05
1777986362.194328,1231,4.139784869e-05
1777986362.562867,1232,4.14314527e-05
1777986362.932169,1233,4.146505307e-05
1777986363.261603,1234,4.149865708e-05
1777986363.652568,1235,4.153225746e-05
1777986364.052483,1236,4.156586147e-05
1777986364.422046,1237,4.159946184e-05
1777986364.759538,1238,4.163306585e-05
1777986365.088854,1239,4.166666622e-05
1777986365.429332,1240,4.170027023e-05
1777986365.794858,1241,4.17338706e-05
1777986366.177862,1242,4.176747461e-05
1777986366.525102,1243,4.180107499e-05
1777986366.938551,1244,4.1834679e-05
1777986367.390617,1245,4.186827937e-05
1777986367.744021,1246,4.190188338e-05
1777986368.167888,1247,4.193548375e-05
1777986368.545295,1248,4.196908776e-05
1777986368.909207,1249,4.200268813e-05
1777986369.296335,1250,4.203628851e-05
1777986369.637368,1251,4.206989252e-05
1777986370.077609,1252,4.210349289e-05
1777986370.455745,1253,4.21370969e-05
1777986370.923294,1254,4.217069727e-05
1777986371.414999,1255,4.220430128e-05
1777986371.850355,1256,4.223790165e-05
1777986372.211943,1257,4.227150566e-05
1777986372.565222,1258,4.230510604e-05
1777986372.907243,1259,4.233871005e-05
1777986373.267602,1260,4.237231042e-05
1777986373.615643,1261,4.240591443e-05
1777986373.988874,1262,4.24395148e-05
1777986374.365233,1263,4.247311881e-05
1777986374.719564,1264,4.250671918e-05
1777986375.077986,1265,4.254032319e-05
1777986375.428158,1266,4.257392357e-05
1777986375.822040,1267,4.260752758e-05
1777986376.203854,1268,4.264112795e-05
1777986376.560740,1269,4.267473196e-05
1777986376.933655,1270,4.270833233e-05
1777986377.316528,1271,4.274193634e-05
1777986377.748366,1272,4.277553671e-05
1777986378.116228,1273,4.280914072e-05
1777986378.474911,1274,4.28427411e-05
1777986378.849469,1275,4.287634511e-05
1777986379.232700,1276,4.290994548e-05
1777986379.621429,1277,4.294354949e-05
1777986379.968496,1278,4.297714986e-05
1777986380.377779,1279,4.301075387e-05
1777986380.773966,1280,4.304435424e-05
1777986381.110449,1281,4.307795825e-05
1777986381.457909,1282,4.311155863e-05
1777986381.852057,1283,4.314516264e-05
1777986382.249524,1284,4.317876301e-05
1777986382.617613,1285,4.321236702e-05
1777986382.992298,1286,4.324596739e-05
1777986383.355702,1287,4.32795714e-05
1777986383.725717,1288,4.331317177e-05
1777986384.122921,1289,4.334677578e-05
1777986384.490698,1290,4.338037616e-05
1777986384.874506,1291,4.341398017e-05
1777986385.222223,1292,4.344758054e-05
1777986385.550074,1293,4.348118455e-05
1777986385.928480,1294,4.351478492e-05
1777986386.251582,1295,4.354838529e-05
1777986386.587507,1296,4.35819893e-05
1777986386.918740,1297,4.361558968e-05
1777986387.268342,1298,4.364919369e-05
1777986387.610823,1299,4.368279406e-05
1777986387.961828,1300,4.371639807e-05
1777986388.338305,1301,4.374999844e-05
1777986388.719547,1302,4.378360245e-05
1777986389.093724,1303,4.381720282e-05
1777986389.436032,1304,4.385080683e-05
1777986389.799388,1305,4.388440721e-05
1777986390.215224,1306,4.391801122e-05
1777986390.593236,1307,4.395161159e-05
1777986391.016765,1308,4.39852156e-05
1777986391.407367,1309,4.401881597e-05
1777986391.785772,1310,4.405241998e-05
1777986392.151964,1311,4.408602035e-05
1777986392.520418,1312,4.411962436e-05
1777986392.896722,1313,4.415322474e-05
1777986393.246221,1314,4.418682875e-05
1777986393.606992,1315,4.422042912e-05
1777986393.986271,1316,4.425403313e-05
1777986394.406442,1317,4.42876335e-05
1777986394.812757,1318,4.432123751e-05
1777986395.200063,1319,4.435483788e-05
1777986395.578827,1320,4.438844189e-05
1777986395.928537,1321,4.442204227e-05
1777986396.308244,1322,4.445564628e-05
1777986396.654931,1323,4.448924665e-05
1777986397.031357,1324,4.452285066e-05
1777986397.419998,1325,4.455645103e-05
1777986397.793512,1326,4.459005504e-05
1777986398.170642,1327,4.462365541e-05
1777986398.531820,1328,4.465725942e-05
1777986398.918609,1329,4.46908598e-05
1777986399.341619,1330,4.472446381e-05
1777986399.732240,1331,4.475806418e-05
1777986400.116883,1332,4.479166819e-05
1777986400.437923,1333,4.482526856e-05
1777986400.821975,1334,4.485887257e-05
1777986401.175675,1335,4.489247294e-05
1777986416.750733,1336,4.492607695e-05
1777986417.176475,1337,4.495967733e-05
1777986417.569620,1338,4.499328134e-05
1777986417.965608,1339,4.502688171e-05
1777986418.313087,1340,4.506048208e-05
1777986418.659012,1341,4.509408609e-05
1777986419.021013,1342,4.512768646e-05
1777986419.357230,1343,4.516129047e-05
1777986419.767474,1344,4.519489084e-05
1777986420.195776,1345,4.522849486e-05
1777986420.568286,1346,4.526209523e-05
1777986420.952861,1347,4.529569924e-05
1777986421.326625,1348,4.532929961e-05
1777986421.659770,1349,4.536290362e-05
1777986422.013488,1350,4.539650399e-05
1777986422.381912,1351,4.5430108e-05
1777986422.755476,1352,4.546370837e-05
1777986423.146843,1353,4.549731239e-05
1777986423.528998,1354,4.553091276e-05
1777986423.928983,1355,4.556451677e-05
1777986424.319477,1356,4.559811714e-05
1777986424.654329,1357,4.563172115e-05
1777986425.036086,1358,4.566532152e-05
1777986425.424026,1359,4.569892553e-05
1777986425.767729,1360,4.57325259e-05
1777986426.147835,1361,4.576612992e-05
1777986426.478816,1362,4.579973029e-05
1777986426.812351,1363,4.58333343e-05
1777986427.213672,1364,4.586693467e-05
1777986427.559016,1365,4.590053868e-05
1777986427.953161,1366,4.593413905e-05
1777986428.339427,1367,4.596774306e-05
1777986428.736233,1368,4.600134343e-05
1777986429.160048,1369,4.603494745e-05
1777986429.535968,1370,4.606854782e-05
1777986429.873759,1371,4.610215183e-05
1777986430.271474,1372,4.61357522e-05
1777986430.628033,1373,4.616935621e-05
1777986431.001163,1374,4.620295658e-05
1777986431.380449,1375,4.623656059e-05
1777986431.737615,1376,4.627016096e-05
1777986432.148028,1377,4.630376498e-05
1777986432.519954,1378,4.633736535e-05
1777986432.936326,1379,4.637096936e-05
1777986433.380649,1380,4.640456973e-05
1777986433.803768,1381,4.643817374e-05
1777986434.176405,1382,4.647177411e-05
1777986434.566747,1383,4.650537812e-05
1777986434.911191,1384,4.653897849e-05
1777986435.348053,1385,4.657257887e-05
1777986435.712755,1386,4.660618288e-05
1777986436.119035,1387,4.663978325e-05
1777986436.534369,1388,4.667338726e-05
1777986436.922494,1389,4.670698763e-05
1777986437.306041,1390,4.674059164e-05
1777986437.663868,1391,4.677419201e-05
1777986438.048537,1392,4.680779602e-05
1777986438.412405,1393,4.68413964e-05
1777986438.765012,1394,4.687500041e-05
1777986439.143364,1395,4.690860078e-05
1777986439.525652,1396,4.694220479e-05
1777986439.893407,1397,4.697580516e-05
1777986440.262721,1398,4.700940917e-05
1777986440.636481,1399,4.704300954e-05
1777986441.060945,1400,4.707661355e-05
1777986441.426760,1401,4.711021393e-05
1777986441.793425,1402,4.714381794e-05
1777986442.142005,1403,4.717741831e-05
1777986442.525380,1404,4.721102232e-05
1777986442.903641,1405,4.724462269e-05
1777986443.278892,1406,4.72782267e-05
1777986443.652828,1407,4.731182707e-05
1777986444.065105,1408,4.734543108e-05
1777986444.441128,1409,4.737903146e-05
1777986444.845833,1410,4.741263547e-05
1777986445.264223,1411,4.744623584e-05
1777986445.657932,1412,4.747983985e-05
1777986446.039891,1413,4.751344022e-05
1777986446.421210,1414,4.754704423e-05
1777986446.799062,1415,4.75806446e-05
1777986447.188887,1416,4.761424861e-05
1777986447.591794,1417,4.764784899e-05
1777986448.004334,1418,4.7681453e-05
1777986448.393176,1419,4.771505337e-05
1777986448.775396,1420,4.774865738e-05
1777986449.200974,1421,4.778225775e-05
1777986449.634715,1422,4.781586176e-05
1777986450.014042,1423,4.784946213e-05
1777986450.419712,1424,4.788306615e-05
1777986450.846495,1425,4.791666652e-05
1777986451.299419,1426,4.795027053e-05
1777986451.673019,1427,4.79838709e-05
1777986452.081926,1428,4.801747491e-05
1777986452.504877,1429,4.805107528e-05
1777986452.977641,1430,4.808467565e-05
1777986453.416101,1431,4.811827966e-05
1777986453.832531,1432,4.815188004e-05
1777986454.227741,1433,4.818548405e-05
1777986454.629429,1434,4.821908442e-05
1777986455.003384,1435,4.825268843e-05
1777986455.399897,1436,4.82862888e-05
1777986455.852470,1437,4.831989281e-05
1777986456.267366,1438,4.835349318e-05
1777986456.639283,1439,4.838709719e-05
1777986456.992521,1440,4.842069757e-05
1777986457.395872,1441,4.845430158e-05
1777986457.760783,1442,4.848790195e-05
1777986458.094648,1443,4.852150596e-05
1777986458.481966,1444,4.855510633e-05
1777986458.851457,1445,4.858871034e-05
1777986459.211402,1446,4.862231071e-05
1777986459.560127,1447,4.865591472e-05
1777986459.956039,1448,4.86895151e-05
1777986460.349290,1449,4.872311911e-05
1777986460.737461,1450,4.875671948e-05
1777986461.126086,1451,4.879032349e-05
1777986461.526877,1452,4.882392386e-05
1777986462.002845,1453,4.885752787e-05
1777986462.428582,1454,4.889112824e-05
1777986462.839172,1455,4.892473225e-05
1777986463.267487,1456,4.895833263e-05
1777986463.690092,1457,4.899193664e-05
1777986464.142080,1458,4.902553701e-05
1777986464.541983,1459,4.905914102e-05
1777986464.950015,1460,4.909274139e-05
1777986465.349118,1461,4.91263454e-05
1777986465.785385,1462,4.915994577e-05
1777986466.172919,1463,4.919354978e-05
1777986466.637849,1464,4.922715016e-05
1777986467.085311,1465,4.926075417e-05
1777986467.504004,1466,4.929435454e-05
1777986467.890893,1467,4.932795855e-05
1777986468.279408,1468,4.936155892e-05
1777986468.698931,1469,4.939516293e-05
1777986469.196985,1470,4.94287633e-05
1777986469.703776,1471,4.946236731e-05
1777986470.070868,1472,4.949596769e-05
1777986470.406843,1473,4.95295717e-05
1777986470.763629,1474,4.956317207e-05
1777986471.108184,1475,4.959677244e-05
1777986471.476166,1476,4.963037645e-05
1777986471.858920,1477,4.966397682e-05
1777986472.293117,1478,4.969758083e-05
1777986472.663172,1479,4.973118121e-05
1777986473.028213,1480,4.976478522e-05
1777986473.395937,1481,4.979838559e-05
1777986473.762970,1482,4.98319896e-05
1777986474.087333,1483,4.986558997e-05
1777986474.430741,1484,4.989919398e-05
1777986474.775530,1485,4.993279435e-05
1777986475.157190,1486,4.996639836e-05
1777986683.594278,1488,4.999994417e-05
1777986684.058209,1489,4.999978046e-05
1777986684.485523,1490,4.999950761e-05
1777986684.956316,1491,4.999912562e-05
1777986685.363214,1492,4.999863449e-05
1777986685.720176,1493,4.999803423e-05
1777986686.161268,1494,4.999732482e-05
1777986686.593826,1495,4.999650628e-05
1777986687.009972,1496,4.999557859e-05
1777986687.448753,1497,4.999453813e-05
1777986687.864516,1498,4.999339217e-05
1777986688.327803,1499,4.999213706e-05
1777986688.749804,1500,4.999077282e-05
1777986689.191391,1501,4.998929944e-05
1777986689.644551,1502,4.998771328e-05
1777986690.025604,1503,4.998602162e-05
1777986690.417123,1504,4.998422082e-05
1777986690.864624,1505,4.998231088e-05
1777986691.283524,1506,4.998029181e-05
1777986691.715555,1507,4.997815995e-05
1777986692.149664,1508,4.997592259e-05
1777986692.586422,1509,4.99735761e-05
1777986693.030816,1510,4.997112046e-05
1777986693.454481,1511,4.996855569e-05
1777986693.898047,1512,4.996588177e-05
1777986694.279637,1513,4.996309508e-05
1777986694.728689,1514,4.996020289e-05
1777986695.170501,1515,4.995720155e-05
1777986695.578759,1516,4.995409108e-05
1777986696.028508,1517,4.995087147e-05
1777986696.444821,1518,4.994754272e-05
1777986696.856394,1519,4.994410483e-05
1777986697.286196,1520,4.99405578e-05
1777986697.741212,1521,4.993690527e-05
1777986698.129244,1522,4.993313996e-05
1777986698.518808,1523,4.992926551e-05
1777986698.879443,1524,4.992528557e-05
1777986699.270194,1525,4.992119284e-05
1777986699.708934,1526,4.991699461e-05
1777986700.097816,1527,4.991268361e-05
1777986700.485734,1528,4.99082671e-05
1777986700.882757,1529,4.990374146e-05
1777986701.275817,1530,4.989910667e-05
1777986701.648835,1531,4.989436275e-05
1777986701.965459,1532,4.988950968e-05
1777986702.358410,1533,4.988454748e-05
1777986702.743743,1534,4.987947614e-05
1777986703.148614,1535,4.987429929e-05
1777986703.551209,1536,4.986900967e-05
1777986704.000085,1537,4.986361455e-05
1777986704.400656,1538,4.985811029e-05
1777986704.770538,1539,4.985249689e-05
1777986705.156639,1540,4.984677435e-05
1777986705.534987,1541,4.98409463e-05
1777986705.893129,1542,4.983500548e-05
1777986706.210393,1543,4.982895916e-05
1777986706.637297,1544,4.98228037e-05
1777986707.113591,1545,4.98165391e-05
1777986707.504590,1546,4.981016536e-05
1777986707.897185,1547,4.980368612e-05
1777986708.305410,1548,4.979709774e-05
1777986708.715601,1549,4.979040023e-05
1777986709.118368,1550,4.978359357e-05
1777986709.562268,1551,4.977667777e-05
1777986709.961165,1552,4.976965647e-05
1777986710.398885,1553,4.976252603e-05
1777986710.776460,1554,4.975528645e-05
1777986711.204898,1555,4.974794138e-05
1777986711.629815,1556,4.974048716e-05
1777986712.003343,1557,4.97329238e-05
1777986712.373229,1558,4.97252513e-05
1777986712.836367,1559,4.97174733e-05
1777986713.286239,1560,4.970958616e-05
1777986713.687179,1561,4.970159353e-05
1777986714.047347,1562,4.969348811e-05
1777986714.442919,1563,4.968528083e-05
1777986714.786823,1564,4.967696077e-05
1777986715.117251,1565,4.966853521e-05
1777986715.530956,1566,4.966000051e-05
1777986715.905111,1567,4.965136031e-05
1777986716.241253,1568,4.964261097e-05
1777986716.667441,1569,4.96337525e-05
1777986717.132361,1570,4.962478852e-05
1777986717.554827,1571,4.961571904e-05
1777986717.965941,1572,4.960654041e-05
1777986718.423699,1573,4.959725266e-05
1777986718.807833,1574,4.958785939e-05
1777986719.257424,1575,4.957835699e-05
1777986719.693468,1576,4.956874909e-05
1777986720.091280,1577,4.955903205e-05
1777986720.475750,1578,4.954920951e-05
1777986720.833016,1579,4.953927782e-05
1777986721.209208,1580,4.952924064e-05
1777986721.550598,1581,4.951909432e-05
1777986721.900692,1582,4.950884249e-05
1777986722.241977,1583,4.949848517e-05
1777986722.582135,1584,4.94880187e-05
1777986723.001774,1585,4.94774431e-05
1777986723.414397,1586,4.946676563e-05
1777986723.861509,1587,4.945597902e-05
1777986724.306231,1588,4.944508328e-05
1777986724.728562,1589,4.943408567e-05
1777986725.167924,1590,4.942297892e-05
1777986725.590989,1591,4.941176303e-05
1777986726.010887,1592,4.940044528e-05
1777986726.401352,1593,4.938901839e-05
1777986726.843481,1594,4.937748599e-05
1777986727.263540,1595,4.936584446e-05
1777986727.685729,1596,4.935410107e-05
1777986728.088418,1597,4.934224853e-05
1777986728.451786,1598,4.933029049e-05
1777986728.828120,1599,4.931822332e-05
1777986729.211383,1600,4.930605428e-05
1777986729.670981,1601,4.92937761e-05
1777986730.081735,1602,4.928139242e-05
1777986730.510934,1603,4.926890324e-05
1777986730.915610,1604,4.925630856e-05
1777986731.275550,1605,4.924360837e-05
1777986731.676333,1606,4.923080269e-05
1777986732.033072,1607,4.921788786e-05
1777986732.528491,1608,4.920487117e-05
1777986732.984564,1609,4.919174899e-05
1777986733.395846,1610,4.917851766e-05
1777986733.804226,1611,4.916518446e-05
1777986734.234160,1612,4.915174213e-05
1777986734.650034,1613,4.913819794e-05
1777986735.055409,1614,4.91245446e-05
1777986735.472355,1615,4.91107894e-05
1777986735.888260,1616,4.909692507e-05
1777986736.297585,1617,4.908295887e-05
1777986736.683995,1618,4.906888717e-05
1777986737.115704,1619,4.905470996e-05
1777986737.505517,1620,4.904042726e-05
1777986737.928449,1621,4.902603905e-05
1777986738.318977,1622,4.901154898e-05
1777986738.713498,1623,4.899694977e-05
1777986739.127196,1624,4.89822487e-05
1777986739.550582,1625,4.896744213e-05
1777986739.954618,1626,4.895253369e-05
1777986740.368485,1627,4.893751611e-05
1777986740.835695,1628,4.892239667e-05
1777986741.258018,1629,4.890717173e-05
1777986741.678919,1630,4.889184493e-05
1777986742.105813,1631,4.887641262e-05
1777986742.557953,1632,4.886087481e-05
1777986742.962448,1633,4.884523514e-05
1777986743.389332,1634,4.882948997e-05
1777986743.811597,1635,4.88136393e-05
1777986744.265712,1636,4.879768676e-05
1777986744.660359,1637,4.878162872e-05
1777986745.063154,1638,4.876546882e-05
1777986745.523159,1639,4.874920342e-05
1777986745.952364,1640,4.873283615e-05
1777986746.356039,1641,4.871636338e-05
1777986746.805322,1642,4.869978875e-05
1777986747.237266,1643,4.868310862e-05
1777986747.671176,1644,4.866632662e-05
1777986748.068156,1645,4.864944276e-05
1777986748.491824,1646,4.86324534e-05
1777986748.885036,1647,4.861536218e-05
1777986749.295106,1648,4.859816909e-05
1777986749.731138,1649,4.85808705e-05
1777986750.167238,1650,4.856347005e-05
1777986750.600918,1651,4.854596773e-05
1777986750.992523,1652,4.852835991e-05
1777986751.420168,1653,4.851065387e-05
1777986751.822860,1654,4.849284232e-05
1777986752.261458,1655,4.847492892e-05
1777986752.671285,1656,4.845691001e-05
1777986753.033889,1657,4.843879287e-05
1777986753.442058,1658,4.842057388e-05
1777986753.857684,1659,4.840224938e-05
1777986769.799020,1660,4.838382301e-05
1777986770.201524,1661,4.836529843e-05
1777986770.582094,1662,4.834666834e-05
1777986770.974550,1663,4.832793638e-05
1777986771.330990,1664,4.830910621e-05
1777986771.726546,1665,4.829017053e-05
1777986772.088837,1666,4.827113662e-05
1777986772.450711,1667,4.825199721e-05
1777986772.795320,1668,4.823275958e-05
1777986773.222544,1669,4.821342009e-05
1777986773.633430,1670,4.819397873e-05
1777986774.050986,1671,4.817443551e-05
1777986774.450993,1672,4.815479406e-05
1777986774.882383,1673,4.813504711e-05
1777986775.340880,1674,4.811520193e-05
1777986775.763856,1675,4.809525853e-05
1777986776.116954,1676,4.807520963e-05
1777986776.497949,1677,4.805506251e-05
1777986776.953505,1678,4.803481352e-05
1777986777.376270,1679,4.80144663e-05
1777986777.796806,1680,4.799401722e-05
1777986778.251375,1681,4.797346992e-05
1777986778.594844,1682,4.795282075e-05
1777986778.963998,1683,4.793206972e-05
1777986779.408704,1684,4.791122046e-05
1777986779.869459,1685,4.789027298e-05
1777986780.256693,1686,4.786922364e-05
1777986780.663597,1687,4.784807243e-05
1777986781.036312,1688,4.782682663e-05
1777986781.476997,1689,4.780547897e-05
1777986781.973303,1690,4.778402945e-05
1777986782.355951,1691,4.77624817e-05
1777986782.747749,1692,4.774083573e-05
1777986783.136071,1693,4.771909153e-05
1777986783.545583,1694,4.76972491e-05
1777986783.934353,1695,4.767530481e-05
1777986784.361572,1696,4.76532623e-05
1777986784.772066,1697,4.763112156e-05
1777986785.189182,1698,4.76088826e-05
1777986785.594287,1699,4.758654541e-05
1777986786.021193,1700,4.756410999e-05
1777986786.394771,1701,4.754157635e-05
1777986786.807027,1702,4.751894085e-05
1777986787.196835,1703,4.749621075e-05
1777986787.595341,1704,4.747338244e-05
1777986788.032944,1705,4.74504559e-05
1777986788.408332,1706,4.742743113e-05
1777986788.776939,1707,4.740430813e-05
1777986789.155037,1708,4.738108692e-05
1777986789.588018,1709,4.735777111e-05
1777986789.968151,1710,4.733435344e-05
1777986790.358285,1711,4.731084118e-05
1777986790.718009,1712,4.72872307e-05
1777986791.082320,1713,4.726352563e-05
1777986791.481402,1714,4.723972233e-05
1777986791.868852,1715,4.721582081e-05
1777986792.256620,1716,4.719182471e-05
1777986792.654649,1717,4.716773037e-05
1777986793.052274,1718,4.714353781e-05
1777986793.479875,1719,4.711925067e-05
1777986793.878071,1720,4.709486529e-05
1777986794.291798,1721,4.707038534e-05
1777986794.679595,1722,4.704581079e-05
1777986795.090480,1723,4.702113802e-05
1777986795.518917,1724,4.699637066e-05
1777986795.926099,1725,4.697150871e-05
1777986796.348323,1726,4.694654854e-05
1777986796.788102,1727,4.692149378e-05
1777986797.190989,1728,4.689634079e-05
1777986797.594539,1729,4.687109686e-05
1777986797.990157,1730,4.68457547e-05
1777986798.384348,1731,4.682031795e-05
1777986798.787354,1732,4.679478661e-05
1777986799.177001,1733,4.676916069e-05
1777986799.574782,1734,4.674343654e-05
1777986799.996981,1735,4.671762144e-05
1777986800.405821,1736,4.669171176e-05
1777986800.812263,1737,4.666570749e-05
1777986801.213291,1738,4.663960863e-05
1777986801.601463,1739,4.661341518e-05
1777986801.979555,1740,4.658712714e-05
1777986802.413684,1741,4.656074452e-05
1777986802.782363,1742,4.653427095e-05
1777986803.134330,1743,4.650769915e-05
1777986803.518310,1744,4.648103641e-05
1777986803.921855,1745,4.645427907e-05
1777986804.325250,1746,4.642743079e-05
1777986804.678100,1747,4.640048792e-05
1777986805.093602,1748,4.637345046e-05
1777986805.484723,1749,4.634632205e-05
1777986805.887543,1750,4.631909906e-05
1777986806.293407,1751,4.629178511e-05
1777986806.677101,1752,4.626437658e-05
1777986807.071585,1753,4.62368771e-05
1777986807.533342,1754,4.620928303e-05
1777986807.918026,1755,4.618159801e-05
1777986808.323984,1756,4.615382204e-05
1777986808.736702,1757,4.612595149e-05
1777986809.130700,1758,4.609798998e-05
1777986809.506708,1759,4.606993753e-05
1777986809.871504,1760,4.604179412e-05
1777986810.247430,1761,4.601355613e-05
1777986825.532223,1762,4.598522719e-05
1777986825.970711,1763,4.595681094e-05
1777986826.360567,1764,4.59283001e-05
1777986826.754806,1765,4.589969831e-05
1777986827.103424,1766,4.587100557e-05
1777986827.495535,1767,4.584222188e-05
1777986827.851918,1768,4.581334724e-05
1777986828.225214,1769,4.578438529e-05
1777986828.650268,1770,4.575532876e-05
1777986829.063384,1771,4.572618491e-05
1777986829.488165,1772,4.569695011e-05
1777986829.865025,1773,4.566762436e-05
1777986830.254023,1774,4.563820767e-05
1777986830.654052,1775,4.560870366e-05
1777986831.095925,1776,4.55791087e-05
1777986831.469571,1777,4.554942643e-05
1777986831.853604,1778,4.551965321e-05
1777986832.257782,1779,4.548978904e-05
1777986832.617280,1780,4.545983757e-05
1777986832.952299,1781,4.542979877e-05
1777986833.291199,1782,4.539966903e-05
1777986833.697979,1783,4.536944834e-05
1777986834.049876,1784,4.533914398e-05
1777986834.411321,1785,4.530874867e-05
1777986834.772752,1786,4.527826241e-05
1777986835.135469,1787,4.524769247e-05
1777986835.519141,1788,4.521703158e-05
1777986835.909332,1789,4.518628339e-05
1777986836.318609,1790,4.515545152e-05
1777986836.715872,1791,4.512452506e-05
1777986837.080861,1792,4.509351493e-05
1777986837.438390,1793,4.506241748e-05
1777986837.844208,1794,4.503123273e-05
1777986838.213621,1795,4.499996066e-05
1777986838.601744,1796,4.496860129e-05
1777986838.990138,1797,4.493715824e-05
1777986839.398917,1798,4.490562424e-05
1777986839.791879,1799,4.487400656e-05
1777986840.161407,1800,4.484230158e-05
1777986840.563893,1801,4.481050928e-05
1777986840.966931,1802,4.477862967e-05
1777986841.396137,1803,4.474666639e-05
1777986841.798186,1804,4.471461943e-05
1777986842.166670,1805,4.468248517e-05
1777986842.544647,1806,4.465026359e-05
1777986842.918442,1807,4.461795834e-05
1777986843.330015,1808,4.458556577e-05
1777986843.704244,1809,4.455308954e-05
1777986844.066914,1810,4.452052963e-05
1777986844.454228,1811,4.448788241e-05
1777986844.842651,1812,4.445515151e-05
1777986845.274017,1813,4.442233694e-05
1777986845.667640,1814,4.43894387e-05
1777986846.048567,1815,4.435645678e-05
1777986846.450179,1816,4.432338756e-05
1777986846.840833,1817,4.429023465e-05
1777986847.225655,1818,4.425700172e-05
1777986847.615911,1819,4.422368147e-05
1777986848.013957,1820,4.419028119e-05
1777986848.431138,1821,4.415679359e-05
1777986848.862610,1822,4.412322596e-05
1777986849.223870,1823,4.408957466e-05
1777986849.573158,1824,4.405583968e-05
1777986850.010303,1825,4.402202103e-05
1777986850.438854,1826,4.398812234e-05
1777986850.820512,1827,4.395413998e-05
1777986851.169330,1828,4.392007395e-05
1777986851.604676,1829,4.388592788e-05
1777986851.961755,1830,4.385170178e-05
1777986852.313558,1831,4.381738836e-05
1777986852.692670,1832,4.378299855e-05
1777986853.079446,1833,4.374852506e-05
1777986853.425393,1834,4.37139679e-05
1777986853.786030,1835,4.367933434e-05
1777986854.195144,1836,4.364461711e-05
1777986854.579150,1837,4.36098162e-05
1777986854.940458,1838,4.35749389e-05
1777986855.303176,1839,4.353997792e-05
1777986855.642311,1840,4.350494055e-05
1777986856.038409,1841,4.34698195e-05
1777986856.392864,1842,4.343461842e-05
1777986856.806172,1843,4.339934094e-05
1777986857.206096,1844,4.336397978e-05
1777986857.569366,1845,4.332854223e-05
1777986857.963935,1846,4.329302101e-05
1777986858.327141,1847,4.325742339e-05
1777986858.689016,1848,4.322174573e-05
1777986859.057443,1849,4.318598803e-05
1777986859.408962,1850,4.315015394e-05
1777986859.793884,1851,4.311423982e-05
1777986860.223640,1852,4.307824929e-05
1777986860.629334,1853,4.304217873e-05
1777986861.007242,1854,4.300602814e-05
1777986861.419188,1855,4.296980114e-05
1777986861.798598,1856,4.293349775e-05
1777986862.180848,1857,4.289711433e-05
1777986862.619322,1858,4.28606545e-05
1777986862.995806,1859,4.282411464e-05
1777986863.377307,1860,4.278750203e-05
1777986863.736703,1861,4.275080937e-05
1777986864.156538,1862,4.271404032e-05
1777986864.537797,1863,4.267719487e-05
1777986864.954697,1864,4.264027302e-05
1777986865.311797,1865,4.260327478e-05
1777986865.669909,1866,4.256620014e-05
1777986866.078359,1867,4.25290491e-05
1777986866.466325,1868,4.249182166e-05
1777986866.857848,1869,4.245452146e-05
1777986867.313566,1870,4.241714123e-05
1777986867.677893,1871,4.237968824e-05
1777986868.042788,1872,4.234216249e-05
1777986868.445522,1873,4.23045567e-05
1777986868.840174,1874,4.226687815e-05
1777986869.212241,1875,4.222912685e-05
1777986869.606241,1876,4.219129914e-05
1777986870.013321,1877,4.215339504e-05
1777986870.452249,1878,4.211541818e-05
1777986870.814947,1879,4.207736856e-05
1777986871.234577,1880,4.203924254e-05
1777986871.622975,1881,4.200104377e-05
1777986872.019951,1882,4.196277223e-05
1777986872.382061,1883,4.192442793e-05
1777986872.723774,1884,4.188601088e-05
1777986873.113764,1885,4.184751742e-05
1777986873.498140,1886,4.180895485e-05
1777986873.845297,1887,4.177031951e-05
1777986874.222028,1888,4.173160778e-05
1777986874.600480,1889,4.169282693e-05
1777986874.979858,1890,4.165397331e-05
1777986875.320205,1891,4.161504694e-05
1777986875.687067,1892,4.157604781e-05
1777986876.046367,1893,4.153697955e-05
1777986876.420670,1894,4.149783854e-05
1777986876.845233,1895,4.145862476e-05
1777986877.224100,1896,4.141934187e-05
1777986877.606722,1897,4.137998621e-05
1777986877.991917,1898,4.134056144e-05
1777986878.387484,1899,4.130106754e-05
1777986878.760172,1900,4.126150088e-05
1777986879.084795,1901,4.12218651e-05
1777986879.456544,1902,4.118215656e-05
1777986879.836594,1903,4.114238254e-05
1777986880.242836,1904,4.110253576e-05
1777986880.600102,1905,4.106261986e-05
1777986880.976102,1906,4.102263483e-05
1777986881.363361,1907,4.098258069e-05
1777986897.105795,1908,4.094245742e-05
1777986897.491672,1909,4.090226503e-05
1777986897.849432,1910,4.086200352e-05
1777986898.235397,1911,4.082167288e-05
1777986898.647175,1912,4.078127677e-05
1777986899.020527,1913,4.074081153e-05
1777986899.368495,1914,4.070027717e-05
1777986899.729171,1915,4.065967732e-05
1777986900.075895,1916,4.061900836e-05
1777986900.433797,1917,4.057827027e-05
1777986900.832306,1918,4.05374667e-05
1777986901.196247,1919,4.049659765e-05
1777986901.563055,1920,4.045565947e-05
1777986901.943896,1921,4.041465581e-05
1777986902.316463,1922,4.037358303e-05
1777986902.701918,1923,4.033244841e-05
1777986903.140228,1924,4.029124466e-05
1777986903.503823,1925,4.024997543e-05
1777986903.886429,1926,4.020864071e-05
1777986904.257236,1927,4.016724051e-05
1777986904.679609,1928,4.012577483e-05
1777986905.056343,1929,4.008424366e-05
1777986905.487563,1930,4.004264702e-05
1777986905.899518,1931,4.000098852e-05
1777986906.286522,1932,3.99592609e-05
1777986906.647433,1933,3.991747144e-05
1777986906.996584,1934,3.987562013e-05
1777986907.393268,1935,3.98336997e-05
1777986907.777686,1936,3.979171743e-05
1777986908.154979,1937,3.974967331e-05
1777986908.530455,1938,3.97075637e-05
1777986908.889094,1939,3.966539225e-05
1777986909.332619,1940,3.962315532e-05
1777986909.782123,1941,3.958085654e-05
1777986910.164268,1942,3.953849591e-05
1777986910.535107,1943,3.94960698e-05
1777986910.906065,1944,3.945358549e-05
1777986911.333221,1945,3.941103569e-05
1777986911.695442,1946,3.936842404e-05
1777986912.090991,1947,3.932575419e-05
1777986912.487589,1948,3.928301885e-05
1777986912.893499,1949,3.924022531e-05
1777986913.273389,1950,3.919736628e-05
1777986913.631646,1951,3.915444904e-05
1777986913.964928,1952,3.911146996e-05
1777986914.327209,1953,3.906843267e-05
1777986914.731492,1954,3.90253299e-05
1777986915.117436,1955,3.898217255e-05
1777986915.492303,1956,3.893894973e-05
1777986915.828531,1957,3.889567233e-05
1777986916.212792,1958,3.885233309e-05
1777986916.585102,1959,3.8808932e-05
1777986917.010391,1960,3.876547271e-05
1777986917.395713,1961,3.872195521e-05
1777986917.774750,1962,3.86783795e-05
1777986918.152655,1963,3.863474194e-05
1777986918.552340,1964,3.859104982e-05
1777986918.903551,1965,3.854729584e-05
1777986919.242515,1966,3.85034873e-05
1777986919.642192,1967,3.845961692e-05
1777986920.015575,1968,3.841569196e-05
1777986920.379703,1969,3.83717088e-05
1777986920.737230,1970,3.832766743e-05
1777986921.075389,1971,3.828356785e-05
1777986921.466257,1972,3.82394137e-05
1777986921.841046,1973,3.819520134e-05
1777986922.215642,1974,3.815093078e-05
1777986922.624430,1975,3.810660564e-05
1777986923.053516,1976,3.806222594e-05
1777986923.421921,1977,3.801778803e-05
1777986923.833997,1978,3.797329555e-05
1777986924.229490,1979,3.79287485e-05
1777986924.627408,1980,3.788414324e-05
1777986925.029432,1981,3.783948341e-05
1777986925.439386,1982,3.779476901e-05
1777986925.820161,1983,3.775000005e-05
1777986926.221845,1984,3.770517651e-05
1777986926.614559,1985,3.76602984e-05
1777986927.040146,1986,3.761536573e-05
1777986927.428329,1987,3.757037848e-05
1777986927.815656,1988,3.75253403e-05
1777986928.185289,1989,3.748024392e-05
1777986928.543367,1990,3.743510024e-05
1777986928.961619,1991,3.738989835e-05
1777986929.372417,1992,3.734464553e-05
1777986929.729728,1993,3.729933815e-05
1777986930.130961,1994,3.725397983e-05
1777986930.549535,1995,3.720856694e-05
1777986930.943110,1996,3.716310675e-05
1777986931.331898,1997,3.711758836e-05
1777986931.680273,1998,3.707202268e-05
1777986932.061557,1999,3.702640606e-05
1777986932.465919,2000,3.698073488e-05
1777986932.850960,2001,3.693501276e-05
1777986933.242815,2002,3.688923971e-05
1777986933.686416,2003,3.684341937e-05
1777986934.062636,2004,3.679754445e-05
1777986934.432841,2005,3.675161861e-05
1777986934.866651,2006,3.670564547e-05
1777986935.271226,2007,3.66596214e-05
1777986935.665608,2008,3.661355004e-05
1777986936.040901,2009,3.65674241e-05
1777986936.437269,2010,3.652125088e-05
1777986936.812222,2011,3.647503036e-05
1777986937.196921,2012,3.64287589e-05
1777986937.594805,2013,3.638244016e-05
1777986938.013303,2014,3.633607412e-05
1777986938.403825,2015,3.628965715e-05
1777986938.809243,2016,3.624319288e-05
1777986939.248002,2017,3.619668132e-05
1777986939.657073,2018,3.615011883e-05
1777986940.050399,2019,3.610351268e-05
1777986940.441053,2020,3.605685924e-05
1777986940.840479,2021,3.601015851e-05
1777986941.253028,2022,3.596340684e-05
1777986941.629434,2023,3.591661152e-05
1777986942.035681,2024,3.586977255e-05
1777986942.390842,2025,3.582288264e-05
1777986942.757969,2026,3.577594907e-05
1777986943.120081,2027,3.572897185e-05
1777986943.470613,2028,3.56819437e-05
1777986943.845751,2029,3.563487553e-05
1777986944.211737,2030,3.558776007e-05
1777986944.561706,2031,3.554059731e-05
1777986944.970884,2032,3.54933909e-05
1777986945.324971,2033,3.544614083e-05
1777986945.724559,2034,3.53988471e-05
1777986946.111485,2035,3.535150972e-05
1777986946.510053,2036,3.530412869e-05
1777986946.898892,2037,3.525670036e-05
1777986947.304985,2038,3.520923201e-05
1777986947.681339,2039,3.516172001e-05
1777986948.081493,2040,3.511416071e-05
1777986948.460027,2041,3.506656503e-05
1777986948.829673,2042,3.501892206e-05
1777986949.229685,2043,3.497123907e-05
1777986949.642257,2044,3.492351243e-05
1777986950.018579,2045,3.487574577e-05
1777986950.383390,2046,3.482793545e-05
1777986950.743769,2047,3.478008148e-05
1777986951.151039,2048,3.473219112e-05
1777986951.569109,2049,3.468425712e-05
1777986951.990142,2050,3.463627945e-05
1777986952.350752,2051,3.458826541e-05
1777986952.718995,2052,3.454020771e-05
1777986953.113381,2053,3.449211363e-05
1777986953.486090,2054,3.444397589e-05
1777986953.834471,2055,3.439579814e-05
1777986954.240267,2056,3.434758401e-05
1777986954.627962,2057,3.429932622e-05
1777986955.061342,2058,3.425103205e-05
1777986955.402829,2059,3.420269786e-05
1777986955.822391,2060,3.41543273e-05
1777986956.208947,2061,3.410591671e-05
1777986956.582028,2062,3.405746611e-05
1777986956.910221,2063,3.400897913e-05
1777986957.300476,2064,3.396045213e-05
1777986957.671999,2065,3.391188875e-05
1777986958.031336,2066,3.386328899e-05
1777986958.407866,2067,3.381465285e-05
1777986958.776153,2068,3.37659767e-05
1777986959.137860,2069,3.371726416e-05
1777986959.551878,2070,3.366851524e-05
1777986959.936176,2071,3.361972995e-05
1777986960.299568,2072,3.357090827e-05
1777986960.698604,2073,3.352205385e-05
1777986961.106682,2074,3.347315942e-05
1777986961.485639,2075,3.342423224e-05
1777986961.858594,2076,3.337526869e-05
1777986962.220304,2077,3.332626875e-05
1777986962.567379,2078,3.327723243e-05
1777986962.974571,2079,3.322816701e-05
1777986963.369568,2080,3.317906157e-05
1777986963.736339,2081,3.312992703e-05
1777986964.094668,2082,3.308075611e-05
1777986964.470783,2083,3.303154881e-05
1777986964.869890,2084,3.29823124e-05
1777986965.239290,2085,3.293303962e-05
1777986965.619623,2086,3.288373409e-05
1777986966.001760,2087,3.283439582e-05
1777986966.372859,2088,3.278502481e-05
1777986966.756551,2089,3.273562106e-05
1777986967.122107,2090,3.268618821e-05
1777986967.447047,2091,3.263671897e-05
1777986967.777346,2092,3.258722063e-05
1777986968.102829,2093,3.253768955e-05
1777986968.451376,2094,3.248812936e-05
1777986968.843987,2095,3.243853644e-05
1777986969.198924,2096,3.238891077e-05
1777986969.576539,2097,3.233925599e-05
1777986969.869413,2098,3.228957212e-05
1777986970.243322,2099,3.22398555e-05
1777986970.575950,2100,3.219010978e-05
1777986970.986964,2101,3.214033495e-05
1777986971.399105,2102,3.209052738e-05
1777986971.742202,2103,3.204069435e-05
1777986972.116597,2104,3.199082857e-05
1777986972.476743,2105,3.194093733e-05
1777986972.904609,2106,3.189101699e-05
1777986973.256498,2107,3.184106754e-05
1777986973.647693,2108,3.179108899e-05
1777986974.023351,2109,3.174108133e-05
1777986974.432839,2110,3.169104821e-05
1777986974.792462,2111,3.164098598e-05
1777986975.165186,2112,3.159089829e-05
1777986975.548533,2113,3.154078149e-05
1777986975.916589,2114,3.149063923e-05
1777986976.260275,2115,3.144046786e-05
1777986976.652561,2116,3.139027467e-05
1777986977.019175,2117,3.134005237e-05
1777986977.409826,2118,3.128980097e-05
1777986977.807519,2119,3.123952774e-05
1777986978.191794,2120,3.118922905e-05
1777986978.572088,2121,3.113890489e-05
1777986979.017049,2122,3.108855162e-05
1777986979.395316,2123,3.103817653e-05
1777986979.752624,2124,3.098777961e-05
1777986980.161086,2125,3.093735359e-05
1777986980.557472,2126,3.088690573e-05
1777986980.962014,2127,3.083643242e-05
1777986981.421230,2128,3.078593727e-05
1777986981.823320,2129,3.073541666e-05
1777986982.190675,2130,3.068487422e-05
1777986982.607827,2131,3.063430631e-05
1777986982.964331,2132,3.058371658e-05
1777986983.362083,2133,3.053310502e-05
1777986983.738051,2134,3.048246981e-05
1777986984.099423,2135,3.043181459e-05
1777986984.502549,2136,3.038113573e-05
1777986984.868906,2137,3.033043504e-05
1777986985.254193,2138,3.027971252e-05
1777986985.623334,2139,3.022896999e-05
1777986986.009696,2140,3.017820563e-05
1777986986.386127,2141,3.012741945e-05
1777986986.730814,2142,3.007661508e-05
1777986987.113947,2143,3.002578887e-05
1777986987.537205,2144,2.997494266e-05
1777986987.911731,2145,2.992407644e-05
1777986988.282105,2146,2.987319021e-05
1777986988.637946,2147,2.982228398e-05
1777986989.019992,2148,2.977135955e-05
1777986989.421795,2149,2.972041511e-05
1777986989.785737,2150,2.966945249e-05
1777986990.160024,2151,2.961847167e-05
1777986990.535106,2152,2.956747267e-05
1777986990.901119,2153,2.951645547e-05
1777986991.365466,2154,2.946541827e-05
1777986991.809510,2155,2.941436651e-05
1777986992.230216,2156,2.936329474e-05
1777986992.637302,2157,2.931220661e-05
1777986992.992619,2158,2.92611021e-05
1777986993.382555,2159,2.920998122e-05
1777986993.731515,2160,2.915884215e-05
1777986994.113374,2161,2.910768853e-05
1777986994.504436,2162,2.905651672e-05
1777986994.874946,2163,2.900533036e-05
1777986995.270457,2164,2.895412945e-05
1777986995.642921,2165,2.890291034e-05
1777986996.022877,2166,2.885167851e-05
1777986996.411858,2167,2.88004303e-05
1777986996.797914,2168,2.874916936e-05
1777986997.227788,2169,2.869789205e-05
1777986997.601260,2170,2.864660019e-05
1777986997.973363,2171,2.859529559e-05
1777986998.337723,2172,2.854397644e-05
1777986998.680672,2173,2.849264456e-05
1777986999.038159,2174,2.844129813e-05
1777986999.421523,2175,2.838993896e-05
1777986999.798342,2176,2.833856706e-05
1777987000.150999,2177,2.828718425e-05
1777987000.531621,2178,2.823578689e-05
1777987000.943674,2179,2.818437679e-05
1777987001.370380,2180,2.813295578e-05
1777987001.743466,2181,2.808152385e-05
1777987002.166147,2182,2.803007919e-05
1777987002.499156,2183,2.797862362e-05
1777987002.825462,2184,2.792715713e-05
1777987003.188127,2185,2.787567973e-05
1777987003.555130,2186,2.782419142e-05
1777987003.909981,2187,2.777269401e-05
1777987004.286259,2188,2.772118569e-05
1777987004.622093,2189,2.766966645e-05
1777987004.979027,2190,2.761813812e-05
1777987005.388030,2191,2.756660069e-05
1777987005.745874,2192,2.751505417e-05
1777987006.140707,2193,2.746349855e-05
1777987006.509935,2194,2.741193384e-05
1777987006.864353,2195,2.736036186e-05
1777987007.217033,2196,2.730878077e-05
1777987007.554736,2197,2.72571906e-05
1777987007.892747,2198,2.720559314e-05
1777987008.261337,2199,2.715398841e-05
1777987008.638145,2200,2.710237641e-05
1777987008.971550,2201,2.705075713e-05
1777987009.388845,2202,2.699913057e-05
1777987009.759518,2203,2.694749855e-05
1777987010.093267,2204,2.689585926e-05
1777987010.460901,2205,2.68442127e-05
1777987010.823461,2206,2.679256249e-05
1777987011.169972,2207,2.674090501e-05
1777987011.548843,2208,2.668924208e-05
1777987011.934430,2209,2.663757368e-05
1777987012.317441,2210,2.658589983e-05
1777987012.675303,2211,2.653422234e-05
1777987013.068434,2212,2.64825394e-05
1777987013.438483,2213,2.643085281e-05
1777987013.804930,2214,2.637916077e-05
1777987014.177259,2215,2.632746691e-05
1777987014.535645,2216,2.62757676e-05
1777987014.933982,2217,2.622406464e-05
1777987015.300315,2218,2.617235987e-05
1777987015.682177,2219,2.612065146e-05
1777987016.080324,2220,2.606893941e-05
1777987016.446821,2221,2.601722736e-05
1777987016.811426,2222,2.596550985e-05
1777987017.177482,2223,2.591379234e-05
1777987017.552902,2224,2.586207302e-05
1777987017.889961,2225,2.581035005e-05
1777987018.239586,2226,2.575862709e-05
1777987018.606034,2227,2.570690413e-05
1777987018.965634,2228,2.565517934e-05
1777987019.303936,2229,2.560345274e-05
1777987019.692606,2230,2.555172614e-05
1777987020.085466,2231,2.549999954e-05
1777987020.438731,2232,2.544827294e-05
1777987020.819711,2233,2.539654815e-05
1777987021.161623,2234,2.534482155e-05
1777987021.571688,2235,2.529309677e-05
1777987021.904697,2236,2.524137199e-05
1777987022.214314,2237,2.518964902e-05
1777987022.549587,2238,2.513792788e-05
1777987022.913507,2239,2.508620855e-05
1777987023.315978,2240,2.503448923e-05
1777987023.693673,2241,2.498277354e-05
1777987024.092656,2242,2.493105967e-05
1777987024.493075,2243,2.487934762e-05
1777987024.874370,2244,2.482763921e-05
1777987025.273775,2245,2.477593443e-05
1777987025.692103,2246,2.472423148e-05
1777987026.138460,2247,2.467253398e-05
1777987026.479667,2248,2.46208383e-05
1777987026.827417,2249,2.456914808e-05
1777987027.218315,2250,2.451745968e-05
1777987027.577945,2251,2.446577673e-05
1777987027.936745,2252,2.441409924e-05
1777987028.305498,2253,2.436242721e-05
1777987028.682248,2254,2.431075882e-05
1777987029.038693,2255,2.425909588e-05
1777987029.432518,2256,2.42074384e-05
1777987029.855903,2257,2.415578638e-05
1777987030.260393,2258,2.410414163e-05
1777987030.679453,2259,2.405250234e-05
1777987031.071752,2260,2.400086851e-05
1777987031.451641,2261,2.394924195e-05
1777987031.812953,2262,2.389762267e-05
1777987032.183545,2263,2.384601066e-05
1777987032.547812,2264,2.379440593e-05
1777987032.915292,2265,2.374280848e-05
1777987033.278818,2266,2.369122012e-05
1777987033.673200,2267,2.363963904e-05
1777987034.096066,2268,2.358806523e-05
1777987034.482819,2269,2.353650052e-05
1777987034.849931,2270,2.34849449e-05
1777987035.207598,2271,2.343339838e-05
1777987035.612011,2272,2.338186096e-05
1777987035.978251,2273,2.333033262e-05
1777987036.365022,2274,2.327881521e-05
1777987036.767716,2275,2.322730688e-05
1777987037.118766,2276,2.317580766e-05
1777987037.519551,2277,2.312431934e-05
1777987037.915759,2278,2.307284194e-05
1777987038.295017,2279,2.302137545e-05
1777987038.693255,2280,2.296991988e-05
1777987039.106637,2281,2.291847704e-05
1777987039.507149,2282,2.28670433e-05
1777987039.918858,2283,2.281562229e-05
1777987040.316500,2284,2.276421401e-05
1777987321.303766,0,1.680107609e-08
1777987321.744809,1,3.360215217e-08
1777987322.106058,2,5.040322648e-08
1777987322.456297,3,6.720430434e-08
1777987322.850199,4,8.400537865e-08
1777987323.327883,5,1.00806453e-07
1777987323.689575,6,1.176075273e-07
1777987324.208453,7,1.344086087e-07
1777987324.647710,8,1.512096759e-07
1777987325.142776,9,1.680107573e-07
1777987325.475329,10,1.848118245e-07
1777987325.849647,11,2.016129059e-07
1777987326.240882,12,2.184139731e-07
1777987326.625456,13,2.352150545e-07
1777987327.000283,14,2.520161217e-07
1777987327.361367,15,2.688172174e-07
1777987327.762420,16,2.856182846e-07
1777987328.142655,17,3.024193518e-07
1777987328.477623,18,3.19220419e-07
1777987328.838375,19,3.360215146e-07
1777987329.196070,20,3.528225818e-07
1777987329.554320,21,3.69623649e-07
1777987329.965596,22,3.864247446e-07
1777987330.303234,23,4.032258119e-07
1777987330.682618,24,4.200268791e-07
1777987331.059788,25,4.368279463e-07
1777987331.433161,26,4.536290419e-07
1777987331.809426,27,4.704301091e-07
1777987332.172942,28,4.872312047e-07
1777987332.581596,29,5.040322435e-07
1777987332.923810,30,5.208333391e-07
1777987333.275349,31,5.376344347e-07
1777987333.633090,32,5.544354735e-07
1777987334.001691,33,5.712365692e-07
1777987334.395744,34,5.880376079e-07
1777987334.795953,35,6.048387036e-07
1777987335.151901,36,6.216397992e-07
1777987335.520175,37,6.38440838e-07
1777987336.010186,38,6.552419336e-07
1777987336.473296,39,6.720430292e-07
1777987336.917782,40,6.88844068e-07
1777987337.324024,41,7.056451636e-07
1777987337.728818,42,7.224462593e-07
1777987338.167071,43,7.39247298e-07
1777987338.577933,44,7.560483937e-07
1777987338.941350,45,7.728494893e-07
1777987339.259132,46,7.896505281e-07
1777987339.619215,47,8.064516237e-07
1777987340.029946,48,8.232526625e-07
1777987340.393524,49,8.400537581e-07
1777987340.770376,50,8.568548537e-07
1777987341.176704,51,8.736558925e-07
1777987341.588728,52,8.904569881e-07
1777987341.967099,53,9.072580838e-07
1777987342.325178,54,9.240591226e-07
1777987342.697670,55,9.408602182e-07
1777987343.077076,56,9.576613138e-07
1777987343.482548,57,9.744624094e-07
1777987343.853991,58,9.912633914e-07
1777987344.192763,59,1.008064487e-06
1777987344.591658,60,1.024865583e-06
1777987344.958456,61,1.041666678e-06
1777987345.396531,62,1.058467774e-06
1777987345.763795,63,1.075268869e-06
1777987346.115684,64,1.092069851e-06
1777987346.490415,65,1.108870947e-06
1777987346.882810,66,1.125672043e-06
1777987347.267457,67,1.142473138e-06
1777987347.599514,68,1.159274234e-06
1777987347.952773,69,1.176075216e-06
1777987348.416792,70,1.192876312e-06
1777987348.785536,71,1.209677407e-06
1777987349.134266,72,1.226478503e-06
1777987349.523642,73,1.243279598e-06
1777987349.921398,74,1.260080694e-06
1777987350.293854,75,1.276881676e-06
1777987350.696187,76,1.293682772e-06
1777987351.110779,77,1.310483867e-06
1777987351.522682,78,1.327284963e-06
1777987351.883455,79,1.344086058e-06
1777987352.252536,80,1.36088704e-06
1777987352.612844,81,1.377688136e-06
1777987352.969888,82,1.394489232e-06
1777987353.338663,83,1.411290327e-06
1777987353.686693,84,1.428091423e-06
1777987354.051553,85,1.444892519e-06
1777987354.411428,86,1.4616935e-06
1777987354.791226,87,1.478494596e-06
1777987355.158459,88,1.495295692e-06
1777987355.575570,89,1.512096787e-06
1777987355.970737,90,1.528897883e-06
1777987356.329503,91,1.545698979e-06
1777987356.726322,92,1.562499961e-06
1777987357.074131,93,1.579301056e-06
1777987357.428619,94,1.596102152e-06
1777987357.835816,95,1.612903247e-06
1777987358.200980,96,1.629704343e-06
1777987358.544818,97,1.646505325e-06
1777987358.944506,98,1.663306421e-06
1777987359.303730,99,1.680107516e-06
1777987359.653225,100,1.696908612e-06
1777987360.017827,101,1.713709707e-06
1777987360.380994,102,1.730510803e-06
1777987360.730651,103,1.747311785e-06
1777987361.100675,104,1.764112881e-06
1777987361.515827,105,1.780913976e-06
1777987361.886078,106,1.797715072e-06
1777987362.266516,107,1.814516168e-06
1777987362.660634,108,1.831317149e-06
1777987363.137695,109,1.848118245e-06
1777987363.569872,110,1.864919341e-06
1777987364.005831,111,1.881720436e-06
1777987364.402467,112,1.898521532e-06
1777987364.838402,113,1.915322628e-06
1777987365.269660,114,1.932123723e-06
1777987365.690110,115,1.948924819e-06
1777987366.104592,116,1.965725914e-06
1777987366.529586,117,1.982526783e-06
1777987366.956003,118,1.999327878e-06
1777987367.385795,119,2.016128974e-06
1777987367.813107,120,2.03293007e-06
1777987368.248063,121,2.049731165e-06
1777987368.652305,122,2.066532261e-06
1777987369.290959,123,2.083333356e-06
1777987369.655087,124,2.100134452e-06
1777987370.047569,125,2.116935548e-06
1777987370.456843,126,2.133736643e-06
1777987370.911909,127,2.150537739e-06
1777987371.357394,128,2.167338607e-06
1777987371.788777,129,2.184139703e-06
1777987372.192621,130,2.200940799e-06
1777987372.603841,131,2.217741894e-06
1777987372.999477,132,2.23454299e-06
1777987373.398673,133,2.251344085e-06
1777987373.794962,134,2.268145181e-06
1777987374.209090,135,2.284946277e-06
1777987374.615981,136,2.301747372e-06
1777987375.026155,137,2.318548468e-06
1777987375.367968,138,2.335349564e-06
1777987375.754181,139,2.352150432e-06
1777987376.155786,140,2.368951527e-06
1777987376.550936,141,2.385752623e-06
1777987376.950324,142,2.402553719e-06
1777987377.368711,143,2.419354814e-06
1777987377.735411,144,2.43615591e-06
1777987378.138879,145,2.452957006e-06
1777987378.520904,146,2.469758101e-06
1777987378.886806,147,2.486559197e-06
1777987379.266328,148,2.503360292e-06
1777987379.657450,149,2.520161388e-06
1777987380.012450,150,2.536962256e-06
1777987380.381164,151,2.553763352e-06
1777987380.800840,152,2.570564448e-06
1777987381.202530,153,2.587365543e-06
1777987381.579672,154,2.604166639e-06
1777987381.975776,155,2.620967734e-06
1777987382.376461,156,2.63776883e-06
1777987382.738816,157,2.654569926e-06
1777987383.116684,158,2.671371021e-06
1777987383.489880,159,2.688172117e-06
1777987383.875435,160,2.704973213e-06
1777987384.244641,161,2.721774081e-06
1777987384.611492,162,2.738575176e-06
1777987385.014432,163,2.755376272e-06
1777987385.385903,164,2.772177368e-06
1777987385.809419,165,2.788978463e-06
1777987386.285264,166,2.805779559e-06
1777987386.666477,167,2.822580655e-06
1777987387.023372,168,2.83938175e-06
1777987387.443220,169,2.856182846e-06
1777987387.842270,170,2.872983941e-06
1777987388.200735,171,2.889785037e-06
1777987388.572397,172,2.906586133e-06
1777987388.957365,173,2.923387001e-06
1777987389.307241,174,2.940188097e-06
1777987389.718474,175,2.956989192e-06
1777987390.096703,176,2.973790288e-06
1777987390.462948,177,2.990591383e-06
1777987390.821845,178,3.007392479e-06
1777987391.173938,179,3.024193575e-06
1777987391.580139,180,3.04099467e-06
1777987391.977176,181,3.057795766e-06
1777987392.402239,182,3.074596862e-06
1777987392.793747,183,3.091397957e-06
1777987393.179603,184,3.108198825e-06
1777987393.566869,185,3.124999921e-06
1777987393.935597,186,3.141801017e-06
1777987394.348983,187,3.158602112e-06
1777987394.749881,188,3.175403208e-06
1777987395.152782,189,3.192204304e-06
1777987395.510375,190,3.209005399e-06
1777987395.902630,191,3.225806495e-06
1777987396.251386,192,3.24260759e-06
1777987396.613176,193,3.259408686e-06
1777987397.007850,194,3.276209782e-06
1777987397.362122,195,3.29301065e-06
1777987397.732513,196,3.309811746e-06
1777987398.091072,197,3.326612841e-06
1777987398.482434,198,3.343413937e-06
1777987398.861249,199,3.360215032e-06
1777987399.205285,200,3.377016128e-06
1777987399.563967,201,3.393817224e-06
1777987399.914037,202,3.410618319e-06
1777987400.307066,203,3.427419415e-06
1777987400.699619,204,3.444220511e-06
1777987401.033758,205,3.461021606e-06
1777987401.397939,206,3.477822474e-06
1777987401.784376,207,3.49462357e-06
1777987402.184454,208,3.511424666e-06
1777987402.564692,209,3.528225761e-06
1777987402.962861,210,3.545026857e-06
1777987403.344157,211,3.561827953e-06
1777987403.719690,212,3.578629048e-06
1777987404.058023,213,3.595430144e-06
1777987404.380165,214,3.612231239e-06
1777987404.751797,215,3.629032335e-06
1777987405.168461,216,3.645833431e-06
1777987405.543550,217,3.662634299e-06
1777987405.958835,218,3.679435395e-06
1777987406.311401,219,3.69623649e-06
1777987406.721010,220,3.713037586e-06
1777987407.092870,221,3.729838681e-06
1777987407.483590,222,3.746639777e-06
1777987407.851671,223,3.763440873e-06
1777987408.211342,224,3.780241968e-06
1777987408.580051,225,3.797043064e-06
1777987408.987638,226,3.81384416e-06
1777987409.385488,227,3.830645255e-06
1777987409.730591,228,3.847446351e-06
1777987410.078621,229,3.864247446e-06
1777987410.459682,230,3.881048542e-06
1777987410.827534,231,3.897849638e-06
1777987411.208262,232,3.914650733e-06
1777987411.621023,233,3.931451829e-06
1777987412.048898,234,3.94825247e-06
1777987412.442969,235,3.965053565e-06
1777987412.800503,236,3.981854661e-06
1777987413.201355,237,3.998655757e-06
1777987413.597964,238,4.015456852e-06
1777987413.971509,239,4.032257948e-06
1777987414.350673,240,4.049059044e-06
1777987414.715394,241,4.065860139e-06
1777987415.117817,242,4.082661235e-06
1777987415.495485,243,4.09946233e-06
1777987415.855535,244,4.116263426e-06
1777987416.222657,245,4.133064522e-06
1777987416.607079,246,4.149865617e-06
1777987417.014698,247,4.166666713e-06
1777987417.352170,248,4.183467809e-06
1777987417.735923,249,4.200268904e-06
1777987418.138363,250,4.21707e-06
1777987418.498791,251,4.233871095e-06
1777987418.851034,252,4.250672191e-06
1777987419.253599,253,4.267473287e-06
1777987419.635632,254,4.284274382e-06
1777987420.026388,255,4.301075478e-06
1777987420.400568,256,4.317876119e-06
1777987420.746611,257,4.334677215e-06
1777987421.135174,258,4.35147831e-06
1777987421.527096,259,4.368279406e-06
1777987421.911678,260,4.385080501e-06
1777987422.323516,261,4.401881597e-06
1777987422.710824,262,4.418682693e-06
1777987423.067859,263,4.435483788e-06
1777987423.480027,264,4.452284884e-06
1777987423.861159,265,4.46908598e-06
1777987424.210942,266,4.485887075e-06
1777987424.573050,267,4.502688171e-06
1777987424.958248,268,4.519489266e-06
1777987425.336895,269,4.536290362e-06
1777987425.726626,270,4.553091458e-06
1777987426.092259,271,4.569892553e-06
1777987426.451086,272,4.586693649e-06
1777987426.804671,273,4.603494745e-06
1777987427.194881,274,4.62029584e-06
1777987427.567823,275,4.637096936e-06
1777987427.966424,276,4.653898031e-06
1777987428.351067,277,4.670699127e-06
1777987428.771075,278,4.687500223e-06
1777987429.187412,279,4.704300864e-06
1777987429.550090,280,4.721101959e-06
1777987444.799053,281,4.737903055e-06
1777987445.207301,282,4.75470415e-06
1777987445.624024,283,4.771505246e-06
1777987446.044424,284,4.788306342e-06
1777987446.473734,285,4.805107437e-06
1777987446.859025,286,4.821908533e-06
1777987447.252673,287,4.838709629e-06
1777987447.649802,288,4.855510724e-06
1777987448.094930,289,4.87231182e-06
1777987448.506517,290,4.889112915e-06
1777987448.914026,291,4.905914011e-06
1777987449.319124,292,4.922715107e-06
1777987449.675041,293,4.939516202e-06
1777987450.071230,294,4.956317298e-06
1777987450.439042,295,4.973118394e-06
1777987450.798020,296,4.989919489e-06
1777987451.229031,297,5.006720585e-06
1777987451.584591,298,5.02352168e-06
1777987451.924539,299,5.040322776e-06
1777987452.292625,300,5.057123872e-06
1777987452.697684,301,5.073924513e-06
1777987453.067593,302,5.090725608e-06
1777987453.442237,303,5.107526704e-06
1777987453.833537,304,5.124327799e-06
1777987454.191228,305,5.141128895e-06
1777987454.615914,306,5.157929991e-06
1777987454.987548,307,5.174731086e-06
1777987455.414405,308,5.191532182e-06
1777987455.793363,309,5.208333278e-06
1777987456.167306,310,5.225134373e-06
1777987456.524676,311,5.241935469e-06
1777987456.873657,312,5.258736564e-06
1777987457.286381,313,5.27553766e-06
1777987457.651041,314,5.292338756e-06
1777987458.022974,315,5.309139851e-06
1777987458.392611,316,5.325940947e-06
1777987458.748074,317,5.342742043e-06
1777987459.137482,318,5.359543138e-06
1777987459.554245,319,5.376344234e-06
1777987459.923622,320,5.393145329e-06
1777987460.260622,321,5.409946425e-06
1777987460.614850,322,5.426747521e-06
1777987460.954146,323,5.443548162e-06
1777987461.322180,324,5.460349257e-06
1777987461.718975,325,5.477150353e-06
1777987462.085401,326,5.493951448e-06
1777987462.469590,327,5.510752544e-06
1777987462.835888,328,5.52755364e-06
1777987463.189281,329,5.544354735e-06
1777987463.588110,330,5.561155831e-06
1777987463.945244,331,5.577956927e-06
1777987464.290870,332,5.594758022e-06
1777987464.659361,333,5.611559118e-06
1777987465.016956,334,5.628360213e-06
1777987465.398870,335,5.645161309e-06
1777987465.747778,336,5.661962405e-06
1777987466.151643,337,5.6787635e-06
1777987466.532536,338,5.695564596e-06
1777987466.925270,339,5.712365692e-06
1777987467.320304,340,5.729166787e-06
1777987467.738900,341,5.745967883e-06
1777987468.123521,342,5.762768978e-06
1777987468.465288,343,5.779570074e-06
1777987468.839271,344,5.79637117e-06
1777987469.195640,345,5.813172265e-06
1777987469.536167,346,5.829972906e-06
1777987469.896168,347,5.846774002e-06
1777987470.301926,348,5.863575097e-06
1777987470.667510,349,5.880376193e-06
1777987471.030794,350,5.897177289e-06
1777987471.385365,351,5.913978384e-06
1777987471.806629,352,5.93077948e-06
1777987472.179124,353,5.947580576e-06
1777987472.515301,354,5.964381671e-06
1777987472.907502,355,5.981182767e-06
1777987473.283690,356,5.997983862e-06
1777987473.637258,357,6.014784958e-06
1777987503.374642,358,6.031586054e-06
1777987503.810742,359,6.048387149e-06
1777987504.166308,360,6.065188245e-06
1777987504.509550,361,6.081989341e-06
1777987504.908507,362,6.098790436e-06
1777987505.296751,363,6.115591532e-06
1777987505.649011,364,6.132392627e-06
1777987506.052666,365,6.149193723e-06
1777987506.439399,366,6.165994819e-06
1777987506.820730,367,6.182795914e-06
1777987507.202999,368,6.199596555e-06
1777987507.603339,369,6.216397651e-06
1777987507.963542,370,6.233198746e-06
1777987508.348668,371,6.249999842e-06
1777987508.701254,372,6.266800938e-06
1777987509.057760,373,6.283602033e-06
1777987509.432744,374,6.300403129e-06
1777987509.824308,375,6.317204225e-06
1777987510.175764,376,6.33400532e-06
1777987510.507016,377,6.350806416e-06
1777987510.880721,378,6.367607511e-06
1777987511.236467,379,6.384408607e-06
1777987511.577015,380,6.401209703e-06
1777987511.945905,381,6.418010798e-06
1777987512.313603,382,6.434811894e-06
1777987512.714327,383,6.45161299e-06
1777987513.087941,384,6.468414085e-06
1777987513.438971,385,6.485215181e-06
1777987513.777781,386,6.502016276e-06
1777987514.108015,387,6.518817372e-06
1777987514.464270,388,6.535618468e-06
1777987514.835399,389,6.552419563e-06
1777987515.238206,390,6.569220204e-06
1777987515.597107,391,6.5860213e-06
1777987515.933498,392,6.602822396e-06
1777987516.296594,393,6.619623491e-06
1777987516.674155,394,6.636424587e-06
1777987517.031324,395,6.653225682e-06
1777987517.398448,396,6.670026778e-06
1777987517.790843,397,6.686827874e-06
1777987533.737327,398,6.703628969e-06
1777987534.211474,399,6.720430065e-06
1777987534.611221,400,6.737231161e-06
1777987535.023872,401,6.754032256e-06
1777987535.455524,402,6.770833352e-06
1777987535.842165,403,6.787634447e-06
1777987536.246641,404,6.804435543e-06
1777987536.609560,405,6.821236639e-06
1777987536.948078,406,6.838037734e-06
1777987537.490711,407,6.85483883e-06
1777987537.912865,408,6.871639926e-06
1777987538.338703,409,6.888441021e-06
1777987538.822893,410,6.905242117e-06
1777987539.211069,411,6.922043212e-06
1777987539.625411,412,6.938844308e-06
1777987540.049048,413,6.955644949e-06
1777987540.501180,414,6.972446045e-06
1777987541.022923,415,6.98924714e-06
1777987565.569704,416,7.006048236e-06
1777987566.005537,417,7.022849331e-06
1777987566.381478,418,7.039650427e-06
1777987566.713364,419,7.056451523e-06
1777987567.104408,420,7.073252618e-06
1777987567.479932,421,7.090053714e-06
1777987567.863642,422,7.10685481e-06
1777987568.215955,423,7.123655905e-06
1777987568.594444,424,7.140457001e-06
1777987569.031425,425,7.157258096e-06
1777987569.419746,426,7.174059192e-06
1777987569.808861,427,7.190860288e-06
1777987570.193981,428,7.207661383e-06
1777987570.552147,429,7.224462479e-06
1777987570.925065,430,7.241263575e-06
1777987571.283256,431,7.25806467e-06
1777987571.662382,432,7.274865766e-06
1777987572.027241,433,7.291666861e-06
1777987572.422270,434,7.308467957e-06
1777987572.804534,435,7.325268598e-06
1777987573.173147,436,7.342069694e-06
1777987573.561179,437,7.358870789e-06
1777987573.946430,438,7.375671885e-06
1777987574.365431,439,7.39247298e-06
1777987574.733515,440,7.409274076e-06
1777987575.091030,441,7.426075172e-06
1777987575.471255,442,7.442876267e-06
1777987575.844454,443,7.459677363e-06
1777987576.243009,444,7.476478459e-06
1777987576.686857,445,7.493279554e-06
1777987577.078489,446,7.51008065e-06
1777987577.429273,447,7.526881745e-06
1777987577.808582,448,7.543682841e-06
1777987578.203363,449,7.560483937e-06
1777987578.626948,450,7.577285032e-06
1777987578.989278,451,7.594086128e-06
1777987579.356981,452,7.610887224e-06
1777987579.709036,453,7.627688319e-06
1777987580.124487,454,7.644489415e-06
1777987580.473288,455,7.66129051e-06
1777987580.844792,456,7.678091606e-06
1777987581.197588,457,7.694892702e-06
1777987581.585401,458,7.711693797e-06
1777987581.968318,459,7.728494893e-06
1777987582.374022,460,7.745295989e-06
1777987582.757576,461,7.762097084e-06
1777987583.117008,462,7.77889818e-06
1777987583.525075,463,7.795699275e-06
1777987583.897871,464,7.812500371e-06
1777987584.233462,465,7.829301467e-06
1777987584.593440,466,7.846102562e-06
1777987584.996678,467,7.862903658e-06
1777987585.384413,468,7.879704754e-06
1777987585.735893,469,7.89650494e-06
1777987586.077958,470,7.913306035e-06
1777987586.442983,471,7.930107131e-06
1777987586.842740,472,7.946908227e-06
1777987587.232385,473,7.963709322e-06
1777987587.617407,474,7.980510418e-06
1777987587.962249,475,7.997311513e-06
1777987588.303808,476,8.014112609e-06
1777987588.718515,477,8.030913705e-06
1777987589.092329,478,8.0477148e-06
1777987589.465114,479,8.064515896e-06
1777987589.857929,480,8.081316992e-06
1777987590.241295,481,8.098118087e-06
1777987590.638294,482,8.114919183e-06
1777987591.024544,483,8.131720278e-06
1777987591.421071,484,8.148521374e-06
1777987591.790948,485,8.16532247e-06
1777987592.174325,486,8.182123565e-06
1777987592.504940,487,8.198924661e-06
1777987592.901922,488,8.215725757e-06
1777987593.281576,489,8.232526852e-06
1777987593.634561,490,8.249327948e-06
1777987594.003897,491,8.266129043e-06
1777987594.380147,492,8.282930139e-06
1777987594.743519,493,8.299731235e-06
1777987595.133158,494,8.31653233e-06
1777987595.506894,495,8.333333426e-06
1777987595.897865,496,8.350134522e-06
1777987596.317613,497,8.366935617e-06
1777987596.695354,498,8.383736713e-06
1777987597.121925,499,8.400537808e-06
1777987597.531456,500,8.417338904e-06
1777987597.891854,501,8.43414e-06
1777987598.327180,502,8.450941095e-06
1777987598.716009,503,8.467742191e-06
1777987599.086317,504,8.484543287e-06
1777987599.447077,505,8.501344382e-06
1777987599.826955,506,8.518145478e-06
1777987600.203834,507,8.534946573e-06
1777987600.556551,508,8.551747669e-06
1777987600.913357,509,8.568548765e-06
1777987601.313197,510,8.58534986e-06
1777987601.680170,511,8.602150956e-06
1777987602.046035,512,8.618952052e-06
1777987602.410754,513,8.635752238e-06
1777987602.780149,514,8.652553333e-06
1777987603.152279,515,8.669354429e-06
1777987603.541585,516,8.686155525e-06
1777987603.907781,517,8.70295662e-06
1777987604.251836,518,8.719757716e-06
1777987604.625342,519,8.736558812e-06
1777987604.972240,520,8.753359907e-06
1777987605.374824,521,8.770161003e-06
1777987605.758907,522,8.786962098e-06
1777987606.128305,523,8.803763194e-06
1777987606.480884,524,8.82056429e-06
1777987606.844946,525,8.837365385e-06
1777987607.219924,526,8.854166481e-06
1777987607.599771,527,8.870967577e-06
1777987607.999701,528,8.887768672e-06
1777987608.341484,529,8.904569768e-06
1777987608.676502,530,8.921370863e-06
1777987609.083769,531,8.938171959e-06
1777987609.476774,532,8.954973055e-06
1777987609.906255,533,8.97177415e-06
1777987610.307827,534,8.988575246e-06
1777987610.687294,535,9.005376342e-06
1777987611.044974,536,9.022177437e-06
1777987611.389815,537,9.038978533e-06
1777987611.755114,538,9.055779628e-06
1777987612.124404,539,9.072580724e-06
1777987612.471895,540,9.08938182e-06
1777987612.841070,541,9.106182915e-06
1777987613.263334,542,9.122984011e-06
1777987613.623756,543,9.139785107e-06
1777987613.975945,544,9.156586202e-06
1777987614.369820,545,9.173387298e-06
1777987614.722492,546,9.190188393e-06
1777987615.118649,547,9.206989489e-06
1777987615.540937,548,9.223790585e-06
1777987615.948503,549,9.24059168e-06
1777987616.313039,550,9.257392776e-06
1777987616.746397,551,9.274193872e-06
1777987617.126040,552,9.290994967e-06
1777987617.504396,553,9.307796063e-06
1777987617.923164,554,9.324597158e-06
1777987618.277781,555,9.341398254e-06
1777987618.622087,556,9.35819935e-06
1777987619.014406,557,9.375000445e-06
1777987619.385416,558,9.391800631e-06
1777987619.789657,559,9.408601727e-06
1777987620.173842,560,9.425402823e-06
1777987620.562235,561,9.442203918e-06
1777987620.966989,562,9.459005014e-06
1777987621.364652,563,9.47580611e-06
1777987621.757822,564,9.492607205e-06
1777987622.141643,565,9.509408301e-06
1777987622.513688,566,9.526209396e-06
1777987622.917869,567,9.543010492e-06
1777987623.335745,568,9.559811588e-06
1777987623.755408,569,9.576612683e-06
1777987624.120598,570,9.593413779e-06
1777987624.491722,571,9.610214875e-06
1777987624.869501,572,9.62701597e-06
1777987625.243345,573,9.643817066e-06
1777987625.655337,574,9.660618161e-06
1777987626.018649,575,9.677419257e-06
1777987626.368172,576,9.694220353e-06
1777987626.723841,577,9.711021448e-06
1777987627.107254,578,9.727822544e-06
1777987627.516118,579,9.74462364e-06
1777987627.912250,580,9.761424735e-06
1777987628.304912,581,9.778225831e-06
1777987628.724026,582,9.795026926e-06
1777987629.137509,583,9.811828022e-06
1777987629.512957,584,9.828629118e-06
1777987629.884730,585,9.845430213e-06
1777987630.242216,586,9.862231309e-06
1777987630.653596,587,9.879032405e-06
1777987630.997042,588,9.8958335e-06
1777987631.348949,589,9.912634596e-06
1777987631.712890,590,9.929435691e-06
1777987632.159012,591,9.946236787e-06
1777987632.553314,592,9.963037883e-06
1777987632.963507,593,9.979838978e-06
1777987633.342537,594,9.996640074e-06
1777987633.701902,595,1.001344117e-05
1777987634.070451,596,1.003024227e-05
1777987634.418524,597,1.004704336e-05
1777987634.839293,598,1.006384446e-05
1777987635.235629,599,1.008064555e-05
1777987635.611548,600,1.009744665e-05
1777987636.015960,601,1.011424774e-05
1777987636.429294,602,1.013104884e-05
1777987636.819843,603,1.014784903e-05
1777987637.214123,604,1.016465012e-05
1777987637.630475,605,1.018145122e-05
1777987637.984514,606,1.019825231e-05
1777987638.388143,607,1.021505341e-05
1777987638.783768,608,1.02318545e-05
1777987639.130460,609,1.02486556e-05
1777987639.530502,610,1.026545669e-05
1777987639.932890,611,1.028225779e-05
1777987640.300206,612,1.029905889e-05
1777987640.663411,613,1.031585998e-05
1777987641.064339,614,1.033266108e-05
1777987641.507960,615,1.034946217e-05
1777987641.914133,616,1.036626327e-05
1777987642.277025,617,1.038306436e-05
1777987642.703061,618,1.039986546e-05
1777987643.094624,619,1.041666656e-05
1777987643.435868,620,1.043346765e-05
1777987643.797476,621,1.045026875e-05
1777987644.155162,622,1.046706984e-05
1777987644.532051,623,1.048387094e-05
1777987644.933033,624,1.050067203e-05
1777987645.335983,625,1.051747313e-05
1777987645.704609,626,1.053427422e-05
1777987646.068905,627,1.055107532e-05
1777987646.466411,628,1.056787642e-05
1777987646.873764,629,1.058467751e-05
1777987647.250390,630,1.060147861e-05
1777987647.607662,631,1.06182797e-05
1777987647.998117,632,1.06350808e-05
1777987648.378989,633,1.065188189e-05
1777987648.773654,634,1.066868299e-05
1777987649.220865,635,1.068548409e-05
1777987649.671453,636,1.070228518e-05
1777987650.106096,637,1.071908628e-05
1777987650.485396,638,1.073588737e-05
1777987650.862910,639,1.075268847e-05
1777987651.272339,640,1.076948956e-05
1777987651.672437,641,1.078629066e-05
1777987652.093013,642,1.080309175e-05
1777987652.491717,643,1.081989285e-05
1777987652.896081,644,1.083669395e-05
1777987653.339486,645,1.085349504e-05
1777987653.763175,646,1.087029614e-05
1777987654.192411,647,1.088709632e-05
1777987654.672550,648,1.090389742e-05
1777987655.070365,649,1.092069851e-05
1777987655.454215,650,1.093749961e-05
1777987655.906556,651,1.095430071e-05
1777987656.340073,652,1.09711018e-05
1777987656.744782,653,1.09879029e-05
1777987657.176749,654,1.100470399e-05
1777987657.567903,655,1.102150509e-05
1777987657.962585,656,1.103830618e-05
1777987658.391297,657,1.105510728e-05
1777987658.753320,658,1.107190838e-05
1777987659.143435,659,1.108870947e-05
1777987659.575749,660,1.110551057e-05
1777987659.961557,661,1.112231166e-05
1777987660.396498,662,1.113911276e-05
1777987660.839768,663,1.115591385e-05
1777987661.266523,664,1.117271495e-05
1777987661.684105,665,1.118951604e-05
1777987662.015048,666,1.120631714e-05
1777987662.358996,667,1.122311824e-05
1777987662.731480,668,1.123991933e-05
1777987663.116408,669,1.125672043e-05
1777987663.507686,670,1.127352152e-05
1777987663.912903,671,1.129032262e-05
1777987664.328850,672,1.130712371e-05
1777987664.736031,673,1.132392481e-05
1777987665.177620,674,1.134072591e-05
1777987665.603072,675,1.1357527e-05
1777987665.999129,676,1.13743281e-05
1777987666.427716,677,1.139112919e-05
1777987666.861970,678,1.140793029e-05
1777987667.247014,679,1.142473138e-05
1777987667.690037,680,1.144153248e-05
1777987668.102174,681,1.145833357e-05
1777987668.495750,682,1.147513467e-05
1777987668.913306,683,1.149193577e-05
1777987669.332940,684,1.150873686e-05
1777987669.756849,685,1.152553796e-05
1777987670.212023,686,1.154233905e-05
1777987670.616729,687,1.155914015e-05
1777987671.066769,688,1.157594124e-05
1777987671.432934,689,1.159274234e-05
1777987671.834785,690,1.160954344e-05
1777987672.223069,691,1.162634453e-05
1777987672.583918,692,1.164314472e-05
1777987672.952822,693,1.165994581e-05
1777987673.333007,694,1.167674691e-05
1777987673.721946,695,1.1693548e-05
1777987674.092360,696,1.17103491e-05
1777987674.464580,697,1.172715019e-05
1777987674.826472,698,1.174395129e-05
1777987675.206152,699,1.176075239e-05
1777987675.628010,700,1.177755348e-05
1777987675.999798,701,1.179435458e-05
1777987676.358786,702,1.181115567e-05
1777987676.759239,703,1.182795677e-05
1777987677.114220,704,1.184475786e-05
1777987677.515743,705,1.186155896e-05
1777987677.896697,706,1.187836006e-05
1777987678.298527,707,1.189516115e-05
1777987678.668125,708,1.191196225e-05
1777987679.018522,709,1.192876334e-05
1777987679.420437,710,1.194556444e-05
1777987679.826232,711,1.196236553e-05
1777987680.195724,712,1.197916663e-05
1777987680.550211,713,1.199596772e-05
1777987680.926610,714,1.201276882e-05
1777987681.287654,715,1.202956992e-05
1777987681.678060,716,1.204637101e-05
1777987682.015507,717,1.206317211e-05
1777987682.444475,718,1.20799732e-05
1777987682.850468,719,1.20967743e-05
1777987683.242862,720,1.211357539e-05
1777987683.670431,721,1.213037649e-05
1777987684.048963,722,1.214717759e-05
1777987684.438911,723,1.216397868e-05
1777987684.831159,724,1.218077978e-05
1777987685.207040,725,1.219758087e-05
1777987685.606966,726,1.221438197e-05
1777987686.023624,727,1.223118306e-05
1777987686.397007,728,1.224798416e-05
1777987686.742665,729,1.226478525e-05
1777987687.112684,730,1.228158635e-05
1777987687.500367,731,1.229838745e-05
1777987687.860307,732,1.231518854e-05
1777987688.221462,733,1.233198964e-05
1777987688.620257,734,1.234879073e-05
1777987689.013251,735,1.236559183e-05
1777987689.408064,736,1.238239292e-05
1777987689.834310,737,1.239919311e-05
1777987690.279210,738,1.241599421e-05
1777987690.660144,739,1.24327953e-05
1777987691.062196,740,1.24495964e-05
1777987691.415126,741,1.246639749e-05
1777987691.806641,742,1.248319859e-05
1777987692.231828,743,1.249999968e-05
1777987692.623909,744,1.251680078e-05
1777987693.043163,745,1.253360188e-05
1777987693.458837,746,1.255040297e-05
1777987693.853093,747,1.256720407e-05
1777987694.268714,748,1.258400516e-05
1777987694.638960,749,1.260080626e-05
1777987695.038579,750,1.261760735e-05
1777987695.457335,751,1.263440845e-05
1777987695.884606,752,1.265120954e-05
1777987696.252469,753,1.266801064e-05
1777987696.678793,754,1.268481174e-05
1777987697.033991,755,1.270161283e-05
1777987697.434027,756,1.271841393e-05
1777987697.820791,757,1.273521502e-05
1777987698.220322,758,1.275201612e-05
1777987698.636081,759,1.276881721e-05
1777987699.010442,760,1.278561831e-05
1777987699.376705,761,1.280241941e-05
1777987699.758660,762,1.28192205e-05
1777987700.088117,763,1.28360216e-05
1777987700.477726,764,1.285282269e-05
1777987700.874778,765,1.286962379e-05
1777987701.289245,766,1.288642488e-05
1777987701.687709,767,1.290322598e-05
1777987702.063203,768,1.292002707e-05
1777987702.433663,769,1.293682817e-05
1777987702.825916,770,1.295362927e-05
1777987703.201421,771,1.297043036e-05
1777987703.574905,772,1.298723146e-05
1777987703.937308,773,1.300403255e-05
1777987704.290299,774,1.302083365e-05
1777987704.650906,775,1.303763474e-05
1777987705.065402,776,1.305443584e-05
1777987705.454352,777,1.307123694e-05
1777987705.809378,778,1.308803803e-05
1777987706.195077,779,1.310483913e-05
1777987706.576552,780,1.312164022e-05
1777987706.985803,781,1.313844041e-05
1777987707.353649,782,1.31552415e-05
1777987707.763010,783,1.31720426e-05
1777987708.154437,784,1.31888437e-05
1777987708.508799,785,1.320564479e-05
1777987708.914349,786,1.322244589e-05
1777987709.293997,787,1.323924698e-05
1777987709.691524,788,1.325604808e-05
1777987710.065003,789,1.327284917e-05
1777987710.462014,790,1.328965027e-05
1777987710.840974,791,1.330645136e-05
1777987711.244976,792,1.332325246e-05
1777987711.642574,793,1.334005356e-05
1777987712.009268,794,1.335685465e-05
1777987712.370454,795,1.337365575e-05
1777987712.757568,796,1.339045684e-05
1777987713.180222,797,1.340725794e-05
1777987713.628367,798,1.342405903e-05
1777987714.063035,799,1.344086013e-05
1777987714.454314,800,1.345766123e-05
1777987714.803905,801,1.347446232e-05
1777987715.196269,802,1.349126342e-05
1777987715.568141,803,1.350806451e-05
1777987715.960826,804,1.352486561e-05
1777987716.375444,805,1.35416667e-05
1777987716.783811,806,1.35584678e-05
1777987717.228008,807,1.357526889e-05
1777987717.626834,808,1.359206999e-05
1777987718.032032,809,1.360887109e-05
1777987718.424816,810,1.362567218e-05
1777987718.781229,811,1.364247328e-05
1777987719.145046,812,1.365927437e-05
1777987719.516955,813,1.367607547e-05
1777987719.917568,814,1.369287656e-05
1777987720.353650,815,1.370967766e-05
1777987720.764155,816,1.372647876e-05
1777987721.175991,817,1.374327985e-05
1777987721.628237,818,1.376008095e-05
1777987722.003126,819,1.377688204e-05
1777987722.471040,820,1.379368314e-05
1777987722.910702,821,1.381048423e-05
1777987723.319341,822,1.382728533e-05
1777987723.746310,823,1.384408642e-05
1777987724.169045,824,1.386088752e-05
1777987724.610934,825,1.387768862e-05
1777987725.013033,826,1.38944888e-05
1777987725.481760,827,1.39112899e-05
1777987725.892056,828,1.392809099e-05
1777987726.358222,829,1.394489209e-05
1777987726.763350,830,1.396169318e-05
1777987727.194801,831,1.397849428e-05
1777987727.635630,832,1.399529538e-05
1777987728.035216,833,1.401209647e-05
1777987728.443624,834,1.402889757e-05
1777987728.881464,835,1.404569866e-05
1777987729.331007,836,1.406249976e-05
1777987729.842629,837,1.407930085e-05
1777987730.237428,838,1.409610195e-05
1777987730.700090,839,1.411290305e-05
1777987731.086369,840,1.412970414e-05
1777987731.474006,841,1.414650524e-05
1777987731.853398,842,1.416330633e-05
1777987732.299499,843,1.418010743e-05
1777987732.707554,844,1.419690852e-05
1777987733.122487,845,1.421370962e-05
1777987733.490097,846,1.423051071e-05
1777987733.847051,847,1.424731181e-05
1777987734.236429,848,1.426411291e-05
1777987734.608980,849,1.4280914e-05
1777987735.028853,850,1.42977151e-05
1777987735.440044,851,1.431451619e-05
1777987735.860346,852,1.433131729e-05
1777987736.311816,853,1.434811838e-05
1777987736.710229,854,1.436491948e-05
1777987737.099056,855,1.438172058e-05
1777987737.542485,856,1.439852167e-05
1777987737.923369,857,1.441532277e-05
1777987738.341530,858,1.443212386e-05
1777987738.747704,859,1.444892496e-05
1777987739.124945,860,1.446572605e-05
1777987739.480271,861,1.448252715e-05
1777987739.889260,862,1.449932824e-05
1777987740.300377,863,1.451612934e-05
1777987740.713406,864,1.453293044e-05
1777987741.255576,865,1.454973153e-05
1777987741.780462,866,1.456653263e-05
1777987742.372145,867,1.458333372e-05
1777987742.856091,868,1.460013482e-05
1777987743.354204,869,1.461693591e-05
1777987743.833014,870,1.463373701e-05
1777987744.350376,871,1.46505372e-05
1777987744.886081,872,1.466733829e-05
1777987745.416254,873,1.468413939e-05
1777987745.925710,874,1.470094048e-05
1777987746.425031,875,1.471774158e-05
1777987746.994021,876,1.473454267e-05
1777987747.529026,877,1.475134377e-05
1777987748.062788,878,1.476814487e-05
1777987748.437903,879,1.478494596e-05
1777987748.830313,880,1.480174706e-05
1777987749.200468,881,1.481854815e-05
1777987749.596896,882,1.483534925e-05
1777987750.024471,883,1.485215034e-05
1777987750.411059,884,1.486895144e-05
1777987750.787569,885,1.488575253e-05
1777987751.211509,886,1.490255363e-05
1777987751.613157,887,1.491935473e-05
1777987752.015320,888,1.493615582e-05
1777987752.376795,889,1.495295692e-05
1777987752.794180,890,1.496975801e-05
1777987753.204319,891,1.498655911e-05
1777987753.642979,892,1.50033602e-05
1777987754.041742,893,1.50201613e-05
1777987754.457872,894,1.50369624e-05
1777987754.864814,895,1.505376349e-05
1777987755.344658,896,1.507056459e-05
1777987755.725277,897,1.508736568e-05
1777987756.149287,898,1.510416678e-05
1777987756.588809,899,1.512096787e-05
1777987757.000299,900,1.513776897e-05
1777987757.465198,901,1.515457006e-05
1777987757.876042,902,1.517137116e-05
1777987758.289841,903,1.518817226e-05
1777987758.731055,904,1.520497335e-05
1777987759.232834,905,1.522177445e-05
1777987759.732535,906,1.523857554e-05
1777987760.332399,907,1.525537664e-05
1777987760.807880,908,1.527217682e-05
1777987761.413428,909,1.528897883e-05
1777987761.915880,910,1.530577902e-05
1777987762.395408,911,1.532258102e-05
1777987762.994684,912,1.533938121e-05
1777987763.456271,913,1.535618321e-05
1777987763.870437,914,1.53729834e-05
1777987764.232745,915,1.53897854e-05
1777987764.593312,916,1.540658559e-05
1777987765.004552,917,1.542338759e-05
1777987765.423871,918,1.544018778e-05
1777987765.796178,919,1.545698979e-05
1777987766.183452,920,1.547378997e-05
1777987766.615702,921,1.549059198e-05
1777987766.999867,922,1.550739216e-05
1777987767.388349,923,1.552419417e-05
1777987767.783189,924,1.554099435e-05
1777987768.164756,925,1.555779636e-05
1777987768.512138,926,1.557459655e-05
1777987768.884296,927,1.559139855e-05
1777987769.319332,928,1.560819874e-05
1777987769.723632,929,1.562500074e-05
1777987770.119153,930,1.564180093e-05
1777987770.505799,931,1.565860293e-05
1777987770.913477,932,1.567540312e-05
1777987771.312552,933,1.569220512e-05
1777987771.707593,934,1.570900531e-05
1777987772.124277,935,1.572580732e-05
1777987772.541355,936,1.57426075e-05
1777987772.950312,937,1.575940951e-05
1777987773.328923,938,1.577620969e-05
1777987773.780270,939,1.579300988e-05
1777987774.184597,940,1.580981188e-05
1777987774.588503,941,1.582661207e-05
1777987774.965816,942,1.584341408e-05
1777987775.374558,943,1.586021426e-05
1777987775.753368,944,1.587701627e-05
1777987776.173998,945,1.589381645e-05
1777987776.570662,946,1.591061846e-05
1777987776.985306,947,1.592741864e-05
1777987777.385273,948,1.594422065e-05
1777987777.801950,949,1.596102084e-05
1777987778.216908,950,1.597782284e-05
1777987778.582026,951,1.599462303e-05
1777987778.983587,952,1.601142503e-05
1777987779.444799,953,1.602822522e-05
1777987779.844453,954,1.604502722e-05
1777987780.280382,955,1.606182741e-05
1777987780.705213,956,1.607862941e-05
1777987781.134845,957,1.60954296e-05
1777987781.539082,958,1.611223161e-05
1777987781.936380,959,1.612903179e-05
1777987782.343735,960,1.61458338e-05
1777987782.771038,961,1.616263398e-05
1777987783.209662,962,1.617943599e-05
1777987783.661545,963,1.619623617e-05
1777987784.127152,964,1.621303818e-05
1777987784.506256,965,1.622983837e-05
1777987784.889559,966,1.624664037e-05
1777987785.255284,967,1.626344056e-05
1777987785.631417,968,1.628024256e-05
1777987786.069378,969,1.629704275e-05
1777987786.499721,970,1.631384475e-05
1777987786.951996,971,1.633064494e-05
1777987787.384835,972,1.634744694e-05
1777987787.809815,973,1.636424713e-05
1777987788.205531,974,1.638104914e-05
1777987788.617122,975,1.639784932e-05
1777987789.048547,976,1.641465133e-05
1777987789.503582,977,1.643145151e-05
1777987789.909315,978,1.644825352e-05
1777987790.320231,979,1.64650537e-05
1777987790.756158,980,1.648185571e-05
1777987791.206087,981,1.64986559e-05
1777987791.664174,982,1.651545608e-05
1777987792.073268,983,1.653225809e-05
1777987792.436611,984,1.654905827e-05
1777987792.820780,985,1.656586028e-05
1777987793.191446,986,1.658266046e-05
1777987793.559115,987,1.659946247e-05
1777987793.924394,988,1.661626266e-05
1777987794.310328,989,1.663306466e-05
1777987794.654669,990,1.664986485e-05
1777987795.016508,991,1.666666685e-05
1777987795.401041,992,1.668346704e-05
1777987795.803289,993,1.670026904e-05
1777987796.163878,994,1.671706923e-05
1777987796.534053,995,1.673387123e-05
1777987796.924880,996,1.675067142e-05
1777987797.368761,997,1.676747343e-05
1777987797.758806,998,1.678427361e-05
1777987798.157124,999,1.680107562e-05
1777987798.574060,1000,1.68178758e-05
1777987798.922690,1001,1.683467781e-05
1777987799.302987,1002,1.685147799e-05
1777987799.725396,1003,1.686828e-05
1777987800.118770,1004,1.688508019e-05
1777987800.548085,1005,1.690188219e-05
1777987800.927724,1006,1.691868238e-05
1777987801.352192,1007,1.693548438e-05
1777987801.743786,1008,1.695228457e-05
1777987802.144437,1009,1.696908657e-05
1777987802.519514,1010,1.698588676e-05
1777987802.902973,1011,1.700268876e-05
1777987803.304339,1012,1.701948895e-05
1777987803.682816,1013,1.703629096e-05
1777987804.055041,1014,1.705309114e-05
1777987804.505574,1015,1.706989315e-05
1777987804.921402,1016,1.708669333e-05
1777987805.275687,1017,1.710349534e-05
1777987805.658263,1018,1.712029552e-05
1777987806.041766,1019,1.713709753e-05
1777987806.413301,1020,1.715389772e-05
1777987806.790663,1021,1.717069972e-05
1777987807.151257,1022,1.718749991e-05
1777987807.561300,1023,1.720430191e-05
1777987807.952554,1024,1.72211021e-05
1777987808.349916,1025,1.72379041e-05
1777987808.757926,1026,1.725470429e-05
1777987809.141393,1027,1.727150448e-05
1777987809.508843,1028,1.728830648e-05
1777987809.865101,1029,1.730510667e-05
1777987810.270503,1030,1.732190867e-05
1777987810.658340,1031,1.733870886e-05
1777987811.016303,1032,1.735551086e-05
1777987811.439618,1033,1.737231105e-05
1777987811.823357,1034,1.738911305e-05
1777987812.221185,1035,1.740591324e-05
1777987812.588781,1036,1.742271525e-05
1777987812.970433,1037,1.743951543e-05
1777987813.343959,1038,1.745631744e-05
1777987813.704520,1039,1.747311762e-05
1777987814.050420,1040,1.748991963e-05
1777987814.423412,1041,1.750671981e-05
1777987814.834013,1042,1.752352182e-05
1777987815.217160,1043,1.754032201e-05
1777987815.643503,1044,1.755712401e-05
1777987816.008014,1045,1.75739242e-05
1777987816.411481,1046,1.75907262e-05
1777987816.862314,1047,1.760752639e-05
1777987817.241155,1048,1.762432839e-05
1777987817.650325,1049,1.764112858e-05
1777987818.067110,1050,1.765793058e-05
1777987818.463105,1051,1.767473077e-05
1777987818.902574,1052,1.769153278e-05
1777987819.370957,1053,1.770833296e-05
1777987819.782809,1054,1.772513497e-05
1777987820.197624,1055,1.774193515e-05
1777987820.603935,1056,1.775873716e-05
1777987820.984374,1057,1.777553734e-05
1777987821.344609,1058,1.779233935e-05
1777987821.722255,1059,1.780913954e-05
1777987822.107532,1060,1.782594154e-05
1777987822.484750,1061,1.784274173e-05
1777987822.867505,1062,1.785954373e-05
1777987823.235251,1063,1.787634392e-05
1777987823.600605,1064,1.789314592e-05
1777987823.929026,1065,1.790994611e-05
1777987824.277083,1066,1.792674811e-05
1777987824.627429,1067,1.79435483e-05
1777987825.002680,1068,1.796035031e-05
1777987825.375316,1069,1.797715049e-05
1777987825.732828,1070,1.79939525e-05
1777987826.112673,1071,1.801075268e-05
1777987826.513939,1072,1.802755287e-05
1777987826.923234,1073,1.804435487e-05
1777987827.379600,1074,1.806115506e-05
1777987827.780340,1075,1.807795707e-05
1777987828.179676,1076,1.809475725e-05
1777987828.573582,1077,1.811155926e-05
1777987829.000026,1078,1.812835944e-05
1777987829.370777,1079,1.814516145e-05
1777987829.773415,1080,1.816196163e-05
1777987830.155612,1081,1.817876364e-05
1777987830.476316,1082,1.819556383e-05
1777987830.824438,1083,1.821236583e-05
1777987831.199848,1084,1.822916602e-05
1777987831.616082,1085,1.824596802e-05
1777987832.011063,1086,1.826276821e-05
1777987832.405369,1087,1.827957021e-05
1777987832.764069,1088,1.82963704e-05
1777987833.122930,1089,1.83131724e-05
1777987833.464561,1090,1.832997259e-05
1777987833.863279,1091,1.83467746e-05
1777987834.251958,1092,1.836357478e-05
1777987834.662705,1093,1.838037679e-05
1777987835.029267,1094,1.839717697e-05
1777987835.408619,1095,1.841397898e-05
1777987835.789232,1096,1.843077916e-05
1777987836.192476,1097,1.844758117e-05
1777987836.564307,1098,1.846438136e-05
1777987836.950543,1099,1.848118336e-05
1777987837.411290,1100,1.849798355e-05
1777987837.795526,1101,1.851478555e-05
1777987838.202583,1102,1.853158574e-05
1777987838.534292,1103,1.854838774e-05
1777987838.942473,1104,1.856518793e-05
1777987839.378214,1105,1.858198993e-05
1777987839.784595,1106,1.859879012e-05
1777987840.169939,1107,1.861559213e-05
1777987840.530162,1108,1.863239231e-05
1777987840.950842,1109,1.864919432e-05
1777987841.338552,1110,1.86659945e-05
1777987841.747341,1111,1.868279651e-05
1777987842.184843,1112,1.869959669e-05
1777987842.553686,1113,1.87163987e-05
1777987842.957959,1114,1.873319889e-05
1777987843.409388,1115,1.875000089e-05
1777987843.826981,1116,1.876680108e-05
1777987844.270351,1117,1.878360126e-05
1777987844.723635,1118,1.880040327e-05
1777987845.186995,1119,1.881720345e-05
1777987845.594798,1120,1.883400546e-05
1777987845.985162,1121,1.885080565e-05
1777987846.331473,1122,1.886760765e-05
1777987846.730430,1123,1.888440784e-05
1777987847.166613,1124,1.890120984e-05
1777987847.557297,1125,1.891801003e-05
1777987847.915957,1126,1.893481203e-05
1777987848.300263,1127,1.895161222e-05
1777987848.680010,1128,1.896841422e-05
1777987865.005972,1129,1.898521441e-05
1777987865.373259,1130,1.900201642e-05
1777987865.751251,1131,1.90188166e-05
1777987866.109632,1132,1.903561861e-05
1777987866.463144,1133,1.905241879e-05
1777987866.809994,1134,1.90692208e-05
1777987867.156073,1135,1.908602098e-05
1777987867.560432,1136,1.910282299e-05
1777987867.929787,1137,1.911962318e-05
1777987868.354906,1138,1.913642518e-05
1777987868.690852,1139,1.915322537e-05
1777987869.061585,1140,1.917002737e-05
1777987869.424935,1141,1.918682756e-05
1777987869.771543,1142,1.920362956e-05
1777987870.173075,1143,1.922042975e-05
1777987870.543589,1144,1.923723175e-05
1777987870.924179,1145,1.925403194e-05
1777987871.281385,1146,1.927083395e-05
1777987871.642668,1147,1.928763413e-05
1777987872.022379,1148,1.930443614e-05
1777987872.393126,1149,1.932123632e-05
1777987872.748028,1150,1.933803833e-05
1777987873.118074,1151,1.935483851e-05
1777987873.518833,1152,1.937164052e-05
1777987873.874025,1153,1.938844071e-05
1777987874.267484,1154,1.940524271e-05
1777987874.659075,1155,1.94220429e-05
1777987875.016361,1156,1.94388449e-05
1777987875.417237,1157,1.945564509e-05
1777987875.837875,1158,1.947244709e-05
1777987876.202543,1159,1.948924728e-05
1777987876.599138,1160,1.950604928e-05
1777987877.006489,1161,1.952284947e-05
1777987877.361718,1162,1.953964966e-05
1777987877.699207,1163,1.955645166e-05
1777987878.040865,1164,1.957325185e-05
1777987878.409676,1165,1.959005385e-05
1777987878.809564,1166,1.960685404e-05
1777987879.162837,1167,1.962365604e-05
1777987879.504353,1168,1.964045623e-05
1777987879.854291,1169,1.965725824e-05
1777987880.224330,1170,1.967405842e-05
1777987880.612271,1171,1.969086043e-05
1777987880.973986,1172,1.970766061e-05
1777987881.320829,1173,1.972446262e-05
1777987881.662381,1174,1.97412628e-05
1777987881.993673,1175,1.975806481e-05
1777987882.368618,1176,1.9774865e-05
1777987882.742252,1177,1.9791667e-05
1777987883.097627,1178,1.980846719e-05
1777987883.427663,1179,1.982526919e-05
1777987883.860512,1180,1.984206938e-05
1777987884.208014,1181,1.985887138e-05
1777987884.559970,1182,1.987567157e-05
1777987884.902285,1183,1.989247357e-05
1777987885.250178,1184,1.990927376e-05
1777987885.583125,1185,1.992607577e-05
1777987885.931391,1186,1.994287595e-05
1777987886.275379,1187,1.995967796e-05
1777987886.638080,1188,1.997647814e-05
1777987887.040401,1189,1.999328015e-05
1777987887.457945,1190,2.001008033e-05
1777987887.846215,1191,2.002688234e-05
1777987888.244968,1192,2.004368253e-05
1777987888.597387,1193,2.006048453e-05
1777987888.947626,1194,2.007728472e-05
1777987889.285565,1195,2.009408672e-05
1777987889.654376,1196,2.011088691e-05
1777987889.991704,1197,2.012768891e-05
1777987890.351579,1198,2.01444891e-05
1777987890.766665,1199,2.01612911e-05
1777987891.144869,1200,2.017809129e-05
1777987891.532125,1201,2.01948933e-05
1777987891.921073,1202,2.021169348e-05
1777987892.292154,1203,2.022849549e-05
1777987892.646727,1204,2.024529567e-05
1777987893.003146,1205,2.026209768e-05
1777987893.385955,1206,2.027889786e-05
1777987893.773566,1207,2.029569805e-05
1777987894.139517,1208,2.031250006e-05
1777987894.502042,1209,2.032930024e-05
1777987894.866852,1210,2.034610225e-05
1777987895.259545,1211,2.036290243e-05
1777987895.613713,1212,2.037970444e-05
1777987895.984048,1213,2.039650462e-05
1777987896.320041,1214,2.041330663e-05
1777987896.690863,1215,2.043010682e-05
1777987897.062854,1216,2.044690882e-05
1777987897.423121,1217,2.046370901e-05
1777987897.779341,1218,2.048051101e-05
1777987898.152175,1219,2.04973112e-05
1777987898.521267,1220,2.05141132e-05
1777987898.908174,1221,2.053091339e-05
1777987899.278020,1222,2.054771539e-05
1777987899.654485,1223,2.056451558e-05
1777987899.977043,1224,2.058131759e-05
1777987900.325258,1225,2.059811777e-05
1777987900.674739,1226,2.061491978e-05
1777987901.042669,1227,2.063171996e-05
1777987901.411780,1228,2.064852197e-05
1777987901.798075,1229,2.066532215e-05
1777987902.171013,1230,2.068212416e-05
1777987902.529444,1231,2.069892435e-05
1777987902.918827,1232,2.071572635e-05
1777987903.260945,1233,2.073252654e-05
1777987903.617458,1234,2.074932854e-05
1777987903.955656,1235,2.076612873e-05
1777987904.322009,1236,2.078293073e-05
1777987904.695130,1237,2.079973092e-05
1777987905.078910,1238,2.081653292e-05
1777987905.498621,1239,2.083333311e-05
1777987905.884114,1240,2.085013512e-05
1777987906.236477,1241,2.08669353e-05
1777987906.601483,1242,2.088373731e-05
1777987906.953430,1243,2.090053749e-05
1777987907.296889,1244,2.09173395e-05
1777987907.669341,1245,2.093413968e-05
1777987908.024211,1246,2.095094169e-05
1777987908.385840,1247,2.096774188e-05
1777987908.730053,1248,2.098454388e-05
1777987909.160248,1249,2.100134407e-05
1777987909.560776,1250,2.101814425e-05
1777987909.924312,1251,2.103494626e-05
1777987910.316732,1252,2.105174644e-05
1777987910.744488,1253,2.106854845e-05
1777987911.098823,1254,2.108534864e-05
1777987911.447224,1255,2.110215064e-05
1777987911.818239,1256,2.111895083e-05
1777987912.175653,1257,2.113575283e-05
1777987912.547568,1258,2.115255302e-05
1777987912.895110,1259,2.116935502e-05
1777987913.255794,1260,2.118615521e-05
1777987913.626632,1261,2.120295721e-05
1777987914.001272,1262,2.12197574e-05
1777987914.408145,1263,2.123655941e-05
1777987914.766394,1264,2.125335959e-05
1777987915.133850,1265,2.12701616e-05
1777987915.522289,1266,2.128696178e-05
1777987915.917788,1267,2.130376379e-05
1777987916.267413,1268,2.132056397e-05
1777987916.598117,1269,2.133736598e-05
1777987916.950494,1270,2.135416617e-05
1777987917.308939,1271,2.137096817e-05
1777987917.678832,1272,2.138776836e-05
1777987918.056865,1273,2.140457036e-05
1777987918.398472,1274,2.142137055e-05
1777987918.800749,1275,2.143817255e-05
1777987919.156762,1276,2.145497274e-05
1777987919.481707,1277,2.147177474e-05
1777987919.846372,1278,2.148857493e-05
1777987920.171785,1279,2.150537694e-05
1777987920.572697,1280,2.152217712e-05
1777987920.971358,1281,2.153897913e-05
1777987921.327824,1282,2.155577931e-05
1777987921.714023,1283,2.157258132e-05
1777987922.090589,1284,2.15893815e-05
1777987922.485921,1285,2.160618351e-05
1777987922.873546,1286,2.16229837e-05
1777987923.202432,1287,2.16397857e-05
1777987923.544767,1288,2.165658589e-05
1777987923.901324,1289,2.167338789e-05
1777987924.257560,1290,2.169018808e-05
1777987924.613217,1291,2.170699008e-05
1777987925.019944,1292,2.172379027e-05
1777987925.410145,1293,2.174059227e-05
1777987925.796150,1294,2.175739246e-05
1777987926.170676,1295,2.177419265e-05
1777987926.514864,1296,2.179099465e-05
1777987926.868015,1297,2.180779484e-05
1777987927.260592,1298,2.182459684e-05
1777987927.642823,1299,2.184139703e-05
1777987928.000170,1300,2.185819903e-05
1777987928.339231,1301,2.187499922e-05
1777987928.654781,1302,2.189180123e-05
1777987928.993702,1303,2.190860141e-05
1777987929.340734,1304,2.192540342e-05
1777987929.688039,1305,2.19422036e-05
1777987930.049998,1306,2.195900561e-05
1777987930.444092,1307,2.197580579e-05
1777987930.802565,1308,2.19926078e-05
1777987931.202635,1309,2.200940799e-05
1777987931.540889,1310,2.202620999e-05
1777987931.896486,1311,2.204301018e-05
1777987932.290977,1312,2.205981218e-05
1777987932.662952,1313,2.207661237e-05
1777987933.054449,1314,2.209341437e-05
1777987933.432986,1315,2.211021456e-05
1777987933.790918,1316,2.212701656e-05
1777987934.190020,1317,2.214381675e-05
1777987934.548789,1318,2.216061876e-05
1777987934.970758,1319,2.217741894e-05
1777987935.349267,1320,2.219422095e-05
1777987935.738317,1321,2.221102113e-05
1777987936.120699,1322,2.222782314e-05
1777987936.493415,1323,2.224462332e-05
1777987936.852448,1324,2.226142533e-05
1777987937.220625,1325,2.227822552e-05
1777987937.635787,1326,2.229502752e-05
1777987938.053782,1327,2.231182771e-05
1777987938.441005,1328,2.232862971e-05
1777987938.872132,1329,2.23454299e-05
1777987939.257869,1330,2.23622319e-05
1777987939.660703,1331,2.237903209e-05
1777987940.060998,1332,2.239583409e-05
1777987940.443340,1333,2.241263428e-05
1777987940.827784,1334,2.242943629e-05
1777987941.220485,1335,2.244623647e-05
1777987941.585656,1336,2.246303848e-05
1777987941.955950,1337,2.247983866e-05
1777987942.325423,1338,2.249664067e-05
1777987942.734515,1339,2.251344085e-05
1777987943.094576,1340,2.253024104e-05
1777987943.472307,1341,2.254704305e-05
1777987943.805537,1342,2.256384323e-05
1777987944.182244,1343,2.258064524e-05
1777987944.490927,1344,2.259744542e-05
1777987944.868788,1345,2.261424743e-05
1777987945.279649,1346,2.263104761e-05
1777987945.686210,1347,2.264784962e-05
1777987946.074777,1348,2.26646498e-05
1777987946.450855,1349,2.268145181e-05
1777987946.770987,1350,2.2698252e-05
1777987947.123131,1351,2.2715054e-05
1777987947.535191,1352,2.273185419e-05
1777987947.933286,1353,2.274865619e-05
1777987948.309786,1354,2.276545638e-05
1777987948.673863,1355,2.278225838e-05
1777987949.006238,1356,2.279905857e-05
1777987949.402911,1357,2.281586058e-05
1777987949.789693,1358,2.283266076e-05
1777987950.158590,1359,2.284946277e-05
1777987950.551282,1360,2.286626295e-05
1777987950.934712,1361,2.288306496e-05
1777987951.315550,1362,2.289986514e-05
1777987951.648262,1363,2.291666715e-05
1777987952.009467,1364,2.293346733e-05
1777987952.387886,1365,2.295026934e-05
1777987952.766043,1366,2.296706953e-05
1777987953.184290,1367,2.298387153e-05
1777987953.588615,1368,2.300067172e-05
1777987953.936716,1369,2.301747372e-05
1777987954.298184,1370,2.303427391e-05
1777987954.680637,1371,2.305107591e-05
1777987955.057084,1372,2.30678761e-05
1777987955.400669,1373,2.308467811e-05
1777987955.775419,1374,2.310147829e-05
1777987956.183738,1375,2.31182803e-05
1777987956.548660,1376,2.313508048e-05
1777987956.947263,1377,2.315188249e-05
1777987957.287525,1378,2.316868267e-05
1777987957.673688,1379,2.318548468e-05
1777987958.032540,1380,2.320228486e-05
1777987958.423026,1381,2.321908687e-05
1777987958.789891,1382,2.323588706e-05
1777987959.117900,1383,2.325268906e-05
1777987959.473502,1384,2.326948925e-05
1777987959.853380,1385,2.328628943e-05
1777987960.213422,1386,2.330309144e-05
1777987960.563289,1387,2.331989162e-05
1777987960.928460,1388,2.333669363e-05
1777987961.291184,1389,2.335349382e-05
1777987961.673594,1390,2.337029582e-05
1777987962.051582,1391,2.338709601e-05
1777987962.415758,1392,2.340389801e-05
1777987962.748072,1393,2.34206982e-05
1777987963.097063,1394,2.34375002e-05
1777987963.478994,1395,2.345430039e-05
1777987963.858288,1396,2.347110239e-05
1777987964.254851,1397,2.348790258e-05
1777987964.632921,1398,2.350470459e-05
1777987965.016502,1399,2.352150477e-05
1777987965.344173,1400,2.353830678e-05
1777987965.696138,1401,2.355510696e-05
1777987966.052944,1402,2.357190897e-05
1777987966.391749,1403,2.358870915e-05
1777987966.800622,1404,2.360551116e-05
1777987967.188587,1405,2.362231135e-05
1777987967.567378,1406,2.363911335e-05
1777987968.001774,1407,2.365591354e-05
1777987968.358344,1408,2.367271554e-05
1777987968.756400,1409,2.368951573e-05
1777987969.102740,1410,2.370631773e-05
1777987969.483629,1411,2.372311792e-05
1777987969.826631,1412,2.373991992e-05
1777987970.207870,1413,2.375672011e-05
1777987970.569328,1414,2.377352212e-05
1777987970.917778,1415,2.37903223e-05
1777987971.321540,1416,2.380712431e-05
1777987971.699833,1417,2.382392449e-05
1777987972.094337,1418,2.38407265e-05
1777987972.511000,1419,2.385752668e-05
1777987972.862822,1420,2.387432869e-05
1777987973.213474,1421,2.389112888e-05
1777987973.565646,1422,2.390793088e-05
1777987973.959938,1423,2.392473107e-05
1777987974.287808,1424,2.394153307e-05
1777987974.628333,1425,2.395833326e-05
1777987974.992013,1426,2.397513526e-05
1777987975.381384,1427,2.399193545e-05
1777987975.734325,1428,2.400873746e-05
1777987976.086359,1429,2.402553764e-05
1777987976.441407,1430,2.404233783e-05
1777987976.871305,1431,2.405913983e-05
1777987977.294064,1432,2.407594002e-05
1777987977.693058,1433,2.409274202e-05
1777987978.037919,1434,2.410954221e-05
1777987978.487707,1435,2.412634421e-05
1777987978.834288,1436,2.41431444e-05
1777987979.213210,1437,2.415994641e-05
1777987979.606965,1438,2.417674659e-05
1777987979.974017,1439,2.41935486e-05
1777987980.306833,1440,2.421034878e-05
1777987980.651791,1441,2.422715079e-05
1777987981.009736,1442,2.424395097e-05
1777987981.361568,1443,2.426075298e-05
1777987981.709123,1444,2.427755317e-05
1777987982.027769,1445,2.429435517e-05
1777987982.391411,1446,2.431115536e-05
1777987982.742727,1447,2.432795736e-05
1777987983.106610,1448,2.434475755e-05
1777987983.499200,1449,2.436155955e-05
1777987983.825265,1450,2.437835974e-05
1777987984.168261,1451,2.439516174e-05
1777987984.530830,1452,2.441196193e-05
1777987984.900830,1453,2.442876394e-05
1777987985.247899,1454,2.444556412e-05
1777987985.633440,1455,2.446236613e-05
1777987986.017187,1456,2.447916631e-05
1777987986.417652,1457,2.449596832e-05
1777987986.728033,1458,2.45127685e-05
1777987987.064548,1459,2.452957051e-05
1777987987.431251,1460,2.45463707e-05
1777987987.824085,1461,2.45631727e-05
1777987988.165527,1462,2.457997289e-05
1777987988.479389,1463,2.459677489e-05
1777987988.845556,1464,2.461357508e-05
1777987989.186100,1465,2.463037708e-05
1777987989.586735,1466,2.464717727e-05
1777987989.955460,1467,2.466397927e-05
1777987990.323736,1468,2.468077946e-05
1777987990.691498,1469,2.469758147e-05
1777987991.027203,1470,2.471438165e-05
1777987991.388392,1471,2.473118366e-05
1777987991.748954,1472,2.474798384e-05
1777987992.094333,1473,2.476478585e-05
1777987992.451852,1474,2.478158603e-05
1777987992.787694,1475,2.479838622e-05
1777987993.139767,1476,2.481518823e-05
1777987993.561381,1477,2.483198841e-05
1777987993.919040,1478,2.484879042e-05
1777987994.290930,1479,2.48655906e-05
1777987994.739948,1480,2.488239261e-05
1777987995.161391,1481,2.489919279e-05
1777987995.558022,1482,2.49159948e-05
1777987995.919705,1483,2.493279499e-05
1777987996.280679,1484,2.494959699e-05
1777987996.648891,1485,2.496639718e-05
1777987997.021392,1486,2.498319918e-05
1777987997.349545,1487,2.499999937e-05
1777987997.684997,1488,2.501680137e-05
1777987998.051779,1489,2.503360156e-05
1777987998.395011,1490,2.505040356e-05
1777987998.772740,1491,2.506720375e-05
1777987999.154196,1492,2.508400576e-05
1777987999.537062,1493,2.510080594e-05
1777987999.947774,1494,2.511760795e-05
1777988000.320726,1495,2.513440813e-05
1777988000.716559,1496,2.515121014e-05
1777988001.090360,1497,2.516801032e-05
1777988001.451603,1498,2.518481233e-05
1777988001.812072,1499,2.520161252e-05
1777988002.195279,1500,2.521841452e-05
1777988002.580311,1501,2.523521471e-05
1777988003.004817,1502,2.525201671e-05
1777988003.387539,1503,2.52688169e-05
1777988003.785699,1504,2.52856189e-05
1777988004.186023,1505,2.530241909e-05
1777988004.572954,1506,2.531922109e-05
1777988004.915847,1507,2.533602128e-05
1777988005.300126,1508,2.535282329e-05
1777988005.637029,1509,2.536962347e-05
1777988005.998353,1510,2.538642548e-05
1777988006.356877,1511,2.540322566e-05
1777988006.746773,1512,2.542002767e-05
1777988007.124946,1513,2.543682785e-05
1777988007.507702,1514,2.545362986e-05
1777988007.864961,1515,2.547043005e-05
1777988008.227227,1516,2.548723205e-05
1777988008.592742,1517,2.550403224e-05
1777988008.934327,1518,2.552083424e-05
1777988009.319122,1519,2.553763443e-05
1777988009.678367,1520,2.555443461e-05
1777988010.010974,1521,2.557123662e-05
1777988010.356103,1522,2.558803681e-05
1777988010.716820,1523,2.560483881e-05
1777988011.076911,1524,2.5621639e-05
1777988011.440084,1525,2.5638441e-05
1777988011.836034,1526,2.565524119e-05
1777988012.217363,1527,2.567204319e-05
1777988012.583256,1528,2.568884338e-05
1777988013.001729,1529,2.570564538e-05
1777988013.428082,1530,2.572244557e-05
1777988013.777585,1531,2.573924758e-05
1777988014.133912,1532,2.575604776e-05
1777988014.488065,1533,2.577284977e-05
1777988014.856255,1534,2.578964995e-05
1777988015.253335,1535,2.580645196e-05
1777988015.592239,1536,2.582325214e-05
1777988015.937393,1537,2.584005415e-05
1777988016.275034,1538,2.585685434e-05
1777988016.683680,1539,2.587365634e-05
1777988017.095132,1540,2.589045653e-05
1777988017.487261,1541,2.590725853e-05
1777988017.875901,1542,2.592405872e-05
1777988018.257601,1543,2.594086072e-05
1777988018.610715,1544,2.595766091e-05
1777988018.931602,1545,2.597446291e-05
1777988019.320671,1546,2.59912631e-05
1777988019.712148,1547,2.600806511e-05
1777988020.067830,1548,2.602486529e-05
1777988020.442641,1549,2.60416673e-05
1777988020.791490,1550,2.605846748e-05
1777988021.190430,1551,2.607526949e-05
1777988021.555659,1552,2.609206967e-05
1777988021.903010,1553,2.610887168e-05
1777988022.299784,1554,2.612567187e-05
1777988022.646163,1555,2.614247387e-05
1777988022.993171,1556,2.615927406e-05
1777988023.359031,1557,2.617607606e-05
1777988023.750297,1558,2.619287625e-05
1777988024.104741,1559,2.620967825e-05
1777988024.445376,1560,2.622647844e-05
1777988024.840170,1561,2.624328044e-05
1777988025.246126,1562,2.626008063e-05
1777988025.601724,1563,2.627688082e-05
1777988025.988889,1564,2.629368282e-05
1777988026.391681,1565,2.631048301e-05
1777988026.756097,1566,2.632728501e-05
1777988027.107585,1567,2.63440852e-05
1777988027.488299,1568,2.63608872e-05
1777988027.926728,1569,2.637768739e-05
1777988028.283978,1570,2.63944894e-05
1777988028.690987,1571,2.641128958e-05
1777988029.083628,1572,2.642809159e-05
1777988029.488137,1573,2.644489177e-05
1777988029.875953,1574,2.646169378e-05
1777988030.284060,1575,2.647849396e-05
1777988030.651292,1576,2.649529597e-05
1777988031.025092,1577,2.651209616e-05
1777988031.462142,1578,2.652889816e-05
1777988031.851314,1579,2.654569835e-05
1777988032.214255,1580,2.656250035e-05
1777988032.603963,1581,2.657930054e-05
1777988032.974594,1582,2.659610254e-05
1777988033.355965,1583,2.661290273e-05
1777988033.717234,1584,2.662970473e-05
1777988034.148782,1585,2.664650492e-05
1777988034.500950,1586,2.666330693e-05
1777988034.875340,1587,2.668010711e-05
1777988035.222136,1588,2.669690912e-05
1777988035.621765,1589,2.67137093e-05
1777988035.974207,1590,2.673051131e-05
1777988036.313221,1591,2.674731149e-05
1777988036.745662,1592,2.67641135e-05
1777988037.122417,1593,2.678091369e-05
1777988037.533002,1594,2.679771569e-05
1777988037.909643,1595,2.681451588e-05
1777988038.335652,1596,2.683131788e-05
1777988038.723455,1597,2.684811807e-05
1777988039.096540,1598,2.686492007e-05
1777988039.470038,1599,2.688172026e-05
1777988039.878239,1600,2.689852226e-05
1777988055.477604,1601,2.691532245e-05
1777988055.898869,1602,2.693212446e-05
1777988056.278905,1603,2.694892464e-05
1777988056.711215,1604,2.696572665e-05
1777988057.067064,1605,2.698252683e-05
1777988057.471916,1606,2.699932884e-05
1777988057.825343,1607,2.701612902e-05
1777988058.195901,1608,2.703292921e-05
1777988058.588716,1609,2.704973122e-05
1777988059.002184,1610,2.70665314e-05
1777988059.473523,1611,2.708333341e-05
1777988059.970520,1612,2.710013359e-05
1777988060.340436,1613,2.71169356e-05
1777988060.742722,1614,2.713373578e-05
1777988061.118861,1615,2.715053779e-05
1777988061.497942,1616,2.716733798e-05
1777988061.897901,1617,2.718413998e-05
1777988062.280697,1618,2.720094017e-05
1777988062.645422,1619,2.721774217e-05
1777988063.003077,1620,2.723454236e-05
1777988063.395585,1621,2.725134436e-05
1777988063.771977,1622,2.726814455e-05
1777988064.123916,1623,2.728494655e-05
1777988064.477015,1624,2.730174674e-05
1777988064.863488,1625,2.731854875e-05
1777988065.244171,1626,2.733534893e-05
1777988065.609833,1627,2.735215094e-05
1777988065.974294,1628,2.736895112e-05
1777988066.369851,1629,2.738575313e-05
1777988066.695090,1630,2.740255331e-05
1777988067.075121,1631,2.741935532e-05
1777988067.447355,1632,2.743615551e-05
1777988067.826305,1633,2.745295751e-05
1777988068.204592,1634,2.74697577e-05
1777988068.550235,1635,2.74865597e-05
1777988068.888417,1636,2.750335989e-05
1777988069.239984,1637,2.752016189e-05
1777988069.609939,1638,2.753696208e-05
1777988069.940104,1639,2.755376408e-05
1777988070.310748,1640,2.757056427e-05
1777988070.697848,1641,2.758736628e-05
1777988071.072684,1642,2.760416646e-05
1777988071.476143,1643,2.762096847e-05
1777988071.830401,1644,2.763776865e-05
1777988072.155332,1645,2.765457066e-05
1777988072.502393,1646,2.767137084e-05
1777988072.834850,1647,2.768817285e-05
1777988073.207302,1648,2.770497304e-05
1777988073.541698,1649,2.772177504e-05
1777988073.909623,1650,2.773857523e-05
1777988074.260837,1651,2.775537723e-05
1777988074.633116,1652,2.777217742e-05
1777988074.961099,1653,2.77889776e-05
1777988075.341245,1654,2.780577961e-05
1777988075.706748,1655,2.78225798e-05
1777988076.074378,1656,2.78393818e-05
1777988076.464206,1657,2.785618199e-05
1777988076.835907,1658,2.787298399e-05
1777988077.178442,1659,2.788978418e-05
1777988077.510347,1660,2.790658618e-05
1777988077.852217,1661,2.792338637e-05
1777988078.234260,1662,2.794018837e-05
1777988078.600246,1663,2.795698856e-05
1777988078.950071,1664,2.797379057e-05
1777988079.286523,1665,2.799059075e-05
1777988079.661425,1666,2.800739276e-05
1777988080.026289,1667,2.802419294e-05
1777988080.388468,1668,2.804099495e-05
1777988080.727730,1669,2.805779513e-05
1777988081.095245,1670,2.807459714e-05
1777988081.447355,1671,2.809139733e-05
1777988081.813715,1672,2.810819933e-05
1777988082.156076,1673,2.812499952e-05
1777988082.524041,1674,2.814180152e-05
1777988082.923375,1675,2.815860171e-05
1777988083.307147,1676,2.817540371e-05
1777988083.643984,1677,2.81922039e-05
1777988084.043396,1678,2.82090059e-05
1777988084.432396,1679,2.822580609e-05
1777988084.843222,1680,2.82426081e-05
1777988085.162200,1681,2.825940828e-05
1777988085.529067,1682,2.827621029e-05
1777988085.894264,1683,2.829301047e-05
1777988086.236704,1684,2.830981248e-05
1777988086.589327,1685,2.832661266e-05
1777988086.967236,1686,2.834341467e-05
1777988087.329257,1687,2.836021486e-05
1777988087.732471,1688,2.837701686e-05
1777988088.122389,1689,2.839381705e-05
1777988088.545604,1690,2.841061905e-05
1777988088.918848,1691,2.842741924e-05
1777988089.280178,1692,2.844422124e-05
1777988089.622102,1693,2.846102143e-05
1777988089.977918,1694,2.847782343e-05
1777988090.405311,1695,2.849462362e-05
1777988090.778073,1696,2.851142563e-05
1777988091.160225,1697,2.852822581e-05
1777988091.517552,1698,2.8545026e-05
1777988091.900647,1699,2.8561828e-05
1777988092.259041,1700,2.857862819e-05
1777988092.605302,1701,2.859543019e-05
1777988092.966548,1702,2.861223038e-05
1777988093.320112,1703,2.862903239e-05
1777988093.649278,1704,2.864583257e-05
1777988094.026547,1705,2.866263458e-05
1777988094.366829,1706,2.867943476e-05
1777988094.718979,1707,2.869623677e-05
1777988095.085940,1708,2.871303695e-05
1777988095.487489,1709,2.872983896e-05
1777988095.861229,1710,2.874663915e-05
1777988096.222118,1711,2.876344115e-05
1777988096.592633,1712,2.878024134e-05
1777988096.958647,1713,2.879704334e-05
1777988097.343772,1714,2.881384353e-05
1777988097.737883,1715,2.883064553e-05
1777988098.097862,1716,2.884744572e-05
1777988098.514097,1717,2.886424772e-05
1777988098.879181,1718,2.888104791e-05
1777988099.286353,1719,2.889784992e-05
1777988099.599631,1720,2.89146501e-05
1777988099.970906,1721,2.893145211e-05
1777988100.379534,1722,2.894825229e-05
1777988100.736000,1723,2.89650543e-05
1777988101.135639,1724,2.898185448e-05
1777988101.488919,1725,2.899865649e-05
1777988118.085389,1726,2.901545668e-05
1777988118.612452,1727,2.903225868e-05
1777988119.014004,1728,2.904905887e-05
1777988119.466417,1729,2.906586087e-05
1777988119.914409,1730,2.908266106e-05
1777988120.381829,1731,2.909946306e-05
1777988120.774359,1732,2.911626325e-05
1777988121.191427,1733,2.913306525e-05
1777988121.610369,1734,2.914986544e-05
1777988122.026428,1735,2.916666745e-05
1777988122.412938,1736,2.918346763e-05
1777988122.841402,1737,2.920026964e-05
1777988123.270273,1738,2.921706982e-05
1777988123.675728,1739,2.923387183e-05
1777988140.458571,1740,2.925067201e-05
1777988140.885735,1741,2.926747402e-05
1777988141.321314,1742,2.928427421e-05
1777988141.774292,1743,2.930107439e-05
1777988142.223573,1744,2.93178764e-05
1777988142.653430,1745,2.933467658e-05
1777988143.116482,1746,2.935147859e-05
1777988143.543296,1747,2.936827877e-05
1777988143.949577,1748,2.938508078e-05
1777988144.381011,1749,2.940188097e-05
1777988144.782701,1750,2.941868297e-05
1777988145.238024,1751,2.943548316e-05
1777988145.637024,1752,2.945228516e-05
1777988146.025110,1753,2.946908535e-05
1777988146.436370,1754,2.948588735e-05
1777988146.804579,1755,2.950268754e-05
1777988147.147489,1756,2.951948954e-05
1777988147.515756,1757,2.953628973e-05
1777988147.972394,1758,2.955309174e-05
1777988148.408274,1759,2.956989192e-05
1777988148.842812,1760,2.958669393e-05
1777988149.229516,1761,2.960349411e-05
1777988149.630073,1762,2.962029612e-05
1777988150.031508,1763,2.96370963e-05
1777988150.448979,1764,2.965389831e-05
1777988150.863061,1765,2.96706985e-05
1777988151.310674,1766,2.96875005e-05
1777988151.761592,1767,2.970430069e-05
1777988152.213276,1768,2.972110269e-05
1777988152.637758,1769,2.973790288e-05
1777988153.067550,1770,2.975470488e-05
1777988153.492679,1771,2.977150507e-05
1777988153.919456,1772,2.978830707e-05
1777988154.285057,1773,2.980510726e-05
1777988154.728609,1774,2.982190927e-05
1777988155.109599,1775,2.983870945e-05
1777988155.565091,1776,2.985551146e-05
1777988156.056749,1777,2.987231164e-05
1777988156.483763,1778,2.988911365e-05
1777988156.864661,1779,2.990591383e-05
1777988157.293701,1780,2.992271584e-05
1777988157.684659,1781,2.993951603e-05
1777988158.122112,1782,2.995631803e-05
1777988158.526809,1783,2.997311822e-05
1777988158.919648,1784,2.998992022e-05
1777988159.362415,1785,3.000672041e-05
1777988159.736894,1786,3.002352241e-05
1777988160.140032,1787,3.00403226e-05
1777988160.600041,1788,3.005712279e-05
1777988161.032580,1789,3.007392479e-05
1777988161.435388,1790,3.009072498e-05
1777988161.885994,1791,3.010752698e-05
1777988162.322098,1792,3.012432717e-05
1777988162.753244,1793,3.014112917e-05
1777988163.119270,1794,3.015792936e-05
1777988163.525918,1795,3.017473136e-05
1777988163.940359,1796,3.019153155e-05
1777988164.315634,1797,3.020833356e-05
1777988164.701543,1798,3.022513374e-05
1777988165.107901,1799,3.024193575e-05
1777988165.538489,1800,3.025873593e-05
1777988165.937655,1801,3.027553794e-05
1777988166.350272,1802,3.029233812e-05
1777988166.763516,1803,3.030914013e-05
1777988167.202143,1804,3.032594032e-05
1777988167.650267,1805,3.034274232e-05
1777988168.061664,1806,3.035954251e-05
1777988168.482335,1807,3.037634451e-05
1777988168.924358,1808,3.03931447e-05
1777988169.379569,1809,3.04099467e-05
1777988169.771158,1810,3.042674689e-05
1777988170.169423,1811,3.044354889e-05
1777988170.583842,1812,3.046034908e-05
1777988171.003877,1813,3.047715109e-05
1777988171.405660,1814,3.049395127e-05
1777988171.855888,1815,3.051075328e-05
1777988172.266309,1816,3.052755346e-05
1777988172.641623,1817,3.054435365e-05
1777988173.101822,1818,3.056115747e-05
1777988173.533365,1819,3.057795766e-05
1777988173.945125,1820,3.059475785e-05
1777988174.407389,1821,3.061155803e-05
1777988174.868747,1822,3.062836186e-05
1777988175.285591,1823,3.064516204e-05
1777988175.649916,1824,3.066196223e-05
1777988175.981845,1825,3.067876241e-05
1777988176.431190,1826,3.069556624e-05
1777988176.842231,1827,3.071236642e-05
1777988177.271510,1828,3.072916661e-05
1777988177.689179,1829,3.07459668e-05
1777988178.126615,1830,3.076277062e-05
1777988178.531504,1831,3.077957081e-05
1777988178.885581,1832,3.079637099e-05
1777988179.268107,1833,3.081317118e-05
1777988179.629766,1834,3.082997137e-05
1777988179.993965,1835,3.084677519e-05
1777988180.368956,1836,3.086357538e-05
1777988180.749797,1837,3.088037556e-05
1777988181.109778,1838,3.089717575e-05
1777988181.453854,1839,3.091397957e-05
1777988181.850286,1840,3.093077976e-05
1777988182.223422,1841,3.094757994e-05
1777988182.571223,1842,3.096438013e-05
1777988182.934312,1843,3.098118395e-05
1777988183.313164,1844,3.099798414e-05
1777988183.704346,1845,3.101478433e-05
1777988184.065283,1846,3.103158451e-05
1777988184.428092,1847,3.104838834e-05
1777988184.794721,1848,3.106518852e-05
1777988185.159294,1849,3.108198871e-05
1777988185.554984,1850,3.10987889e-05
1777988185.931339,1851,3.111559272e-05
1777988186.266138,1852,3.113239291e-05
1777988186.602760,1853,3.114919309e-05
1777988186.970128,1854,3.116599328e-05
1777988187.293213,1855,3.11827971e-05
1777988187.681056,1856,3.119959729e-05
1777988188.063022,1857,3.121639747e-05
1777988188.407804,1858,3.123319766e-05
1777988188.782837,1859,3.125000148e-05
1777988189.134247,1860,3.126680167e-05
1777988189.459861,1861,3.128360186e-05
1777988189.806798,1862,3.130040204e-05
1777988190.140237,1863,3.131720587e-05
1777988190.551248,1864,3.133400605e-05
1777988190.943728,1865,3.135080624e-05
1777988191.336457,1866,3.136760643e-05
1777988191.704674,1867,3.138441025e-05
1777988192.125108,1868,3.140121044e-05
1777988192.492100,1869,3.141801062e-05
1777988192.870916,1870,3.143481081e-05
1777988193.213807,1871,3.145161463e-05
1777988193.597879,1872,3.146841482e-05
1777988222.499691,1873,3.1485215e-05
1777988222.851483,1874,3.150201519e-05
1777988223.219957,1875,3.151881901e-05
1777988223.577601,1876,3.15356192e-05
1777988223.907246,1877,3.155241939e-05
1777988224.270906,1878,3.156921957e-05
1777988224.602801,1879,3.158601976e-05
1777988224.954778,1880,3.160282358e-05
1777988225.361775,1881,3.161962377e-05
1777988225.740959,1882,3.163642396e-05
1777988226.110706,1883,3.165322414e-05
1777988226.451551,1884,3.167002797e-05
1777988226.780912,1885,3.168682815e-05
1777988227.130747,1886,3.170362834e-05
1777988227.528562,1887,3.172042852e-05
1777988227.872398,1888,3.173723235e-05
1777988228.257886,1889,3.175403253e-05
1777988228.671335,1890,3.177083272e-05
1777988229.024659,1891,3.178763291e-05
1777988229.383288,1892,3.180443673e-05
1777988229.774352,1893,3.182123692e-05
1777988230.138461,1894,3.18380371e-05
1777988230.525243,1895,3.185483729e-05
1777988230.894216,1896,3.187164111e-05
1777988231.243821,1897,3.18884413e-05
1777988231.629853,1898,3.190524149e-05
1777988231.955181,1899,3.192204167e-05
1777988232.329525,1900,3.19388455e-05
1777988232.725902,1901,3.195564568e-05
1777988233.085199,1902,3.197244587e-05
1777988233.422358,1903,3.198924605e-05
1777988233.790827,1904,3.200604988e-05
1777988234.162499,1905,3.202285006e-05
1777988234.552814,1906,3.203965025e-05
1777988234.937242,1907,3.205645044e-05
1777988235.289672,1908,3.207325426e-05
1777988235.636299,1909,3.209005445e-05
1777988235.993164,1910,3.210685463e-05
1777988236.341293,1911,3.212365482e-05
1777988236.703821,1912,3.214045864e-05
1777988237.084778,1913,3.215725883e-05
1777988237.479699,1914,3.217405902e-05
1777988237.855777,1915,3.21908592e-05
1777988238.272377,1916,3.220766303e-05
1777988238.631183,1917,3.222446321e-05
1777988239.039037,1918,3.22412634e-05
1777988239.423190,1919,3.225806358e-05
1777988239.767251,1920,3.227486741e-05
1777988240.155631,1921,3.229166759e-05
1777988240.547304,1922,3.230846778e-05
1777988240.918798,1923,3.232526797e-05
1777988241.302783,1924,3.234206815e-05
1777988241.670875,1925,3.235887198e-05
1777988242.074526,1926,3.237567216e-05
1777988242.491703,1927,3.239247235e-05
1777988242.861281,1928,3.240927254e-05
1777988243.231954,1929,3.242607636e-05
1777988243.629100,1930,3.244287655e-05
1777988244.004837,1931,3.245967673e-05
1777988244.413334,1932,3.247647692e-05
1777988244.831443,1933,3.249328074e-05
1777988245.186315,1934,3.251008093e-05
1777988245.584446,1935,3.252688111e-05
1777988245.956201,1936,3.25436813e-05
1777988246.351327,1937,3.256048512e-05
1777988246.711992,1938,3.257728531e-05
1777988247.074707,1939,3.25940855e-05
1777988247.438509,1940,3.261088568e-05
1777988247.791852,1941,3.262768951e-05
1777988248.141637,1942,3.264448969e-05
1777988248.506928,1943,3.266128988e-05
1777988248.892237,1944,3.267809007e-05
1777988249.254114,1945,3.269489389e-05
1777988249.634137,1946,3.271169408e-05
1777988249.991269,1947,3.272849426e-05
1777988250.418967,1948,3.274529445e-05
1777988250.813659,1949,3.276209827e-05
1777988251.169346,1950,3.277889846e-05
1777988251.514111,1951,3.279569864e-05
1777988251.884258,1952,3.281249883e-05
1777988252.228001,1953,3.282930265e-05
1777988252.627166,1954,3.284610284e-05
1777988252.964399,1955,3.286290303e-05
1777988253.299531,1956,3.287970321e-05
1777988253.650131,1957,3.289650704e-05
1777988254.032307,1958,3.291330722e-05
1777988254.469963,1959,3.293010741e-05
1777988254.849005,1960,3.29469076e-05
1777988255.190696,1961,3.296371142e-05
1777988255.607058,1962,3.298051161e-05
1777988255.951125,1963,3.299731179e-05
1777988256.307408,1964,3.301411198e-05
1777988256.668973,1965,3.303091216e-05
1777988257.056267,1966,3.304771599e-05
1777988257.414113,1967,3.306451617e-05
1777988257.803778,1968,3.308131636e-05
1777988258.149441,1969,3.309811655e-05
1777988258.530969,1970,3.311492037e-05
1777988258.889838,1971,3.313172056e-05
1777988259.315848,1972,3.314852074e-05
1777988259.703234,1973,3.316532093e-05
1777988260.102248,1974,3.318212475e-05
1777988260.490475,1975,3.319892494e-05
1777988260.908412,1976,3.321572513e-05
1777988261.289454,1977,3.323252531e-05
1777988261.694943,1978,3.324932914e-05
1777988262.051708,1979,3.326612932e-05
1777988262.482597,1980,3.328292951e-05
1777988262.872522,1981,3.329972969e-05
1777988263.231859,1982,3.331653352e-05
1777988263.639198,1983,3.33333337e-05
1777988264.010907,1984,3.335013389e-05
1777988264.402390,1985,3.336693408e-05
1777988264.756590,1986,3.33837379e-05
1777988265.167978,1987,3.340053809e-05
1777988265.534934,1988,3.341733827e-05
1777988265.893919,1989,3.343413846e-05
1777988266.261119,1990,3.345094228e-05
1777988266.671317,1991,3.346774247e-05
1777988267.088714,1992,3.348454266e-05
1777988267.490828,1993,3.350134284e-05
1777988267.895658,1994,3.351814667e-05
1777988268.272322,1995,3.353494685e-05
1777988268.647077,1996,3.355174704e-05
1777988269.045018,1997,3.356854722e-05
1777988269.460593,1998,3.358535105e-05
1777988269.804054,1999,3.360215123e-05
1777988270.180010,2000,3.361895142e-05
1777988270.558981,2001,3.363575161e-05
1777988270.954383,2002,3.365255543e-05
1777988271.311809,2003,3.366935562e-05
1777988271.660150,2004,3.36861558e-05
1777988272.022794,2005,3.370295599e-05
1777988272.407197,2006,3.371975981e-05
1777988272.807634,2007,3.373656e-05
1777988273.165714,2008,3.375336019e-05
1777988273.577937,2009,3.377016037e-05
1777988273.950411,2010,3.378696056e-05
1777988274.327829,2011,3.380376438e-05
1777988274.732456,2012,3.382056457e-05
1777988275.107390,2013,3.383736475e-05
1777988275.503982,2014,3.385416494e-05
1777988275.872983,2015,3.387096876e-05
1777988276.260556,2016,3.388776895e-05
1777988276.640145,2017,3.390456914e-05
1777988276.952463,2018,3.392136932e-05
1777988277.326046,2019,3.393817315e-05
1777988277.703293,2020,3.395497333e-05
1777988278.096403,2021,3.397177352e-05
1777988278.480032,2022,3.39885737e-05
1777988278.857809,2023,3.400537753e-05
1777988279.229387,2024,3.402217772e-05
1777988279.566516,2025,3.40389779e-05
1777988279.955369,2026,3.405577809e-05
1777988280.328243,2027,3.407258191e-05
1777988280.672430,2028,3.40893821e-05
1777988281.032988,2029,3.410618228e-05
1777988281.434052,2030,3.412298247e-05
1777988281.829814,2031,3.413978629e-05
1777988282.194810,2032,3.415658648e-05
1777988282.541866,2033,3.417338667e-05
1777988282.937231,2034,3.419018685e-05
1777988283.291803,2035,3.420699068e-05
1777988283.640338,2036,3.422379086e-05
1777988284.010073,2037,3.424059105e-05
1777988284.367521,2038,3.425739123e-05
1777988284.750779,2039,3.427419506e-05
1777988285.124477,2040,3.429099525e-05
1777988285.521883,2041,3.430779543e-05
1777988285.921183,2042,3.432459562e-05
1777988286.329028,2043,3.434139944e-05
1777988286.702827,2044,3.435819963e-05
1777988287.069107,2045,3.437499981e-05
1777988287.435904,2046,3.43918e-05
1777988287.845845,2047,3.440860382e-05
1777988288.226450,2048,3.442540401e-05
1777988288.615019,2049,3.44422042e-05
1777988289.011455,2050,3.445900438e-05
1777988289.368550,2051,3.447580821e-05
1777988289.763172,2052,3.449260839e-05
1777988290.170307,2053,3.450940858e-05
1777988290.540740,2054,3.452620876e-05
1777988290.910918,2055,3.454300895e-05
1777988291.273607,2056,3.455981278e-05
1777988291.661426,2057,3.457661296e-05
1777988292.028255,2058,3.459341315e-05
1777988292.432645,2059,3.461021333e-05
1777988292.822598,2060,3.462701716e-05
1777988293.209856,2061,3.464381734e-05
1777988293.569848,2062,3.466061753e-05
1777988293.924451,2063,3.467741772e-05
1777988294.312819,2064,3.469422154e-05
1777988294.699619,2065,3.471102173e-05
1777988295.076254,2066,3.472782191e-05
1777988295.451627,2067,3.47446221e-05
1777988295.803731,2068,3.476142592e-05
1777988296.188707,2069,3.477822611e-05
1777988296.565295,2070,3.479502629e-05
1777988296.946538,2071,3.481182648e-05
1777988297.321899,2072,3.482863031e-05
1777988297.726986,2073,3.484543049e-05
1777988298.146158,2074,3.486223068e-05
1777988298.513196,2075,3.487903086e-05
1777988298.886740,2076,3.489583469e-05
1777988299.245635,2077,3.491263487e-05
1777988299.616141,2078,3.492943506e-05
1777988299.979300,2079,3.494623525e-05
1777988300.345024,2080,3.496303907e-05
1777988300.739957,2081,3.497983926e-05
1777988301.124014,2082,3.499663944e-05
1777988301.508216,2083,3.501343963e-05
1777988301.889163,2084,3.503024345e-05
1777988302.242246,2085,3.504704364e-05
1777988302.630642,2086,3.506384382e-05
1777988303.015683,2087,3.508064401e-05
1777988303.382995,2088,3.509744784e-05
1777988303.747687,2089,3.511424802e-05
1777988304.159983,2090,3.513104821e-05
1777988304.586991,2091,3.514784839e-05
1777988304.935380,2092,3.516465222e-05
1777988305.329871,2093,3.51814524e-05
1777988305.723480,2094,3.519825259e-05
1777988306.082306,2095,3.521505278e-05
1777988306.511584,2096,3.52318566e-05
1777988306.842989,2097,3.524865679e-05
1777988307.227550,2098,3.526545697e-05
1777988307.624896,2099,3.528225716e-05
1777988308.015194,2100,3.529905734e-05
1777988308.358718,2101,3.531586117e-05
1777988308.732509,2102,3.533266135e-05
1777988309.106232,2103,3.534946154e-05
1777988309.469075,2104,3.536626173e-05
1777988309.878460,2105,3.538306555e-05
1777988310.279048,2106,3.539986574e-05
1777988310.631901,2107,3.541666592e-05
1777988311.037284,2108,3.543346611e-05
1777988311.384598,2109,3.545026993e-05
1777988311.774237,2110,3.546707012e-05
1777988312.163774,2111,3.548387031e-05
1777988312.527126,2112,3.550067049e-05
1777988312.905030,2113,3.551747432e-05
1777988313.302577,2114,3.55342745e-05
1777988313.671592,2115,3.555107469e-05
1777988314.068895,2116,3.556787487e-05
1777988314.427057,2117,3.55846787e-05
1777988314.766222,2118,3.560147888e-05
1777988315.160033,2119,3.561827907e-05
1777988315.505589,2120,3.563507926e-05
1777988330.824487,2121,3.565188308e-05
1777988331.273111,2122,3.566868327e-05
1777988331.651575,2123,3.568548345e-05
1777988331.970572,2124,3.570228364e-05
1777988332.359338,2125,3.571908746e-05
1777988332.715360,2126,3.573588765e-05
1777988333.094621,2127,3.575268784e-05
1777988333.486338,2128,3.576948802e-05
1777988333.866362,2129,3.578629185e-05
1777988334.252877,2130,3.580309203e-05
1777988334.593886,2131,3.581989222e-05
1777988334.980765,2132,3.58366924e-05
1777988335.350760,2133,3.585349623e-05
1777988335.716323,2134,3.587029641e-05
1777988336.115736,2135,3.58870966e-05
1777988336.479324,2136,3.590389679e-05
1777988336.851751,2137,3.592070061e-05
1777988337.213857,2138,3.59375008e-05
1777988337.600876,2139,3.595430098e-05
1777988337.935688,2140,3.597110117e-05
1777988338.279722,2141,3.598790499e-05
1777988338.629683,2142,3.600470518e-05
1777988339.005616,2143,3.602150537e-05
1777988339.374955,2144,3.603830555e-05
1777988339.741281,2145,3.605510574e-05
1777988340.100799,2146,3.607190956e-05
1777988340.442236,2147,3.608870975e-05
1777988340.758698,2148,3.610550993e-05
1777988341.102915,2149,3.612231012e-05
1777988341.475313,2150,3.613911394e-05
1777988341.869147,2151,3.615591413e-05
1777988342.232433,2152,3.617271432e-05
1777988342.615203,2153,3.61895145e-05
1777988342.974299,2154,3.620631833e-05
1777988343.359312,2155,3.622311851e-05
1777988343.765246,2156,3.62399187e-05
1777988344.160041,2157,3.625671889e-05
1777988344.531318,2158,3.627352271e-05
1777988344.876880,2159,3.62903229e-05
1777988345.266487,2160,3.630712308e-05
1777988345.620349,2161,3.632392327e-05
1777988345.990264,2162,3.634072709e-05
1777988346.347659,2163,3.635752728e-05
1777988346.722977,2164,3.637432746e-05
1777988347.110949,2165,3.639112765e-05
1777988347.468127,2166,3.640793147e-05
1777988347.837733,2167,3.642473166e-05
1777988348.257636,2168,3.644153185e-05
1777988348.596537,2169,3.645833203e-05
1777988348.946732,2170,3.647513586e-05
1777988349.299379,2171,3.649193604e-05
1777988349.641962,2172,3.650873623e-05
1777988349.995612,2173,3.652553642e-05
1777988350.365588,2174,3.654234024e-05
1777988350.734855,2175,3.655914043e-05
1777988351.116283,2176,3.657594061e-05
1777988351.480013,2177,3.65927408e-05
1777988351.851686,2178,3.660954462e-05
1777988352.212562,2179,3.662634481e-05
1777988352.569021,2180,3.664314499e-05
1777988352.982340,2181,3.665994518e-05
1777988353.353712,2182,3.6676749e-05
1777988353.718258,2183,3.669354919e-05
1777988354.092809,2184,3.671034938e-05
1777988354.455897,2185,3.672714956e-05
1777988354.812208,2186,3.674395339e-05
1777988355.205931,2187,3.676075357e-05
1777988355.597449,2188,3.677755376e-05
1777988355.960516,2189,3.679435395e-05
1777988356.318505,2190,3.681115413e-05
1777988356.751391,2191,3.682795796e-05
1777988357.142567,2192,3.684475814e-05
1777988357.511046,2193,3.686155833e-05
1777988357.874774,2194,3.687835851e-05
1777988358.269167,2195,3.689516234e-05
1777988358.612651,2196,3.691196252e-05
1777988358.956608,2197,3.692876271e-05
1777988359.294586,2198,3.69455629e-05
1777988359.653123,2199,3.696236672e-05
1777988360.003738,2200,3.697916691e-05
1777988360.395713,2201,3.699596709e-05
1777988360.767207,2202,3.701276728e-05
1777988361.134266,2203,3.70295711e-05
1777988361.542832,2204,3.704637129e-05
1777988361.923918,2205,3.706317148e-05
1777988362.294267,2206,3.707997166e-05
1777988362.665991,2207,3.709677549e-05
1777988362.998912,2208,3.711357567e-05
1777988363.387963,2209,3.713037586e-05
1777988363.744728,2210,3.714717604e-05
1777988364.121944,2211,3.716397987e-05
1777988364.505839,2212,3.718078005e-05
1777988364.892693,2213,3.719758024e-05
1777988365.275286,2214,3.721438043e-05
1777988365.659090,2215,3.723118425e-05
1777988366.072831,2216,3.724798444e-05
1777988366.455783,2217,3.726478462e-05
1777988366.859852,2218,3.728158481e-05
1777988367.245105,2219,3.729838863e-05
1777988367.603080,2220,3.731518882e-05
1777988367.979895,2221,3.733198901e-05
1777988368.334829,2222,3.734878919e-05
1777988368.671189,2223,3.736559302e-05
1777988369.027388,2224,3.73823932e-05
1777988369.407020,2225,3.739919339e-05
1777988369.768002,2226,3.741599357e-05
1777988370.130423,2227,3.74327974e-05
1777988370.517261,2228,3.744959758e-05
1777988370.865737,2229,3.746639777e-05
1777988371.238414,2230,3.748319796e-05
1777988371.624265,2231,3.750000178e-05
1777988372.027228,2232,3.751680197e-05
1777988372.439783,2233,3.753360215e-05
1777988372.795906,2234,3.755040234e-05
1777988373.159797,2235,3.756720253e-05
1777988373.535192,2236,3.758400635e-05
1777988373.913995,2237,3.760080654e-05
1777988374.288809,2238,3.761760672e-05
1777988374.681814,2239,3.763440691e-05
1777988375.052505,2240,3.765121073e-05
1777988375.412643,2241,3.766801092e-05
1777988375.760953,2242,3.76848111e-05
1777988376.138477,2243,3.770161129e-05
1777988376.487021,2244,3.771841511e-05
1777988376.836287,2245,3.77352153e-05
1777988377.199722,2246,3.775201549e-05
1777988377.573529,2247,3.776881567e-05
1777988377.910738,2248,3.77856195e-05
1777988378.262836,2249,3.780241968e-05
1777988378.643968,2250,3.781921987e-05
1777988379.011622,2251,3.783602006e-05
1777988379.364902,2252,3.785282388e-05
1777988379.726656,2253,3.786962407e-05
1777988380.089538,2254,3.788642425e-05
1777988380.443801,2255,3.790322444e-05
1777988380.806560,2256,3.792002826e-05
1777988381.165872,2257,3.793682845e-05
1777988381.528037,2258,3.795362863e-05
1777988381.901077,2259,3.797042882e-05
1777988382.265399,2260,3.798723264e-05
1777988382.632166,2261,3.800403283e-05
1777988382.976674,2262,3.802083302e-05
1777988383.307854,2263,3.80376332e-05
1777988383.688553,2264,3.805443703e-05
1777988384.026333,2265,3.807123721e-05
1777988384.349690,2266,3.80880374e-05
1777988384.751258,2267,3.810483759e-05
1777988385.071406,2268,3.812164141e-05
1777988385.440209,2269,3.81384416e-05
1777988385.784719,2270,3.815524178e-05
1777988386.146608,2271,3.817204197e-05
1777988386.537749,2272,3.818884579e-05
1777988386.892179,2273,3.820564598e-05
1777988387.255618,2274,3.822244616e-05
1777988387.619209,2275,3.823924635e-05
1777988387.974201,2276,3.825605017e-05
1777988388.321065,2277,3.827285036e-05
1777988388.675269,2278,3.828965055e-05
1777988389.028999,2279,3.830645073e-05
1777988389.370506,2280,3.832325092e-05
1777988389.739919,2281,3.834005474e-05
1777988390.134280,2282,3.835685493e-05
1777988390.491562,2283,3.837365512e-05
1777988390.889624,2284,3.83904553e-05
1777988391.289002,2285,3.840725913e-05
1777988391.613818,2286,3.842405931e-05
1777988392.013358,2287,3.84408595e-05
1777988392.399179,2288,3.845765968e-05
1777988392.772334,2289,3.847446351e-05
1777988393.158340,2290,3.849126369e-05
1777988393.502061,2291,3.850806388e-05
1777988393.877379,2292,3.852486407e-05
1777988394.226772,2293,3.854166789e-05
1777988394.584905,2294,3.855846808e-05
1777988394.935881,2295,3.857526826e-05
1777988395.292653,2296,3.859206845e-05
1777988395.645080,2297,3.860887227e-05
1777988395.959524,2298,3.862567246e-05
1777988396.307006,2299,3.864247265e-05
1777988396.685488,2300,3.865927283e-05
1777988397.036306,2301,3.867607666e-05
1777988397.400733,2302,3.869287684e-05
1777988397.745807,2303,3.870967703e-05
1777988398.126320,2304,3.872647721e-05
1777988398.535990,2305,3.874328104e-05
1777988398.903403,2306,3.876008122e-05
1777988399.261836,2307,3.877688141e-05
1777988399.653589,2308,3.87936816e-05
1777988399.977958,2309,3.881048542e-05
1777988400.326223,2310,3.882728561e-05
1777988400.708048,2311,3.884408579e-05
1777988401.050762,2312,3.886088598e-05
1777988401.406397,2313,3.88776898e-05
1777988401.776852,2314,3.889448999e-05
1777988402.197191,2315,3.891129018e-05
1777988402.540185,2316,3.892809036e-05
1777988402.926969,2317,3.894489419e-05
1777988403.301456,2318,3.896169437e-05
1777988403.653291,2319,3.897849456e-05
1777988404.016937,2320,3.899529474e-05
1777988404.395891,2321,3.901209857e-05
1777988404.756322,2322,3.902889875e-05
1777988405.124859,2323,3.904569894e-05
1777988405.484600,2324,3.906249913e-05
1777988405.854605,2325,3.907929931e-05
1777988406.200151,2326,3.909610314e-05
1777988406.549877,2327,3.911290332e-05
1777988406.909764,2328,3.912970351e-05
1777988407.321165,2329,3.91465037e-05
1777988407.665442,2330,3.916330752e-05
1777988408.037266,2331,3.918010771e-05
1777988408.375442,2332,3.919690789e-05
1777988408.717708,2333,3.921370808e-05
1777988409.086121,2334,3.92305119e-05
1777988409.444988,2335,3.924731209e-05
1777988409.799075,2336,3.926411227e-05
1777988410.119810,2337,3.928091246e-05
1777988410.472643,2338,3.929771628e-05
1777988410.866882,2339,3.931451647e-05
1777988411.232770,2340,3.933131666e-05
1777988411.594298,2341,3.934811684e-05
1777988411.973438,2342,3.936492067e-05
1777988412.334084,2343,3.938172085e-05
1777988412.730915,2344,3.939852104e-05
1777988413.044685,2345,3.941532123e-05
1777988413.369805,2346,3.943212505e-05
1777988413.712887,2347,3.944892524e-05
1777988414.094150,2348,3.946572542e-05
1777988414.435971,2349,3.948252561e-05
1777988414.794856,2350,3.949932943e-05
1777988415.161551,2351,3.951612962e-05
1777988415.569172,2352,3.95329298e-05
1777988415.921016,2353,3.954972999e-05
1777988416.286199,2354,3.956653381e-05
1777988416.658097,2355,3.9583334e-05
1777988417.021871,2356,3.960013419e-05
1777988417.374325,2357,3.961693437e-05
1777988417.726871,2358,3.96337382e-05
1777988418.126138,2359,3.965053838e-05
1777988418.500787,2360,3.966733857e-05
1777988418.851037,2361,3.968413876e-05
1777988419.213062,2362,3.970094258e-05
1777988419.602517,2363,3.971774277e-05
1777988419.935925,2364,3.973454295e-05
1777988420.296335,2365,3.975134314e-05
1777988420.660233,2366,3.976814696e-05
1777988421.014136,2367,3.978494715e-05
1777988421.327339,2368,3.980174733e-05
1777988421.661733,2369,3.981854752e-05
1777988422.045815,2370,3.983534771e-05
1777988422.423493,2371,3.985215153e-05
1777988422.781158,2372,3.986895172e-05
1777988423.135819,2373,3.98857519e-05
1777988423.451338,2374,3.990255209e-05
1777988423.786589,2375,3.991935591e-05
1777988424.120985,2376,3.99361561e-05
1777988424.491821,2377,3.995295629e-05
1777988424.857694,2378,3.996975647e-05
1777988425.223819,2379,3.99865603e-05
1777988425.599260,2380,4.000336048e-05
1777988426.005303,2381,4.002016067e-05
1777988426.359437,2382,4.003696085e-05
1777988426.698716,2383,4.005376468e-05
1777988427.057355,2384,4.007056486e-05
1777988427.388493,2385,4.008736505e-05
1777988427.757378,2386,4.010416524e-05
1777988428.116604,2387,4.012096906e-05
1777988428.490827,2388,4.013776925e-05
1777988428.835293,2389,4.015456943e-05
1777988429.206301,2390,4.017136962e-05
1777988429.541780,2391,4.018817344e-05
1777988429.891346,2392,4.020497363e-05
1777988430.262375,2393,4.022177382e-05
1777988430.658781,2394,4.0238574e-05
1777988431.005691,2395,4.025537783e-05
1777988431.349019,2396,4.027217801e-05
1777988431.763472,2397,4.02889782e-05
1777988432.177047,2398,4.030577838e-05
1777988432.601551,2399,4.032258221e-05
1777988432.970552,2400,4.033938239e-05
1777988433.357234,2401,4.035618258e-05
1777988433.708482,2402,4.037298277e-05
1777988434.061217,2403,4.038978659e-05
1777988434.460619,2404,4.040658678e-05
1777988434.826972,2405,4.042338696e-05
1777988435.186142,2406,4.044018715e-05
1777988435.560939,2407,4.045699097e-05
1777988435.914310,2408,4.047379116e-05
1777988436.264063,2409,4.049059135e-05
1777988436.618080,2410,4.050739153e-05
1777988436.964829,2411,4.052419536e-05
1777988437.342779,2412,4.054099554e-05
1777988437.723996,2413,4.055779573e-05
1777988438.120133,2414,4.057459591e-05
1777988438.489975,2415,4.05913961e-05
1777988438.829931,2416,4.060819992e-05
1777988439.223088,2417,4.062500011e-05
1777988439.588967,2418,4.06418003e-05
1777988439.964499,2419,4.065860048e-05
1777988440.372527,2420,4.067540431e-05
1777988440.765897,2421,4.069220449e-05
1777988441.109573,2422,4.070900468e-05
1777988441.514481,2423,4.072580487e-05
1777988441.964700,2424,4.074260869e-05
1777988442.320118,2425,4.075940888e-05
1777988442.688661,2426,4.077620906e-05
1777988443.044634,2427,4.079300925e-05
1777988443.436158,2428,4.080981307e-05
1777988443.795115,2429,4.082661326e-05
1777988444.231333,2430,4.084341344e-05
1777988444.613804,2431,4.086021363e-05
1777988445.004892,2432,4.087701745e-05
1777988445.382063,2433,4.089381764e-05
1777988445.748100,2434,4.091061783e-05
1777988446.128520,2435,4.092741801e-05
1777988446.500839,2436,4.094422184e-05
1777988446.882919,2437,4.096102202e-05
1777988447.244667,2438,4.097782221e-05
1777988447.631911,2439,4.09946224e-05
1777988448.028537,2440,4.101142622e-05
1777988448.427718,2441,4.102822641e-05
1777988448.786798,2442,4.104502659e-05
1777988449.164759,2443,4.106182678e-05
1777988449.503014,2444,4.10786306e-05
1777988449.860291,2445,4.109543079e-05
1777988450.213251,2446,4.111223097e-05
1777988450.628474,2447,4.112903116e-05
1777988451.013880,2448,4.114583498e-05
1777988451.337558,2449,4.116263517e-05
1777988451.708835,2450,4.117943536e-05
1777988452.045897,2451,4.119623554e-05
1777988452.455643,2452,4.121303937e-05
1777988452.875917,2453,4.122983955e-05
1777988453.303202,2454,4.124663974e-05
1777988453.683985,2455,4.126343993e-05
1777988454.129633,2456,4.128024375e-05
1777988454.495405,2457,4.129704394e-05
1777988454.867437,2458,4.131384412e-05
1777988455.230760,2459,4.133064431e-05
1777988455.598457,2460,4.134744449e-05
1777988455.954714,2461,4.136424832e-05
1777988456.344889,2462,4.13810485e-05
1777988456.691259,2463,4.139784869e-05
1777988457.102171,2464,4.141464888e-05
1777988457.523971,2465,4.14314527e-05
1777988457.924455,2466,4.144825289e-05
1777988458.268847,2467,4.146505307e-05
1777988458.661748,2468,4.148185326e-05
1777988459.074261,2469,4.149865708e-05
1777988459.446439,2470,4.151545727e-05
1777988459.806305,2471,4.153225746e-05
1777988460.181957,2472,4.154905764e-05
1777988460.543420,2473,4.156586147e-05
1777988460.900115,2474,4.158266165e-05
1777988461.293682,2475,4.159946184e-05
1777988461.660434,2476,4.161626202e-05
1777988462.057508,2477,4.163306585e-05
1777988462.461297,2478,4.164986603e-05
1777988462.816367,2479,4.166666622e-05
1777988463.238597,2480,4.168346641e-05
1777988463.668988,2481,4.170027023e-05
1777988464.075601,2482,4.171707042e-05
1777988464.513235,2483,4.17338706e-05
1777988464.942257,2484,4.175067079e-05
1777988465.339240,2485,4.176747461e-05
1777988465.768354,2486,4.17842748e-05
1777988466.148629,2487,4.180107499e-05
1777988466.523430,2488,4.181787517e-05
1777988466.891181,2489,4.1834679e-05
1777988467.259573,2490,4.185147918e-05
1777988467.624714,2491,4.186827937e-05
1777988467.977912,2492,4.188507955e-05
1777988468.389884,2493,4.190188338e-05
1777988468.800937,2494,4.191868356e-05
1777988469.175047,2495,4.193548375e-05
1777988469.563082,2496,4.195228394e-05
1777988469.905281,2497,4.196908776e-05
1777988470.281341,2498,4.198588795e-05
1777988470.663967,2499,4.200268813e-05
1777988471.066781,2500,4.201948832e-05
1777988471.453500,2501,4.203628851e-05
1777988471.833942,2502,4.205309233e-05
1777988472.270383,2503,4.206989252e-05
1777988472.676584,2504,4.20866927e-05
1777988473.070456,2505,4.210349289e-05
1777988473.464140,2506,4.212029671e-05
1777988473.856149,2507,4.21370969e-05
1777988474.213399,2508,4.215389708e-05
1777988474.594108,2509,4.217069727e-05
1777988474.968992,2510,4.218750109e-05
1777988475.388191,2511,4.220430128e-05
1777988475.796422,2512,4.222110147e-05
1777988476.184657,2513,4.223790165e-05
1777988476.619090,2514,4.225470548e-05
1777988477.037992,2515,4.227150566e-05
1777988477.403503,2516,4.228830585e-05
1777988477.820343,2517,4.230510604e-05
1777988478.177403,2518,4.232190986e-05
1777988478.587563,2519,4.233871005e-05
1777988479.001704,2520,4.235551023e-05
1777988479.450705,2521,4.237231042e-05
1777988479.807879,2522,4.238911424e-05
1777988480.154924,2523,4.240591443e-05
1777988480.514258,2524,4.242271461e-05
1777988480.874031,2525,4.24395148e-05
1777988481.273052,2526,4.245631862e-05
1777988481.672627,2527,4.247311881e-05
1777988482.019237,2528,4.2489919e-05
1777988482.362675,2529,4.250671918e-05
1777988482.718122,2530,4.252352301e-05
1777988483.078512,2531,4.254032319e-05
1777988483.502618,2532,4.255712338e-05
1777988483.900016,2533,4.257392357e-05
1777988484.274503,2534,4.259072739e-05
1777988484.653747,2535,4.260752758e-05
1777988485.112520,2536,4.262432776e-05
1777988485.488970,2537,4.264112795e-05
1777988485.858875,2538,4.265793177e-05
1777988486.214700,2539,4.267473196e-05
1777988486.557940,2540,4.269153214e-05
1777988486.993448,2541,4.270833233e-05
1777988487.420211,2542,4.272513615e-05
1777988487.798575,2543,4.274193634e-05
1777988488.184808,2544,4.275873653e-05
1777988488.584442,2545,4.277553671e-05
1777988488.973516,2546,4.27923369e-05
1777988489.383111,2547,4.280914072e-05
1777988489.784274,2548,4.282594091e-05
1777988490.174317,2549,4.28427411e-05
1777988490.584156,2550,4.285954128e-05
1777988490.974790,2551,4.287634511e-05
1777988491.372139,2552,4.289314529e-05
1777988491.708551,2553,4.290994548e-05
1777988492.095475,2554,4.292674566e-05
1777988492.488807,2555,4.294354949e-05
1777988492.836818,2556,4.296034967e-05
1777988493.203043,2557,4.297714986e-05
1777988493.563408,2558,4.299395005e-05
1777988493.926467,2559,4.301075387e-05
1777988494.303042,2560,4.302755406e-05
1777988494.672349,2561,4.304435424e-05
1777988495.066357,2562,4.306115443e-05
1777988495.485844,2563,4.307795825e-05
1777988495.916697,2564,4.309475844e-05
1777988496.285190,2565,4.311155863e-05
1777988496.646526,2566,4.312835881e-05
1777988497.075065,2567,4.314516264e-05
1777988497.505867,2568,4.316196282e-05
1777988497.862994,2569,4.317876301e-05
1777988498.240060,2570,4.319556319e-05
1777988498.592011,2571,4.321236702e-05
1777988498.955946,2572,4.32291672e-05
1777988499.352433,2573,4.324596739e-05
1777988499.720204,2574,4.326276758e-05
1777988500.139076,2575,4.32795714e-05
1777988500.482161,2576,4.329637159e-05
1777988500.833873,2577,4.331317177e-05
1777988501.209603,2578,4.332997196e-05
1777988501.617673,2579,4.334677578e-05
1777988502.050020,2580,4.336357597e-05
1777988502.416743,2581,4.338037616e-05
1777988502.773191,2582,4.339717634e-05
1777988503.136781,2583,4.341398017e-05
1777988503.512267,2584,4.343078035e-05
1777988503.921502,2585,4.344758054e-05
1777988504.291345,2586,4.346438072e-05
1777988504.653255,2587,4.348118455e-05
1777988505.011753,2588,4.349798473e-05
1777988505.382704,2589,4.351478492e-05
1777988505.739683,2590,4.353158511e-05
1777988506.126168,2591,4.354838529e-05
1777988506.456867,2592,4.356518912e-05
1777988506.838424,2593,4.35819893e-05
1777988507.210063,2594,4.359878949e-05
1777988507.641263,2595,4.361558968e-05
1777988508.009602,2596,4.36323935e-05
1777988508.373712,2597,4.364919369e-05
1777988508.766362,2598,4.366599387e-05
1777988509.121831,2599,4.368279406e-05
1777988509.478146,2600,4.369959788e-05
1777988509.853580,2601,4.371639807e-05
1777988510.254819,2602,4.373319825e-05
1777988510.638098,2603,4.374999844e-05
1777988511.001542,2604,4.376680226e-05
1777988511.342604,2605,4.378360245e-05
1777988511.728717,2606,4.380040264e-05
1777988512.131465,2607,4.381720282e-05
1777988512.520085,2608,4.383400665e-05
1777988512.934694,2609,4.385080683e-05
1777988513.338845,2610,4.386760702e-05
1777988513.751747,2611,4.388440721e-05
1777988514.146450,2612,4.390121103e-05
1777988514.488670,2613,4.391801122e-05
1777988514.920998,2614,4.39348114e-05
1777988515.286016,2615,4.395161159e-05
1777988515.675880,2616,4.396841541e-05
1777988516.034650,2617,4.39852156e-05
1777988516.473203,2618,4.400201578e-05
1777988516.819746,2619,4.401881597e-05
1777988517.218938,2620,4.403561979e-05
1777988517.576649,2621,4.405241998e-05
1777988517.964240,2622,4.406922017e-05
1777988518.372256,2623,4.408602035e-05
1777988518.795663,2624,4.410282418e-05
1777988519.258747,2625,4.411962436e-05
1777988519.649492,2626,4.413642455e-05
1777988520.037298,2627,4.415322474e-05
1777988520.469481,2628,4.417002856e-05
1777988520.838180,2629,4.418682875e-05
1777988521.201014,2630,4.420362893e-05
1777988521.598535,2631,4.422042912e-05
1777988522.031135,2632,4.423723294e-05
1777988522.413467,2633,4.425403313e-05
1777988522.831548,2634,4.427083331e-05
1777988523.220729,2635,4.42876335e-05
1777988523.599545,2636,4.430443369e-05
1777988524.014771,2637,4.432123751e-05
1777988524.396871,2638,4.43380377e-05
1777988524.777570,2639,4.435483788e-05
1777988525.126356,2640,4.437163807e-05
1777988525.458936,2641,4.438844189e-05
1777988525.827121,2642,4.440524208e-05
1777988526.170065,2643,4.442204227e-05
1777988526.573956,2644,4.443884245e-05
1777988526.973541,2645,4.445564628e-05
1777988527.332691,2646,4.447244646e-05
1777988527.741626,2647,4.448924665e-05
1777988528.157491,2648,4.450604683e-05
1777988528.603570,2649,4.452285066e-05
1777988529.046692,2650,4.453965084e-05
1777988529.485063,2651,4.455645103e-05
1777988529.913174,2652,4.457325122e-05
1777988530.374791,2653,4.459005504e-05
1777988530.841776,2654,4.460685523e-05
1777988531.296775,2655,4.462365541e-05
1777988531.709904,2656,4.46404556e-05
1777988532.101093,2657,4.465725942e-05
1777988532.504786,2658,4.467405961e-05
1777988532.899198,2659,4.46908598e-05
1777988533.315342,2660,4.470765998e-05
1777988533.737668,2661,4.472446381e-05
1777988534.139984,2662,4.474126399e-05
1777988534.548261,2663,4.475806418e-05
1777988534.912685,2664,4.477486436e-05
1777988535.357799,2665,4.479166819e-05
1777988535.752658,2666,4.480846837e-05
1777988536.123958,2667,4.482526856e-05
1777988536.518851,2668,4.484206875e-05
1777988536.946287,2669,4.485887257e-05
1777988537.378993,2670,4.487567276e-05
1777988537.759361,2671,4.489247294e-05
1777988538.089415,2672,4.490927313e-05
1777988538.489066,2673,4.492607695e-05
1777988538.933012,2674,4.494287714e-05
1777988539.344506,2675,4.495967733e-05
1777988539.798728,2676,4.497647751e-05
1777988540.211786,2677,4.499328134e-05
1777988540.634084,2678,4.501008152e-05
1777988541.058213,2679,4.502688171e-05
1777988541.436171,2680,4.504368189e-05
1777988541.839011,2681,4.506048208e-05
1777988542.208702,2682,4.50772859e-05
1777988542.621455,2683,4.509408609e-05
1777988543.001640,2684,4.511088628e-05
1777988543.384762,2685,4.512768646e-05
1777988543.819000,2686,4.514449029e-05
1777988544.211174,2687,4.516129047e-05
1777988544.593469,2688,4.517809066e-05
1777988544.980317,2689,4.519489084e-05
1777988545.419617,2690,4.521169467e-05
1777988545.877620,2691,4.522849486e-05
1777988546.276985,2692,4.524529504e-05
1777988546.703484,2693,4.526209523e-05
1777988547.154690,2694,4.527889905e-05
1777988547.582515,2695,4.529569924e-05
1777988548.054899,2696,4.531249942e-05
1777988548.497437,2697,4.532929961e-05
1777988548.880684,2698,4.534610343e-05
1777988549.313522,2699,4.536290362e-05
1777988549.721809,2700,4.537970381e-05
1777988550.151541,2701,4.539650399e-05
1777988550.605096,2702,4.541330782e-05
1777988551.026009,2703,4.5430108e-05
1777988551.455709,2704,4.544690819e-05
1777988551.864417,2705,4.546370837e-05
1777988552.245954,2706,4.54805122e-05
1777988552.673011,2707,4.549731239e-05
1777988553.183851,2708,4.551411257e-05
1777988553.565869,2709,4.553091276e-05
1777988553.999963,2710,4.554771658e-05
1777988554.416334,2711,4.556451677e-05
1777988554.872586,2712,4.558131695e-05
1777988555.300153,2713,4.559811714e-05
1777988555.711042,2714,4.561492096e-05
1777988556.194009,2715,4.563172115e-05
1777988556.601902,2716,4.564852134e-05
1777988556.985987,2717,4.566532152e-05
1777988557.389345,2718,4.568212535e-05
1777988557.776500,2719,4.569892553e-05
1777988558.189093,2720,4.571572572e-05
1777988558.563617,2721,4.57325259e-05
1777988558.963457,2722,4.574932973e-05
1777988559.412500,2723,4.576612992e-05
1777988559.833965,2724,4.57829301e-05
1777988560.224773,2725,4.579973029e-05
1777988560.613659,2726,4.581653047e-05
1777988560.987985,2727,4.58333343e-05
1777988561.334599,2728,4.585013448e-05
1777988561.724116,2729,4.586693467e-05
1777988562.065363,2730,4.588373486e-05
1777988562.406666,2731,4.590053868e-05
1777988562.761513,2732,4.591733887e-05
1777988563.138932,2733,4.593413905e-05
1777988563.558751,2734,4.595093924e-05
1777988563.926427,2735,4.596774306e-05
1777988564.327244,2736,4.598454325e-05
1777988564.700076,2737,4.600134343e-05
1777988565.040241,2738,4.601814362e-05
1777988565.383486,2739,4.603494745e-05
1777988565.779339,2740,4.605174763e-05
1777988566.151786,2741,4.606854782e-05
1777988566.516989,2742,4.6085348e-05
1777988566.896415,2743,4.610215183e-05
1777988567.226702,2744,4.611895201e-05
1777988567.601892,2745,4.61357522e-05
1777988568.012689,2746,4.615255239e-05
1777988568.361273,2747,4.616935621e-05
1777988568.717264,2748,4.61861564e-05
1777988569.074042,2749,4.620295658e-05
1777988569.434060,2750,4.621975677e-05
1777988569.805232,2751,4.623656059e-05
1777988570.181475,2752,4.625336078e-05
1777988570.528430,2753,4.627016096e-05
1777988570.866964,2754,4.628696115e-05
1777988571.244680,2755,4.630376498e-05
1777988571.588085,2756,4.632056516e-05
1777988571.952403,2757,4.633736535e-05
1777988572.357237,2758,4.635416553e-05
1777988572.753497,2759,4.637096936e-05
1777988573.115446,2760,4.638776954e-05
1777988573.511390,2761,4.640456973e-05
1777988573.878973,2762,4.642136992e-05
1777988574.223434,2763,4.643817374e-05
1777988574.580293,2764,4.645497393e-05
1777988574.950696,2765,4.647177411e-05
1777988575.340780,2766,4.64885743e-05
1777988575.715858,2767,4.650537812e-05
1777988576.093910,2768,4.652217831e-05
1777988576.450581,2769,4.653897849e-05
1777988576.836830,2770,4.655577868e-05
1777988577.306678,2771,4.657257887e-05
1777988577.690077,2772,4.658938269e-05
1777988578.044758,2773,4.660618288e-05
1777988578.376433,2774,4.662298306e-05
1777988578.752882,2775,4.663978325e-05
1777988579.132837,2776,4.665658707e-05
1777988579.529095,2777,4.667338726e-05
1777988579.926224,2778,4.669018745e-05
1777988580.275567,2779,4.670698763e-05
1777988580.638592,2780,4.672379146e-05
1777988581.002259,2781,4.674059164e-05
1777988581.378537,2782,4.675739183e-05
1777988581.806363,2783,4.677419201e-05
1777988582.192220,2784,4.679099584e-05
1777988582.606339,2785,4.680779602e-05
1777988582.981558,2786,4.682459621e-05
1777988583.360473,2787,4.68413964e-05
1777988583.745399,2788,4.685820022e-05
1777988584.134257,2789,4.687500041e-05
1777988584.548382,2790,4.689180059e-05
1777988584.932364,2791,4.690860078e-05
1777988585.317191,2792,4.69254046e-05
1777988585.731929,2793,4.694220479e-05
1777988586.133677,2794,4.695900498e-05
1777988586.549934,2795,4.697580516e-05
1777988586.984112,2796,4.699260899e-05
1777988587.392049,2797,4.700940917e-05
1777988587.765208,2798,4.702620936e-05
1777988588.188771,2799,4.704300954e-05
1777988588.607775,2800,4.705981337e-05
1777988603.914989,2801,4.707661355e-05
1777988604.281661,2802,4.709341374e-05
1777988604.697335,2803,4.711021393e-05
1777988605.092459,2804,4.712701775e-05
1777988605.460427,2805,4.714381794e-05
1777988605.850824,2806,4.716061812e-05
1777988606.262002,2807,4.717741831e-05
1777988606.641546,2808,4.719422213e-05
1777988607.022604,2809,4.721102232e-05
1777988607.405077,2810,4.722782251e-05
1777988607.818243,2811,4.724462269e-05
1777988608.266516,2812,4.726142652e-05
1777988608.724571,2813,4.72782267e-05
1777988609.142751,2814,4.729502689e-05
1777988609.531602,2815,4.731182707e-05
1777988609.930718,2816,4.732862726e-05
1777988610.349861,2817,4.734543108e-05
1777988610.746304,2818,4.736223127e-05
1777988611.170676,2819,4.737903146e-05
1777988611.567761,2820,4.739583164e-05
1777988611.952871,2821,4.741263547e-05
1777988612.312900,2822,4.742943565e-05
1777988612.721525,2823,4.744623584e-05
1777988613.076336,2824,4.746303603e-05
1777988613.476837,2825,4.747983985e-05
1777988613.870409,2826,4.749664004e-05
1777988614.263022,2827,4.751344022e-05
1777988614.647746,2828,4.753024041e-05
1777988615.040804,2829,4.754704423e-05
1777988615.452714,2830,4.756384442e-05
1777988615.825221,2831,4.75806446e-05
1777988616.209034,2832,4.759744479e-05
1777988616.588353,2833,4.761424861e-05
1777988617.001316,2834,4.76310488e-05
1777988617.403568,2835,4.764784899e-05
1777988617.817018,2836,4.766464917e-05
1777988618.200133,2837,4.7681453e-05
1777988618.622313,2838,4.769825318e-05
1777988619.015515,2839,4.771505337e-05
1777988619.411958,2840,4.773185356e-05
1777988619.806647,2841,4.774865738e-05
1777988620.155299,2842,4.776545757e-05
1777988620.574043,2843,4.778225775e-05
1777988620.955069,2844,4.779905794e-05
1777988621.301766,2845,4.781586176e-05
1777988621.699675,2846,4.783266195e-05
1777988622.083194,2847,4.784946213e-05
1777988622.526699,2848,4.786626232e-05
1777988622.947014,2849,4.788306615e-05
1777988623.358453,2850,4.789986633e-05
1777988623.748089,2851,4.791666652e-05
1777988624.139605,2852,4.79334667e-05
1777988624.510892,2853,4.795027053e-05
1777988624.914532,2854,4.796707071e-05
1777988625.309970,2855,4.79838709e-05
1777988625.707943,2856,4.800067109e-05
1777988626.076798,2857,4.801747491e-05
1777988626.466412,2858,4.80342751e-05
1777988626.909418,2859,4.805107528e-05
1777988627.294776,2860,4.806787547e-05
1777988627.697410,2861,4.808467565e-05
1777988628.086528,2862,4.810147948e-05
1777988628.497860,2863,4.811827966e-05
1777988628.892513,2864,4.813507985e-05
1777988629.293648,2865,4.815188004e-05
1777988629.710584,2866,4.816868386e-05
1777988630.152007,2867,4.818548405e-05
1777988630.555598,2868,4.820228423e-05
1777988630.993640,2869,4.821908442e-05
1777988631.387427,2870,4.823588824e-05
1777988631.780457,2871,4.825268843e-05
1777988632.150864,2872,4.826948862e-05
1777988632.576144,2873,4.82862888e-05
1777988633.004336,2874,4.830309263e-05
1777988633.388827,2875,4.831989281e-05
1777988633.782524,2876,4.8336693e-05
1777988634.178600,2877,4.835349318e-05
1777988634.576094,2878,4.837029701e-05
1777988635.048912,2879,4.838709719e-05
1777988635.469885,2880,4.840389738e-05
1777988635.859404,2881,4.842069757e-05
1777988636.229395,2882,4.843750139e-05
1777988636.634790,2883,4.845430158e-05
1777988637.055928,2884,4.847110176e-05
1777988637.486288,2885,4.848790195e-05
1777988637.856921,2886,4.850470577e-05
1777988638.320490,2887,4.852150596e-05
1777988638.724066,2888,4.853830615e-05
1777988639.105876,2889,4.855510633e-05
1777988639.506083,2890,4.857191016e-05
1777988639.913349,2891,4.858871034e-05
1777988640.412354,2892,4.860551053e-05
1777988640.835165,2893,4.862231071e-05
1777988641.234453,2894,4.863911454e-05
1777988641.590850,2895,4.865591472e-05
1777988641.978428,2896,4.867271491e-05
1777988642.343425,2897,4.86895151e-05
1777988642.761274,2898,4.870631892e-05
1777988643.206593,2899,4.872311911e-05
1777988643.602861,2900,4.873991929e-05
1777988643.972423,2901,4.875671948e-05
1777988644.367276,2902,4.87735233e-05
1777988644.791509,2903,4.879032349e-05
1777988645.244472,2904,4.880712368e-05
1777988645.634645,2905,4.882392386e-05
1777988645.997097,2906,4.884072405e-05
1777988646.345814,2907,4.885752787e-05
1777988646.754912,2908,4.887432806e-05
1777988647.149049,2909,4.889112824e-05
1777988647.510740,2910,4.890792843e-05
1777988647.844345,2911,4.892473225e-05
1777988648.225389,2912,4.894153244e-05
1777988648.575845,2913,4.895833263e-05
1777988648.933080,2914,4.897513281e-05
1777988649.301785,2915,4.899193664e-05
1777988649.727021,2916,4.900873682e-05
1777988650.106271,2917,4.902553701e-05
1777988650.450237,2918,4.90423372e-05
1777988650.934556,2919,4.905914102e-05
1777988651.391295,2920,4.907594121e-05
1777988651.750423,2921,4.909274139e-05
1777988652.150304,2922,4.910954158e-05
1777988652.538091,2923,4.91263454e-05
1777988652.910542,2924,4.914314559e-05
1777988653.299731,2925,4.915994577e-05
1777988653.705626,2926,4.917674596e-05
1777988654.061688,2927,4.919354978e-05
1777988654.434703,2928,4.921034997e-05
1777988654.794327,2929,4.922715016e-05
1777988655.175911,2930,4.924395034e-05
1777988655.575666,2931,4.926075417e-05
1777988655.956612,2932,4.927755435e-05
1777988656.368644,2933,4.929435454e-05
1777988656.773154,2934,4.931115473e-05
1777988657.160138,2935,4.932795855e-05
1777988657.589415,2936,4.934475874e-05
1777988657.976205,2937,4.936155892e-05
1777988658.374453,2938,4.937835911e-05
1777988658.787086,2939,4.939516293e-05
1777988659.180571,2940,4.941196312e-05
1777988659.575336,2941,4.94287633e-05
1777988659.974423,2942,4.944556349e-05
1777988660.358129,2943,4.946236731e-05
1777988660.733974,2944,4.94791675e-05
1777988661.120996,2945,4.949596769e-05
1777988661.490443,2946,4.951276787e-05
1777988661.845469,2947,4.95295717e-05
1777988662.239129,2948,4.954637188e-05
1777988662.638280,2949,4.956317207e-05
1777988663.014020,2950,4.957997226e-05
1777988663.415805,2951,4.959677244e-05
1777988663.827092,2952,4.961357627e-05
1777988664.211312,2953,4.963037645e-05
1777988664.616637,2954,4.964717664e-05
1777988665.056222,2955,4.966397682e-05
1777988665.526422,2956,4.968078065e-05
1777988665.865008,2957,4.969758083e-05
1777988666.264333,2958,4.971438102e-05
1777988666.654854,2959,4.973118121e-05
1777988667.044356,2960,4.974798503e-05
1777988667.439037,2961,4.976478522e-05
1777988667.798010,2962,4.97815854e-05
1777988668.284323,2963,4.979838559e-05
1777988668.641934,2964,4.981518941e-05
1777988669.071093,2965,4.98319896e-05
1777988669.479735,2966,4.984878979e-05
1777988669.823997,2967,4.986558997e-05
1777988670.195917,2968,4.98823938e-05
1777988670.546083,2969,4.989919398e-05
1777988670.896270,2970,4.991599417e-05
1777988671.286466,2971,4.993279435e-05
1777988671.646157,2972,4.994959818e-05
1777988671.990383,2973,4.996639836e-05
1777988672.330959,2974,4.998319855e-05
