wall_time,step,value
1777869681.980340,0,0.9999999404
1777869683.379482,1,0.9999998212
1777869684.642081,2,0.9999996424
1777869685.944147,3,0.9999993443
1777869687.213255,4,0.9999989867
1777869688.533638,5,0.9999985695
1777869689.713292,6,0.9999980927
1777869690.978236,7,0.9999975562
1777869692.460236,8,0.9999969602
1777869694.179536,9,0.9999963045
1777869695.795174,10,0.9999955893
1777869696.941000,11,0.9999947548
1777869698.267603,12,0.9999938607
1777869699.604373,13,0.999992907
1777869701.088055,14,0.9999918938
1777869702.360156,15,0.9999908209
1777869703.885941,16,0.9999896884
1777869705.448109,17,0.9999884963
1777869706.549828,18,0.9999872446
1777869707.913703,19,0.9999858737
1777869709.196896,20,0.9999844432
1777869710.437235,21,0.9999829531
1777869711.629896,22,0.9999814034
1777869712.820509,23,0.999979794
1777869714.244690,24,0.9999780655
1777869715.505496,25,0.9999762774
1777869716.698307,26,0.9999744296
1777869717.963537,27,0.9999724627
1777869719.207697,28,0.9999703765
1777869720.356940,29,0.9999682307
1777869721.697023,30,0.9999660254
1777869722.913723,31,0.9999637008
1777869724.227342,32,0.9999613166
1777869725.583310,33,0.9999588728
1777869726.854740,34,0.9999563098
1777869728.047447,35,0.9999536872
1777869729.274973,36,0.999951005
1777869730.561231,37,0.9999482036
1777869731.760968,38,0.9999454021
1777869732.993589,39,0.9999425411
1777869734.426172,40,0.9999396205
1777869735.713041,41,0.9999366403
1777869736.919358,42,0.99993366
1777869738.209979,43,0.9999306798
1777869739.514063,44,0.99992764
1777869740.767427,45,0.9999246001
1777869742.039278,46,0.9999215007
1777869743.230476,47,0.9999183416
1777869744.460046,48,0.999915123
1777869745.671868,49,0.9999119043
1777869746.762213,50,0.9999086261
1777869748.010774,51,0.9999053478
1777869749.227948,52,0.9999020696
1777869750.436653,53,0.9998988509
1777869751.648755,54,0.9998955727
1777869752.869525,55,0.9998922944
1777869754.077868,56,0.9998889565
1777869755.246233,57,0.9998857379
1777869756.438120,58,0.9998825192
1777869757.976865,59,0.9998793602
1777869758.924679,60,0.9998762608
1777869760.122365,61,0.9998732209
1777869761.278163,62,0.9998703003
1777869762.535393,63,0.9998673797
1777869763.703031,64,0.9998645186
1777869764.997707,65,0.9998617172
1777869766.240992,66,0.999859035
1777869767.755286,67,0.9998564124
1777869768.642397,68,0.9998538494
1777869769.842782,69,0.9998514056
1777869771.244010,70,0.999849081
1777869772.718804,71,0.9998468757
1777869774.034993,72,0.9998447895
1777869775.291783,73,0.9998428822
1777869776.543401,74,0.9998410344
1777869777.883324,75,0.9998393059
1777869779.193700,76,0.9998376966
1777869780.526331,77,0.9998362064
1777869781.872677,78,0.9998348355
1777869783.249380,79,0.999833703
1777869784.514793,80,0.9998326898
1777869785.846319,81,0.9998317957
1777869787.153476,82,0.9998311996
1777869788.380726,83,0.9998306632
1777869789.631199,84,0.9998304248
1777869790.929082,85,0.9998301864
1777869792.123391,86,0.9998303056
1777869793.310534,87,0.9998307824
1777869794.491665,88,0.9998314381
1777869795.587927,89,0.9998323321
1777869796.829520,90,0.9998333454
1777869798.097147,91,0.9998345971
1777869799.453241,92,0.9998360872
1777869800.642740,93,0.9998378158
1777869801.893659,94,0.9998398423
1777869803.040144,95,0.9998419285
1777869804.294423,96,0.9998442531
1777869805.570632,97,0.9998468757
1777869806.932402,98,0.9998498559
1777869808.203561,99,0.9998531938
1777869809.466551,100,0.9998567104
1777869810.793842,101,0.9998604655
1777869812.007268,102,0.999864161
1777869813.224625,103,0.9998679757
1777869814.455514,104,0.9998719692
1777869815.704610,105,0.9998759627
1777869816.800899,106,0.9998798966
1777869818.006540,107,0.9998841882
1777869819.241775,108,0.9998886585
1777869820.480331,109,0.9998933673
1777869821.658128,110,0.9998983741
1777869823.034873,111,0.9999035597
1777869824.357944,112,0.9999090433
1777869825.692387,113,0.9999148846
1777869826.888246,114,0.9999207854
1777869828.179280,115,0.9999268651
1777869829.448504,116,0.9999331236
1777869830.706094,117,0.9999392629
1777869831.879537,118,0.9999454021
1777869833.154973,119,0.9999517798
1777869834.439314,120,0.999958396
1777869835.609129,121,0.9999653101
1777869836.869567,122,0.9999725223
1777869838.276340,123,0.9999799728
1777869839.499806,124,0.9999873638
1777869840.720465,125,0.9999949932
1777869841.978627,126,1.000002861
1777869843.267597,127,1.000010967
1777869844.489753,128,1.000019312
1777869845.814042,129,1.000027776
1777869847.027127,130,1.00003624
1777869848.166042,131,1.000044823
1777869849.457675,132,1.000053525
1777869850.612914,133,1.000062466
1777869851.798577,134,1.000071526
1777869853.083763,135,1.000080705
1777869854.387077,136,1.000090122
1777869855.640549,137,1.000099659
1777869856.979896,138,1.000109434
1777869858.202766,139,1.000119328
1777869859.503066,140,1.000129342
1777869860.772096,141,1.000139475
1777869861.981183,142,1.000149012
1777869863.233532,143,1.000158668
1777869864.070625,144,1.000168204
1777869864.861102,145,1.000177741
1777869865.642972,146,1.000187278
1777869866.363234,147,1.000197172
1777869867.297450,148,1.000207424
1777869868.169391,149,1.000217676
1777869869.114024,150,1.000227928
1777869869.901270,151,1.000238657
1777869870.734858,152,1.000249386
1777869871.577345,153,1.000259757
1777869872.446881,154,1.000270128
1777869873.250870,155,1.000280976
1777869874.163652,156,1.000292182
1777869875.016017,157,1.000303864
1777869875.875311,158,1.000315905
1777869876.715255,159,1.000328183
1777869877.503519,160,1.000340462
1777869878.376625,161,1.000352859
1777869879.266266,162,1.000365138
1777869880.122395,163,1.000377297
1777869880.907269,164,1.000389934
1777869881.767760,165,1.000402689
1777869882.713096,166,1.000415444
1777869883.541164,167,1.000428319
1777869884.462357,168,1.000441432
1777869885.305928,169,1.000454664
1777869886.117293,170,1.000468135
1777869886.929842,171,1.000481963
1777869887.741144,172,1.000495553
1777869888.605147,173,1.000508547
1777869889.564576,174,1.000521421
1777869890.484809,175,1.000534058
1777869891.255430,176,1.000546813
1777869892.040906,177,1.000560164
1777869892.997865,178,1.000573635
1777869893.843724,179,1.000587821
1777869894.672533,180,1.000601768
1777869895.572343,181,1.000615478
1777869896.441578,182,1.000629187
1777869897.231922,183,1.000643134
1777869898.103329,184,1.00065732
1777869898.867505,185,1.000670671
1777869899.673645,186,1.000684023
1777869900.509805,187,1.000697255
1777869901.363452,188,1.000710249
1777869902.156483,189,1.000723243
1777869903.101440,190,1.000736356
1777869903.920205,191,1.000749111
1777869904.721706,192,1.000761032
1777869905.549167,193,1.000773191
1777869906.349116,194,1.000785589
1777869907.166882,195,1.000797987
1777869908.097948,196,1.000810027
1777869908.979125,197,1.000822306
1777869910.164742,198,1.000835061
1777869911.224114,199,1.000847578
1777869912.442155,200,1.000860453
1777869913.715173,201,1.000872612
1777869915.004224,202,1.000885248
1777869916.295246,203,1.000897408
1777869917.471005,204,1.000909328
1777869918.786365,205,1.000920773
1777869919.954051,206,1.000931025
1777869921.101865,207,1.000941157
1777869922.439150,208,1.000951409
1777869923.628457,209,1.0009619
1777869924.801423,210,1.00097239
1777869926.119783,211,1.000982761
1777869927.286494,212,1.000992537
1777869928.364002,213,1.001002908
1777869929.493285,214,1.00101316
1777869930.655884,215,1.001022577
1777869932.025380,216,1.001033187
1777869933.314794,217,1.00104332
1777869934.541625,218,1.001053452
1777869935.798401,219,1.001062155
1777869937.082769,220,1.001070261
1777869938.324725,221,1.001077294
1777869939.633863,222,1.00108397
1777869940.767343,223,1.001089692
1777869941.996543,224,1.00109458
1777869943.266840,225,1.001099586
1777869944.467487,226,1.001105785
1777869945.720566,227,1.00111258
1777869946.940360,228,1.001120329
1777869948.211487,229,1.001128435
1777869949.395596,230,1.001136422
1777869950.638901,231,1.00114429
1777869951.863539,232,1.001152277
1777869953.080548,233,1.001160145
1777869954.357639,234,1.001168728
1777869955.633192,235,1.001176357
1777869956.902451,236,1.001183033
1777869958.197917,237,1.001189828
1777869959.513644,238,1.001197577
1777869960.854786,239,1.001206517
1777869962.201656,240,1.001215577
1777869963.424909,241,1.001225114
1777869964.607625,242,1.00123477
1777869965.984251,243,1.001244426
1777869967.220103,244,1.001255631
1777869968.447183,245,1.001266956
1777869969.531806,246,1.001278281
1777869970.741856,247,1.001288652
1777869971.893610,248,1.0012995
1777869973.172733,249,1.001311302
1777869974.558165,250,1.001323342
1777869975.778210,251,1.00133574
1777869976.995474,252,1.001347542
1777869978.272822,253,1.001358867
1777869979.400001,254,1.001369596
1777869980.513711,255,1.001379848
1777869981.681695,256,1.00138998
1777869982.878524,257,1.001400828
1777869984.040662,258,1.001412988
1777869985.195904,259,1.001425147
1777869986.372871,260,1.001436949
1777869987.456896,261,1.00144875
1777869988.731627,262,1.001460075
1777869989.906176,263,1.001470804
1777869991.158242,264,1.001480699
1777869992.289690,265,1.001489639
1777869993.267692,266,1.001499534
1777869994.211943,267,1.001509309
1777869995.388928,268,1.001519799
1777869996.524502,269,1.001529932
1777869997.738950,270,1.001540661
1777869998.924626,271,1.001551151
1777870000.127622,272,1.001561642
1777870001.356865,273,1.001573205
1777870002.460851,274,1.001583576
1777870003.643972,275,1.001594782
1777870004.824208,276,1.001606226
1777870005.984870,277,1.00161767
1777870007.221538,278,1.001629233
1777870008.407582,279,1.001639605
1777870009.578000,280,1.001649857
1777870016.745699,281,1.001660466
1777870017.568094,282,1.001671433
1777870018.343019,283,1.001682639
1777870019.209714,284,1.001694441
1777870020.011420,285,1.001707077
1777870020.874584,286,1.00172019
1777870021.706029,287,1.00173378
1777870022.516083,288,1.00174582
1777870023.312196,289,1.001758814
1777870024.205756,290,1.001771212
1777870024.988985,291,1.001783013
1777870025.774889,292,1.001794457
1777870026.549531,293,1.001805663
1777870027.349216,294,1.001816988
1777870028.139676,295,1.00182879
1777870028.988185,296,1.001841426
1777870029.715228,297,1.001854897
1777870030.534833,298,1.001868725
1777870031.313421,299,1.001882672
1777870032.076329,300,1.001897812
1777870032.853732,301,1.001912951
1777870033.683338,302,1.001929045
1777870034.493617,303,1.001946211
1777870035.346608,304,1.001963854
1777870036.103675,305,1.001980424
1777870036.906802,306,1.001996994
1777870037.718631,307,1.002011657
1777870038.528527,308,1.002025247
1777870039.269645,309,1.002040386
1777870040.161859,310,1.002055287
1777870040.937122,311,1.002068996
1777870041.823297,312,1.002081633
1777870042.605210,313,1.002096057
1777870043.413503,314,1.00211072
1777870044.220765,315,1.002123833
1777870045.074802,316,1.00213635
1777870045.852482,317,1.00214839
1777870046.742424,318,1.002159715
1777870047.610491,319,1.002171278
1777870048.427758,320,1.002182364
1777870049.360606,321,1.002192736
1777870050.235923,322,1.002203226
1777870050.990895,323,1.002214909
1777870051.717384,324,1.002226591
1777870052.661929,325,1.002239347
1777870053.555223,326,1.002251744
1777870054.384841,327,1.002265453
1777870055.216667,328,1.002279043
1777870056.085256,329,1.002292395
1777870056.894449,330,1.002306461
1777870057.779299,331,1.002320409
1777870058.595366,332,1.002335429
1777870059.377836,333,1.002348781
1777870060.232767,334,1.002361774
1777870061.086398,335,1.002375603
1777870061.857566,336,1.002390623
1777870062.672686,337,1.002405167
1777870063.502942,338,1.002420545
1777870064.362182,339,1.002436996
1777870065.175158,340,1.00245142
1777870066.160962,341,1.002466679
1777870066.981719,342,1.002480507
1777870067.883130,343,1.002493978
1777870068.699406,344,1.002507925
1777870069.531046,345,1.002520084
1777870070.406430,346,1.002533674
1777870071.260970,347,1.002549052
1777870072.098013,348,1.002563834
1777870080.235051,349,1.002579451
1777870081.044572,350,1.002593398
1777870081.967441,351,1.002609491
1777870082.802477,352,1.002624393
1777870083.719347,353,1.002639651
1777870084.557586,354,1.002654552
1777870085.432840,355,1.002668619
1777870086.292038,356,1.002683043
1777870087.177695,357,1.002697229
1777870088.018163,358,1.002708673
1777870088.935112,359,1.002719641
1777870089.771108,360,1.002730966
1777870090.660293,361,1.002742887
1777870091.560910,362,1.002756476
1777870092.317412,363,1.00277102
1777870093.140919,364,1.002788067
1777870094.013826,365,1.002803683
1777870094.792727,366,1.002821684
1777870095.602370,367,1.002838492
1777870096.362785,368,1.002851486
1777870097.212688,369,1.002864003
1777870098.104577,370,1.002876043
1777870098.960785,371,1.002887249
1777870099.790377,372,1.002899528
1777870100.653330,373,1.002913475
1777870101.490689,374,1.002928376
1777870102.348392,375,1.002944112
1777870103.171108,376,1.002962351
1777870104.010950,377,1.002980709
1777870104.864209,378,1.002998352
1777870105.625871,379,1.003015995
1777870106.514764,380,1.0030334
1777870107.238792,381,1.003049731
1777870108.067532,382,1.003066301
1777870108.836218,383,1.003081679
1777870109.679250,384,1.003097653
1777870110.591056,385,1.0031147
1777870111.473880,386,1.003133893
1777870112.350901,387,1.003152847
1777870113.180646,388,1.003171206
1777870113.973482,389,1.003190517
1777870114.767065,390,1.003209352
1777870115.549476,391,1.003227472
1777870116.405771,392,1.003244877
1777870117.224459,393,1.003264308
1777870118.034546,394,1.003282189
1777870118.861186,395,1.003298044
1777870119.716817,396,1.003314495
1777870120.523220,397,1.003330112
1777870121.337659,398,1.003344178
1777870122.248035,399,1.003360868
1777870123.077469,400,1.003376126
1777870123.926124,401,1.003393173
1777870124.752346,402,1.003408194
1777870125.672959,403,1.003426313
1777870126.482623,404,1.003446937
1777870127.373128,405,1.00346756
1777870128.234791,406,1.003488421
1777870129.095430,407,1.003507733
1777870129.844682,408,1.003525853
1777870130.714156,409,1.003542781
1777870131.557517,410,1.003557801
1777870132.377898,411,1.003574967
1777870133.303249,412,1.003594637
1777870134.115094,413,1.003616214
1777870135.016307,414,1.003638029
1777870135.820234,415,1.003662348
1777870136.584319,416,1.003684402
1777870137.433737,417,1.003706813
1777870138.280337,418,1.003729105
1777870139.121743,419,1.003750324
1777870139.993434,420,1.003772497
1777870140.787170,421,1.003795028
1777870141.649872,422,1.003817081
1777870142.550012,423,1.00383985
1777870143.343789,424,1.003863573
1777870144.240090,425,1.003886104
1777870145.122928,426,1.003907561
1777870146.001520,427,1.003927946
1777870146.831064,428,1.003947854
1777870147.701041,429,1.003969908
1777870148.480417,430,1.003990531
1777870149.370494,431,1.004009128
1777870150.186693,432,1.004027128
1777870150.972338,433,1.004043937
1777870151.892634,434,1.004063606
1777870152.609199,435,1.004084229
1777870153.412060,436,1.004105449
1777870154.262127,437,1.004128337
1777870155.055402,438,1.004149795
1777870155.929860,439,1.004171133
1777870156.862240,440,1.004188061
1777870157.716995,441,1.004204392
1777870158.543504,442,1.004220366
1777870159.373689,443,1.004238725
1777870160.296459,444,1.004257321
1777870161.073477,445,1.004279375
1777870161.918870,446,1.004303455
1777870162.792963,447,1.004327059
1777870163.599150,448,1.004349351
1777870164.420205,449,1.004371166
1777870165.279890,450,1.004394531
1777870166.118165,451,1.004415631
1777870166.983104,452,1.004435658
1777870167.803319,453,1.004458785
1777870168.673547,454,1.00448525
1777870169.504664,455,1.004509687
1777870170.384682,456,1.004531503
1777870171.212971,457,1.004551768
1777870172.061518,458,1.004570603
1777870172.872357,459,1.004594564
1777870173.671708,460,1.004618287
1777870174.524980,461,1.004641891
1777870175.352914,462,1.00466311
1777870176.231549,463,1.004680991
1777870177.090632,464,1.004699707
1777870177.928745,465,1.004717708
1777870178.705045,466,1.004734635
1777870179.562860,467,1.004752517
1777870180.317744,468,1.00476861
1777870181.079796,469,1.004785061
1777870181.911649,470,1.004802704
1777870182.737509,471,1.004820228
1777870183.623421,472,1.004835844
1777870184.502490,473,1.00485599
1777870185.312682,474,1.004877806
1777870186.127645,475,1.004899263
1777870186.906501,476,1.004919887
1777870187.724112,477,1.004938006
1777870188.614959,478,1.004954934
1777870189.429795,479,1.004969001
1777870190.227031,480,1.004983306
1777870191.069151,481,1.004999399
1777870191.981787,482,1.005019426
1777870192.776555,483,1.005039692
1777870193.586779,484,1.005062461
1777870194.429206,485,1.005088568
1777870195.242833,486,1.005115151
1777870196.100486,487,1.005139589
1777870196.998313,488,1.005162477
1777870197.835404,489,1.00518322
1777870198.690715,490,1.005200386
1777870199.583140,491,1.00521493
1777870200.414388,492,1.005227685
1777870201.251686,493,1.005244255
1777870202.063336,494,1.005258083
1777870202.872038,495,1.005271673
1777870203.736747,496,1.005286455
1777870204.591501,497,1.005304217
1777870205.410175,498,1.005321503
1777870206.266879,499,1.005337954
1777870207.084010,500,1.005354643
1777870207.931640,501,1.005373836
1777870208.747053,502,1.005391002
1777870209.558822,503,1.005404353
1777870210.434752,504,1.005418062
1777870211.239719,505,1.005433202
1777870212.064280,506,1.005446911
1777870212.871797,507,1.005459785
1777870213.762022,508,1.005473256
1777870214.619004,509,1.005481124
1777870215.581165,510,1.005491495
1777870216.348170,511,1.005500913
1777870217.207131,512,1.00551343
1777870218.024513,513,1.005529642
1777870218.820936,514,1.005548477
1777870219.684645,515,1.005569935
1777870220.559457,516,1.005591035
1777870221.442312,517,1.005609155
1777870222.286639,518,1.005625129
1777870223.076961,519,1.005643487
1777870223.901127,520,1.005661607
1777870224.773545,521,1.005676985
1777870225.622941,522,1.005691528
1777870226.511266,523,1.005704761
1777870227.321225,524,1.005720496
1777870228.144712,525,1.00573647
1777870228.960580,526,1.005755663
1777870229.789127,527,1.005777717
1777870230.612971,528,1.005798697
1777870231.476257,529,1.005816579
1777870232.312990,530,1.005836606
1777870233.461631,531,1.005858898
1777870234.283450,532,1.005880713
1777870235.088396,533,1.005902648
1777870235.906805,534,1.005923867
1777870236.725484,535,1.005942106
1777870237.559790,536,1.005960345
1777870238.338974,537,1.005978942
1777870239.210725,538,1.005995274
1777870239.984870,539,1.006006479
1777870240.896276,540,1.006014585
1777870241.678233,541,1.006019711
1777870242.557013,542,1.006026864
1777870243.390791,543,1.006035089
1777870244.201933,544,1.006049752
1777870245.077151,545,1.006067634
1777870245.940052,546,1.006087899
1777870246.773031,547,1.00610733
1777870247.665260,548,1.006127834
1777870248.552385,549,1.006152153
1777870249.429329,550,1.006175637
1777870250.316627,551,1.006195426
1777870251.140794,552,1.006215215
1777870251.956102,553,1.006234884
1777870252.823081,554,1.00625217
1777870253.717656,555,1.006271839
1777870254.555438,556,1.006296158
1777870255.391474,557,1.006322026
1777870256.255190,558,1.00634861
1777870257.141243,559,1.006372333
1777870258.051713,560,1.006394863
1777870258.956378,561,1.006416202
1777870259.785676,562,1.006440163
1777870260.763813,563,1.00646162
1777870261.639438,564,1.006484985
1777870262.544368,565,1.006512642
1777870263.386015,566,1.006540418
1777870264.221803,567,1.006572247
1777870265.136977,568,1.006605268
1777870265.947999,569,1.006638885
1777870266.861009,570,1.006669641
1777870267.740210,571,1.006700158
1777870268.627358,572,1.006729841
1777870269.535098,573,1.006755114
1777870270.376333,574,1.00678432
1777870271.147388,575,1.006811023
1777870271.953268,576,1.006836176
1777870272.898965,577,1.006858349
1777870273.692835,578,1.006880999
1777870274.535550,579,1.006904602
1777870275.408618,580,1.00692904
1777870276.267836,581,1.006951332
1777870277.046423,582,1.006971121
1777870277.914924,583,1.006990671
1777870278.783561,584,1.007008076
1777870279.609645,585,1.007029295
1777870280.452050,586,1.00705111
1777870281.239611,587,1.007075191
1777870282.065308,588,1.007100701
1777870282.897756,589,1.007124901
1777870283.757906,590,1.007149339
1777870284.624059,591,1.007171869
1777870285.449623,592,1.007195115
1777870286.326040,593,1.007222295
1777870287.134536,594,1.007245541
1777870287.967459,595,1.007262826
1777870288.856319,596,1.007277727
1777870289.638855,597,1.007292509
1777870290.579701,598,1.007305145
1777870291.376148,599,1.007321358
1777870292.207952,600,1.007338762
1777870292.993438,601,1.007353425
1777870293.862291,602,1.007369757
1777870294.691753,603,1.007387877
1777870295.521994,604,1.007406354
1777870296.283321,605,1.007424831
1777870297.106567,606,1.007442594
1777870297.950316,607,1.007460713
1777870298.775919,608,1.007479191
1777870299.556635,609,1.007496476
1777870300.348898,610,1.007513642
1777870301.138844,611,1.007530332
1777870301.988254,612,1.007545471
1777870302.907767,613,1.007561564
1777870303.749711,614,1.007582426
1777870304.533784,615,1.007602811
1777870305.420842,616,1.007623434
1777870306.252915,617,1.007644176
1777870307.111446,618,1.007665992
1777870307.873219,619,1.007694483
1777870308.706958,620,1.007720709
1777870309.571990,621,1.007752299
1777870310.442569,622,1.007778406
1777870311.307790,623,1.007804871
1777870312.165155,624,1.007827044
1777870312.998117,625,1.007846594
1777870313.904209,626,1.007863641
1777870314.759225,627,1.007882595
1777870315.643040,628,1.007905006
1777870316.422504,629,1.007925868
1777870317.243790,630,1.007944822
1777870318.102010,631,1.007967472
1777870318.876717,632,1.007983327
1777870319.697462,633,1.00799644
1777870320.516269,634,1.008004904
1777870321.373068,635,1.008013964
1777870322.319642,636,1.00802803
1777870323.120357,637,1.008045316
1777870324.001471,638,1.008067489
1777870324.822520,639,1.008089542
1777870325.627052,640,1.008112907
1777870326.454356,641,1.008130431
1777870327.321020,642,1.008149505
1777870328.141552,643,1.008169293
1777870329.006611,644,1.008187413
1777870329.858266,645,1.008204937
1777870330.630149,646,1.008220196
1777870331.435796,647,1.008233905
1777870332.185420,648,1.008252621
1777870332.979930,649,1.008269787
1777870333.820841,650,1.008287191
1777870334.698841,651,1.008307576
1777870335.512544,652,1.008325219
1777870336.416502,653,1.008339763
1777870337.279676,654,1.008354902
1777870338.105844,655,1.008372188
1777870338.940599,656,1.008395076
1777870339.730511,657,1.008415699
1777870340.602951,658,1.008438468
1777870341.538753,659,1.008464098
1777870342.358617,660,1.008489132
1777870343.175193,661,1.008514524
1777870343.996336,662,1.008538008
1777870344.827916,663,1.0085603
1777870345.683808,664,1.008586764
1777870346.617025,665,1.008612275
1777870347.415326,666,1.008636355
1777870348.258101,667,1.008653522
1777870349.091738,668,1.008661509
1777870349.936174,669,1.008674502
1777870350.720575,670,1.008693099
1777870351.552361,671,1.008709788
1777870352.544758,672,1.008724928
1777870353.428044,673,1.008746028
1777870354.237381,674,1.00876236
1777870355.052998,675,1.008777738
1777870355.961746,676,1.008795142
1777870356.878166,677,1.008806825
1777870357.721534,678,1.008820176
1777870358.649764,679,1.008835793
1777870359.509645,680,1.00885725
1777870360.285477,681,1.008882642
1777870361.163391,682,1.008909702
1777870362.083683,683,1.008936882
1777870363.030562,684,1.008965135
1777870363.847232,685,1.008993983
1777870364.723934,686,1.009021163
1777870365.605107,687,1.009050488
1777870366.494369,688,1.00908637
1777870367.381052,689,1.009120584
1777870368.310845,690,1.009155393
1777870369.220957,691,1.009194613
1777870369.997639,692,1.009230971
1777870370.895564,693,1.009261012
1777870371.839815,694,1.00928843
1777870372.668147,695,1.00931561
1777870373.535838,696,1.009342551
1777870374.338053,697,1.009369373
1777870375.198207,698,1.009398103
1777870376.053179,699,1.009425521
1777870376.983045,700,1.009443998
1777870377.795294,701,1.009461641
1777870378.696560,702,1.00947082
1777870379.523632,703,1.009472728
1777870380.376529,704,1.009477735
1777870381.262279,705,1.009483576
1777870382.085100,706,1.009491563
1777870382.870612,707,1.009505272
1777870383.671669,708,1.009523392
1777870384.489962,709,1.00954175
1777870385.336362,710,1.009557605
1777870386.165828,711,1.009570718
1777870387.055581,712,1.009582162
1777870387.901247,713,1.009594321
1777870388.736010,714,1.009614587
1777870389.666192,715,1.009635448
1777870390.477947,716,1.009653568
1777870391.275496,717,1.009672046
1777870392.094013,718,1.009694815
1777870392.987133,719,1.009716034
1777870393.893764,720,1.009736419
1777870394.690676,721,1.009753823
1777870395.585691,722,1.009772658
1777870396.389256,723,1.009791255
1777870397.228334,724,1.009811282
1777870398.003264,725,1.009835482
1777870398.853381,726,1.009856701
1777870399.763210,727,1.009875417
1777870400.597747,728,1.009887099
1777870401.421999,729,1.009897709
1777870402.163437,730,1.009907603
1777870402.947007,731,1.009920239
1777870403.855924,732,1.009934664
1777870404.602095,733,1.009951949
1777870405.378260,734,1.009967804
1777870406.273810,735,1.009990573
1777870407.005479,736,1.010008812
1777870407.771686,737,1.01002717
1777870408.593875,738,1.010047317
1777870409.474447,739,1.010066271
1777870410.307119,740,1.010080099
1777870411.082026,741,1.010091901
1777870411.842297,742,1.010104179
1777870778.793578,0,0.9999999404
1777870779.687721,1,0.9999998212
1777870780.554995,2,0.9999996424
1777870781.396415,3,0.9999993443
1777870782.212425,4,0.9999989867
1777870783.035468,5,0.9999985695
1777870783.798419,6,0.9999980927
1777870784.681441,7,0.9999975562
1777870785.907307,8,0.9999969602
1777870786.980906,9,0.9999963045
1777870788.002978,10,0.9999955893
1777870788.926226,11,0.9999947548
1777870789.783050,12,0.9999938607
1777870790.830112,13,0.999992907
1777870791.689647,14,0.9999918938
1777870792.719811,15,0.9999908209
1777870793.785546,16,0.9999896884
1777870794.670031,17,0.9999884963
1777870795.597638,18,0.9999872446
1777870796.594762,19,0.9999858737
1777870797.503601,20,0.9999844432
1777870798.364567,21,0.9999829531
1777870799.184343,22,0.9999814034
1777870800.030178,23,0.999979794
1777870801.155693,24,0.9999781251
1777870802.017271,25,0.999976337
1777870802.854771,26,0.9999744892
1777870803.686885,27,0.9999725223
1777870804.575177,28,0.9999704361
1777870805.420990,29,0.9999682903
1777870806.368625,30,0.999966085
1777870807.174953,31,0.9999637604
1777870808.022054,32,0.9999613762
1777870808.896638,33,0.9999589324
1777870809.792674,34,0.9999563694
1777870810.655932,35,0.9999537468
1777870811.514701,36,0.9999510646
1777870812.379228,37,0.9999483228
1777870813.255645,38,0.9999455214
1777870814.182412,39,0.9999426603
1777870815.189331,40,0.9999397397
1777870816.235999,41,0.9999367595
1777870817.122199,42,0.9999337792
1777870818.147903,43,0.999930799
1777870819.068482,44,0.9999277592
1777870819.931770,45,0.9999247193
1777870820.856199,46,0.9999216199
1777870821.695501,47,0.9999184608
1777870822.587751,48,0.9999152422
1777870823.441854,49,0.9999120235
1777870824.246079,50,0.9999087453
1777870825.212302,51,0.9999055266
1777870826.050014,52,0.9999022484
1777870826.921512,53,0.9998990297
1777870827.834660,54,0.9998957515
1777870828.745727,55,0.9998924732
1777870829.593545,56,0.9998891354
1777870830.527858,57,0.9998859167
1777870831.395267,58,0.9998826981
1777870832.301333,59,0.999879539
1777870833.178103,60,0.99987638
1777870834.119409,61,0.9998733401
1777870834.999238,62,0.9998703599
1777870835.886013,63,0.9998674393
1777870836.710713,64,0.9998645782
1777870837.675621,65,0.9998617768
1777870838.570249,66,0.999859035
1777870839.406009,67,0.9998564124
1777870840.312047,68,0.9998538494
1777870841.146686,69,0.999851346
1777870842.075629,70,0.9998490214
1777870843.059594,71,0.9998468161
1777870843.943864,72,0.9998447299
1777870844.737122,73,0.9998428226
1777870845.539387,74,0.9998409748
1777870846.436528,75,0.9998392463
1777870847.316145,76,0.9998376369
1777870848.184056,77,0.9998361468
1777870849.091224,78,0.9998347759
1777870849.956603,79,0.9998335838
1777870850.751987,80,0.9998325706
1777870851.662264,81,0.9998316765
1777870852.495609,82,0.9998310208
1777870853.294526,83,0.9998304844
1777870854.147588,84,0.9998301864
1777870854.987938,85,0.9998298883
1777870855.866489,86,0.9998300076
1777870856.724746,87,0.9998304248
1777870857.580285,88,0.9998310208
1777870858.432198,89,0.9998318553
1777870859.304873,90,0.9998328686
1777870860.169046,91,0.9998341203
1777870861.102690,92,0.9998356104
1777870861.932903,93,0.9998373389
1777870862.760618,94,0.9998393059
1777870863.584352,95,0.9998413324
1777870864.352507,96,0.9998435974
1777870865.120401,97,0.9998461604
1777870865.998619,98,0.999849081
1777870866.848583,99,0.9998523593
1777870867.693387,100,0.9998558164
1777870868.560590,101,0.9998594522
1777870869.442833,102,0.9998630881
1777870870.316415,103,0.9998668432
1777870871.126754,104,0.9998707771
1777870871.973819,105,0.999874711
1777870872.732513,106,0.9998785853
1777870873.634145,107,0.9998828769
1777870874.532377,108,0.9998873472
1777870875.396149,109,0.9998919964
1777870876.262784,110,0.9998970032
1777870877.199781,111,0.9999021888
1777870878.077091,112,0.9999076724
1777870879.048484,113,0.9999135137
1777870879.913508,114,0.9999194145
1777870880.760504,115,0.9999255538
1777870881.549858,116,0.9999318719
1777870882.423208,117,0.9999380112
1777870883.246523,118,0.9999442101
1777870884.146575,119,0.9999505877
1777870885.075793,120,0.9999571443
1777870885.928548,121,0.9999640584
1777870886.842377,122,0.9999712706
1777870887.790179,123,0.9999787211
1777870888.714706,124,0.9999861717
1777870889.594964,125,0.9999938607
1777870890.547021,126,1.000001788
1777870891.434010,127,1.000009894
1777870892.329819,128,1.000018358
1777870893.173611,129,1.000026941
1777870893.994020,130,1.000035405
1777870894.730052,131,1.000043988
1777870895.606364,132,1.000052691
1777870896.399692,133,1.000061631
1777870897.220282,134,1.00007081
1777870898.065812,135,1.000079989
1777870898.947342,136,1.000089526
1777870899.757221,137,1.000099182
1777870900.620179,138,1.000108957
1777870901.483830,139,1.000118971
1777870902.409997,140,1.000128984
1777870903.258141,141,1.000139117
1777870904.104664,142,1.000148654
1777870904.962515,143,1.00015831
1777870905.710836,144,1.000167847
1777870906.558070,145,1.000177503
1777870907.345666,146,1.000187039
1777870908.059134,147,1.000196934
1777870908.976501,148,1.000207186
1777870909.821806,149,1.000217438
1777870910.774014,150,1.00022769
1777870911.586612,151,1.000238299
1777870912.424171,152,1.000249028
1777870913.252168,153,1.000259399
1777870914.115031,154,1.000269651
1777870914.903774,155,1.000280499
1777870915.814692,156,1.000291586
1777870916.678000,157,1.000303268
1777870917.533515,158,1.000315309
1777870918.380675,159,1.000327587
1777870919.192354,160,1.000339866
1777870920.051312,161,1.000352263
1777870920.974228,162,1.000364542
1777870921.856292,163,1.000376582
1777870922.634495,164,1.000389218
1777870923.778659,165,1.000401974
1777870924.872665,166,1.000414848
1777870925.716042,167,1.000427723
1777870926.637141,168,1.000440836
1777870927.754031,169,1.000454068
1777870928.894414,170,1.000467658
1777870930.161473,171,1.000481606
1777870931.444117,172,1.000495315
1777870932.830756,173,1.000508428
1777870934.238561,174,1.000521421
1777870935.625045,175,1.000534177
1777870936.810405,176,1.000547051
1777870938.096978,177,1.000560522
1777870939.464078,178,1.000573993
1777870940.706612,179,1.000588179
1777870941.997771,180,1.000602126
1777870943.270460,181,1.000615835
1777870944.695559,182,1.000629425
1777870946.040578,183,1.000643373
1777870947.323314,184,1.000657558
1777870948.603862,185,1.00067091
1777870949.893156,186,1.000684261
1777870951.137419,187,1.000697494
1777870952.396074,188,1.000710487
1777870954.057368,189,1.0007236
1777870955.757056,190,1.000736713
1777870956.981977,191,1.000749469
1777870958.143137,192,1.00076139
1777870959.375180,193,1.000773549
1777870960.526555,194,1.000785947
1777870961.709742,195,1.000798464
1777870962.985414,196,1.000810623
1777870964.308860,197,1.000823021
1777870965.569860,198,1.000835776
1777870966.784252,199,1.000848413
1777870968.029636,200,1.000861406
1777870969.202122,201,1.000873685
1777870970.322581,202,1.000886321
1777870971.365437,203,1.00089848
1777870972.430836,204,1.000910401
1777870973.606703,205,1.000921845
1777870974.742707,206,1.000932097
1777870975.950785,207,1.000942349
1777870977.203844,208,1.000952721
1777870978.366114,209,1.00096333
1777870979.557401,210,1.000973821
1777870980.586499,211,1.000984192
1777870981.571220,212,1.000993967
1777870982.619166,213,1.001004219
1777870983.739161,214,1.001014352
1777870984.904885,215,1.00102365
1777870986.104104,216,1.001034021
1777870987.315984,217,1.001044035
1777870988.433536,218,1.001054168
1777870989.626672,219,1.00106287
1777870990.693014,220,1.001071095
1777870991.700938,221,1.001078129
1777870992.934362,222,1.001084805
1777870994.046548,223,1.001090527
1777870995.154450,224,1.001095414
1777870996.271158,225,1.001100421
1777870997.282894,226,1.00110662
1777870998.349848,227,1.001113534
1777870999.570539,228,1.001121283
1777871000.801594,229,1.001129389
1777871002.106570,230,1.001137495
1777871003.276802,231,1.001145482
1777871004.485265,232,1.001153469
1777871005.573591,233,1.001161337
1777871006.664245,234,1.00116992
1777871007.824720,235,1.001177549
1777871009.020275,236,1.001184225
1777871010.214792,237,1.001190901
1777871011.554060,238,1.00119853
1777871012.807450,239,1.001207471
1777871014.108136,240,1.001216531
1777871015.292521,241,1.001226187
1777871016.513203,242,1.001235962
1777871017.805084,243,1.001245737
1777871019.044391,244,1.001256943
1777871020.329285,245,1.001268387
1777871021.553695,246,1.001279831
1777871022.809504,247,1.001290321
1777871023.998369,248,1.001301289
1777871025.322817,249,1.00131309
1777871026.642289,250,1.00132513
1777871027.842700,251,1.001337409
1777871029.206525,252,1.001349211
1777871030.420869,253,1.001360416
1777871031.557362,254,1.001371026
1777871032.655319,255,1.00138104
1777871033.868522,256,1.001391053
1777871035.092759,257,1.001401782
1777871036.251342,258,1.001413822
1777871037.575323,259,1.001425862
1777871038.826311,260,1.001437664
1777871047.502405,261,1.001449466
1777871048.468318,262,1.001460791
1777871049.260793,263,1.001471519
1777871050.138280,264,1.001481533
1777871050.934250,265,1.001490593
1777871051.725882,266,1.001500726
1777871052.484979,267,1.00151062
1777871053.339827,268,1.001521111
1777871054.167424,269,1.001531363
1777871055.016819,270,1.001542091
1777871055.870043,271,1.001552463
1777871056.706810,272,1.001562715
1777871057.609195,273,1.001574159
1777871058.363964,274,1.00158453
1777871059.208407,275,1.001595855
1777871059.980630,276,1.001607299
1777871060.795953,277,1.001618743
1777871061.647746,278,1.001630306
1777871062.477505,279,1.001640677
1777871063.317104,280,1.001650929
1777871064.168538,281,1.001661658
1777871065.008497,282,1.001672745
1777871065.847825,283,1.00168407
1777871066.765399,284,1.001695871
1777871067.611057,285,1.001708508
1777871068.521296,286,1.001721501
1777871069.387187,287,1.001735091
1777871070.266376,288,1.001747131
1777871071.101760,289,1.001760125
1777871072.028254,290,1.001772523
1777871072.860610,291,1.001784444
1777871073.694326,292,1.001795888
1777871074.526269,293,1.001807094
1777871075.395266,294,1.001818299
1777871076.243787,295,1.001830101
1777871077.148201,296,1.001842618
1777871077.965295,297,1.001855969
1777871078.822259,298,1.001869559
1777871079.640261,299,1.001883268
1777871080.453331,300,1.001898289
1777871081.272226,301,1.001913309
1777871082.111162,302,1.001929283
1777871082.962893,303,1.001946211
1777871083.859788,304,1.001963735
1777871084.673611,305,1.001980186
1777871085.489612,306,1.001996636
1777871086.352661,307,1.00201118
1777871087.197722,308,1.00202477
1777871087.984294,309,1.002039909
1777871088.905186,310,1.002054811
1777871089.706464,311,1.00206852
1777871090.647626,312,1.002081037
1777871091.461485,313,1.002095342
1777871092.308358,314,1.002109885
1777871093.155740,315,1.002122879
1777871094.063527,316,1.002135277
1777871094.880554,317,1.002147198
1777871095.812248,318,1.002158403
1777871096.656430,319,1.002169967
1777871097.467375,320,1.002181172
1777871098.401666,321,1.002191782
1777871099.276916,322,1.002202511
1777871100.062986,323,1.002214432
1777871100.763873,324,1.002226233
1777871101.624467,325,1.002239227
1777871102.488356,326,1.002251863
1777871103.268956,327,1.002265573
1777871104.053519,328,1.002279282
1777871104.879489,329,1.002292752
1777871105.657487,330,1.002306938
1777871106.513195,331,1.002321005
1777871107.277912,332,1.002336025
1777871108.026984,333,1.002349377
1777871108.843060,334,1.00236249
1777871109.688136,335,1.002376556
1777871110.416253,336,1.002391815
1777871111.191492,337,1.002406478
1777871111.977831,338,1.002421856
1777871112.776970,339,1.002438307
1777871113.585184,340,1.002452731
1777871114.527815,341,1.00246799
1777871115.301992,342,1.002481699
1777871116.175463,343,1.00249505
1777871116.973306,344,1.002508998
1777871117.794132,345,1.002521276
1777871118.672077,346,1.002535105
1777871119.514832,347,1.002550602
1777871120.346880,348,1.002565503
1777871121.064738,349,1.002581239
1777871121.855397,350,1.002595186
1777871122.795230,351,1.002611399
1777871123.625927,352,1.0026263
1777871124.512244,353,1.002641678
1777871125.306634,354,1.002656579
1777871126.147823,355,1.002670646
1777871126.963633,356,1.002685308
1777871127.798685,357,1.002699614
1777871128.601861,358,1.002711177
1777871129.476848,359,1.002722144
1777871130.292868,360,1.00273335
1777871131.159877,361,1.002745152
1777871132.014213,362,1.002758503
1777871132.740478,363,1.002772808
1777871133.523966,364,1.002789378
1777871134.356101,365,1.002804518
1777871135.095900,366,1.002822042
1777871135.870199,367,1.002838492
1777871136.600128,368,1.002851129
1777871137.420047,369,1.002863288
1777871138.307172,370,1.00287497
1777871139.159176,371,1.002885938
1777871139.954600,372,1.002898097
1777871140.775785,373,1.002911806
1777871141.561913,374,1.002926588
1777871142.395074,375,1.002942204
1777871143.174632,376,1.002960205
1777871143.975993,377,1.002978563
1777871144.798596,378,1.002996325
1777871145.506883,379,1.003014088
1777871146.354937,380,1.003031492
1777871147.058724,381,1.003047705
1777871147.853927,382,1.003064036
1777871148.586766,383,1.003079176
1777871149.404870,384,1.003094792
1777871150.279157,385,1.003111601
1777871151.117821,386,1.003130794
1777871151.971657,387,1.003149748
1777871152.764430,388,1.003167987
1777871153.552372,389,1.00318718
1777871154.322523,390,1.003206134
1777871155.064949,391,1.003224492
1777871155.918432,392,1.003242135
1777871156.712845,393,1.003261805
1777871157.476818,394,1.003280044
1777871158.251887,395,1.003296018
1777871159.032411,396,1.003312588
1777871159.818839,397,1.003328204
1777871160.590961,398,1.003342509
1777871161.456805,399,1.003359318
1777871162.255419,400,1.003375053
1777871163.071468,401,1.003392696
1777871163.874330,402,1.003408313
1777871164.754280,403,1.003426909
1777871165.520487,404,1.003447771
1777871166.375106,405,1.003468633
1777871167.175751,406,1.003489733
1777871167.963903,407,1.003508925
1777871168.691793,408,1.003526807
1777871169.542149,409,1.003543496
1777871170.347732,410,1.003558397
1777871171.140733,411,1.003575444
1777871172.011595,412,1.003594875
1777871172.774866,413,1.003616452
1777871173.636908,414,1.003638268
1777871174.400052,415,1.003662825
1777871175.132332,416,1.003685117
1777871175.986379,417,1.003707647
1777871176.847207,418,1.003730178
1777871177.747345,419,1.003751636
1777871178.672112,420,1.003774047
1777871179.462021,421,1.003796816
1777871180.352744,422,1.003819227
1777871181.272909,423,1.003842354
1777871182.053782,424,1.003866076
1777871182.964444,425,1.003888726
1777871183.853353,426,1.003910184
1777871184.727076,427,1.003930569
1777871185.540364,428,1.003950596
1777871186.403880,429,1.00397265
1777871187.176498,430,1.003993392
1777871188.072806,431,1.004012227
1777871188.884493,432,1.004030585
1777871189.670418,433,1.004047632
1777871190.580921,434,1.00406754
1777871191.270325,435,1.004088402
1777871192.054811,436,1.004109859
1777871192.886575,437,1.004132986
1777871193.669860,438,1.004154801
1777871194.536126,439,1.004176259
1777871195.457946,440,1.004193187
1777871196.301368,441,1.004209399
1777871197.119030,442,1.004225254
1777871197.946669,443,1.004243374
1777871198.859766,444,1.004261613
1777871199.615193,445,1.004282832
1777871200.442628,446,1.004306555
1777871201.317961,447,1.004330039
1777871202.112698,448,1.004352331
1777871202.922539,449,1.004373789
1777871203.764326,450,1.004396677
1777871204.602221,451,1.004417539
1777871205.451600,452,1.004437447
1777871206.239800,453,1.004460096
1777871207.098841,454,1.004485965
1777871207.929167,455,1.004509807
1777871208.796373,456,1.004530907
1777871209.620219,457,1.004550338
1777871210.456211,458,1.004568338
1777871211.241636,459,1.004592299
1777871212.022581,460,1.004615903
1777871212.852592,461,1.004639268
1777871213.667703,462,1.004660606
1777871214.509789,463,1.004678607
1777871215.305920,464,1.004697084
1777871216.106136,465,1.004714847
1777871216.845564,466,1.004731536
1777871217.688298,467,1.004749537
1777871218.451469,468,1.00476563
1777871219.218018,469,1.004782319
1777871220.035808,470,1.004800081
1777871220.858819,471,1.004817605
1777871221.731843,472,1.00483346
1777871222.595312,473,1.004853964
1777871223.385617,474,1.004876256
1777871224.190341,475,1.00489831
1777871224.935004,476,1.004919529
1777871225.724027,477,1.004938126
1777871226.588233,478,1.004955411
1777871227.380924,479,1.004969835
1777871228.155784,480,1.004984736
1777871228.960671,481,1.005001664
1777871229.866682,482,1.005022049
1777871230.643323,483,1.005042672
1777871231.420484,484,1.005065322
1777871232.232809,485,1.00509119
1777871233.025850,486,1.005117536
1777871233.849277,487,1.005142331
1777871234.739116,488,1.005165696
1777871235.552366,489,1.005187154
1777871236.379924,490,1.005204916
1777871237.251044,491,1.005220056
1777871238.049698,492,1.005233288
1777871238.865484,493,1.005248308
1777871239.671737,494,1.005261064
1777871240.453082,495,1.0052737
1777871241.290159,496,1.005288124
1777871242.139036,497,1.005305529
1777871242.930610,498,1.005322695
1777871243.771082,499,1.005339265
1777871244.568508,500,1.005355954
1777871245.386330,501,1.005374908
1777871246.176334,502,1.005391717
1777871246.970365,503,1.005404353
1777871247.823937,504,1.005417347
1777871248.625584,505,1.005431771
1777871249.451405,506,1.005444884
1777871250.261363,507,1.005457282
1777871251.156864,508,1.005470872
1777871252.032113,509,1.00547874
1777871252.999956,510,1.005488992
1777871253.750992,511,1.00549829
1777871254.596304,512,1.005510807
1777871255.413473,513,1.00552702
1777871256.196658,514,1.005545974
1777871257.051339,515,1.00556767
1777871257.914109,516,1.00558877
1777871258.795232,517,1.005606771
1777871259.612674,518,1.005622506
1777871260.378814,519,1.005640268
1777871261.196852,520,1.005657792
1777871262.080512,521,1.005672812
1777871262.925461,522,1.005687356
1777871263.813164,523,1.005701303
1777871264.639614,524,1.005717993
1777871265.436777,525,1.005735159
1777871266.246499,526,1.005755663
1777871267.067705,527,1.005779028
1777871267.893279,528,1.005800843
1777871268.763043,529,1.005819559
1777871269.611447,530,1.005840063
1777871270.744797,531,1.005863428
1777871271.556195,532,1.005886078
1777871272.359133,533,1.005908608
1777871273.187732,534,1.005930066
1777871274.017824,535,1.005948663
1777871274.852601,536,1.005967379
1777871275.645414,537,1.005986452
1777871276.519104,538,1.006003499
1777871277.312667,539,1.00601542
1777871278.255529,540,1.006023884
1777871279.001123,541,1.00602901
1777871279.907277,542,1.006035924
1777871280.722363,543,1.006043553
1777871281.548565,544,1.00605762
1777871282.435004,545,1.006074905
1777871283.298813,546,1.006094456
1777871284.148386,547,1.006113052
1777871285.060763,548,1.006132603
1777871285.960010,549,1.006156206
1777871286.853878,550,1.006179214
1777871287.758621,551,1.006199002
1777871288.572961,552,1.00621891
1777871289.371112,553,1.00623858
1777871290.213072,554,1.006255984
1777871291.085321,555,1.006275415
1777871291.938802,556,1.006299973
1777871292.784713,557,1.006326079
1777871293.668103,558,1.006353021
1777871294.588680,559,1.006377101
1777871295.531560,560,1.006399989
1777871296.455294,561,1.006421924
1777871297.300475,562,1.006446004
1777871298.281222,563,1.0064677
1777871299.163080,564,1.006492376
1777871300.067311,565,1.006521344
1777871300.907863,566,1.006550312
1777871301.758336,567,1.006584167
1777871302.686380,568,1.006618738
1777871303.489349,569,1.00665307
1777871304.419595,570,1.006684542
1777871305.282639,571,1.006715298
1777871306.163364,572,1.006745338
1777871307.060998,573,1.006770849
1777871307.881938,574,1.006800294
1777871308.653417,575,1.006827235
1777871309.466622,576,1.006852508
1777871310.374988,577,1.006874204
1777871311.141592,578,1.006896734
1777871311.955615,579,1.006920099
1777871312.795793,580,1.006944299
1777871313.627456,581,1.006966114
1777871314.389428,582,1.006985307
1777871315.235740,583,1.007004142
1777871316.095664,584,1.00702095
1777871316.901848,585,1.007041693
1777871317.721896,586,1.007062912
1777871318.509114,587,1.007086515
1777871319.321717,588,1.00711143
1777871320.154097,589,1.007135272
1777871321.028306,590,1.007158995
1777871321.882329,591,1.007180929
1777871322.678481,592,1.007203698
1777871323.544990,593,1.007230282
1777871324.313817,594,1.007252812
1777871325.148289,595,1.007269621
1777871326.028075,596,1.007284164
1777871326.806171,597,1.007298946
1777871327.759194,598,1.007312298
1777871328.556427,599,1.007328987
1777871329.390189,600,1.00734663
1777871330.163376,601,1.00736177
1777871331.052885,602,1.007378578
1777871331.872068,603,1.007397652
1777871332.665518,604,1.007417202
1777871333.414133,605,1.007436156
1777871334.228780,606,1.007454276
1777871335.073109,607,1.007472634
1777871335.888876,608,1.007491112
1777871336.650792,609,1.007508397
1777871337.431031,610,1.007525563
1777871338.209217,611,1.007541776
1777871339.046294,612,1.007556915
1777871339.956663,613,1.00757277
1777871340.789948,614,1.007593513
1777871341.558493,615,1.00761354
1777871342.442162,616,1.007633686
1777871343.265514,617,1.007653594
1777871344.132040,618,1.007674217
1777871344.892559,619,1.007701993
1777871345.700953,620,1.007727385
1777871346.564513,621,1.007758021
1777871347.442249,622,1.007782817
1777871348.311798,623,1.007808566
1777871349.168859,624,1.007830262
1777871350.054185,625,1.007849336
1777871350.955686,626,1.007866144
1777871351.804475,627,1.007884979
1777871352.695675,628,1.007907748
1777871353.484406,629,1.007929087
1777871354.313407,630,1.007948399
1777871355.182088,631,1.007971168
1777871355.969093,632,1.007987022
1777871356.795102,633,1.008000135
1777871357.604558,634,1.008008957
1777871358.459522,635,1.008018374
1777871359.390864,636,1.008032799
1777871360.185491,637,1.008050442
1777871361.064143,638,1.008072734
1777871361.893812,639,1.008095384
1777871362.707541,640,1.008118987
1777871363.542565,641,1.00813663
1777871364.396575,642,1.008154988
1777871365.229264,643,1.008173704
1777871366.123394,644,1.008190632
1777871367.005778,645,1.008207679
1777871367.790285,646,1.008222818
1777871368.608090,647,1.00823617
1777871369.315200,648,1.008253336
1777871370.078707,649,1.008269191
1777871370.864851,650,1.008285165
1777871371.704245,651,1.008303642
1777871372.470336,652,1.008319616
1777871373.340724,653,1.008332849
1777871374.169240,654,1.008347034
1777871374.957135,655,1.008363128
1777871375.753146,656,1.008384824
1777871376.501594,657,1.008404493
1777871385.910718,658,1.008426428
1777871386.848484,659,1.0084517
1777871387.637861,660,1.008476138
1777871388.436329,661,1.008500934
1777871389.269317,662,1.008523464
1777871390.093544,663,1.008544683
1777871390.908159,664,1.008570075
1777871391.794960,665,1.008595228
1777871392.547220,666,1.008618832
1777871393.351980,667,1.008635521
1777871394.157122,668,1.00864315
1777871394.959510,669,1.008655906
1777871395.698580,670,1.008674502
1777871396.475045,671,1.008690953
1777871397.414709,672,1.008705735
1777871398.249126,673,1.008727193
1777871399.002778,674,1.008743405
1777871399.768036,675,1.008758426
1777871400.620728,676,1.008775353
1777871401.489352,677,1.008786678
1777871402.266839,678,1.008800507
1777871403.142287,679,1.008816481
1777871403.944855,680,1.008840203
1777871404.685367,681,1.008868575
1777871405.508574,682,1.008897543
1777871406.360584,683,1.008925319
1777871407.260743,684,1.008953929
1777871408.026279,685,1.008982301
1777871408.854095,686,1.009009123
1777871409.705110,687,1.009038568
1777871410.540941,688,1.009074807
1777871411.388151,689,1.00910902
1777871412.259896,690,1.009143829
1777871413.116918,691,1.009182692
1777871413.839492,692,1.009218454
1777871414.690356,693,1.009248257
1777871415.574415,694,1.009275436
1777871416.344774,695,1.009302497
1777871417.136499,696,1.009329319
1777871417.874367,697,1.009355903
1777871418.695256,698,1.009384513
1777871419.480241,699,1.009411573
1777871420.344675,700,1.009429336
1777871421.108111,701,1.009446263
1777871421.943292,702,1.009454846
1777871422.703591,703,1.009456635
1777871423.499203,704,1.009461641
1777871424.369097,705,1.009467483
1777871425.195863,706,1.009475589
1777871426.008217,707,1.009489775
1777871426.846353,708,1.009509087
1777871427.688207,709,1.009528399
1777871428.541575,710,1.009545207
1777871429.343155,711,1.009558678
1777871430.189203,712,1.009569764
1777871431.017753,713,1.009581685
1777871431.862751,714,1.009600878
1777871432.785664,715,1.009620786
1777871433.557634,716,1.009638429
1777871434.314763,717,1.009655714
1777871435.137711,718,1.009677291
1777871435.994906,719,1.009697676
1777871436.847368,720,1.009717822
1777871437.615453,721,1.009735227
1777871438.459201,722,1.009754539
1777871439.234709,723,1.00977397
1777871440.027030,724,1.009794712
1777871440.752512,725,1.00981915
1777871441.594580,726,1.009839654
1777871442.470114,727,1.00985682
1777871443.314493,728,1.009866595
1777871444.161381,729,1.009875894
1777871444.920570,730,1.009884238
1777871445.729265,731,1.00989604
1777871446.656326,732,1.009909749
1777871447.418710,733,1.009926081
1777871448.212026,734,1.009940624
1777871449.130147,735,1.009963512
1777871449.886371,736,1.009981871
1777871450.679100,737,1.010000467
1777871451.509382,738,1.010020494
1777871452.407239,739,1.010039449
1777871453.265312,740,1.010053396
1777871454.063656,741,1.010066271
1777871454.841712,742,1.01007998
1777871658.129691,744,1.010117531
1777871658.959188,745,1.010139227
1777871659.854203,746,1.010157704
1777871660.681219,747,1.01017046
1777871661.545397,748,1.010181308
1777871662.320555,749,1.010192037
1777871663.192003,750,1.010204554
1777871664.010344,751,1.010217428
1777871664.843214,752,1.01023066
1777871665.638862,753,1.010243177
1777871666.517822,754,1.010261416
1777871667.437050,755,1.010285735
1777871668.308095,756,1.010309815
1777871669.212687,757,1.010341287
1777871670.019046,758,1.010367036
1777871670.847092,759,1.010386944
1777871671.698665,760,1.010406494
1777871672.554543,761,1.010430217
1777871673.367390,762,1.010462403
1777871674.260039,763,1.010495901
1777871675.121129,764,1.010523677
1777871675.990456,765,1.010552406
1777871676.848891,766,1.010577679
1777871677.805550,767,1.010596514
1777871678.534695,768,1.010611415
1777871679.404525,769,1.010628581
1777871680.298962,770,1.010650873
1777871681.119890,771,1.010676622
1777871681.935058,772,1.010700703
1777871682.768777,773,1.010725498
1777871683.561863,774,1.010748029
1777871684.442897,775,1.010767937
1777871685.379839,776,1.010788321
1777871686.349140,777,1.010807753
1777871687.320353,778,1.010822892
1777871688.204996,779,1.010847211
1777871689.096529,780,1.010879636
1777871689.972945,781,1.010915995
1777871690.872022,782,1.010955811
1777871691.832306,783,1.010989308
1777871692.728603,784,1.011014104
1777871693.673662,785,1.011039138
1777871694.536965,786,1.011059523
1777871695.372354,787,1.011080742
1777871696.272348,788,1.011102438
1777871697.184378,789,1.0111233
1777871698.012247,790,1.011140943
1777871698.838774,791,1.011160016
1777871699.714455,792,1.011178732
1777871700.590954,793,1.011199832
1777871701.458889,794,1.011216402
1777871702.246827,795,1.01123333
1777871703.078257,796,1.0112468
1777871703.870691,797,1.011267781
1777871704.719692,798,1.011285067
1777871705.640719,799,1.011304259
1777871706.517692,800,1.011319518
1777871707.351258,801,1.011331201
1777871708.199037,802,1.011339784
1777871709.094439,803,1.011344075
1777871709.962900,804,1.011346102
1777871710.826244,805,1.011349797
1777871711.662098,806,1.011354685
1777871712.555977,807,1.011362433
1777871713.483131,808,1.011372209
1777871714.323146,809,1.011380196
1777871715.127544,810,1.011386037
1777871715.957356,811,1.011390567
1777871716.816961,812,1.011391401
1777871717.675712,813,1.011390686
1777871718.594421,814,1.011394143
1777871719.474583,815,1.011400461
1777871720.345636,816,1.011409998
1777871721.135871,817,1.011420608
1777871721.922965,818,1.011431932
1777871722.799382,819,1.011441827
1777871723.597569,820,1.011455536
1777871724.503531,821,1.011475086
1777871725.368724,822,1.011495233
1777871726.159040,823,1.01151216
1777871727.110151,824,1.011525035
1777871728.005473,825,1.011533141
1777871728.838820,826,1.011537671
1777871729.672706,827,1.011544347
1777871730.474035,828,1.011554956
1777871731.338639,829,1.011568427
1777871732.162958,830,1.011578918
1777871733.074281,831,1.011586666
1777871733.936280,832,1.01159656
1777871734.795473,833,1.011614442
1777871735.702605,834,1.011634469
1777871736.612686,835,1.011657119
1777871737.481519,836,1.011674047
1777871738.296159,837,1.011687636
1777871739.187308,838,1.011695623
1777871740.129351,839,1.011703014
1777871740.947459,840,1.011714101
1777871741.801322,841,1.011725307
1777871742.715480,842,1.011740923
1777871743.569911,843,1.01175487
1777871744.462620,844,1.011767268
1777871745.378985,845,1.011781216
1777871746.310677,846,1.011801481
1777871747.608025,847,1.011823177
1777871748.893539,848,1.011850476
1777871750.155953,849,1.011870503
1777871751.380589,850,1.011886716
1777871752.605496,851,1.011901617
1777871753.648559,852,1.011915922
1777871754.505190,853,1.011930943
1777871755.355500,854,1.011952162
1777871756.188727,855,1.011968017
1777871757.003753,856,1.011982441
1777871757.947950,857,1.012001872
1777871758.747968,858,1.012023807
1777871759.577046,859,1.012043953
1777871760.429349,860,1.012069821
1777871761.461613,861,1.012099743
1777871762.559644,862,1.012124658
1777871763.753150,863,1.012151957
1777871764.929320,864,1.012177944
1777871766.068241,865,1.012204647
1777871767.289505,866,1.012230635
1777871768.484594,867,1.01225245
1777871769.732376,868,1.012269139
1777871770.978550,869,1.012289882
1777871772.160048,870,1.01231432
1777871773.348538,871,1.012340188
1777871774.485785,872,1.012362242
1777871775.605802,873,1.012381792
1777871776.936159,874,1.012396812
1777871778.196994,875,1.012412548
1777871779.437431,876,1.012423754
1777871780.624824,877,1.012435913
1777871781.791987,878,1.012448907
1777871782.936190,879,1.012464046
1777871784.174671,880,1.012481451
1777871785.466367,881,1.012496352
1777871786.717403,882,1.012507081
1777871787.916596,883,1.01251173
1777871789.058116,884,1.012516975
1777871790.339849,885,1.012522459
1777871791.577302,886,1.01252687
1777871792.738983,887,1.012535334
1777871793.966101,888,1.012540221
1777871795.189019,889,1.01254499
1777871796.344845,890,1.012552023
1777871797.511258,891,1.012558103
1777871798.640084,892,1.012568712
1777871799.885724,893,1.012583137
1777871801.046542,894,1.012597561
1777871802.320955,895,1.012616038
1777871803.366795,896,1.012631655
1777871804.481821,897,1.012642622
1777871805.717454,898,1.012649298
1777871806.964910,899,1.012660265
1777871808.258468,900,1.012674809
1777871809.522604,901,1.012690663
1777871810.647525,902,1.012710571
1777871811.881038,903,1.01272738
1777871813.029665,904,1.012745142
1777871814.069567,905,1.012761712
1777871815.026641,906,1.012782097
1777871816.078361,907,1.012797952
1777871816.910553,908,1.012810588
1777871817.752944,909,1.01282227
1777871818.684942,910,1.012836695
1777871819.521869,911,1.012851715
1777871820.412799,912,1.012868524
1777871821.220933,913,1.012896061
1777871822.107946,914,1.012925386
1777871822.914957,915,1.012952685
1777871823.709097,916,1.012977958
1777871824.577294,917,1.013000011
1777871825.448446,918,1.013013244
1777871826.213034,919,1.013024569
1777871827.203988,920,1.013040423
1777871828.179481,921,1.013062239
1777871828.987787,922,1.013077617
1777871829.986174,923,1.013089061
1777871830.791636,924,1.013099313
1777871831.742521,925,1.013119102
1777871832.901862,926,1.01313746
1777871833.849449,927,1.013153672
1777871834.965270,928,1.013164163
1777871835.887926,929,1.013170958
1777871836.993277,930,1.01317656
1777871838.024406,931,1.01317966
1777871838.845317,932,1.01318872
1777871839.626137,933,1.013203263
1777871840.537937,934,1.013219833
1777871841.360022,935,1.013239741
1777871842.255130,936,1.013261795
1777871843.158201,937,1.013281465
1777871844.068944,938,1.013298035
1777871844.964457,939,1.013311982
1777871846.153332,940,1.013329387
1777871846.942665,941,1.013347149
1777871847.848015,942,1.013365626
1777871848.626534,943,1.013384104
1777871849.492158,944,1.013397336
1777871850.380814,945,1.013403177
1777871851.274367,946,1.013406277
1777871852.131423,947,1.01340723
1777871853.037280,948,1.013409734
1777871853.850664,949,1.013417363
1777871854.789481,950,1.013428569
1777871855.725456,951,1.013442397
1777871856.523521,952,1.013457537
1777871857.331988,953,1.013472557
1777871858.184157,954,1.01348567
1777871859.039897,955,1.013499618
1777871859.997168,956,1.013513803
1777871860.798391,957,1.013523102
1777871861.674678,958,1.013531804
1777871862.490052,959,1.013539076
1777871863.563070,960,1.013555288
1777871864.784964,961,1.013570309
1777871865.975104,962,1.013583302
1777871867.270408,963,1.013598323
1777871868.450641,964,1.013618231
1777871869.654733,965,1.0136379
1777871870.886095,966,1.013652682
1777871872.133875,967,1.013661027
1777871873.402542,968,1.013662696
1777871874.764496,969,1.013663173
1777871875.915057,970,1.013669729
1777871877.242869,971,1.013676047
1777871878.420903,972,1.013683319
1777871879.601262,973,1.013689637
1777871880.679491,974,1.013700128
1777871881.713282,975,1.013715029
1777871882.503101,976,1.013728499
1777871883.308691,977,1.013737321
1777871884.155332,978,1.013748765
1777871884.977890,979,1.013755202
1777871885.799556,980,1.013760328
1777871886.661095,981,1.0137676
1777871887.636271,982,1.013774395
1777871888.501051,983,1.013781071
1777871889.335542,984,1.013790011
1777871890.194131,985,1.013799429
1777871891.132113,986,1.013812542
1777871891.895655,987,1.01382947
1777871892.721887,988,1.013852477
1777871893.554564,989,1.013875723
1777871894.416794,990,1.0138973
1777871895.317500,991,1.013919473
1777871896.204851,992,1.013940215
1777871897.078733,993,1.013964891
1777871897.963076,994,1.013983011
1777871899.106703,995,1.013998866
1777871900.357474,996,1.014012337
1777871901.316852,997,1.014021754
1777871902.234984,998,1.014035225
1777871903.103337,999,1.014049888
1777871904.031631,1000,1.014072537
1777871904.864760,1001,1.014095902
1777871905.769916,1002,1.014116883
1777871906.613599,1003,1.01414001
1777871907.430565,1004,1.014169216
1777871908.243549,1005,1.014200568
1777871909.158951,1006,1.014230013
1777871910.010028,1007,1.014256954
1777871910.785687,1008,1.014286757
1777871911.637445,1009,1.014310002
1777871912.545331,1010,1.014338851
1777871913.399435,1011,1.014368296
1777871914.243142,1012,1.014396906
1777871915.128121,1013,1.014424682
1777871916.082876,1014,1.014455795
1777871917.163892,1015,1.014488935
1777871918.195611,1016,1.014523625
1777871919.237302,1017,1.014554143
1777871920.150628,1018,1.014582276
1777871921.177281,1019,1.014605284
1777871922.353739,1020,1.014628291
1777871923.318765,1021,1.014650941
1777871924.482445,1022,1.01467514
1777871925.702679,1023,1.014700413
1777871926.834381,1024,1.014729023
1777871928.084695,1025,1.014755845
1777871929.371825,1026,1.014783859
1777871930.616256,1027,1.014813423
1777871931.851237,1028,1.014842033
1777871933.096295,1029,1.014867187
1777871934.312376,1030,1.014885902
1777871935.628007,1031,1.014900684
1777871936.815301,1032,1.014913201
1777871937.842190,1033,1.01492703
1777871938.810478,1034,1.014938593
1777871939.730887,1035,1.014945745
1777871940.619737,1036,1.014951944
1777871941.488313,1037,1.01496172
1777871942.260693,1038,1.014974833
1777871943.286930,1039,1.014989018
1777871944.299430,1040,1.015001893
1777871945.254513,1041,1.015017152
1777871946.239415,1042,1.015031934
1777871947.175246,1043,1.015045524
1777871948.043787,1044,1.015061855
1777871948.932778,1045,1.015081644
1777871949.868809,1046,1.01510191
1777871950.755740,1047,1.015121818
1777871951.615226,1048,1.015135407
1777871952.442637,1049,1.015148401
1777871953.287754,1050,1.015162706
1777871954.220886,1051,1.015175939
1777871955.134066,1052,1.015194178
1777871956.000708,1053,1.015215039
1777871956.901140,1054,1.015235782
1777871957.752377,1055,1.015254021
1777871958.840795,1056,1.015268445
1777871959.957704,1057,1.015280604
1777871961.199674,1058,1.015289426
1777871962.299841,1059,1.015300632
1777871963.488939,1060,1.015313983
1777871964.653253,1061,1.015327692
1777871965.842171,1062,1.015337706
1777871966.921715,1063,1.015352249
1777871968.140149,1064,1.015368223
1777871969.324522,1065,1.015378356
1777871970.517333,1066,1.01539135
1777871971.676030,1067,1.015405297
1777871972.888813,1068,1.01541543
1777871974.111532,1069,1.015423417
1777871975.267289,1070,1.015432715
1777871976.406964,1071,1.015445113
1777871977.534686,1072,1.015454292
1777871978.661740,1073,1.015464544
1777871979.804704,1074,1.015474319
1777871980.850539,1075,1.01548624
1777871981.854928,1076,1.01550138
1777871983.038079,1077,1.015521049
1777871983.936964,1078,1.015538692
1777871984.733192,1079,1.015555263
1777871985.658964,1080,1.01556623
1777871986.492896,1081,1.015580654
1777871987.504489,1082,1.01559782
1777871988.662033,1083,1.015614629
1777871989.807036,1084,1.015633225
1777871990.970539,1085,1.015650749
1777871992.011491,1086,1.015666246
1777871993.007765,1087,1.015677571
1777871993.846657,1088,1.015686154
1777871994.658244,1089,1.015693903
1777871995.421501,1090,1.015705824
1777871996.300466,1091,1.015715718
1777871997.157080,1092,1.015726924
1777871998.055064,1093,1.015738606
1777871998.910436,1094,1.015750408
1777871999.830097,1095,1.015757442
1777872000.676584,1096,1.015760779
1777872001.510859,1097,1.015767694
1777872002.422818,1098,1.01577425
1777872003.553784,1099,1.015781283
1777872004.331102,1100,1.015788436
1777872005.126083,1101,1.015797257
1777872005.871389,1102,1.015806317
1777872006.657339,1103,1.015814185
1777872007.535498,1104,1.015822053
1777872008.351119,1105,1.015832663
1777872009.216978,1106,1.015841722
1777872010.107506,1107,1.01584959
1777872010.962042,1108,1.015858293
1777872011.777918,1109,1.015867829
1777872012.591693,1110,1.015877128
1777872013.569249,1111,1.015886188
1777872014.739359,1112,1.015897512
1777872015.947234,1113,1.01590991
1777872016.998015,1114,1.015918493
1777872018.045908,1115,1.015924215
1777872019.050121,1116,1.015928149
1777872020.305648,1117,1.01593256
1777872021.561414,1118,1.015941739
1777872022.893939,1119,1.01595521
1777872023.941550,1120,1.015969515
1777872024.929223,1121,1.01598537
1777872025.938775,1122,1.016000867
1777872026.921188,1123,1.016014934
1777872027.815987,1124,1.016027093
1777872028.649190,1125,1.016037345
1777872029.549200,1126,1.016047478
1777872030.405291,1127,1.016057134
1777872031.543399,1128,1.01606977
1777872032.754266,1129,1.016085386
1777872033.950832,1130,1.016101956
1777872034.939014,1131,1.016115189
1777872036.122103,1132,1.016127348
1777872037.193474,1133,1.016138554
1777872038.081351,1134,1.016153097
1777872038.925226,1135,1.01616931
1777872039.816993,1136,1.01618731
1777872040.664541,1137,1.016205311
1777872041.516064,1138,1.016225696
1777872042.382144,1139,1.016243696
1777872043.183139,1140,1.016261458
1777872043.993487,1141,1.01627624
1777872044.792111,1142,1.016290784
1777872045.661004,1143,1.016306877
1777872046.489319,1144,1.016323566
1777872047.394279,1145,1.016341805
1777872048.535589,1146,1.016357541
1777872049.436450,1147,1.01637435
1777872050.275459,1148,1.016390204
1777872051.019778,1149,1.016403913
1777872051.854698,1150,1.016420603
1777872052.672537,1151,1.016443014
1777872053.752719,1152,1.016462684
1777872054.863670,1153,1.016483188
1777872055.742407,1154,1.016500115
1777872056.616007,1155,1.016516447
1777872057.580420,1156,1.016533732
1777872058.571263,1157,1.016548514
1777872059.724226,1158,1.016563177
1777872060.922727,1159,1.016582489
1777872062.187135,1160,1.016602755
1777872063.263156,1161,1.016623259
1777872064.298860,1162,1.016639113
1777872065.400222,1163,1.016652346
1777872066.480411,1164,1.01666224
1777872067.544877,1165,1.016671896
1777872068.626776,1166,1.016684413
1777872069.779924,1167,1.016698599
1777872070.980850,1168,1.016712189
1777872072.091069,1169,1.016728163
1777872073.310361,1170,1.016741872
1777872074.493692,1171,1.016753912
1777872075.642897,1172,1.01676476
1777872076.732985,1173,1.016772985
1777872077.828547,1174,1.016782761
1777872078.941540,1175,1.016793132
1777872079.866205,1176,1.016802669
1777872080.869917,1177,1.016813517
1777872081.840023,1178,1.016825795
1777872083.093140,1179,1.016838551
1777872084.282964,1180,1.016855836
1777872085.445227,1181,1.016871691
1777872086.436874,1182,1.0168854
1777872087.297431,1183,1.016897202
1777872088.156098,1184,1.016907454
1777872089.280578,1185,1.016916752
1777872090.436172,1186,1.016927361
1777872091.652324,1187,1.016938329
1777872092.883592,1188,1.01695168
1777872094.226502,1189,1.016964436
1777872095.445788,1190,1.016976714
1777872096.656639,1191,1.016989708
1777872097.891967,1192,1.017004371
1777872099.219522,1193,1.017018557
1777872100.513373,1194,1.017029524
1777872101.748355,1195,1.017039776
1777872103.040710,1196,1.017048359
1777872104.275150,1197,1.017057061
1777872105.570552,1198,1.017068624
1777872106.781951,1199,1.017080665
1777872107.964154,1200,1.017091393
1777872109.077273,1201,1.01710093
1777872110.265652,1202,1.017109156
1777872111.526327,1203,1.017115951
1777872112.537596,1204,1.017122746
1777872113.670175,1205,1.01713109
1777872123.633620,1206,1.017140269
1777872124.453576,1207,1.017151952
1777872125.271118,1208,1.017165184
1777872126.189411,1209,1.017177701
1777872127.295277,1210,1.01719141
1777872128.364355,1211,1.017201185
1777872129.578568,1212,1.017212987
1777872130.699154,1213,1.017223477
1777872131.865066,1214,1.017234564
1777872133.048601,1215,1.017246604
1777872134.229384,1216,1.017256737
1777872135.582744,1217,1.017269135
1777872136.919636,1218,1.01728034
1777872138.204691,1219,1.017291903
1777872139.357676,1220,1.017305255
1777872140.560482,1221,1.017317533
1777872141.713000,1222,1.017328978
1777872142.890312,1223,1.017339945
1777872144.129654,1224,1.017353177
1777872145.429710,1225,1.017365217
1777872146.633367,1226,1.017377615
1777872147.571140,1227,1.017388344
1777872148.669653,1228,1.017400503
1777872149.811955,1229,1.017411232
1777872150.759166,1230,1.017423272
1777872151.799925,1231,1.017434955
1777872152.881437,1232,1.017443538
1777872153.715424,1233,1.017455935
1777872154.543640,1234,1.017469049
1777872155.325474,1235,1.017481208
1777872156.091577,1236,1.017493844
1777872156.946661,1237,1.017507792
1777872157.718368,1238,1.017519593
1777872158.613509,1239,1.017529726
1777872159.479546,1240,1.01753962
1777872160.367826,1241,1.017549753
1777872161.531163,1242,1.017558455
1777872162.693430,1243,1.017568231
1777872163.724804,1244,1.017575741
1777872164.763010,1245,1.017583132
1777872165.575506,1246,1.017589808
1777872166.391070,1247,1.017596245
1777872167.223052,1248,1.017604232
1777872167.990062,1249,1.017612219
1777872168.770124,1250,1.017619491
1777872169.552441,1251,1.01762557
1777872170.540185,1252,1.017630339
1777872171.659588,1253,1.017634511
1777872172.786958,1254,1.017639756
1777872173.865646,1255,1.017644525
1777872175.043051,1256,1.01764977
1777872184.336812,1257,1.017656446
1777872185.490968,1258,1.017663598
1777872186.550160,1259,1.017671108
1777872187.804452,1260,1.017679453
1777872188.989854,1261,1.017688155
1777872190.185871,1262,1.017695904
1777872191.280630,1263,1.017703056
1777872192.481125,1264,1.017711759
1777872193.822146,1265,1.017719746
1777872194.940120,1266,1.017728806
1777872196.210280,1267,1.01773715
1777872197.346368,1268,1.017746091
1777872198.570910,1269,1.017755628
1777872199.664884,1270,1.017765045
1777872200.815443,1271,1.01777482
1777872201.985577,1272,1.017784834
1777872203.076536,1273,1.017794013
1777872204.172156,1274,1.017802835
1777872205.376772,1275,1.01781249
1777872206.454069,1276,1.0178231
1777872207.323692,1277,1.01783216
1777872208.129458,1278,1.017840505
1777872208.986464,1279,1.01784873
1777872209.774261,1280,1.017855883
1777872210.566759,1281,1.017865539
1777872211.414616,1282,1.017875433
1777872212.273336,1283,1.017884731
1777872213.144705,1284,1.017895103
1777872214.017411,1285,1.017904997
1777872214.814796,1286,1.017913103
1777872215.703562,1287,1.017922401
1777872216.624641,1288,1.017930984
1777872217.434282,1289,1.01793921
1777872218.334426,1290,1.017946959
1777872219.167423,1291,1.017954469
1777872220.005430,1292,1.017962337
1777872220.824016,1293,1.017971039
1777872221.622224,1294,1.017980218
1777872222.406772,1295,1.017988682
1777872223.235527,1296,1.017997861
1777872224.096932,1297,1.018006206
1777872224.868208,1298,1.018013716
1777872225.699519,1299,1.018021107
1777872226.658670,1300,1.018028021
1777872227.526323,1301,1.018033981
1777872228.448020,1302,1.018040538
1777872229.292187,1303,1.018046141
1777872230.162921,1304,1.018052578
1777872231.065122,1305,1.018059134
1777872231.869212,1306,1.018065453
1777872232.795295,1307,1.018072248
1777872233.579263,1308,1.018078327
1777872234.450478,1309,1.018084407
1777872235.292763,1310,1.018090248
1777872236.177539,1311,1.018096685
1777872237.053260,1312,1.018103242
1777872237.898469,1313,1.01810956
1777872238.826258,1314,1.018116117
1777872240.084053,1315,1.018122911
1777872241.257564,1316,1.018129706
1777872242.176645,1317,1.018138051
1777872243.089936,1318,1.018144488
1777872245.777478,1319,1.018150687
1777872246.990521,1320,1.018156767
1777872248.195511,1321,1.018163323
1777872249.501795,1322,1.018170357
1777872250.655140,1323,1.018177748
1777872252.087369,1324,1.018184543
1777872253.337993,1325,1.018190861
1777872254.781957,1326,1.018197775
1777872255.917078,1327,1.018203378
1777872257.148063,1328,1.018207669
1777872258.282622,1329,1.018211484
1777872259.435078,1330,1.018214941
1777872260.630407,1331,1.01821816
1777872261.828169,1332,1.018220663
1777872263.048912,1333,1.018223286
1777872264.265480,1334,1.018225312
1777872265.383206,1335,1.018227458
1777872266.576275,1336,1.018229246
1777872267.720366,1337,1.018231511
1777872268.819193,1338,1.018235087
1777872269.999460,1339,1.018239379
1777872271.235268,1340,1.01824367
1777872272.403534,1341,1.018247604
1777872273.585950,1342,1.018251181
1777872274.806678,1343,1.018255234
1777872275.896190,1344,1.018258929
1777872277.021605,1345,1.018262267
1777872278.166575,1346,1.018265486
1777872279.367649,1347,1.0182693
1777872280.578228,1348,1.018273234
1777872281.747596,1349,1.018277287
1777872282.919454,1350,1.018281341
1777872284.195071,1351,1.018285513
1777872285.353210,1352,1.018289685
1777872286.552246,1353,1.018293858
1777872287.808471,1354,1.018297434
1777872288.945895,1355,1.01830101
1777872289.999772,1356,1.01830399
1777872291.127129,1357,1.018307686
1777872292.313524,1358,1.018310785
1777872293.521261,1359,1.018313646
1777872294.736117,1360,1.018316865
1777872295.922688,1361,1.018320322
1777872297.059989,1362,1.018323541
1777872298.235380,1363,1.018326283
1777872299.376714,1364,1.018329382
1777872300.488228,1365,1.01833272
1777872301.675436,1366,1.018336058
1777872302.807196,1367,1.018339753
1777872303.956132,1368,1.018344045
1777872305.086077,1369,1.018347859
1777872306.240571,1370,1.018351436
1777872307.399712,1371,1.01835525
1777872308.557758,1372,1.018358707
1777872309.690251,1373,1.018361688
1777872310.802404,1374,1.018364429
1777872311.809073,1375,1.018367052
1777872312.813542,1376,1.018368959
1777872313.922993,1377,1.018371105
1777872315.096941,1378,1.01837337
1777872316.382200,1379,1.018375874
1777872317.515239,1380,1.018378735
1777872318.699137,1381,1.018381834
1777872319.850743,1382,1.018384933
1777872320.890582,1383,1.018388152
1777872321.949183,1384,1.018391013
1777872323.071822,1385,1.018393874
1777872324.095328,1386,1.018396974
1777872325.148387,1387,1.018399835
1777872326.360720,1388,1.018401742
1777872327.532844,1389,1.018403649
1777872328.847569,1390,1.018405914
1777872330.047488,1391,1.018408179
1777872331.390670,1392,1.018410563
1777872332.611682,1393,1.018413067
1777872333.783111,1394,1.018415689
1777872334.876773,1395,1.018418193
1777872336.062497,1396,1.018420815
1777872337.264841,1397,1.0184232
1777872338.377250,1398,1.018425822
1777872339.421890,1399,1.018428206
1777872340.400682,1400,1.018430114
1777872341.595032,1401,1.018431902
1777872342.648734,1402,1.01843369
1777872343.757511,1403,1.018435597
1777872344.883954,1404,1.018437266
1777872345.937828,1405,1.018438697
1777872347.016762,1406,1.018440247
1777872348.099521,1407,1.018441677
1777872349.233760,1408,1.018443108
1777872350.388664,1409,1.018444777
1777872351.531452,1410,1.018446326
1777872352.680862,1411,1.018447757
1777872353.784891,1412,1.018449426
1777872354.898010,1413,1.018450856
1777872356.077340,1414,1.018452287
1777872357.281042,1415,1.018454075
1777872358.417887,1416,1.018455982
1777872359.448895,1417,1.018458128
1777872360.494124,1418,1.018459916
1777872361.621844,1419,1.018461943
1777872362.770698,1420,1.018463731
1777872363.829020,1421,1.018465281
1777872365.046004,1422,1.018466711
1777872366.160946,1423,1.01846838
1777872367.268147,1424,1.018470168
1777872368.322411,1425,1.018471837
1777872369.366074,1426,1.018473506
1777872370.452955,1427,1.018475056
1777872371.488470,1428,1.018476367
1777872372.488282,1429,1.018477798
1777872373.511055,1430,1.018479466
1777872374.503764,1431,1.018481016
1777872375.467626,1432,1.018482447
1777872376.488306,1433,1.018483758
1777872377.550536,1434,1.018485069
1777872378.703442,1435,1.018486142
1777872379.826806,1436,1.018487215
1777872380.858767,1437,1.018488526
1777872382.002214,1438,1.018489838
1777872383.144144,1439,1.018491149
1777872384.305306,1440,1.018492579
1777872385.454926,1441,1.018493772
1777872386.710598,1442,1.018494725
1777872387.975176,1443,1.018495679
1777872389.143715,1444,1.018496752
1777872390.192873,1445,1.018497705
1777872391.355540,1446,1.01849854
1777872392.583947,1447,1.018499374
1777872393.771265,1448,1.018500209
1777872394.951324,1449,1.018501043
1777872396.040902,1450,1.018501997
1777872397.246546,1451,1.018502831
1777872398.380713,1452,1.018503785
1777872399.551833,1453,1.01850462
1777872400.762263,1454,1.018505216
1777872401.940590,1455,1.018505812
1777872403.171039,1456,1.018506408
1777872404.414586,1457,1.018506885
1777872405.578097,1458,1.018507481
1777872406.640114,1459,1.018508315
1777872407.743896,1460,1.01850903
1777872408.925222,1461,1.018509865
1777872410.111931,1462,1.018510938
1777872411.356939,1463,1.018511891
1777872412.561485,1464,1.018512845
1777872413.711421,1465,1.018513799
1777872414.761512,1466,1.018514752
1777872415.874073,1467,1.018515706
1777872416.978086,1468,1.01851666
1777872418.055169,1469,1.018517733
1777872419.085099,1470,1.018518806
1777872420.185683,1471,1.018519878
1777872421.269877,1472,1.018520832
1777872422.519884,1473,1.018521905
1777872423.664046,1474,1.018522859
1777872424.906004,1475,1.018523812
1777872426.121040,1476,1.018524885
1777872427.381985,1477,1.018526077
1777872428.701107,1478,1.018527269
1777872430.028546,1479,1.018528461
1777872431.316020,1480,1.018529415
1777872432.585355,1481,1.01853025
1777872433.831774,1482,1.018531084
1777872434.863747,1483,1.018531919
1777872435.692621,1484,1.018532753
1777872436.620533,1485,1.018533587
1777872437.460754,1486,1.018534541
1777872624.826048,1488,1.018575549
1777872626.052693,1489,1.018620729
1777872627.345256,1490,1.018665791
1777872628.620959,1491,1.018718243
1777872629.933925,1492,1.018765211
1777872631.226455,1493,1.018803
1777872632.480876,1494,1.018838644
1777872633.654103,1495,1.018876553
1777872634.837816,1496,1.018915296
1777872635.930507,1497,1.018952847
1777872637.089108,1498,1.018988013
1777872638.255941,1499,1.019022226
1777872639.501730,1500,1.019046068
1777872640.776065,1501,1.019066453
1777872642.104245,1502,1.01908946
1777872643.461372,1503,1.019112945
1777872644.857008,1504,1.019135356
1777872646.279295,1505,1.019150853
1777872647.522698,1506,1.01916194
1777872648.863254,1507,1.019170642
1777872650.050486,1508,1.019170761
1777872651.292670,1509,1.019178391
1777872652.566374,1510,1.019190311
1777872653.696129,1511,1.019203067
1777872654.847798,1512,1.019222736
1777872656.015752,1513,1.019238353
1777872657.344995,1514,1.019248247
1777872658.610285,1515,1.019252181
1777872659.897349,1516,1.019261122
1777872661.184779,1517,1.019262314
1777872662.492680,1518,1.019266725
1777872663.701833,1519,1.019274354
1777872665.001242,1520,1.01928103
1777872666.208239,1521,1.019286394
1777872667.541150,1522,1.019289017
1777872668.778572,1523,1.019294024
1777872670.247671,1524,1.019305587
1777872671.590756,1525,1.019321322
1777872672.933703,1526,1.019340634
1777872674.191276,1527,1.019358158
1777872675.394289,1528,1.019373298
1777872676.608282,1529,1.019383907
1777872677.775614,1530,1.019395113
1777872678.947823,1531,1.019411683
1777872680.228517,1532,1.019430518
1777872681.381607,1533,1.019446373
1777872682.544139,1534,1.019460917
1777872683.627240,1535,1.01947093
1777872684.722613,1536,1.019487858
1777872685.916475,1537,1.019508481
1777872687.178742,1538,1.019531131
1777872688.466324,1539,1.019546151
1777872689.842257,1540,1.019561052
1777872691.144150,1541,1.019575357
1777872692.328120,1542,1.019588947
1777872693.681898,1543,1.019605041
1777872694.894277,1544,1.01962316
1777872696.071461,1545,1.019642711
1777872697.369797,1546,1.01966536
1777872698.766176,1547,1.019686341
1777872700.028833,1548,1.019702196
1777872701.325262,1549,1.01971364
1777872702.620630,1550,1.019726157
1777872703.913844,1551,1.019740105
1777872705.193064,1552,1.019754529
1777872706.539517,1553,1.019772172
1777872707.850857,1554,1.019795537
1777872709.133290,1555,1.019815087
1777872710.502899,1556,1.019836426
1777872711.840815,1557,1.019854546
1777872713.041681,1558,1.019870758
1777872714.316935,1559,1.01988709
1777872715.618350,1560,1.019898057
1777872716.658088,1561,1.019911528
1777872717.496807,1562,1.019927859
1777872718.369070,1563,1.019946098
1777872719.239682,1564,1.019967556
1777872720.083445,1565,1.019990087
1777872720.975134,1566,1.020013928
1777872721.839367,1567,1.020037532
1777872722.637294,1568,1.020060658
1777872723.430289,1569,1.020085335
1777872724.322816,1570,1.020114541
1777872725.194689,1571,1.020148039
1777872726.085173,1572,1.020178914
1777872727.010127,1573,1.020207405
1777872727.979757,1574,1.020232797
1777872728.880971,1575,1.020252466
1777872729.731808,1576,1.020276189
1777872738.201639,1577,1.020300508
1777872739.122492,1578,1.020324349
1777872740.067940,1579,1.020347714
1777872740.969807,1580,1.020368099
1777872741.858719,1581,1.020383239
1777872742.739831,1582,1.02039516
1777872743.596798,1583,1.020408273
1777872744.574909,1584,1.020424724
1777872745.327615,1585,1.020440459
1777872746.163621,1586,1.020459175
1777872747.033350,1587,1.020477772
1777872747.848414,1588,1.020492196
1777872748.655046,1589,1.020501018
1777872749.454142,1590,1.020504951
1777872750.409156,1591,1.020512581
1777872751.361213,1592,1.02052331
1777872752.177036,1593,1.020537019
1777872753.145137,1594,1.020552039
1777872753.936362,1595,1.020569205
1777872754.838797,1596,1.020585775
1777872755.669355,1597,1.020600319
1777872756.545583,1598,1.020612001
1777872757.388790,1599,1.020627379
1777872758.275656,1600,1.020647645
1777872759.205914,1601,1.020672441
1777872760.087077,1602,1.020696998
1777872760.981558,1603,1.020713806
1777872761.935198,1604,1.020728946
1777872762.844153,1605,1.020745397
1777872763.628053,1606,1.020760059
1777872764.461692,1607,1.020777345
1777872765.321864,1608,1.020796537
1777872766.226788,1609,1.020809889
1777872767.125526,1610,1.020820022
1777872768.054249,1611,1.020830154
1777872768.899766,1612,1.02084291
1777872769.827609,1613,1.020860791
1777872770.779036,1614,1.020882607
1777872771.790844,1615,1.020910144
1777872772.655972,1616,1.020930886
1777872773.640441,1617,1.020945907
1777872774.467241,1618,1.020957828
1777872775.290093,1619,1.020963073
1777872776.238711,1620,1.020977378
1777872777.087029,1621,1.020994544
1777872778.001351,1622,1.021016836
1777872778.803909,1623,1.021038651
1777872779.666380,1624,1.021060109
1777872780.524416,1625,1.02108109
1777872781.373191,1626,1.021093845
1777872782.234142,1627,1.021102905
1777872783.086756,1628,1.021112204
1777872783.997626,1629,1.021125436
1777872784.832065,1630,1.021140575
1777872785.715095,1631,1.021158218
1777872786.614924,1632,1.021173358
1777872787.527730,1633,1.021182418
1777872788.403722,1634,1.021190763
1777872789.280320,1635,1.021206617
1777872790.120275,1636,1.021228909
1777872790.931482,1637,1.021250963
1777872791.840310,1638,1.021273494
1777872792.665425,1639,1.021294117
1777872793.525128,1640,1.021313787
1777872794.369189,1641,1.021325946
1777872795.281959,1642,1.021337271
1777872796.094345,1643,1.021344543
1777872796.966695,1644,1.021357059
1777872797.825203,1645,1.021369815
1777872798.710535,1646,1.021388888
1777872799.552510,1647,1.021404028
1777872800.416634,1648,1.021411657
1777872801.244215,1649,1.021416068
1777872802.185306,1650,1.021421313
1777872803.064698,1651,1.021434546
1777872803.917727,1652,1.021451712
1777872804.764786,1653,1.021472454
1777872805.674406,1654,1.021494031
1777872806.564592,1655,1.021510959
1777872807.395930,1656,1.021523833
1777872808.227962,1657,1.021530628
1777872809.105583,1658,1.021532774
1777872809.906284,1659,1.021534801
1777872810.739982,1660,1.021542192
1777872811.580820,1661,1.021555305
1777872812.486630,1662,1.021569014
1777872813.361658,1663,1.021576643
1777872814.259112,1664,1.021579862
1777872815.107444,1665,1.021582484
1777872816.054250,1666,1.021589041
1777872816.904606,1667,1.021602988
1777872817.762487,1668,1.021620989
1777872818.597101,1669,1.021633983
1777872819.444776,1670,1.021645427
1777872820.342932,1671,1.021657348
1777872821.222910,1672,1.021666884
1777872822.114564,1673,1.02167654
1777872822.939272,1674,1.021690488
1777872823.795858,1675,1.021708369
1777872824.635534,1676,1.021731377
1777872825.472068,1677,1.021749854
1777872826.323794,1678,1.021767616
1777872827.129727,1679,1.021786332
1777872828.012890,1680,1.021809697
1777872828.856924,1681,1.021839976
1777872829.847428,1682,1.021872997
1777872830.677479,1683,1.021900535
1777872831.560165,1684,1.02192688
1777872832.359635,1685,1.021947742
1777872833.239782,1686,1.021966696
1777872834.149195,1687,1.02198565
1777872835.033333,1688,1.022010088
1777872835.985744,1689,1.02203691
1777872836.906749,1690,1.022068024
1777872837.799127,1691,1.022098064
1777872838.763256,1692,1.022123337
1777872839.661252,1693,1.022149563
1777872840.590873,1694,1.02218461
1777872841.412921,1695,1.022212386
1777872842.316026,1696,1.022240996
1777872843.194110,1697,1.022261143
1777872844.011352,1698,1.022280097
1777872844.879985,1699,1.022298336
1777872845.761249,1700,1.022313952
1777872846.693696,1701,1.022335649
1777872847.580617,1702,1.022365808
1777872848.368240,1703,1.022395253
1777872849.307986,1704,1.022420645
1777872850.158699,1705,1.022441864
1777872850.975783,1706,1.022464395
1777872851.774706,1707,1.022486448
1777872852.702946,1708,1.022511601
1777872853.680935,1709,1.022534013
1777872854.507095,1710,1.022554398
1777872855.388798,1711,1.022566795
1777872856.273503,1712,1.022571445
1777872857.168969,1713,1.022579789
1777872858.000109,1714,1.022595167
1777872858.939632,1715,1.022608519
1777872859.756857,1716,1.022618651
1777872860.588120,1717,1.022624612
1777872861.498337,1718,1.022635937
1777872862.633613,1719,1.022647023
1777872863.918065,1720,1.022663593
1777872865.076900,1721,1.022681475
1777872865.909679,1722,1.022701383
1777872866.729803,1723,1.022720337
1777872867.795492,1724,1.022734046
1777872868.953468,1725,1.022749186
1777872869.722621,1726,1.022766352
1777872870.594553,1727,1.022788525
1777872871.461489,1728,1.022815466
1777872872.394606,1729,1.022844076
1777872873.305413,1730,1.022869468
1777872874.255585,1731,1.02289474
1777872875.211506,1732,1.02291739
1777872876.094141,1733,1.022941113
1777872876.944694,1734,1.022969842
1777872877.830498,1735,1.023002982
1777872878.660043,1736,1.023035169
1777872879.590841,1737,1.023072124
1777872880.403088,1738,1.023102045
1777872881.248983,1739,1.023133636
1777872882.099460,1740,1.023155212
1777872882.978266,1741,1.023176908
1777872883.823672,1742,1.023201346
1777872884.776721,1743,1.023226619
1777872885.705540,1744,1.023252487
1777872886.533613,1745,1.023278117
1777872887.405616,1746,1.023296475
1777872888.324455,1747,1.023307204
1777872889.191751,1748,1.023311853
1777872890.167784,1749,1.023314238
1777872891.072253,1750,1.023320317
1777872891.895090,1751,1.023335934
1777872892.668415,1752,1.023342609
1777872893.518330,1753,1.023352265
1777872894.426813,1754,1.023365855
1777872895.282921,1755,1.02337718
1777872896.201005,1756,1.023388028
1777872897.032226,1757,1.023396492
1777872897.858736,1758,1.023407221
1777872898.787661,1759,1.023423433
1777872899.694575,1760,1.023445368
1777872900.608642,1761,1.02347362
1777872901.456726,1762,1.023497701
1777872902.378687,1763,1.023516536
1777872903.265156,1764,1.023530722
1777872904.250796,1765,1.023547053
1777872905.112992,1766,1.023562551
1777872905.995510,1767,1.023573637
1777872906.895961,1768,1.023586869
1777872907.741853,1769,1.023596287
1777872908.585572,1770,1.023611546
1777872909.522090,1771,1.023623824
1777872910.343123,1772,1.023629785
1777872911.151762,1773,1.023642182
1777872912.030129,1774,1.023663402
1777872912.943966,1775,1.023684621
1777872913.892883,1776,1.023706317
1777872914.738810,1777,1.023730397
1777872915.533339,1778,1.023752689
1777872916.340961,1779,1.02377069
1777872917.482302,1780,1.023783088
1777872918.660729,1781,1.023794413
1777872919.592865,1782,1.023808479
1777872920.486861,1783,1.023817897
1777872921.322927,1784,1.02382791
1777872922.125020,1785,1.023835063
1777872922.950338,1786,1.023847103
1777872923.789845,1787,1.023854971
1777872924.617246,1788,1.023869038
1777872925.408792,1789,1.023889184
1777872926.201063,1790,1.023916245
1777872926.975404,1791,1.023947597
1777872927.898008,1792,1.023978114
1777872929.103129,1793,1.024000645
1777872930.120394,1794,1.02402246
1777872931.323155,1795,1.024040818
1777872932.334285,1796,1.024060369
1777872933.163729,1797,1.024084687
1777872933.943164,1798,1.024109125
1777872934.811782,1799,1.024132848
1777872935.696935,1800,1.024154782
1777872936.552926,1801,1.024172783
1777872937.430398,1802,1.02419126
1777872938.307754,1803,1.024209738
1777872939.197160,1804,1.024227738
1777872940.080478,1805,1.024248004
1777872940.925656,1806,1.024262786
1777872941.880467,1807,1.024271965
1777872942.725722,1808,1.024276495
1777872943.509311,1809,1.02428472
1777872944.312475,1810,1.024296165
1777872945.166694,1811,1.024308562
1777872946.054049,1812,1.024320722
1777872946.922535,1813,1.024337769
1777872947.773390,1814,1.024349332
1777872948.631368,1815,1.024357319
1777872949.436886,1816,1.024362087
1777872950.240815,1817,1.024361849
1777872951.062524,1818,1.024369121
1777872951.912248,1819,1.024379969
1777872952.688850,1820,1.024391055
1777872953.452307,1821,1.024407148
1777872954.338388,1822,1.024427772
1777872955.216207,1823,1.024440646
1777872956.101722,1824,1.024450421
1777872956.852541,1825,1.024460673
1777872957.706451,1826,1.024469733
1777872958.487728,1827,1.024484634
1777872959.420797,1828,1.024504185
1777872960.201417,1829,1.024524093
1777872961.103205,1830,1.024539232
1777872961.978869,1831,1.024560452
1777872962.888754,1832,1.024579287
1777872963.720667,1833,1.024595737
1777872964.652943,1834,1.024610519
1777872965.730019,1835,1.024629474
1777872966.767644,1836,1.024654984
1777872967.685474,1837,1.024676681
1777872968.632120,1838,1.024699569
1777872969.635350,1839,1.024721742
1777872970.884645,1840,1.024739981
1777872972.013167,1841,1.024756312
1777872973.012496,1842,1.024779081
1777872973.882595,1843,1.024806261
1777872974.779056,1844,1.024831653
1777872975.688114,1845,1.024857521
1777872976.623305,1846,1.024880767
1777872977.461928,1847,1.02489996
1777872978.328148,1848,1.024921656
1777872979.176630,1849,1.024939179
1777872980.036489,1850,1.024952054
1777872980.856659,1851,1.024964809
1777872981.700673,1852,1.024982214
1777872982.524734,1853,1.024998069
1777872983.388117,1854,1.025008202
1777872984.165635,1855,1.025018215
1777872985.118717,1856,1.025033593
1777872985.981695,1857,1.025049925
1777872986.936092,1858,1.025064945
1777872988.110942,1859,1.025081038
1777872989.122344,1860,1.025091648
1777872990.027750,1861,1.025096536
1777872991.005764,1862,1.025105953
1777872992.032029,1863,1.025113463
1777872993.167279,1864,1.025126696
1777872994.248971,1865,1.025143623
1777872995.234929,1866,1.02515626
1777872996.180228,1867,1.025169611
1777872997.100197,1868,1.025180578
1777872998.010818,1869,1.025193572
1777872999.098233,1870,1.025213242
1777873000.164016,1871,1.025233746
1777873001.037188,1872,1.025244713
1777873001.916096,1873,1.025261402
1777873002.762478,1874,1.025282741
1777873003.805213,1875,1.025303006
1777873004.760034,1876,1.025319099
1777873005.679591,1877,1.025337338
1777873006.489818,1878,1.025355816
1777873007.266119,1879,1.025377035
1777873008.098538,1880,1.025400162
1777873008.995094,1881,1.025419354
1777873009.896860,1882,1.025434971
1777873010.726992,1883,1.025453448
1777873011.633193,1884,1.025471926
1777873012.539762,1885,1.025491238
1777873013.397495,1886,1.025514722
1777873014.301576,1887,1.025533557
1777873015.158025,1888,1.02555263
1777873016.012498,1889,1.025565505
1777873016.843578,1890,1.025575757
1777873017.731281,1891,1.025589228
1777873018.558635,1892,1.025608897
1777873019.481187,1893,1.025627375
1777873020.409315,1894,1.025648952
1777873021.214477,1895,1.02566874
1777873022.037079,1896,1.025683284
1777873022.997857,1897,1.025697947
1777873023.873096,1898,1.025718451
1777873024.716224,1899,1.025740027
1777873025.597863,1900,1.025760293
1777873026.523824,1901,1.025780082
1777873027.473456,1902,1.025797963
1777873028.725332,1903,1.0258075
1777873029.603487,1904,1.025814414
1777873030.445041,1905,1.025829434
1777873031.437346,1906,1.025844693
1777873032.293936,1907,1.025861502
1777873033.161086,1908,1.025881767
1777873034.116494,1909,1.025903821
1777873035.092257,1910,1.025924087
1777873036.056415,1911,1.02594173
1777873037.072591,1912,1.025969028
1777873037.982956,1913,1.02599144
1777873038.867412,1914,1.026013136
1777873039.752485,1915,1.026036263
1777873040.592210,1916,1.026058793
1777873041.436677,1917,1.026077747
1777873042.329148,1918,1.026092529
1777873043.523037,1919,1.026111245
1777873044.591028,1920,1.026132941
1777873045.725211,1921,1.026159286
1777873046.529188,1922,1.02618444
1777873047.406162,1923,1.026203394
1777873048.243030,1924,1.026218057
1777873049.069960,1925,1.026230693
1777873049.888174,1926,1.026243806
1777873050.720007,1927,1.026259184
1777873051.628224,1928,1.026279926
1777873052.437080,1929,1.026302576
1777873053.208967,1930,1.026325107
1777873054.027911,1931,1.026344419
1777873054.909102,1932,1.026358962
1777873055.884238,1933,1.026366711
1777873056.783816,1934,1.026376963
1777873057.603568,1935,1.026386738
1777873058.428025,1936,1.026402235
1777873059.311639,1937,1.026418328
1777873060.203741,1938,1.026437044
1777873061.230216,1939,1.026455879
1777873062.383859,1940,1.026466966
1777873063.464920,1941,1.026474714
1777873064.700005,1942,1.026477814
1777873065.861766,1943,1.026480436
1777873067.154262,1944,1.026489139
1777873068.350945,1945,1.026504755
1777873069.454114,1946,1.026526213
1777873070.570258,1947,1.026548028
1777873071.680564,1948,1.026571751
1777873072.755458,1949,1.026597023
1777873073.966530,1950,1.026620269
1777873075.183413,1951,1.026640892
1777873076.363225,1952,1.026659131
1777873077.659017,1953,1.026680827
1777873078.873268,1954,1.026704431
1777873080.076565,1955,1.026733637
1777873081.273509,1956,1.026756167
1777873082.425560,1957,1.026776195
1777873083.643457,1958,1.026793242
1777873084.902488,1959,1.026810527
1777873085.974528,1960,1.026830435
1777873087.135855,1961,1.026851058
1777873088.350294,1962,1.026874065
1777873089.462015,1963,1.026892185
1777873090.598389,1964,1.026916385
1777873091.790959,1965,1.026937127
1777873092.887865,1966,1.026955485
1777873094.072594,1967,1.026978135
1777873095.200107,1968,1.026999712
1777873096.309601,1969,1.027025104
1777873097.386207,1970,1.027048469
1777873098.516472,1971,1.027069092
1777873099.668034,1972,1.027083039
1777873100.923713,1973,1.027103543
1777873102.207688,1974,1.027127504
1777873103.252563,1975,1.027146339
1777873104.399179,1976,1.027159572
1777873105.543962,1977,1.027173877
1777873106.653481,1978,1.027189851
1777873107.457053,1979,1.027208686
1777873108.307380,1980,1.027223706
1777873109.148657,1981,1.027237892
1777873109.922806,1982,1.027258635
1777873110.815423,1983,1.027284026
1777873111.723297,1984,1.027309179
1777873112.553032,1985,1.027335048
1777873113.417112,1986,1.027360916
1777873114.264258,1987,1.027380109
1777873115.077786,1988,1.027399063
1777873115.963765,1989,1.027417898
1777873116.859494,1990,1.027440667
1777873117.784858,1991,1.027468085
1777873118.611593,1992,1.027496576
1777873119.351871,1993,1.027521849
1777873120.084438,1994,1.027540922
1777873120.978397,1995,1.02755475
1777873121.831625,1996,1.027561545
1777873122.728631,1997,1.027567387
1777873123.597250,1998,1.027575493
1777873124.439240,1999,1.027587414
1777873125.372934,2000,1.027601719
1777873126.259737,2001,1.027617097
1777873127.053798,2002,1.027628422
1777873127.803060,2003,1.027633905
1777873128.610970,2004,1.027631998
1777873129.441621,2005,1.027630806
1777873130.286736,2006,1.02763474
1777873131.119798,2007,1.027642608
1777873131.976261,2008,1.027656078
1777873132.804358,2009,1.027673125
1777873133.621456,2010,1.027690887
1777873134.488664,2011,1.027703524
1777873135.342805,2012,1.027710795
1777873136.277210,2013,1.027723789
1777873137.077486,2014,1.02774179
1777873138.027096,2015,1.027764797
1777873138.904365,2016,1.027787685
1777873139.864830,2017,1.027818799
1777873141.021701,2018,1.027848601
1777873142.159721,2019,1.02787149
1777873143.253462,2020,1.027890325
1777873144.469698,2021,1.027915716
1777873145.368919,2022,1.027940035
1777873146.291894,2023,1.027964711
1777873147.339906,2024,1.027991772
1777873148.466545,2025,1.028019667
1777873149.606876,2026,1.028045774
1777873150.856836,2027,1.028071642
1777873152.032786,2028,1.028091788
1777873153.121143,2029,1.028110027
1777873154.331420,2030,1.028125286
1777873155.519847,2031,1.028140068
1777873156.758346,2032,1.028155923
1777873158.012226,2033,1.028175712
1777873159.121090,2034,1.028194308
1777873160.303661,2035,1.028206706
1777873161.510169,2036,1.028215647
1777873162.807124,2037,1.028220296
1777873164.043650,2038,1.028221726
1777873165.364955,2039,1.028226733
1777873166.593416,2040,1.02823472
1777873167.897294,2041,1.028248072
1777873169.167057,2042,1.028265119
1777873170.485866,2043,1.028280497
1777873171.736203,2044,1.02829349
1777873172.933887,2045,1.028303504
1777873174.134728,2046,1.028309226
1777873175.315477,2047,1.028315902
1777873176.590909,2048,1.028324842
1777873177.847847,2049,1.028337121
1777873179.025020,2050,1.028346539
1777873180.335855,2051,1.028357387
1777873181.571927,2052,1.02837038
1777873182.828467,2053,1.028376937
1777873184.010313,2054,1.028381824
1777873185.087338,2055,1.028387308
1777873186.224437,2056,1.028394461
1777873187.446885,2057,1.028406143
1777873188.593453,2058,1.028418899
1777873189.680972,2059,1.028437614
1777873190.766480,2060,1.028460741
1777873191.910787,2061,1.028478861
1777873193.009985,2062,1.02849257
1777873194.097809,2063,1.028504848
1777873195.323996,2064,1.028518796
1777873196.475347,2065,1.028532386
1777873197.688362,2066,1.028546453
1777873199.069123,2067,1.028563857
1777873200.246530,2068,1.028580308
1777873201.390793,2069,1.028596163
1777873202.513901,2070,1.028618217
1777873203.636846,2071,1.028639436
1777873204.764655,2072,1.028657079
1777873205.938681,2073,1.028675318
1777873207.223547,2074,1.028695822
1777873208.466940,2075,1.028718829
1777873209.663896,2076,1.028743267
1777873210.798662,2077,1.028766513
1777873211.784271,2078,1.028786659
1777873212.855617,2079,1.028802633
1777873213.944766,2080,1.028825879
1777873214.988614,2081,1.028852224
1777873216.042548,2082,1.028879881
1777873217.217083,2083,1.028908491
1777873218.319545,2084,1.028931618
1777873219.510054,2085,1.028952003
1777873220.707836,2086,1.028971195
1777873221.864471,2087,1.028995156
1777873223.030775,2088,1.029017925
1777873224.172907,2089,1.029040694
1777873232.601244,2090,1.029061794
1777873233.940432,2091,1.029086351
1777873235.099390,2092,1.029110193
1777873236.328985,2093,1.029136777
1777873237.518843,2094,1.029160976
1777873238.676775,2095,1.029182553
1777873239.966561,2096,1.029207349
1777873241.090946,2097,1.029231191
1777873241.975162,2098,1.029252648
1777873242.827216,2099,1.029272199
1777873243.891690,2100,1.029290199
1777873244.763688,2101,1.029305458
1777873245.688876,2102,1.029319286
1777873246.757478,2103,1.029332042
1777873247.821824,2104,1.029340506
1777873248.873891,2105,1.029346228
1777873250.008805,2106,1.029350996
1777873251.121824,2107,1.029355526
1777873252.295913,2108,1.029359818
1777873253.485516,2109,1.02936101
1777873254.437221,2110,1.029362321
1777873255.483105,2111,1.029367447
1777873256.691710,2112,1.029378176
1777873257.852680,2113,1.029390335
1777873258.980126,2114,1.029404759
1777873260.136822,2115,1.029417872
1777873261.110080,2116,1.029431343
1777873262.263009,2117,1.029444814
1777873263.281985,2118,1.029462099
1777873264.398678,2119,1.029482603
1777873265.511956,2120,1.029498696
1777873266.569716,2121,1.029514194
1777873267.406435,2122,1.029529452
1777873268.276818,2123,1.029543281
1777873269.031709,2124,1.029560804
1777873269.831528,2125,1.029576182
1777873270.672863,2126,1.029593825
1777873271.577679,2127,1.029612184
1777873272.760944,2128,1.029634118
1777873273.931769,2129,1.029654264
1777873275.028642,2130,1.029672623
1777873276.199842,2131,1.029688001
1777873277.413377,2132,1.029699564
1777873278.580882,2133,1.029716969
1777873279.820246,2134,1.029733419
1777873281.048549,2135,1.029750586
1777873282.359108,2136,1.029768944
1777873283.580032,2137,1.029782772
1777873284.889680,2138,1.029792547
1777873286.090682,2139,1.029799342
1777873287.299740,2140,1.02980864
1777873288.547298,2141,1.029818416
1777873289.765069,2142,1.029828548
1777873290.965085,2143,1.029840231
1777873292.129328,2144,1.02985239
1777873293.315123,2145,1.029860854
1777873294.557714,2146,1.029865265
1777873295.629570,2147,1.02986598
1777873296.713519,2148,1.029870272
1777873297.861291,2149,1.029878855
1777873299.082588,2150,1.029891133
1777873300.255592,2151,1.029906631
1777873301.410909,2152,1.029926062
1777873302.642233,2153,1.029939294
1777873303.825519,2154,1.029950619
1777873305.085854,2155,1.029959202
1777873306.179450,2156,1.029965281
1777873307.453209,2157,1.029974103
1777873308.606448,2158,1.029979944
1777873309.791539,2159,1.029989123
1777873310.911927,2160,1.030000567
1777873312.013035,2161,1.030016661
1777873313.151524,2162,1.030031919
1777873314.209606,2163,1.030044317
1777873315.220284,2164,1.030054808
1777873316.358554,2165,1.030063629
1777873317.563436,2166,1.030072451
1777873318.749423,2167,1.03008008
1777873319.924998,2168,1.030089498
1777873321.139997,2169,1.03009963
1777873322.473387,2170,1.030109525
1777873323.864838,2171,1.030120611
1777873324.976205,2172,1.030134439
1777873325.892670,2173,1.030146837
1777873326.719758,2174,1.03015554
1777873327.546294,2175,1.030163884
1777873328.374799,2176,1.030172348
1777873329.261017,2177,1.030182719
1777873330.147816,2178,1.030198693
1777873330.915352,2179,1.030215025
1777873331.723639,2180,1.030232549
1777873332.579725,2181,1.030248284
1777873333.493505,2182,1.030261993
1777873334.449131,2183,1.030275106
1777873335.470512,2184,1.030287027
1777873336.670759,2185,1.030299664
1777873337.672387,2186,1.030318022
1777873338.773016,2187,1.030334711
1777873339.834221,2188,1.030348063
1777873340.889277,2189,1.03036046
1777873341.918184,2190,1.030370355
1777873342.998096,2191,1.030380368
1777873344.102366,2192,1.030392289
1777873345.207587,2193,1.030406237
1777873346.346205,2194,1.030423045
1777873347.472471,2195,1.030441403
1777873348.590424,2196,1.030454159
1777873349.637739,2197,1.030465603
1777873350.819595,2198,1.030478358
1777873351.967798,2199,1.030487537
1777873353.149908,2200,1.030497074
1777873354.266161,2201,1.030508161
1777873355.378848,2202,1.030524254
1777873356.520885,2203,1.030541182
1777873357.663177,2204,1.030560732
1777873358.863446,2205,1.030582428
1777873359.998958,2206,1.030602694
1777873361.136878,2207,1.030620217
1777873362.355976,2208,1.030638933
1777873363.659290,2209,1.030654788
1777873364.906283,2210,1.03066802
1777873366.212874,2211,1.030682921
1777873367.475295,2212,1.030697823
1777873368.747667,2213,1.030714273
1777873370.060929,2214,1.030733943
1777873371.189930,2215,1.030751944
1777873372.434273,2216,1.030767083
1777873373.556002,2217,1.030778289
1777873374.674406,2218,1.030790448
1777873375.892853,2219,1.0308007
1777873377.191909,2220,1.030809522
1777873378.310428,2221,1.030821323
1777873379.466038,2222,1.030834198
1777873380.620180,2223,1.03085041
1777873381.778372,2224,1.030866981
1777873382.977472,2225,1.030881643
1777873384.183887,2226,1.030893445
1777873385.483230,2227,1.030903697
1777873386.668108,2228,1.030911803
1777873387.846892,2229,1.030919909
1777873389.026000,2230,1.030932188
1777873581.376887,2232,1.030957937
1777873582.513376,2233,1.030972362
1777873583.592479,2234,1.030988216
1777873584.669037,2235,1.03100276
1777873585.935114,2236,1.031016111
1777873587.166737,2237,1.031028509
1777873588.468704,2238,1.031040907
1777873589.640716,2239,1.031051755
1777873590.769911,2240,1.03106463
1777873591.940468,2241,1.0310812
1777873593.048522,2242,1.031099677
1777873594.277956,2243,1.031119943
1777873595.595334,2244,1.031135559
1777873596.809811,2245,1.031146407
1777873597.956074,2246,1.031154037
1777873599.204268,2247,1.031159043
1777873600.346703,2248,1.031162143
1777873601.627469,2249,1.031169415
1777873602.873574,2250,1.031175017
1777873604.724763,2251,1.03118372
1777873606.082463,2252,1.031195045
1777873607.290574,2253,1.03120935
1777873608.604106,2254,1.031225681
1777873609.877221,2255,1.031239867
1777873611.108873,2256,1.031251192
1777873612.293084,2257,1.031262159
1777873613.613380,2258,1.031271338
1777873614.904361,2259,1.031279922
1777873616.141859,2260,1.031288862
1777873617.443041,2261,1.031301022
1777873618.691521,2262,1.031314015
1777873619.874887,2263,1.031326532
1777873621.068080,2264,1.031342149
1777873622.243265,2265,1.0313586
1777873623.470097,2266,1.031378269
1777873624.618474,2267,1.031399608
1777873625.832151,2268,1.031419635
1777873626.979779,2269,1.031436086
1777873628.095601,2270,1.031449556
1777873629.244548,2271,1.031464338
1777873630.396178,2272,1.03148067
1777873631.548209,2273,1.031496406
1777873632.645919,2274,1.031511188
1777873633.695998,2275,1.031524777
1777873634.932947,2276,1.031536222
1777873636.138873,2277,1.031545877
1777873637.312188,2278,1.031554103
1777873638.437061,2279,1.031560898
1777873639.447034,2280,1.031570315
1777873640.543352,2281,1.031579852
1777873641.686402,2282,1.031591773
1777873642.790145,2283,1.031604886
1777873644.103301,2284,1.031619072
1777873645.227155,2285,1.031634688
1777873646.414292,2286,1.031651497
1777873647.636041,2287,1.031666875
1777873648.722989,2288,1.031680942
1777873649.754236,2289,1.031692266
1777873650.891864,2290,1.031703472
1777873652.080615,2291,1.031714559
1777873653.227601,2292,1.031723142
1777873654.375184,2293,1.031732678
1777873655.513789,2294,1.031744242
1777873656.943740,2295,1.031756997
1777873658.194717,2296,1.031770706
1777873659.582505,2297,1.031783462
1777873660.800985,2298,1.03179276
1777873661.974043,2299,1.031799078
1777873663.314013,2300,1.031805396
1777873664.455968,2301,1.031811357
1777873665.650080,2302,1.031816721
1777873666.833407,2303,1.031821847
1777873667.945900,2304,1.031829715
1777873668.911836,2305,1.031841397
1777873669.683132,2306,1.031854272
1777873670.537716,2307,1.031867385
1777873671.367992,2308,1.031882167
1777873672.287548,2309,1.031897068
1777873673.092748,2310,1.031912684
1777873673.917807,2311,1.031926513
1777873674.745034,2312,1.031939864
1777873675.531692,2313,1.031951189
1777873676.400121,2314,1.031963706
1777873677.283183,2315,1.031979084
1777873678.073318,2316,1.031993389
1777873678.863709,2317,1.032007813
1777873679.702670,2318,1.032019377
1777873680.539771,2319,1.032031417
1777873681.372721,2320,1.032042384
1777873682.256546,2321,1.032052398
1777873683.147376,2322,1.032063127
1777873684.041128,2323,1.032075882
1777873684.881061,2324,1.032090664
1777873685.713245,2325,1.032107115
1777873686.545001,2326,1.032121062
1777873687.414179,2327,1.032135844
1777873688.306504,2328,1.032147646
1777873689.145253,2329,1.032156587
1777873689.985379,2330,1.032165289
1777873690.811315,2331,1.032172441
1777873691.669758,2332,1.032180786
1777873692.397251,2333,1.032188892
1777873693.284526,2334,1.032198668
1777873694.154250,2335,1.032207847
1777873694.936667,2336,1.032217622
1777873695.757909,2337,1.032225966
1777873696.641951,2338,1.032235742
1777873697.458423,2339,1.03224647
1777873698.301954,2340,1.03226006
1777873699.256072,2341,1.032275796
1777873700.129542,2342,1.032290339
1777873700.954221,2343,1.032302022
1777873701.784173,2344,1.032312989
1777873702.588270,2345,1.032323122
1777873703.370190,2346,1.03233254
1777873704.163792,2347,1.032342672
1777873704.983573,2348,1.03235507
1777873705.787443,2349,1.032369137
1777873706.559635,2350,1.032383561
1777873707.441361,2351,1.032399654
1777873708.312062,2352,1.032412887
1777873709.228275,2353,1.032423377
1777873710.072041,2354,1.03243041
1777873710.890261,2355,1.032436132
1777873711.748030,2356,1.032440543
1777873712.665300,2357,1.032444239
1777873713.468341,2358,1.032449245
1777873714.388466,2359,1.032455325
1777873715.293418,2360,1.032463551
1777873716.189253,2361,1.032473087
1777873717.016423,2362,1.032484889
1777873717.826165,2363,1.032494426
1777873718.715160,2364,1.032501936
1777873719.620365,2365,1.032507062
1777873720.563392,2366,1.032513142
1777873721.434666,2367,1.032517552
1777873722.358472,2368,1.032522559
1777873723.251653,2369,1.032529235
1777873724.169908,2370,1.032538056
1777873725.043486,2371,1.032548785
1777873725.932000,2372,1.032559156
1777873726.722372,2373,1.032568336
1777873727.498976,2374,1.03257823
1777873728.424810,2375,1.032585025
1777873729.351552,2376,1.032593846
1777873730.250924,2377,1.03260088
1777873731.190520,2378,1.032607198
1777873732.039613,2379,1.032614112
1777873732.862579,2380,1.032622695
1777873733.714836,2381,1.032632947
1777873734.637036,2382,1.032643199
1777873735.495761,2383,1.03265512
1777873736.394534,2384,1.032669187
1777873737.219542,2385,1.032681227
1777873738.093277,2386,1.032694817
1777873738.974713,2387,1.032705069
1777873739.817878,2388,1.03271246
1777873740.631255,2389,1.032719016
1777873741.544401,2390,1.03272748
1777873742.445402,2391,1.032735825
1777873743.330271,2392,1.032745242
1777873744.199588,2393,1.032755852
1777873745.072535,2394,1.032765627
1777873746.057926,2395,1.03277576
1777873747.006655,2396,1.032786608
1777873747.932802,2397,1.032797217
1777873748.834603,2398,1.0328089
1777873749.759466,2399,1.032822967
1777873750.637408,2400,1.032838345
1777873751.515422,2401,1.032853723
1777873752.371370,2402,1.032867908
1777873753.377930,2403,1.032881737
1777873754.271636,2404,1.032894969
1777873755.071029,2405,1.032907128
1777873755.818356,2406,1.032919526
1777873756.774760,2407,1.032931447
1777873757.675337,2408,1.032942295
1777873758.477343,2409,1.032952428
1777873759.267879,2410,1.032963634
1777873760.141041,2411,1.032975078
1777873761.166117,2412,1.032984734
1777873762.122046,2413,1.032996893
1777873763.387637,2414,1.033008099
1777873764.555821,2415,1.03301847
1777873765.588335,2416,1.033026576
1777873766.411819,2417,1.033033013
1777873767.144969,2418,1.033041954
1777873767.963718,2419,1.033051729
1777873768.753168,2420,1.033062458
1777873769.576182,2421,1.03307271
1777873770.297996,2422,1.033082128
1777873771.217623,2423,1.033090115
1777873772.021108,2424,1.033098817
1777873772.767415,2425,1.0331074
1777873773.566974,2426,1.033115268
1777873774.332895,2427,1.033124208
1777873775.209614,2428,1.03313446
1777873776.033131,2429,1.033143997
1777873776.883096,2430,1.033153534
1777873777.755512,2431,1.033162117
1777873778.671381,2432,1.033169746
1777873779.625824,2433,1.033177257
1777873780.474730,2434,1.033185482
1777873781.327386,2435,1.033195376
1777873782.194281,2436,1.033206105
1777873783.011010,2437,1.033218145
1777873783.921928,2438,1.033228874
1777873784.785605,2439,1.033239126
1777873785.615414,2440,1.033247471
1777873786.527693,2441,1.033255935
1777873787.439812,2442,1.033263803
1777873788.266716,2443,1.033271194
1777873789.183367,2444,1.033280253
1777873789.955122,2445,1.033291817
1777873790.752759,2446,1.033302903
1777873791.528143,2447,1.033315539
1777873792.346908,2448,1.033330321
1777873793.111818,2449,1.033344746
1777873793.937795,2450,1.033358216
1777873794.764251,2451,1.033372998
1777873795.544446,2452,1.033385158
1777873796.307588,2453,1.033395886
1777873797.254699,2454,1.033406377
1777873798.140446,2455,1.033414841
1777873799.303016,2456,1.033421636
1777873800.477007,2457,1.033429384
1777873801.724021,2458,1.033440232
1777873802.988568,2459,1.033451319
1777873804.291362,2460,1.033462524
1777873805.441273,2461,1.033472896
1777873806.706310,2462,1.033481359
1777873807.757291,2463,1.033489347
1777873808.846170,2464,1.033497334
1777873809.989228,2465,1.033506155
1777873811.041329,2466,1.033514261
1777873812.117465,2467,1.033523798
1777873813.345633,2468,1.033534765
1777873814.398931,2469,1.033546567
1777873815.649423,2470,1.033557773
1777873816.892221,2471,1.033568263
1777873818.064840,2472,1.033577561
1777873819.319952,2473,1.033587217
1777873820.516614,2474,1.033595324
1777873821.820466,2475,1.033605218
1777873823.003337,2476,1.033615589
1777873824.078820,2477,1.03362596
1777873825.097741,2478,1.033635974
1777873826.178730,2479,1.033648014
1777873827.216911,2480,1.033658981
1777873828.403843,2481,1.033669591
1777873829.589439,2482,1.033677936
1777873830.730881,2483,1.033686399
1777873831.930449,2484,1.033695459
1777873833.116771,2485,1.033703804
1777873834.390815,2486,1.033712268
1777873835.538080,2487,1.033722281
1777873836.654237,2488,1.03373301
1777873837.721942,2489,1.033742309
1777873838.941655,2490,1.033751607
1777873840.114029,2491,1.033758521
1777873841.256843,2492,1.03376472
1777873842.302434,2493,1.033769131
1777873843.420302,2494,1.033774376
1777873844.517720,2495,1.03377831
1777873845.592751,2496,1.033782363
1777873846.737684,2497,1.033787966
1777873847.827533,2498,1.033792734
1777873848.910569,2499,1.033798099
1777873850.016844,2500,1.033804297
1777873851.082139,2501,1.033811569
1777873852.104929,2502,1.033819795
1777873853.172122,2503,1.033830166
1777873854.313519,2504,1.033839822
1777873855.445468,2505,1.033849359
1777873856.502666,2506,1.033857465
1777873857.683857,2507,1.033863783
1777873858.898407,2508,1.033869386
1777873859.999645,2509,1.03387475
1777873861.085505,2510,1.03387928
1777873862.140712,2511,1.033883929
1777873863.253213,2512,1.033889771
1777873864.244963,2513,1.033895731
1777873865.384823,2514,1.033902287
1777873866.513168,2515,1.033910394
1777873867.572626,2516,1.033918619
1777873868.611398,2517,1.033927321
1777873869.633167,2518,1.033935189
1777873870.705671,2519,1.033942461
1777873871.746889,2520,1.033948541
1777873872.935622,2521,1.033954024
1777873874.106522,2522,1.033960342
1777873875.272611,2523,1.033965468
1777873876.399341,2524,1.033968925
1777873877.396154,2525,1.033972621
1777873878.577280,2526,1.033976197
1777873879.635401,2527,1.033980727
1777873880.667787,2528,1.03398633
1777873881.815423,2529,1.033993006
1777873882.977912,2530,1.034000158
1777873884.133894,2531,1.034007192
1777873885.263258,2532,1.034014344
1777873886.269454,2533,1.034022689
1777873887.352419,2534,1.034030914
1777873888.490384,2535,1.034038663
1777873889.715721,2536,1.034046888
1777873890.871067,2537,1.034054756
1777873891.909199,2538,1.034063339
1777873893.240050,2539,1.034072518
1777873894.536797,2540,1.034080505
1777873895.732359,2541,1.034087539
1777873896.938393,2542,1.034094214
1777873898.245208,2543,1.034102321
1777873899.471414,2544,1.034108996
1777873900.685802,2545,1.034116626
1777873901.670263,2546,1.034125209
1777873902.837863,2547,1.034134865
1777873904.061089,2548,1.034144044
1777873905.211287,2549,1.034152031
1777873906.439861,2550,1.034159541
1777873907.741330,2551,1.034167767
1777873908.905326,2552,1.034176469
1777873910.186992,2553,1.034183979
1777873911.370985,2554,1.03418982
1777873912.641930,2555,1.034195781
1777873913.815538,2556,1.034202576
1777873914.986829,2557,1.034210086
1777873916.302425,2558,1.034217119
1777873917.512233,2559,1.034225941
1777873918.734263,2560,1.034235001
1777873920.068317,2561,1.034243941
1777873921.099605,2562,1.03425169
1777873922.299453,2563,1.034258485
1777873923.472241,2564,1.034265995
1777873924.491052,2565,1.034271717
1777873925.732842,2566,1.034277439
1777873926.983060,2567,1.034281492
1777873928.115918,2568,1.034286022
1777873929.234770,2569,1.034291267
1777873930.371223,2570,1.034296989
1777873931.604747,2571,1.034301877
1777873932.735765,2572,1.034306645
1777873933.883186,2573,1.034312248
1777873935.157849,2574,1.034317493
1777873936.371317,2575,1.034322381
1777873937.551672,2576,1.034326553
1777873938.832077,2577,1.034330606
1777873940.053702,2578,1.034333825
1777873941.128864,2579,1.034337759
1777873942.267058,2580,1.034340739
1777873943.427100,2581,1.034343719
1777873944.663459,2582,1.034346461
1777873945.862963,2583,1.034350276
1777873947.065359,2584,1.034353971
1777873948.150110,2585,1.034359336
1777873949.309562,2586,1.034365177
1777873950.548265,2587,1.034371138
1777873951.813227,2588,1.034377813
1777873952.961076,2589,1.03438437
1777873954.156463,2590,1.03439045
1777873955.300161,2591,1.034396887
1777873956.492704,2592,1.034403682
1777873957.632412,2593,1.034409761
1777873958.852754,2594,1.034416318
1777873960.091525,2595,1.034422517
1777873961.306377,2596,1.034428477
1777873962.415936,2597,1.034434319
1777873963.427544,2598,1.034440756
1777873964.564953,2599,1.034446359
1777873965.819184,2600,1.034452319
1777873966.976863,2601,1.034457803
1777873968.111958,2602,1.034463644
1777873969.245748,2603,1.034470081
1777873970.291936,2604,1.034476638
1777873971.458244,2605,1.034483314
1777873972.649234,2606,1.034490228
1777873973.816041,2607,1.034496903
1777873974.965219,2608,1.034502387
1777873976.155533,2609,1.034506798
1777873977.280189,2610,1.034511566
1777873978.429988,2611,1.034515619
1777873979.541761,2612,1.034520745
1777873980.482000,2613,1.03452611
1777873981.339033,2614,1.034531236
1777873982.382562,2615,1.034537196
1777873983.528069,2616,1.034543514
1777873984.786401,2617,1.034549594
1777873986.043074,2618,1.034556508
1777873987.277874,2619,1.034562349
1777873988.383467,2620,1.034567237
1777873989.501593,2621,1.034571052
1777873990.632130,2622,1.034574151
1777874000.328777,2623,1.03457737
1777874001.605285,2624,1.0345819
1777874002.602787,2625,1.034586906
1777874003.472063,2626,1.034591675
1777874004.569231,2627,1.034597635
1777874005.471162,2628,1.034603357
1777874006.564601,2629,1.034609437
1777874007.708034,2630,1.03461659
1777874008.778844,2631,1.034623504
1777874009.993898,2632,1.034629822
1777874011.163995,2633,1.034635782
1777874012.420089,2634,1.034641862
1777874013.581991,2635,1.034647107
1777874014.773299,2636,1.034651875
1777874015.847846,2637,1.034655929
1777874017.023328,2638,1.034659028
1777874018.034366,2639,1.03466177
1777874019.240576,2640,1.034664035
1777874027.462595,2641,1.034666419
1777874028.828295,2642,1.034669638
1777874030.017741,2643,1.034673691
1777874030.799536,2644,1.034678817
1777874031.659929,2645,1.034684062
1777874032.804668,2646,1.034689546
1777874033.900875,2647,1.03469491
1777874035.086849,2648,1.034699917
1777874036.215811,2649,1.03470397
1777874037.446710,2650,1.034708738
1777874038.652596,2651,1.034712791
1777874039.860309,2652,1.034716845
1777874041.065256,2653,1.034720302
1777874042.312674,2654,1.034724951
1777874043.442306,2655,1.034730077
1777874044.568204,2656,1.034733772
1777874045.649728,2657,1.034736991
1777874046.766898,2658,1.03474021
1777874048.119214,2659,1.034743428
1777874049.103255,2660,1.034746051
1777874050.163469,2661,1.034748316
1777874051.510044,2662,1.034751296
1777874052.702385,2663,1.034754515
1777874053.778334,2664,1.034758449
1777874054.969735,2665,1.034762502
1777874056.182886,2666,1.034766793
1777874057.482313,2667,1.034770846
1777874058.738784,2668,1.03477478
1777874060.025330,2669,1.034778118
1777874061.184310,2670,1.034780383
1777874062.431910,2671,1.034782052
1777874063.712978,2672,1.034784317
1777874064.639212,2673,1.034785509
1777874065.464177,2674,1.034786701
1777874066.454949,2675,1.034788609
1777874067.583973,2676,1.03479147
1777874068.768476,2677,1.034794927
1777874069.941602,2678,1.034799576
1777874070.786379,2679,1.034804225
1777874071.625499,2680,1.034809828
1777874072.550932,2681,1.034816384
1777874073.609841,2682,1.034822226
1777874074.652127,2683,1.03482759
1777874075.729503,2684,1.034832716
1777874076.613236,2685,1.034837246
1777874077.434725,2686,1.034840822
1777874078.258159,2687,1.034843683
1777874079.185665,2688,1.034846783
1777874080.035835,2689,1.034849644
1777874080.873413,2690,1.034852266
1777874081.704405,2691,1.03485477
1777874082.535847,2692,1.034857273
1777874083.455586,2693,1.03486073
1777874084.353337,2694,1.034864306
1777874085.290051,2695,1.034868598
1777874086.122685,2696,1.03487289
1777874086.899505,2697,1.034877419
1777874087.720680,2698,1.034881949
1777874088.761193,2699,1.034886241
1777874089.817669,2700,1.034889936
1777874091.001422,2701,1.034892917
1777874092.290854,2702,1.034895539
1777874093.414146,2703,1.034898162
1777874094.545836,2704,1.034900784
1777874095.734288,2705,1.034903407
1777874096.944389,2706,1.03490591
1777874098.126332,2707,1.034908891
1777874099.443807,2708,1.034911513
1777874100.660161,2709,1.034914851
1777874101.867275,2710,1.034917951
1777874103.004000,2711,1.034921527
1777874104.169289,2712,1.034925818
1777874105.388109,2713,1.034930229
1777874106.232981,2714,1.034934878
1777874107.346729,2715,1.034938931
1777874108.381066,2716,1.034943223
1777874109.478833,2717,1.034947276
1777874110.662966,2718,1.034951329
1777874111.825720,2719,1.034955025
1777874112.984869,2720,1.034958243
1777874113.988292,2721,1.034961104
1777874114.881335,2722,1.034963608
1777874115.655327,2723,1.034966111
1777874116.702080,2724,1.034968734
1777874117.862729,2725,1.034971714
1777874118.724274,2726,1.034974337
1777874119.611565,2727,1.034977198
1777874120.480643,2728,1.034979701
1777874121.527083,2729,1.034981966
1777874122.669093,2730,1.034984231
1777874123.925148,2731,1.034987092
1777874125.094501,2732,1.034989834
