wall_time,step,value
1777869681.979833,0,2.389586449
1777869683.378814,1,2.185422182
1777869684.641622,2,2.236537933
1777869685.943649,3,2.276602268
1777869687.212374,4,2.428811073
1777869688.532991,5,2.262219906
1777869689.712775,6,2.28451395
1777869690.977702,7,2.229078293
1777869692.459831,8,2.30521965
1777869694.178997,9,2.134002924
1777869695.795053,10,2.259056568
1777869696.940208,11,2.181380749
1777869698.267398,12,2.34233284
1777869699.604176,13,2.265799999
1777869701.087253,14,2.201998711
1777869702.359569,15,2.294778347
1777869703.885431,16,2.26782465
1777869705.447656,17,2.36769557
1777869706.549485,18,2.19670248
1777869707.913486,19,2.143211365
1777869709.196339,20,2.265096426
1777869710.436707,21,2.243609428
1777869711.629364,22,2.276823521
1777869712.820301,23,2.112222672
1777869714.244211,24,2.194664478
1777869715.505034,25,2.236110687
1777869716.697772,26,2.143613815
1777869717.963018,27,2.248369694
1777869719.207277,28,2.192980289
1777869720.356555,29,2.236717224
1777869721.696809,30,2.171281099
1777869722.913238,31,2.220827579
1777869724.227132,32,2.104643822
1777869725.583090,33,2.0929842
1777869726.854533,34,2.148951054
1777869728.047357,35,2.139035225
1777869729.274767,36,2.159612656
1777869730.561017,37,2.217819929
1777869731.760810,38,2.257124424
1777869732.992616,39,2.141777754
1777869734.425931,40,2.22999239
1777869735.712833,41,2.149613857
1777869736.919163,42,2.10815382
1777869738.209743,43,2.212576151
1777869739.513827,44,2.1305902
1777869740.766518,45,2.093323708
1777869742.039070,46,2.136842251
1777869743.230159,47,2.084846735
1777869744.459528,48,2.14730072
1777869745.671648,49,2.13138628
1777869746.762040,50,2.090126991
1777869748.005749,51,2.050504208
1777869749.227118,52,2.129503727
1777869750.436142,53,2.134505272
1777869751.648527,54,2.095454693
1777869752.869299,55,2.089267254
1777869754.077706,56,2.062868595
1777869755.246056,57,2.020843506
1777869756.437899,58,2.007511139
1777869757.976485,59,2.054590225
1777869758.924454,60,2.053353786
1777869760.122205,61,2.027232409
1777869761.272904,62,1.997837305
1777869762.535222,63,2.051956654
1777869763.702814,64,2.094887257
1777869764.996830,65,2.033151627
1777869766.240784,66,2.053508043
1777869767.755202,67,2.04433012
1777869768.642254,68,2.036838055
1777869769.842566,69,2.031941891
1777869771.243788,70,2.021873236
1777869772.718034,71,2.006763935
1777869774.034254,72,1.984588146
1777869775.291047,73,1.969620705
1777869776.543176,74,2.021253109
1777869777.883109,75,2.033897161
1777869779.193473,76,2.046631336
1777869780.525424,77,1.985565424
1777869781.871936,78,2.01188302
1777869783.248665,79,2.025381327
1777869784.514103,80,1.980436683
1777869785.845640,81,2.007133484
1777869787.152713,82,1.986297607
1777869788.380016,83,1.977970362
1777869789.630453,84,1.942077875
1777869790.928863,85,2.022121668
1777869792.123237,86,1.958172917
1777869793.305777,87,1.986383438
1777869794.491505,88,1.951216698
1777869795.587188,89,1.874979258
1777869796.828643,90,1.996744156
1777869798.096927,91,1.931669474
1777869799.453026,92,1.909002066
1777869800.642530,93,1.970207453
1777869801.893430,94,1.978449583
1777869803.040018,95,1.946453094
1777869804.293700,96,1.946451187
1777869805.569599,97,1.899171591
1777869806.932165,98,1.897776842
1777869808.203315,99,1.946706057
1777869809.466331,100,1.876948595
1777869810.793618,101,1.939259529
1777869812.006487,102,1.881862879
1777869813.224411,103,1.933601022
1777869814.455287,104,1.939595103
1777869815.703989,105,1.97821331
1777869816.800447,106,1.9633286
1777869818.005517,107,1.916113973
1777869819.241545,108,1.954464555
1777869820.479225,109,1.958929181
1777869821.657652,110,1.935219646
1777869823.034659,111,1.91075182
1777869824.357095,112,1.957089305
1777869825.691614,113,1.864297509
1777869826.887483,114,1.932865381
1777869828.178581,115,1.881349564
1777869829.448277,116,1.887565136
1777869830.705570,117,1.899081469
1777869831.879184,118,1.929617047
1777869833.154543,119,1.86592412
1777869834.438803,120,1.86465764
1777869835.608478,121,1.909924507
1777869836.868801,122,1.863125324
1777869838.275410,123,1.889477491
1777869839.499641,124,1.931767941
1777869840.719909,125,1.797338486
1777869841.978409,126,1.832043409
1777869843.267400,127,1.835607529
1777869844.488895,128,1.887801528
1777869845.813772,129,1.835810423
1777869847.026933,130,1.911230326
1777869848.165839,131,1.769904375
1777869849.457471,132,1.904496431
1777869850.612503,133,1.834721327
1777869851.798396,134,1.906782746
1777869853.082851,135,1.802673459
1777869854.386184,136,1.842105389
1777869855.639707,137,1.839750767
1777869856.979310,138,1.823019266
1777869858.201947,139,1.880191445
1777869859.502363,140,1.851156354
1777869860.771185,141,1.806622982
1777869861.980485,142,1.85003233
1777869863.232653,143,1.733215213
1777869864.070369,144,1.838783503
1777869864.860814,145,1.821138859
1777869865.642573,146,1.811957836
1777869866.362912,147,1.742442966
1777869867.297073,148,1.810881376
1777869868.169056,149,1.786991358
1777869869.113616,150,1.770115376
1777869869.900899,151,1.917247891
1777869870.734443,152,1.816569567
1777869871.577183,153,1.873542309
1777869872.446515,154,1.804801941
1777869873.250707,155,1.815699935
1777869874.163279,156,1.795756936
1777869875.015695,157,1.753806591
1777869875.875140,158,1.795166135
1777869876.714962,159,1.784774542
1777869877.503170,160,1.748282194
1777869878.376259,161,1.755971551
1777869879.265878,162,1.861537576
1777869880.122238,163,1.818886518
1777869880.906832,164,1.773972154
1777869881.767376,165,1.762815714
1777869882.712719,166,1.747406006
1777869883.540762,167,1.763523579
1777869884.462000,168,1.750585079
1777869885.305570,169,1.720664024
1777869886.116830,170,1.775191665
1777869886.929754,171,1.718263388
1777869887.740829,172,1.778956175
1777869888.604802,173,1.768201113
1777869889.564405,174,1.743180513
1777869890.484613,175,1.759996414
1777869891.255087,176,1.761094213
1777869892.040735,177,1.750041127
1777869892.997577,178,1.779597282
1777869893.843384,179,1.753371477
1777869894.672225,180,1.765993595
1777869895.572172,181,1.767156005
1777869896.441211,182,1.731053948
1777869897.231568,183,1.723540545
1777869898.103134,184,1.701572418
1777869898.867102,185,1.756827354
1777869899.673344,186,1.738734007
1777869900.509645,187,1.798806548
1777869901.363076,188,1.773255587
1777869902.156287,189,1.738488436
1777869903.101252,190,1.799303174
1777869903.920038,191,1.76270628
1777869904.721355,192,1.688266873
1777869905.548810,193,1.747097015
1777869906.348819,194,1.716535449
1777869907.166721,195,1.737487435
1777869908.097553,196,1.73045969
1777869908.978998,197,1.756386518
1777869910.164576,198,1.732942224
1777869911.223940,199,1.775330782
1777869912.441280,200,1.785315037
1777869913.714254,201,1.701811552
1777869915.003285,202,1.707430363
1777869916.294684,203,1.743839979
1777869917.470547,204,1.753225803
1777869918.785849,205,1.700761437
1777869919.953645,206,1.734070182
1777869921.101293,207,1.697502971
1777869922.438601,208,1.778413773
1777869923.628058,209,1.7008183
1777869924.801276,210,1.699162722
1777869926.118937,211,1.638318062
1777869927.286269,212,1.74454987
1777869928.363841,213,1.66353786
1777869929.493134,214,1.691328764
1777869930.655650,215,1.722856641
1777869932.024908,216,1.700335383
1777869933.314074,217,1.774588585
1777869934.541093,218,1.753384829
1777869935.798186,219,1.733074546
1777869937.081741,220,1.70897615
1777869938.324508,221,1.736542821
1777869939.633626,222,1.70508039
1777869940.767159,223,1.742190123
1777869941.995849,224,1.661308646
1777869943.266621,225,1.708018303
1777869944.466964,226,1.762182474
1777869945.719791,227,1.695670605
1777869946.940156,228,1.71657598
1777869948.211281,229,1.622958422
1777869949.395363,230,1.713660955
1777869950.638082,231,1.659423947
1777869951.863008,232,1.71381855
1777869953.080354,233,1.707215786
1777869954.357111,234,1.69187367
1777869955.632975,235,1.784438372
1777869956.902231,236,1.696290731
1777869958.197721,237,1.727742076
1777869959.513427,238,1.698812962
1777869960.854569,239,1.674677134
1777869962.201388,240,1.714250088
1777869963.424694,241,1.70180428
1777869964.607319,242,1.659219503
1777869965.983664,243,1.734899282
1777869967.219890,244,1.726859331
1777869968.446966,245,1.694987774
1777869969.531629,246,1.626079679
1777869970.741410,247,1.69764185
1777869971.893097,248,1.658769608
1777869973.172048,249,1.631648779
1777869974.557651,250,1.684605002
1777869975.777956,251,1.681874752
1777869976.995265,252,1.74817872
1777869978.272399,253,1.74394238
1777869979.399285,254,1.687590122
1777869980.513325,255,1.64720118
1777869981.681303,256,1.704862118
1777869982.877864,257,1.654312134
1777869984.040225,258,1.602647543
1777869985.195747,259,1.694378972
1777869986.372652,260,1.647580624
1777869987.456447,261,1.679897904
1777869988.730762,262,1.703713655
1777869989.906007,263,1.625043035
1777869991.157760,264,1.647222042
1777869992.288726,265,1.666019797
1777869993.266963,266,1.635555387
1777869994.211535,267,1.690466642
1777869995.388048,268,1.631556749
1777869996.523666,269,1.717993498
1777869997.738797,270,1.645161152
1777869998.924423,271,1.70587635
1777870000.126815,272,1.639169931
1777870001.356661,273,1.653337479
1777870002.460340,274,1.68667531
1777870003.643455,275,1.587047338
1777870004.823296,276,1.710578442
1777870005.984677,277,1.687896729
1777870007.221318,278,1.70212388
1777870008.407415,279,1.709053993
1777870009.577748,280,1.630435944
1777870010.751619,281,1.580343962
1777870017.567859,282,1.627980947
1777870018.342888,283,1.607672215
1777870019.209621,284,1.656589746
1777870020.011145,285,1.565998197
1777870020.874369,286,1.582625151
1777870021.705774,287,1.635977983
1777870022.515809,288,1.643362045
1777870023.312106,289,1.654268861
1777870024.205671,290,1.713777304
1777870024.988891,291,1.547852993
1777870025.774763,292,1.744181275
1777870026.549365,293,1.72145164
1777870027.349038,294,1.61600256
1777870028.139511,295,1.669489622
1777870028.987971,296,1.595581889
1777870029.715143,297,1.548780203
1777870030.534507,298,1.685424328
1777870031.313330,299,1.737607718
1777870032.076245,300,1.685304642
1777870032.853559,301,1.761665702
1777870033.683248,302,1.624602079
1777870034.493395,303,1.561656475
1777870035.346429,304,1.600519896
1777870036.103590,305,1.605021596
1777870036.906671,306,1.63373661
1777870037.718505,307,1.666320562
1777870038.528437,308,1.692466974
1777870039.269481,309,1.666720867
1777870040.161703,310,1.643707991
1777870040.936958,311,1.672725439
1777870041.823120,312,1.666487217
1777870042.604984,313,1.634815693
1777870043.413298,314,1.685406446
1777870044.220674,315,1.663525701
1777870045.074714,316,1.600023746
1777870045.852222,317,1.605552197
1777870046.742260,318,1.681016088
1777870047.610237,319,1.609597802
1777870048.427477,320,1.645293474
1777870049.360264,321,1.644351363
1777870050.235587,322,1.64784348
1777870050.990632,323,1.643084764
1777870051.717118,324,1.628521681
1777870052.661638,325,1.658625364
1777870053.554902,326,1.636843443
1777870054.384534,327,1.624154806
1777870055.216496,328,1.650080681
1777870056.084933,329,1.680282116
1777870056.894142,330,1.619436383
1777870057.778969,331,1.645269632
1777870058.595018,332,1.543827772
1777870059.377549,333,1.68290925
1777870060.232439,334,1.644261479
1777870061.086098,335,1.561212659
1777870061.857400,336,1.581269145
1777870062.672354,337,1.650694609
1777870063.502604,338,1.690321565
1777870064.362086,339,1.538736105
1777870065.174809,340,1.651283026
1777870066.160663,341,1.618510723
1777870066.981407,342,1.656963706
1777870067.882825,343,1.579031825
1777870068.699063,344,1.651826382
1777870069.530736,345,1.620469809
1777870070.406289,346,1.633715153
1777870071.260829,347,1.619033575
1777870072.097843,348,1.590499401
1777870073.401985,349,1.561337948
1777870081.044258,350,1.596980929
1777870081.967114,351,1.686907887
1777870082.802119,352,1.664159894
1777870083.719020,353,1.587682605
1777870084.557234,354,1.664377093
1777870085.432682,355,1.666775227
1777870086.291698,356,1.684855938
1777870087.177530,357,1.636087179
1777870088.017767,358,1.650717616
1777870088.934798,359,1.622344017
1777870089.770945,360,1.59085393
1777870090.660017,361,1.554753304
1777870091.560538,362,1.584884644
1777870092.317104,363,1.571844816
1777870093.140580,364,1.555183053
1777870094.013509,365,1.679797173
1777870094.792571,366,1.610166669
1777870095.602086,367,1.627770901
1777870096.362420,368,1.625823975
1777870097.212535,369,1.606815815
1777870098.104098,370,1.599170089
1777870098.960339,371,1.564153314
1777870099.789877,372,1.591516495
1777870100.652885,373,1.617722511
1777870101.490237,374,1.612858057
1777870102.347841,375,1.547460079
1777870103.170670,376,1.60577035
1777870104.010543,377,1.551653385
1777870104.863769,378,1.590123177
1777870105.625416,379,1.602150679
1777870106.514474,380,1.671714425
1777870107.238373,381,1.622219801
1777870108.067108,382,1.639841437
1777870108.835789,383,1.649047375
1777870109.678765,384,1.581608534
1777870110.590571,385,1.563027978
1777870111.473402,386,1.602752686
1777870112.350453,387,1.66163063
1777870113.180197,388,1.631551266
1777870113.973027,389,1.561406851
1777870114.766647,390,1.516571999
1777870115.549042,391,1.636583567
1777870116.405512,392,1.569122076
1777870117.224027,393,1.585719109
1777870118.034125,394,1.623319268
1777870118.860784,395,1.604043365
1777870119.716396,396,1.591857433
1777870120.522791,397,1.581518054
1777870121.337223,398,1.575941086
1777870122.247600,399,1.560553312
1777870123.077052,400,1.604766369
1777870123.925632,401,1.626946568
1777870124.751923,402,1.650845528
1777870125.672540,403,1.480527639
1777870126.482203,404,1.60035789
1777870127.372702,405,1.539473414
1777870128.234392,406,1.57461834
1777870129.094997,407,1.594148636
1777870129.844252,408,1.668229818
1777870130.713678,409,1.628365278
1777870131.557065,410,1.557451248
1777870132.377465,411,1.558860064
1777870133.302820,412,1.53216958
1777870134.114642,413,1.590411305
1777870135.015885,414,1.689025998
1777870135.819785,415,1.530549049
1777870136.584064,416,1.574721694
1777870137.433243,417,1.636782169
1777870138.279894,418,1.635311961
1777870139.121647,419,1.578573704
1777870139.993011,420,1.562593102
1777870140.786753,421,1.542517424
1777870141.649453,422,1.564619899
1777870142.549523,423,1.587278724
1777870143.343331,424,1.567633629
1777870144.239629,425,1.621537328
1777870145.122492,426,1.634462237
1777870146.001093,427,1.591522694
1777870146.830605,428,1.555415988
1777870147.700579,429,1.535238266
1777870148.479966,430,1.542139411
1777870149.370036,431,1.558108687
1777870150.186224,432,1.559132576
1777870150.971879,433,1.567527413
1777870151.892176,434,1.596216559
1777870152.608737,435,1.602030396
1777870153.411635,436,1.559794068
1777870154.261666,437,1.543693423
1777870155.054955,438,1.595864654
1777870155.929406,439,1.522272348
1777870156.861765,440,1.555615902
1777870157.716544,441,1.547786593
1777870158.543041,442,1.609344363
1777870159.373227,443,1.607025981
1777870160.295927,444,1.543417335
1777870161.073056,445,1.539179206
1777870161.918447,446,1.46912241
1777870162.792518,447,1.624435306
1777870163.598835,448,1.533113003
1777870164.419753,449,1.521731377
1777870165.279457,450,1.606017351
1777870166.117675,451,1.559819221
1777870166.982695,452,1.542328
1777870167.802895,453,1.567438483
1777870168.673122,454,1.479405165
1777870169.504239,455,1.533010721
1777870170.384240,456,1.540699482
1777870171.212545,457,1.497570038
1777870172.061041,458,1.551254511
1777870172.871898,459,1.508631468
1777870173.671252,460,1.503343463
1777870174.524526,461,1.573869586
1777870175.352458,462,1.62442708
1777870176.231127,463,1.475890994
1777870177.090107,464,1.553434134
1777870177.928321,465,1.545384765
1777870178.704611,466,1.630768061
1777870179.562442,467,1.442482948
1777870180.317306,468,1.553224325
1777870181.079304,469,1.583850861
1777870181.911212,470,1.544770718
1777870182.737067,471,1.497839093
1777870183.623247,472,1.540500641
1777870184.502053,473,1.594578505
1777870185.312254,474,1.597268105
1777870186.127219,475,1.520781755
1777870186.906039,476,1.513745546
1777870187.723673,477,1.53252244
1777870188.614534,478,1.540068746
1777870189.429372,479,1.584196091
1777870190.226582,480,1.54955411
1777870191.068726,481,1.59703064
1777870191.981365,482,1.532967329
1777870192.776121,483,1.479941487
1777870193.586366,484,1.510100365
1777870194.428774,485,1.503992319
1777870195.242408,486,1.451373339
1777870196.100039,487,1.498893142
1777870196.997772,488,1.553599596
1777870197.834977,489,1.612461329
1777870198.690283,490,1.568389177
1777870199.582714,491,1.53751564
1777870200.413902,492,1.517458677
1777870201.251263,493,1.545233011
1777870202.062913,494,1.545047045
1777870202.871616,495,1.449702501
1777870203.736305,496,1.554808974
1777870204.591033,497,1.546488523
1777870205.409702,498,1.570501208
1777870206.266455,499,1.533393621
1777870207.083583,500,1.552547216
1777870207.931210,501,1.505660534
1777870208.746593,502,1.581878662
1777870209.558318,503,1.552824497
1777870210.434022,504,1.51333642
1777870211.239254,505,1.562332988
1777870212.063823,506,1.502888083
1777870212.871338,507,1.607600689
1777870213.761559,508,1.454188466
1777870214.618578,509,1.585172772
1777870215.580729,510,1.46262002
1777870216.347744,511,1.566767693
1777870217.206713,512,1.485154152
1777870218.024085,513,1.506880045
1777870218.820510,514,1.491250992
1777870219.684202,515,1.476642847
1777870220.559017,516,1.521253467
1777870221.441841,517,1.551605582
1777870222.286197,518,1.527009487
1777870223.076530,519,1.493480206
1777870223.900699,520,1.531075239
1777870224.773120,521,1.551931143
1777870225.622514,522,1.563523769
1777870226.511088,523,1.558446169
1777870227.320800,524,1.506875515
1777870228.144284,525,1.502996325
1777870228.960156,526,1.485408664
1777870229.788700,527,1.460217953
1777870230.612538,528,1.563349247
1777870231.475831,529,1.493954778
1777870232.312558,530,1.52143836
1777870233.461213,531,1.499158859
1777870234.283014,532,1.522435427
1777870235.087969,533,1.574369311
1777870235.906372,534,1.466934919
1777870236.725065,535,1.547593117
1777870237.559373,536,1.579660416
1777870238.338550,537,1.444816589
1777870239.210281,538,1.346615076
1777870239.984445,539,1.549929261
1777870240.895867,540,1.567483425
1777870241.677721,541,1.395096898
1777870242.556594,542,1.490806937
1777870243.390347,543,1.57913208
1777870244.201502,544,1.548617125
1777870245.076700,545,1.474862695
1777870245.939626,546,1.512305975
1777870246.772603,547,1.509870768
1777870247.664815,548,1.501571655
1777870248.551950,549,1.472756624
1777870249.428895,550,1.430428386
1777870250.316205,551,1.470211983
1777870251.140342,552,1.405031919
1777870251.955679,553,1.479410648
1777870252.822665,554,1.477398753
1777870253.717240,555,1.541027308
1777870254.555024,556,1.463845134
1777870255.391083,557,1.521701097
1777870256.254782,558,1.504496336
1777870257.140994,559,1.608249545
1777870258.051281,560,1.41182971
1777870258.956198,561,1.583640099
1777870259.785255,562,1.451380491
1777870260.763390,563,1.502329111
1777870261.639014,564,1.466004133
1777870262.543941,565,1.528270721
1777870263.385558,566,1.529272914
1777870264.221381,567,1.423366427
1777870265.136553,568,1.491178036
1777870265.947809,569,1.478340745
1777870266.860559,570,1.473247647
1777870267.739784,571,1.497952938
1777870268.626908,572,1.493825197
1777870269.534504,573,1.447188139
1777870270.375908,574,1.479997158
1777870271.147123,575,1.497835159
1777870271.952843,576,1.563925505
1777870272.898569,577,1.52745831
1777870273.692416,578,1.38433218
1777870274.535071,579,1.480067253
1777870275.408200,580,1.553572059
1777870276.267376,581,1.544922113
1777870277.046005,582,1.407194614
1777870277.914465,583,1.416923285
1777870278.783103,584,1.569442749
1777870279.609217,585,1.445412636
1777870280.451627,586,1.486453056
1777870281.239198,587,1.423005819
1777870282.064870,588,1.528769255
1777870282.897334,589,1.543808222
1777870283.757479,590,1.422219276
1777870284.623640,591,1.438037157
1777870285.449203,592,1.477717638
1777870286.325602,593,1.430668831
1777870287.134111,594,1.421210289
1777870287.967020,595,1.500020266
1777870288.855897,596,1.448010564
1777870289.638393,597,1.477828264
1777870290.579252,598,1.423763514
1777870291.375711,599,1.471468091
1777870292.207536,600,1.460036039
1777870292.993019,601,1.513844848
1777870293.861987,602,1.420988441
1777870294.691236,603,1.548673749
1777870295.521439,604,1.491168022
1777870296.282900,605,1.532692909
1777870297.106141,606,1.491841555
1777870297.949843,607,1.460528731
1777870298.775504,608,1.543151259
1777870299.556200,609,1.405393124
1777870300.348464,610,1.4368366
1777870301.138409,611,1.434104204
1777870301.987774,612,1.503831148
1777870302.907425,613,1.474808931
1777870303.749304,614,1.512910128
1777870304.533342,615,1.511386871
1777870305.420348,616,1.450747967
1777870306.252470,617,1.48596859
1777870307.111028,618,1.527842999
1777870307.872789,619,1.407381415
1777870308.706512,620,1.358355999
1777870309.571531,621,1.49499774
1777870310.442149,622,1.455982447
1777870311.307613,623,1.495188713
1777870312.164702,624,1.470765114
1777870312.997836,625,1.439078331
1777870313.903788,626,1.346895695
1777870314.758797,627,1.515053749
1777870315.642596,628,1.373826265
1777870316.422089,629,1.536380291
1777870317.243366,630,1.411570787
1777870318.101565,631,1.408892393
1777870318.876459,632,1.498571634
1777870319.697042,633,1.477021933
1777870320.515843,634,1.466687799
1777870321.372646,635,1.336121202
1777870322.319231,636,1.395643115
1777870323.119961,637,1.500694633
1777870324.001052,638,1.496417284
1777870324.822116,639,1.45293951
1777870325.626810,640,1.407283068
1777870326.453882,641,1.500357389
1777870327.320596,642,1.396665812
1777870328.141300,643,1.449257731
1777870329.006359,644,1.537204981
1777870329.857844,645,1.540260553
1777870330.629691,646,1.477692008
1777870331.435346,647,1.464049578
1777870332.184959,648,1.403097749
1777870332.979483,649,1.41328454
1777870333.820412,650,1.420173645
1777870334.698462,651,1.412181854
1777870335.512418,652,1.471050382
1777870336.416374,653,1.353124619
1777870337.279514,654,1.43937254
1777870338.105672,655,1.464550495
1777870338.940434,656,1.470064402
1777870339.730165,657,1.5550915
1777870340.602626,658,1.479450941
1777870341.538389,659,1.474949837
1777870342.358279,660,1.436107755
1777870343.174919,661,1.444091082
1777870343.996071,662,1.51228404
1777870344.827465,663,1.5276618
1777870345.683382,664,1.442013741
1777870346.616572,665,1.350241303
1777870347.414376,666,1.386667252
1777870348.257610,667,1.518561125
1777870349.091284,668,1.473054171
1777870349.935728,669,1.44252646
1777870350.720148,670,1.507326007
1777870351.551921,671,1.473927855
1777870352.544307,672,1.490688801
1777870353.427623,673,1.433612347
1777870354.236926,674,1.452648878
1777870355.052580,675,1.443908215
1777870355.961274,676,1.388482332
1777870356.877684,677,1.52228415
1777870357.721101,678,1.418323874
1777870358.649345,679,1.466004491
1777870359.509217,680,1.36111927
1777870360.285018,681,1.320295811
1777870361.162957,682,1.410297036
1777870362.083290,683,1.51043117
1777870363.030105,684,1.530835986
1777870363.846812,685,1.363618731
1777870364.723530,686,1.50036025
1777870365.604724,687,1.479374647
1777870366.493948,688,1.428476572
1777870367.380657,689,1.505617142
1777870368.310644,690,1.447803974
1777870369.220504,691,1.482032299
1777870369.997186,692,1.368422508
1777870370.895134,693,1.454000473
1777870371.839352,694,1.486005783
1777870372.667707,695,1.482551098
1777870373.535379,696,1.471811295
1777870374.337529,697,1.495480537
1777870375.197726,698,1.40969348
1777870376.052742,699,1.504409552
1777870376.982773,700,1.432464123
1777870377.795131,701,1.362524033
1777870378.696174,702,1.554567695
1777870379.523454,703,1.46446228
1777870380.376170,704,1.460635185
1777870381.262125,705,1.418491721
1777870382.085006,706,1.41830337
1777870382.870529,707,1.47233367
1777870383.671510,708,1.382726073
1777870384.489787,709,1.376850128
1777870385.336272,710,1.37956965
1777870386.165491,711,1.441356182
1777870387.055422,712,1.401611567
1777870387.901083,713,1.310469389
1777870388.735924,714,1.413127422
1777870389.666036,715,1.394161344
1777870390.477663,716,1.430888653
1777870391.275377,717,1.430006981
1777870392.093910,718,1.469980955
1777870392.986777,719,1.524520755
1777870393.893415,720,1.460089087
1777870394.690520,721,1.441411972
1777870395.585331,722,1.333326817
1777870396.388838,723,1.495184183
1777870397.228027,724,1.322502613
1777870398.002918,725,1.386674047
1777870398.853293,726,1.450055122
1777870399.763119,727,1.410279989
1777870400.597664,728,1.447156668
1777870401.421896,729,1.406715393
1777870402.163351,730,1.416095376
1777870402.946923,731,1.350489736
1777870403.855705,732,1.445025206
1777870404.601876,733,1.40486753
1777870405.378175,734,1.406252742
1777870406.273706,735,1.420782804
1777870407.005391,736,1.427101851
1777870407.771602,737,1.365531445
1777870408.593787,738,1.391808987
1777870409.474360,739,1.481242537
1777870410.307030,740,1.351927638
1777870411.081925,741,1.323206186
1777870411.842210,742,1.429583669
1777870778.793467,0,2.387603521
1777870779.687392,1,2.183721066
1777870780.554671,2,2.236805916
1777870781.396083,3,2.272995472
1777870782.212110,4,2.431651354
1777870783.035130,5,2.262135983
1777870783.798069,6,2.280866146
1777870784.681113,7,2.227427959
1777870785.906999,8,2.311059475
1777870786.980580,9,2.131194592
1777870788.002642,10,2.264958382
1777870788.925869,11,2.186978579
1777870789.782686,12,2.349408865
1777870790.829765,13,2.257833958
1777870791.689307,14,2.201240063
1777870792.719483,15,2.292757988
1777870793.785238,16,2.26465416
1777870794.669656,17,2.365406513
1777870795.597238,18,2.196291208
1777870796.594445,19,2.14702487
1777870797.503274,20,2.265923023
1777870798.364253,21,2.245924473
1777870799.183980,22,2.277799845
1777870800.029778,23,2.111678123
1777870801.155383,24,2.189006805
1777870802.016902,25,2.233207226
1777870802.854400,26,2.1414361
1777870803.686501,27,2.244012833
1777870804.574996,28,2.192753792
1777870805.420601,29,2.232803822
1777870806.368252,30,2.172681808
1777870807.174555,31,2.221839666
1777870808.021827,32,2.100399971
1777870808.896282,33,2.093907118
1777870809.792509,34,2.146501064
1777870810.655431,35,2.143312454
1777870811.514292,36,2.16234684
1777870812.378848,37,2.218362331
1777870813.255266,38,2.258806229
1777870814.181961,39,2.142691135
1777870815.188955,40,2.225632906
1777870816.235597,41,2.148244858
1777870817.121798,42,2.108387232
1777870818.147510,43,2.21201086
1777870819.068137,44,2.132370472
1777870819.931404,45,2.091073513
1777870820.855867,46,2.135003805
1777870821.695164,47,2.08066082
1777870822.587413,48,2.146908283
1777870823.441570,49,2.127740145
1777870824.245697,50,2.087712526
1777870825.211923,51,2.048760414
1777870826.049806,52,2.132039547
1777870826.921103,53,2.133467436
1777870827.834489,54,2.096282482
1777870828.745339,55,2.093874931
1777870829.593143,56,2.060689926
1777870830.527536,57,2.021394014
1777870831.394866,58,2.004269123
1777870832.300943,59,2.057030201
1777870833.177882,60,2.053871155
1777870834.119226,61,2.027051449
1777870834.999063,62,1.999401331
1777870835.885587,63,2.050273418
1777870836.710529,64,2.09612155
1777870837.675199,65,2.033891678
1777870838.569769,66,2.053865194
1777870839.405543,67,2.045134544
1777870840.311543,68,2.03745079
1777870841.146238,69,2.036046982
1777870842.075429,70,2.020220518
1777870843.059390,71,2.006232977
1777870843.943430,72,1.981282353
1777870844.736743,73,1.968132377
1777870845.539187,74,2.019558907
1777870846.436141,75,2.035017967
1777870847.315659,76,2.046811104
1777870848.183855,77,1.986630917
1777870849.090928,78,2.012423515
1777870849.956125,79,2.023990393
1777870850.751790,80,1.980894923
1777870851.661719,81,2.005549908
1777870852.495408,82,1.984508872
1777870853.294332,83,1.976601839
1777870854.147387,84,1.944305182
1777870854.987430,85,2.021686554
1777870855.866067,86,1.957756639
1777870856.724229,87,1.986102819
1777870857.579868,88,1.952684879
1777870858.431690,89,1.874511003
1777870859.304458,90,1.99362123
1777870860.168596,91,1.930794716
1777870861.102248,92,1.908492327
1777870861.932492,93,1.9698627
1777870862.760208,94,1.978667855
1777870863.583969,95,1.945514798
1777870864.352334,96,1.945271015
1777870865.120120,97,1.898279309
1777870865.998334,98,1.89878726
1777870866.848246,99,1.946056128
1777870867.693047,100,1.877481937
1777870868.560230,101,1.938577175
1777870869.442479,102,1.882465601
1777870870.316081,103,1.934236765
1777870871.126412,104,1.941385508
1777870871.973485,105,1.976287246
1777870872.732161,106,1.965090275
1777870873.633761,107,1.91582489
1777870874.532000,108,1.953415871
1777870875.395505,109,1.959133625
1777870876.262400,110,1.933401108
1777870877.199317,111,1.910047054
1777870878.076703,112,1.956958413
1777870879.048100,113,1.86359334
1777870879.913131,114,1.933199644
1777870880.760095,115,1.880825281
1777870881.549476,116,1.885832667
1777870882.422827,117,1.899488211
1777870883.246109,118,1.93069005
1777870884.146161,119,1.866207242
1777870885.075401,120,1.864178896
1777870885.928212,121,1.909177065
1777870886.842031,122,1.864339352
1777870887.789831,123,1.890498161
1777870888.714400,124,1.930759668
1777870889.594617,125,1.797677159
1777870890.546647,126,1.830700636
1777870891.433634,127,1.835975885
1777870892.329502,128,1.887330532
1777870893.173272,129,1.837787628
1777870893.993655,130,1.911010504
1777870894.729955,131,1.770552993
1777870895.606094,132,1.90444994
1777870896.399486,133,1.833801508
1777870897.219931,134,1.908973217
1777870898.065722,135,1.802687407
1777870898.947089,136,1.842947483
1777870899.756958,137,1.839143753
1777870900.619848,138,1.822401047
1777870901.483749,139,1.879257679
1777870902.409637,140,1.850967526
1777870903.257788,141,1.805279374
1777870904.104347,142,1.850370407
1777870904.962313,143,1.732038975
1777870905.710494,144,1.838395953
1777870906.557716,145,1.820877194
1777870907.345407,146,1.811632872
1777870908.058796,147,1.742730618
1777870908.976359,148,1.811137676
1777870909.821719,149,1.785850525
1777870910.773662,150,1.770480633
1777870911.586486,151,1.916809797
1777870912.423919,152,1.815124273
1777870913.251901,153,1.873767138
1777870914.114818,154,1.804798841
1777870914.903455,155,1.81588006
1777870915.814426,156,1.796923637
1777870916.677640,157,1.753690839
1777870917.533250,158,1.795241952
1777870918.380320,159,1.783474445
1777870919.191940,160,1.748539209
1777870920.050909,161,1.754629493
1777870920.973792,162,1.861389399
1777870921.855962,163,1.819509983
1777870922.634076,164,1.773464441
1777870923.778228,165,1.761986256
1777870924.872574,166,1.747970939
1777870925.715645,167,1.764131665
1777870926.637054,168,1.750146031
1777870927.753618,169,1.720997572
1777870928.894274,170,1.775960922
1777870930.160749,171,1.717238188
1777870931.443405,172,1.778118849
1777870932.829744,173,1.766401768
1777870934.238338,174,1.743552446
1777870935.624435,175,1.75915122
1777870936.809737,176,1.762329936
1777870938.096320,177,1.74988246
1777870939.463420,178,1.781123519
1777870940.705941,179,1.75321877
1777870941.997213,180,1.765439153
1777870943.269903,181,1.765439391
1777870944.694905,182,1.734277248
1777870946.040016,183,1.723103404
1777870947.322708,184,1.702293873
1777870948.603011,185,1.757237315
1777870949.892931,186,1.738452554
1777870951.136722,187,1.797219753
1777870952.395540,188,1.772933245
1777870954.056823,189,1.739718437
1777870955.756523,190,1.798446894
1777870956.981425,191,1.762858629
1777870958.142676,192,1.688959241
1777870959.374860,193,1.744701385
1777870960.526035,194,1.71726799
1777870961.709224,195,1.735160351
1777870962.985312,196,1.729456902
1777870964.308277,197,1.756460905
1777870965.569477,198,1.733577251
1777870966.783579,199,1.775053263
1777870968.029181,200,1.786275864
1777870969.201540,201,1.698026299
1777870970.322190,202,1.706701279
1777870971.364901,203,1.744374275
1777870972.430301,204,1.752554417
1777870973.606340,205,1.700256467
1777870974.742535,206,1.733612776
1777870975.950265,207,1.697297573
1777870977.203314,208,1.777796268
1777870978.365695,209,1.699210882
1777870979.557035,210,1.69787693
1777870980.586198,211,1.63800931
1777870981.570895,212,1.745125294
1777870982.618968,213,1.66331768
1777870983.738757,214,1.691667318
1777870984.904466,215,1.722445369
1777870986.103828,216,1.701387286
1777870987.315670,217,1.774986029
1777870988.433083,218,1.752661347
1777870989.626390,219,1.733891845
1777870990.692709,220,1.707748413
1777870991.700678,221,1.736733913
1777870992.933920,222,1.705009937
1777870994.046156,223,1.74256587
1777870995.154075,224,1.662379742
1777870996.270765,225,1.706927538
1777870997.282514,226,1.76123786
1777870998.349442,227,1.693693757
1777870999.569953,228,1.717311144
1777871000.801080,229,1.623119593
1777871002.106019,230,1.714422226
1777871003.276489,231,1.660084724
1777871004.484888,232,1.712374687
1777871005.573250,233,1.707065105
1777871006.663793,234,1.694175482
1777871007.824183,235,1.786250949
1777871009.019820,236,1.696527481
1777871010.214373,237,1.726704478
1777871011.553427,238,1.696824193
1777871012.806866,239,1.67402339
1777871014.107575,240,1.714020967
1777871015.292149,241,1.702226877
1777871016.512845,242,1.6593647
1777871017.804530,243,1.732604742
1777871019.044029,244,1.726718307
1777871020.328712,245,1.695966244
1777871021.553157,246,1.623687506
1777871022.808962,247,1.697531223
1777871023.997733,248,1.660780191
1777871025.322279,249,1.633074999
1777871026.641696,250,1.684635878
1777871027.842150,251,1.680133104
1777871029.205914,252,1.749894857
1777871030.420344,253,1.743552566
1777871031.556902,254,1.690063477
1777871032.655177,255,1.646490216
1777871033.867970,256,1.705316544
1777871035.092430,257,1.655156136
1777871036.251099,258,1.602968931
1777871037.575091,259,1.692674994
1777871038.826057,260,1.647556186
1777871041.952664,261,1.679581165
1777871048.467997,262,1.704415798
1777871049.260465,263,1.623933673
1777871050.138010,264,1.647066832
1777871050.934046,265,1.665068626
1777871051.725562,266,1.634305596
1777871052.484782,267,1.691762924
1777871053.339495,268,1.632249475
1777871054.167140,269,1.717158794
1777871055.016490,270,1.647015333
1777871055.869694,271,1.707055092
1777871056.706502,272,1.640913963
1777871057.608908,273,1.65353775
1777871058.363876,274,1.687316775
1777871059.208317,275,1.586860895
1777871059.980312,276,1.711225748
1777871060.795859,277,1.686840773
1777871061.647658,278,1.701956034
1777871062.477415,279,1.709055662
1777871063.316779,280,1.629279733
1777871064.168229,281,1.580803037
1777871065.008184,282,1.627702713
1777871065.847514,283,1.609288573
1777871066.765139,284,1.656402111
1777871067.610783,285,1.568184137
1777871068.521021,286,1.580365539
1777871069.386908,287,1.636744499
1777871070.266131,288,1.642564535
1777871071.101480,289,1.653583765
1777871072.027976,290,1.712406039
1777871072.860329,291,1.546509504
1777871073.694057,292,1.744161844
1777871074.525926,293,1.722064853
1777871075.394918,294,1.617321491
1777871076.243483,295,1.669832945
1777871077.147836,296,1.594700575
1777871077.965025,297,1.549388289
1777871078.821776,298,1.685659885
1777871079.640088,299,1.737405539
1777871080.452954,300,1.685231924
1777871081.272136,301,1.761945009
1777871082.110993,302,1.624317765
1777871082.962530,303,1.562667727
1777871083.859480,304,1.597874761
1777871084.673179,305,1.60414052
1777871085.489485,306,1.633321881
1777871086.352295,307,1.668483734
1777871087.197557,308,1.692086577
1777871087.983960,309,1.664657116
1777871088.905064,310,1.643234968
1777871089.706156,311,1.671901226
1777871090.647310,312,1.666859627
1777871091.461369,313,1.63565886
1777871092.308064,314,1.685519218
1777871093.155436,315,1.664380431
1777871094.063128,316,1.600313902
1777871094.880245,317,1.605834246
1777871095.811949,318,1.682576776
1777871096.656337,319,1.608412981
1777871097.467031,320,1.646079898
1777871098.401354,321,1.643793344
1777871099.276597,322,1.648121119
1777871100.062714,323,1.641138196
1777871100.763690,324,1.625919342
1777871101.624282,325,1.658925176
1777871102.488089,326,1.637747645
1777871103.268765,327,1.625115633
1777871104.053337,328,1.647238255
1777871104.879318,329,1.679756999
1777871105.657228,330,1.617975116
1777871106.513002,331,1.646375179
1777871107.277714,332,1.546913147
1777871108.026784,333,1.682780981
1777871108.842870,334,1.639345407
1777871109.687949,335,1.561322927
1777871110.416069,336,1.582516074
1777871111.191235,337,1.649288893
1777871111.977649,338,1.690486312
1777871112.776792,339,1.539691925
1777871113.584997,340,1.649956703
1777871114.527617,341,1.618360043
1777871115.301802,342,1.655301094
1777871116.175168,343,1.579518199
1777871116.973117,344,1.652850032
1777871117.793938,345,1.621609449
1777871118.671896,346,1.634407997
1777871119.514571,347,1.617965817
1777871120.346724,348,1.590544462
1777871121.064565,349,1.561451077
1777871121.855101,350,1.596248865
1777871122.794952,351,1.688103914
1777871123.625738,352,1.665592551
1777871124.512159,353,1.586923122
1777871125.306460,354,1.66353488
1777871126.147573,355,1.666351795
1777871126.963454,356,1.685009241
1777871127.798589,357,1.635765791
1777871128.601770,358,1.651531339
1777871129.476724,359,1.622651577
1777871130.292495,360,1.591944337
1777871131.159785,361,1.555722594
1777871132.014123,362,1.583483696
1777871132.740348,363,1.573343754
1777871133.523878,364,1.554797053
1777871134.355848,365,1.681358457
1777871135.095722,366,1.609568477
1777871135.869895,367,1.627212286
1777871136.600032,368,1.625592589
1777871137.419817,369,1.60677135
1777871138.307047,370,1.597687364
1777871139.159087,371,1.564685225
1777871139.954506,372,1.592754722
1777871140.775697,373,1.618851423
1777871141.561825,374,1.613843441
1777871142.394832,375,1.547298193
1777871143.174546,376,1.607408762
1777871143.975868,377,1.547505975
1777871144.798495,378,1.587074995
1777871145.506792,379,1.601630926
1777871146.354847,380,1.672517776
1777871147.058639,381,1.623537064
1777871147.853837,382,1.640162706
1777871148.586643,383,1.647098541
1777871149.404782,384,1.583159447
1777871150.279056,385,1.562765479
1777871151.117678,386,1.601704717
1777871151.971561,387,1.660400867
1777871152.764343,388,1.634116173
1777871153.552182,389,1.561590195
1777871154.322437,390,1.515569925
1777871155.064856,391,1.63718009
1777871155.918308,392,1.570972919
1777871156.712755,393,1.58447957
1777871157.476725,394,1.623745918
1777871158.251796,395,1.604097843
1777871159.032313,396,1.591452241
1777871159.818596,397,1.58219409
1777871160.590662,398,1.573440075
1777871161.456673,399,1.560036182
1777871162.255319,400,1.605126619
1777871163.071381,401,1.626096964
1777871163.874246,402,1.6515944
1777871164.754191,403,1.480994821
1777871165.520398,404,1.597733498
1777871166.374900,405,1.539459944
1777871167.175666,406,1.573748112
1777871167.963815,407,1.598130941
1777871168.691401,408,1.669558048
1777871169.542027,409,1.627223492
1777871170.347646,410,1.560158134
1777871171.140611,411,1.558008432
1777871172.011502,412,1.532226443
1777871172.774662,413,1.591959715
1777871173.636821,414,1.687855244
1777871174.399965,415,1.531484723
1777871175.132245,416,1.57606864
1777871175.986018,417,1.636968136
1777871176.847039,418,1.635417938
1777871177.747180,419,1.577017069
1777871178.671944,420,1.564692378
1777871179.461722,421,1.541841984
1777871180.352437,422,1.563323021
1777871181.272608,423,1.585220337
1777871182.053509,424,1.564589024
1777871182.964106,425,1.621206045
1777871183.853221,426,1.635337472
1777871184.726611,427,1.592522264
1777871185.539917,428,1.554825306
1777871186.403587,429,1.535914898
1777871187.176173,430,1.543052673
1777871188.072642,431,1.558264494
1777871188.884327,432,1.558684707
1777871189.670256,433,1.567452073
1777871190.580760,434,1.596801996
1777871191.270226,435,1.603659749
1777871192.054687,436,1.560234547
1777871192.886228,437,1.543728709
1777871193.669504,438,1.594973803
1777871194.535955,439,1.523421049
1777871195.457784,440,1.555389285
1777871196.301205,441,1.548492551
1777871197.118865,442,1.608608127
1777871197.946507,443,1.609388947
1777871198.859602,444,1.543325424
1777871199.614831,445,1.539174557
1777871200.442219,446,1.467511296
1777871201.317795,447,1.622890472
1777871202.112610,448,1.532492995
1777871202.922379,449,1.520483971
1777871203.764200,450,1.606119156
1777871204.601694,451,1.559509754
1777871205.451478,452,1.539500952
1777871206.239489,453,1.566767216
1777871207.098491,454,1.477603674
1777871207.928996,455,1.531959176
1777871208.796210,456,1.542546272
1777871209.620094,457,1.500237823
1777871210.456043,458,1.550789714
1777871211.241509,459,1.508546591
1777871212.022421,460,1.502641678
1777871212.852278,461,1.573322415
1777871213.667351,462,1.622989297
1777871214.509697,463,1.474623561
1777871215.305829,464,1.553971291
1777871216.106014,465,1.545336485
1777871216.845478,466,1.629956484
1777871217.688132,467,1.441428542
1777871218.451303,468,1.551364422
1777871219.217642,469,1.580802441
1777871220.035422,470,1.544415712
1777871220.858652,471,1.497538567
1777871221.731698,472,1.541253924
1777871222.595148,473,1.594465017
1777871223.385448,474,1.597338438
1777871224.190203,475,1.518315196
1777871224.934878,476,1.51284945
1777871225.723723,477,1.530932665
1777871226.587893,478,1.540201068
1777871227.380797,479,1.582098007
1777871228.155659,480,1.546791077
1777871228.960586,481,1.597794771
1777871229.866316,482,1.532675385
1777871230.643038,483,1.479420185
1777871231.420401,484,1.5100981
1777871232.232555,485,1.501654387
1777871233.025552,486,1.450036526
1777871233.849151,487,1.498454094
1777871234.738755,488,1.552814245
1777871235.552049,489,1.60969305
1777871236.379798,490,1.565669298
1777871237.250880,491,1.537757397
1777871238.049536,492,1.511869907
1777871238.865322,493,1.548624516
1777871239.671480,494,1.546139598
1777871240.452796,495,1.447870731
1777871241.289997,496,1.553923368
1777871242.138671,497,1.548359156
1777871242.930527,498,1.574101567
1777871243.770712,499,1.533484221
1777871244.568377,500,1.554063082
1777871245.385921,501,1.504860401
1777871246.176038,502,1.580047369
1777871246.970053,503,1.554839969
1777871247.823848,504,1.515501261
1777871248.625187,505,1.562920809
1777871249.451271,506,1.506864548
1777871250.261037,507,1.607500315
1777871251.156539,508,1.454205275
1777871252.031741,509,1.587018013
1777871252.999662,510,1.464026451
1777871253.750637,511,1.56786561
1777871254.595870,512,1.486577988
1777871255.413027,513,1.507435799
1777871256.196426,514,1.493450642
1777871257.050906,515,1.477300406
1777871257.913623,516,1.521191597
1777871258.794801,517,1.550802469
1777871259.612242,518,1.528995514
1777871260.378547,519,1.492485762
1777871261.196378,520,1.532654047
1777871262.080027,521,1.550724387
1777871262.924981,522,1.565847993
1777871263.812748,523,1.557589173
1777871264.639172,524,1.505554914
1777871265.436523,525,1.499097824
1777871266.246068,526,1.484066248
1777871267.067268,527,1.460002542
1777871267.892794,528,1.56384325
1777871268.762601,529,1.493210316
1777871269.611016,530,1.522306561
1777871270.744476,531,1.499261856
1777871271.555760,532,1.526177406
1777871272.358660,533,1.5756253
1777871273.187246,534,1.469878197
1777871274.017392,535,1.548325896
1777871274.852069,536,1.580776334
1777871275.644894,537,1.445618391
1777871276.518572,538,1.347043514
1777871277.312458,539,1.551038027
1777871278.255179,540,1.57156074
1777871279.001037,541,1.400756001
1777871279.906754,542,1.489830256
1777871280.721906,543,1.581289649
1777871281.548068,544,1.549244165
1777871282.434479,545,1.474326849
1777871283.298382,546,1.513317227
1777871284.147847,547,1.509968638
1777871285.060275,548,1.502315402
1777871285.959495,549,1.475518942
1777871286.853278,550,1.431616545
1777871287.758044,551,1.470570087
1777871288.572591,552,1.406164169
1777871289.370705,553,1.480753899
1777871290.212744,554,1.477847576
1777871291.084872,555,1.541005135
1777871291.938334,556,1.464753151
1777871292.784162,557,1.522801042
1777871293.667570,558,1.503992438
1777871294.588146,559,1.606837511
1777871295.531033,560,1.40976429
1777871296.454735,561,1.582115054
1777871297.299917,562,1.455442429
1777871298.280778,563,1.49798286
1777871299.162628,564,1.464098215
1777871300.066850,565,1.529438376
1777871300.907506,566,1.527081251
1777871301.757850,567,1.422616124
1777871302.685920,568,1.492222667
1777871303.488815,569,1.47565484
1777871304.419157,570,1.473955393
1777871305.282403,571,1.50163722
1777871306.162856,572,1.489935875
1777871307.060554,573,1.449899197
1777871307.881501,574,1.479185462
1777871308.652966,575,1.494330883
1777871309.466177,576,1.565269709
1777871310.374703,577,1.529968023
1777871311.141235,578,1.380993128
1777871311.955171,579,1.477272511
1777871312.795374,580,1.554839492
1777871313.627005,581,1.545866251
1777871314.389161,582,1.406031609
1777871315.235308,583,1.417819619
1777871316.095177,584,1.571647644
1777871316.901401,585,1.445556641
1777871317.721473,586,1.487718582
1777871318.508706,587,1.421934843
1777871319.321287,588,1.527626753
1777871320.153624,589,1.541939497
1777871321.027876,590,1.421664476
1777871321.881997,591,1.439762831
1777871322.678189,592,1.47430706
1777871323.544561,593,1.431833148
1777871324.313536,594,1.419085622
1777871325.147856,595,1.499552965
1777871326.027647,596,1.44697547
1777871326.805667,597,1.47723484
1777871327.758736,598,1.421793938
1777871328.555992,599,1.473751664
1777871329.389697,600,1.464034796
1777871330.162911,601,1.512152076
1777871331.052457,602,1.422108889
1777871331.871732,603,1.545681477
1777871332.665176,604,1.491626501
1777871333.413743,605,1.532953262
1777871334.228307,606,1.489402652
1777871335.072663,607,1.460970879
1777871335.888439,608,1.543027997
1777871336.650443,609,1.406387091
1777871337.430770,610,1.437485218
1777871338.208759,611,1.440161467
1777871339.045826,612,1.504544258
1777871339.956186,613,1.474000931
1777871340.789601,614,1.514606476
1777871341.558064,615,1.511073112
1777871342.441711,616,1.444282293
1777871343.265020,617,1.488458991
1777871344.131614,618,1.5316149
1777871344.892216,619,1.406822205
1777871345.700635,620,1.360337496
1777871346.564067,621,1.496121645
1777871347.441907,622,1.456342936
1777871348.311355,623,1.494342208
1777871349.168446,624,1.469266653
1777871350.053668,625,1.437788367
1777871350.955349,626,1.348800182
1777871351.804047,627,1.516210794
1777871352.695345,628,1.372294068
1777871353.483938,629,1.533666492
1777871354.312940,630,1.411052704
1777871355.181717,631,1.408346295
1777871355.968769,632,1.501928687
1777871356.794650,633,1.476178408
1777871357.604166,634,1.464474916
1777871358.459076,635,1.337253809
1777871359.390516,636,1.393374205
1777871360.185152,637,1.498452067
1777871361.063807,638,1.49603343
1777871361.893449,639,1.457707167
1777871362.707032,640,1.411417603
1777871363.542215,641,1.503014207
1777871364.396086,642,1.399366856
1777871365.228836,643,1.449929714
1777871366.123042,644,1.539596796
1777871367.005258,645,1.539181232
1777871367.789647,646,1.476043463
1777871368.608002,647,1.465493679
1777871369.314852,648,1.402564764
1777871370.078451,649,1.410776377
1777871370.864761,650,1.420053244
1777871371.703887,651,1.412451148
1777871372.470046,652,1.467126131
1777871373.340628,653,1.348816276
1777871374.169150,654,1.437283635
1777871374.957061,655,1.465174079
1777871375.753073,656,1.469638824
1777871376.501520,657,1.556407213
1777871377.822118,658,1.47781086
1777871386.848394,659,1.476200581
1777871387.637769,660,1.438780665
1777871388.436239,661,1.442163467
1777871389.269126,662,1.512317777
1777871390.093241,663,1.529172659
1777871390.907899,664,1.444259167
1777871391.794821,665,1.346002579
1777871392.546895,666,1.391490817
1777871393.351854,667,1.522708178
1777871394.157026,668,1.474562287
1777871394.959407,669,1.442662716
1777871395.698483,670,1.504511952
1777871396.474956,671,1.476584435
1777871397.414416,672,1.490711927
1777871398.249031,673,1.434463263
1777871399.002691,674,1.451986074
1777871399.767944,675,1.443909407
1777871400.620631,676,1.388216376
1777871401.489260,677,1.522502184
1777871402.266750,678,1.411641002
1777871403.142199,679,1.467712879
1777871403.944597,680,1.354017973
1777871404.685110,681,1.318292975
1777871405.508485,682,1.415189624
1777871406.360322,683,1.513912916
1777871407.260467,684,1.533643246
1777871408.026187,685,1.366201758
1777871408.854007,686,1.499565363
1777871409.705023,687,1.476938248
1777871410.540850,688,1.425550342
1777871411.388065,689,1.50586164
1777871412.259670,690,1.449535608
1777871413.116827,691,1.4839468
1777871413.839267,692,1.37213254
1777871414.690061,693,1.447229385
1777871415.574142,694,1.484414935
1777871416.344687,695,1.487290382
1777871417.136410,696,1.474646688
1777871417.874274,697,1.498823404
1777871418.695169,698,1.413348198
1777871419.480148,699,1.506334782
1777871420.344454,700,1.434624791
1777871421.107847,701,1.358657122
1777871421.943041,702,1.554039478
1777871422.703499,703,1.465456009
1777871423.498945,704,1.462266207
1777871424.368778,705,1.417523265
1777871425.195753,706,1.416759968
1777871426.007966,707,1.473045826
1777871426.846117,708,1.37764132
1777871427.687936,709,1.372843385
1777871428.541487,710,1.380038381
1777871429.342829,711,1.444162607
1777871430.189114,712,1.404643178
1777871431.017663,713,1.312810779
1777871431.862662,714,1.414958715
1777871432.785571,715,1.393211842
1777871433.557543,716,1.433735132
1777871434.314640,717,1.431138515
1777871435.137623,718,1.468116879
1777871435.994810,719,1.525957108
1777871436.847283,720,1.456993818
1777871437.615240,721,1.443662882
1777871438.459106,722,1.336522222
1777871439.234582,723,1.497058272
1777871440.026943,724,1.323810101
1777871440.752424,725,1.388365746
1777871441.594483,726,1.449858189
1777871442.469982,727,1.409262419
1777871443.314383,728,1.450777769
1777871444.161268,729,1.401973009
1777871444.920450,730,1.417221308
1777871445.729151,731,1.350823283
1777871446.656214,732,1.444929123
1777871447.418586,733,1.407980204
1777871448.211897,734,1.408829689
1777871449.129678,735,1.421855688
1777871449.886257,736,1.42553401
1777871450.678977,737,1.363319278
1777871451.509265,738,1.390607715
1777871452.407122,739,1.479808331
1777871453.265164,740,1.353735685
1777871454.063541,741,1.317491174
1777871454.841594,742,1.425708294
1777871658.128885,744,1.363894939
1777871658.958784,745,1.37176168
1777871659.854120,746,1.420783401
1777871660.680899,747,1.477907658
1777871661.545062,748,1.45567894
1777871662.320200,749,1.397538304
1777871663.191915,750,1.461132288
1777871664.010130,751,1.402722716
1777871664.842842,752,1.419744015
1777871665.638697,753,1.389951468
1777871666.517462,754,1.37017858
1777871667.436764,755,1.405785561
1777871668.307796,756,1.357490182
1777871669.212387,757,1.418397427
1777871670.018959,758,1.465491772
1777871670.846786,759,1.431877375
1777871671.698366,760,1.460729122
1777871672.554358,761,1.40244472
1777871673.367221,762,1.417486787
1777871674.259947,763,1.482362151
1777871675.120825,764,1.463462114
1777871675.990150,765,1.422003627
1777871676.848729,766,1.448387861
1777871677.805465,767,1.525768876
1777871678.534602,768,1.438572764
1777871679.404411,769,1.36140871
1777871680.298797,770,1.404474616
1777871681.119786,771,1.343106985
1777871681.934748,772,1.424572706
1777871682.768475,773,1.497780085
1777871683.561771,774,1.451743722
1777871684.442730,775,1.396263123
1777871685.379490,776,1.417098641
1777871686.348584,777,1.415759087
1777871687.319992,778,1.415497065
1777871688.204862,779,1.395319104
1777871689.096226,780,1.32499969
1777871689.972645,781,1.443689227
1777871690.871854,782,1.352967381
1777871691.831966,783,1.282286882
1777871692.728289,784,1.478771687
1777871693.673481,785,1.475528836
1777871694.536628,786,1.389480472
1777871695.372030,787,1.347483754
1777871696.272168,788,1.431897402
1777871697.184067,789,1.424923301
1777871698.012078,790,1.393244743
1777871698.838409,791,1.456924915
1777871699.714140,792,1.468806505
1777871700.590869,793,1.414280891
1777871701.458556,794,1.377136588
1777871702.246506,795,1.44671154
1777871703.078064,796,1.399600387
1777871703.870492,797,1.339883089
1777871704.719534,798,1.466265678
1777871705.640298,799,1.429995298
1777871706.517379,800,1.507096171
1777871707.351091,801,1.378744125
1777871708.198710,802,1.463743925
1777871709.094093,803,1.410903573
1777871709.962594,804,1.395372868
1777871710.825917,805,1.426528692
1777871711.661767,806,1.356563926
1777871712.555648,807,1.46305871
1777871713.482802,808,1.423976183
1777871714.322984,809,1.426995993
1777871715.127196,810,1.369614363
1777871715.957004,811,1.467740536
1777871716.816640,812,1.406380653
1777871717.675405,813,1.380473971
1777871718.594135,814,1.369169474
1777871719.474220,815,1.461567998
1777871720.345273,816,1.288773298
1777871721.135443,817,1.439479113
1777871721.922598,818,1.388803482
1777871722.798770,819,1.366979599
1777871723.597246,820,1.367771268
1777871724.503205,821,1.395858765
1777871725.368402,822,1.362775445
1777871726.158715,823,1.461734891
1777871727.109803,824,1.482549667
1777871728.005303,825,1.50007391
1777871728.838580,826,1.354999542
1777871729.672403,827,1.364506483
1777871730.473721,828,1.482724667
1777871731.338349,829,1.41148448
1777871732.162794,830,1.424165726
1777871733.073921,831,1.437765121
1777871733.936001,832,1.322023153
1777871734.795149,833,1.388383269
1777871735.702196,834,1.432824492
1777871736.612343,835,1.369974613
1777871737.481232,836,1.31373167
1777871738.295857,837,1.374076843
1777871739.186940,838,1.465935588
1777871740.129024,839,1.399958134
1777871740.947123,840,1.447542429
1777871741.801023,841,1.402882814
1777871742.715133,842,1.337965965
1777871743.569584,843,1.42411232
1777871744.462392,844,1.376047611
1777871745.378673,845,1.371307373
1777871746.310493,846,1.372362375
1777871747.607831,847,1.4437325
1777871748.892990,848,1.412118554
1777871750.155547,849,1.321310759
1777871751.380379,850,1.455207586
1777871752.605290,851,1.349372149
1777871753.648220,852,1.43014431
1777871754.504849,853,1.33356452
1777871755.355315,854,1.301910162
1777871756.188545,855,1.415582895
1777871757.003423,856,1.365190864
1777871757.947592,857,1.414019942
1777871758.747621,858,1.260407686
1777871759.576697,859,1.456745028
1777871760.429065,860,1.386667728
1777871761.461277,861,1.431312323
1777871762.558844,862,1.43573606
1777871763.752953,863,1.428870082
1777871764.928927,864,1.468417406
1777871766.067877,865,1.464505553
1777871767.289301,866,1.291518211
1777871768.483774,867,1.431052208
1777871769.731957,868,1.460805297
1777871770.978092,869,1.356379747
1777871772.159832,870,1.386582732
1777871773.348330,871,1.270860434
1777871774.485423,872,1.370598793
1777871775.605205,873,1.297084332
1777871776.935957,874,1.313880444
1777871778.196775,875,1.299067497
1777871779.436967,876,1.467327714
1777871780.624418,877,1.360061646
1777871781.791771,878,1.414233208
1777871782.935496,879,1.385469437
1777871784.173875,880,1.396929264
1777871785.465900,881,1.358546257
1777871786.716615,882,1.403710365
1777871787.916375,883,1.421963215
1777871789.057675,884,1.324728012
1777871790.339361,885,1.418042898
1777871791.576504,886,1.475944042
1777871792.738779,887,1.368741274
1777871793.965895,888,1.482651114
1777871795.188482,889,1.396524191
1777871796.344015,890,1.517386436
1777871797.510468,891,1.341768146
1777871798.639670,892,1.346658826
1777871799.885286,893,1.414233208
1777871801.046347,894,1.452406406
1777871802.320232,895,1.402886868
1777871803.366480,896,1.288075566
1777871804.481389,897,1.394639373
1777871805.717251,898,1.409244418
1777871806.964702,899,1.450200558
1777871808.258002,900,1.444490433
1777871809.521950,901,1.404477954
1777871810.647347,902,1.370957732
1777871811.880819,903,1.440255165
1777871813.029468,904,1.276681066
1777871814.069116,905,1.414224982
1777871815.026472,906,1.40761447
1777871816.077956,907,1.361785173
1777871816.910253,908,1.35571003
1777871817.752627,909,1.36040926
1777871818.684585,910,1.41288209
1777871819.521692,911,1.388731956
1777871820.412462,912,1.440848827
1777871821.220608,913,1.389831066
1777871822.107628,914,1.353410363
1777871822.914643,915,1.432181358
1777871823.708771,916,1.422821045
1777871824.576972,917,1.382305384
1777871825.448085,918,1.498346329
1777871826.212688,919,1.382966638
1777871827.203749,920,1.286432028
1777871828.179117,921,1.355148792
1777871828.987624,922,1.436684966
1777871829.986025,923,1.451216221
1777871830.791472,924,1.363848209
1777871831.741978,925,1.393755674
1777871832.901553,926,1.441958189
1777871833.849018,927,1.358925104
1777871834.964515,928,1.326432467
1777871835.887809,929,1.357651234
1777871836.993057,930,1.407713413
1777871838.024166,931,1.427809238
1777871838.845195,932,1.404033661
1777871839.626002,933,1.400682926
1777871840.537807,934,1.412360907
1777871841.359743,935,1.325208545
1777871842.255005,936,1.366654634
1777871843.157779,937,1.385752439
1777871844.068596,938,1.441868067
1777871844.964093,939,1.348550558
1777871846.153166,940,1.291480303
1777871846.942500,941,1.3936131
1777871847.847732,942,1.37959969
1777871848.626175,943,1.487730861
1777871849.491995,944,1.388811588
1777871850.380465,945,1.420274258
1777871851.274021,946,1.349835396
1777871852.131120,947,1.342801213
1777871853.036861,948,1.315016747
1777871853.850363,949,1.410394192
1777871854.789186,950,1.369762659
1777871855.724983,951,1.43105638
1777871856.523351,952,1.36393261
1777871857.331616,953,1.394174337
1777871858.183986,954,1.305371761
1777871859.039580,955,1.388394952
1777871859.996978,956,1.427542686
1777871860.798067,957,1.392443657
1777871861.674402,958,1.3341434
1777871862.489640,959,1.461540461
1777871863.562236,960,1.31481123
1777871864.784095,961,1.392496347
1777871865.974353,962,1.394396782
1777871867.269885,963,1.382875681
1777871868.450445,964,1.343877196
1777871869.654607,965,1.410004258
1777871870.885774,966,1.376943946
1777871872.133786,967,1.427376032
1777871873.401686,968,1.560096383
1777871874.764293,969,1.44722271
1777871875.914596,970,1.331623912
1777871877.242660,971,1.355520964
1777871878.420506,972,1.368516207
1777871879.600710,973,1.421838045
1777871880.678928,974,1.417540789
1777871881.712907,975,1.35512948
1777871882.502756,976,1.378376961
1777871883.308391,977,1.439055324
1777871884.154993,978,1.356005907
1777871884.977534,979,1.353265762
1777871885.799226,980,1.329870224
1777871886.660775,981,1.396873474
1777871887.635884,982,1.365364194
1777871888.500648,983,1.404821992
1777871889.335369,984,1.33278513
1777871890.193946,985,1.406491518
1777871891.131767,986,1.416258812
1777871891.895320,987,1.39189291
1777871892.721620,988,1.296659231
1777871893.554094,989,1.401912451
1777871894.416598,990,1.433846235
1777871895.317310,991,1.41459918
1777871896.204349,992,1.335498929
1777871897.078555,993,1.396652699
1777871897.962606,994,1.41863358
1777871899.106491,995,1.393311501
1777871900.356907,996,1.371092558
1777871901.316668,997,1.392078876
1777871902.234570,998,1.342590094
1777871903.103214,999,1.376600504
1777871904.031466,1000,1.292983294
1777871904.864581,1001,1.337982893
1777871905.769756,1002,1.413617015
1777871906.613091,1003,1.322148561
1777871907.430188,1004,1.368151665
1777871908.243163,1005,1.343966365
1777871909.158585,1006,1.361256719
1777871910.009616,1007,1.383157611
1777871910.785291,1008,1.293913126
1777871911.636943,1009,1.391915083
1777871912.544899,1010,1.262434363
1777871913.399033,1011,1.335639954
1777871914.242784,1012,1.309336543
1777871915.127732,1013,1.40138483
1777871916.082738,1014,1.381032228
1777871917.163069,1015,1.278259516
1777871918.195223,1016,1.291685343
1777871919.237211,1017,1.183034897
1777871920.150444,1018,1.316164851
1777871921.177094,1019,1.390191793
1777871922.353343,1020,1.401057601
1777871923.318214,1021,1.395740747
1777871924.481582,1022,1.343859196
1777871925.702152,1023,1.241700888
1777871926.833941,1024,1.284882069
1777871928.083893,1025,1.400692225
1777871929.371622,1026,1.385320187
1777871930.615559,1027,1.345212221
1777871931.850466,1028,1.309532404
1777871933.095728,1029,1.375882745
1777871934.311809,1030,1.466287613
1777871935.627549,1031,1.378091812
1777871936.814897,1032,1.384367704
1777871937.842020,1033,1.348438978
1777871938.810118,1034,1.317398548
1777871939.730728,1035,1.389252186
1777871940.619357,1036,1.410461664
1777871941.488139,1037,1.328902245
1777871942.260319,1038,1.304377317
1777871943.286813,1039,1.411764622
1777871944.299141,1040,1.381418705
1777871945.254141,1041,1.405605197
1777871946.238811,1042,1.405302525
1777871947.174880,1043,1.352355242
1777871948.043474,1044,1.327133775
1777871948.932427,1045,1.337628484
1777871949.868472,1046,1.323807597
1777871950.755394,1047,1.372674704
1777871951.614857,1048,1.398772478
1777871952.442289,1049,1.394037604
1777871953.287391,1050,1.322128534
1777871954.220802,1051,1.484820604
1777871955.133810,1052,1.386283636
1777871956.000419,1053,1.405720711
1777871956.901048,1054,1.350466847
1777871957.751604,1055,1.302318811
1777871958.840372,1056,1.364049911
1777871959.957519,1057,1.263595104
1777871961.199317,1058,1.344689131
1777871962.299448,1059,1.222997904
1777871963.488461,1060,1.326221228
1777871964.653079,1061,1.267665625
1777871965.842001,1062,1.454011202
1777871966.921525,1063,1.299115896
1777871968.139964,1064,1.316708088
1777871969.324312,1065,1.350881815
1777871970.517129,1066,1.372419357
1777871971.675844,1067,1.437240839
1777871972.888165,1068,1.317672253
1777871974.111349,1069,1.232777715
1777871975.266865,1070,1.38516593
1777871976.406157,1071,1.288073063
1777871977.533878,1072,1.286167622
1777871978.661560,1073,1.400127411
1777871979.803900,1074,1.28100121
1777871980.850453,1075,1.374580622
1777871981.854495,1076,1.264734745
1777871983.037624,1077,1.35049057
1777871983.936467,1078,1.389440775
1777871984.732742,1079,1.349328518
1777871985.658532,1080,1.396307468
1777871986.492595,1081,1.413855076
1777871987.504315,1082,1.345415354
1777871988.661812,1083,1.36608243
1777871989.806657,1084,1.312579989
1777871990.970269,1085,1.413729191
1777871992.011068,1086,1.310067534
1777871993.007672,1087,1.435346484
1777871993.846560,1088,1.399563193
1777871994.658047,1089,1.454907656
1777871995.421415,1090,1.398194671
1777871996.300043,1091,1.346909523
1777871997.156688,1092,1.370558023
1777871998.054691,1093,1.381150842
1777871998.910270,1094,1.370251536
1777871999.829911,1095,1.437998176
1777872000.676404,1096,1.42971611
1777872001.510687,1097,1.341520548
1777872002.422021,1098,1.401505232
1777872003.553654,1099,1.312748551
1777872004.330824,1100,1.472761154
1777872005.125980,1101,1.371133924
1777872005.871300,1102,1.337946415
1777872006.657243,1103,1.362356186
1777872007.535322,1104,1.283541918
1777872008.350823,1105,1.211887836
1777872009.216694,1106,1.449574709
1777872010.107211,1107,1.330695033
1777872010.961802,1108,1.279204369
1777872011.777458,1109,1.333106995
1777872012.591525,1110,1.415326834
1777872013.568882,1111,1.350651503
1777872014.739136,1112,1.399052024
1777872015.946932,1113,1.311579943
1777872016.997822,1114,1.42457056
1777872018.045742,1115,1.409082651
1777872019.049625,1116,1.38878727
1777872020.304854,1117,1.466298103
1777872021.560606,1118,1.414237261
1777872022.893491,1119,1.381199121
1777872023.941401,1120,1.312095165
1777872024.928925,1121,1.384644389
1777872025.938615,1122,1.323408127
1777872026.920605,1123,1.431974769
1777872027.815664,1124,1.296134114
1777872028.649027,1125,1.315006495
1777872029.548967,1126,1.477759361
1777872030.404939,1127,1.390791297
1777872031.543198,1128,1.354932308
1777872032.753819,1129,1.361316919
1777872033.950258,1130,1.353078246
1777872034.938318,1131,1.34948194
1777872036.121767,1132,1.387950182
1777872037.192947,1133,1.367663622
1777872038.081254,1134,1.344571352
1777872038.924936,1135,1.383751988
1777872039.816881,1136,1.37174511
1777872040.664292,1137,1.349354744
1777872041.515951,1138,1.342036366
1777872042.382032,1139,1.337455392
1777872043.183019,1140,1.392347813
1777872043.993375,1141,1.320525646
1777872044.791999,1142,1.301743627
1777872045.660917,1143,1.376967907
1777872046.488869,1144,1.337103367
1777872047.393877,1145,1.313750386
1777872048.535155,1146,1.421342373
1777872049.436246,1147,1.379373312
1777872050.275173,1148,1.387774825
1777872051.019690,1149,1.37345767
1777872051.854607,1150,1.385556459
1777872052.672442,1151,1.341875553
1777872053.752550,1152,1.411874533
1777872054.863206,1153,1.419695497
1777872055.742208,1154,1.395617723
1777872056.615911,1155,1.346204758
1777872057.580247,1156,1.32745719
1777872058.571075,1157,1.352181196
1777872059.723569,1158,1.398565292
1777872060.922150,1159,1.244407654
1777872062.186479,1160,1.231598735
1777872063.262822,1161,1.368762612
1777872064.298428,1162,1.422911644
1777872065.399564,1163,1.409310818
1777872066.480059,1164,1.414481878
1777872067.544415,1165,1.354516506
1777872068.626585,1166,1.308619976
1777872069.779704,1167,1.394620299
1777872070.980658,1168,1.41484201
1777872072.090670,1169,1.337133765
1777872073.310153,1170,1.378718495
1777872074.492876,1171,1.361764312
1777872075.642694,1172,1.272097111
1777872076.732226,1173,1.427467108
1777872077.828333,1174,1.293841004
1777872078.941447,1175,1.359961748
1777872079.865993,1176,1.411123991
1777872080.869483,1177,1.354597449
1777872081.838932,1178,1.307321668
1777872083.092938,1179,1.369948745
1777872084.282447,1180,1.29291749
1777872085.444968,1181,1.357799888
1777872086.436393,1182,1.456127048
1777872087.296823,1183,1.286673069
1777872088.155655,1184,1.290412426
1777872089.279781,1185,1.341827631
1777872090.435371,1186,1.408723354
1777872091.651412,1187,1.375391722
1777872092.882956,1188,1.274028301
1777872094.225852,1189,1.385712385
1777872095.445223,1190,1.364467978
1777872096.655992,1191,1.410132408
1777872097.891096,1192,1.370942831
1777872099.219262,1193,1.342296124
1777872100.513088,1194,1.353885651
1777872101.747640,1195,1.348325849
1777872103.040448,1196,1.385001421
1777872104.274941,1197,1.283265352
1777872105.570330,1198,1.341962457
1777872106.781739,1199,1.346105576
1777872107.963951,1200,1.267778039
1777872109.077057,1201,1.337263346
1777872110.265439,1202,1.302361131
1777872111.526134,1203,1.390436769
1777872112.537458,1204,1.319640279
1777872113.670008,1205,1.335042953
1777872118.173572,1206,1.29373312
1777872124.453452,1207,1.295016408
1777872125.270992,1208,1.340935588
1777872126.188946,1209,1.279702187
1777872127.295070,1210,1.376416206
1777872128.363791,1211,1.494330525
1777872129.577909,1212,1.346313238
1777872130.698984,1213,1.416121006
1777872131.864439,1214,1.378104091
1777872133.047793,1215,1.318237543
1777872134.228494,1216,1.434702754
1777872135.582538,1217,1.309088111
1777872136.919364,1218,1.369313359
1777872138.204426,1219,1.37262845
1777872139.357468,1220,1.398531199
1777872140.559714,1221,1.404200792
1777872141.712327,1222,1.280297518
1777872142.890126,1223,1.263423204
1777872144.129441,1224,1.231685638
1777872145.428911,1225,1.372333884
1777872146.633201,1226,1.324892402
1777872147.570956,1227,1.349458098
1777872148.669549,1228,1.332998037
1777872149.811140,1229,1.357121229
1777872150.759078,1230,1.386118889
1777872151.799758,1231,1.283825755
1777872152.880706,1232,1.389040947
1777872153.715336,1233,1.304901123
1777872154.543546,1234,1.344457388
1777872155.325320,1235,1.364366174
1777872156.091446,1236,1.32703793
1777872156.946503,1237,1.333307743
1777872157.717957,1238,1.360463619
1777872158.613410,1239,1.39151907
1777872159.479210,1240,1.320448041
1777872160.367609,1241,1.353286743
1777872161.530424,1242,1.306680679
1777872162.692683,1243,1.218512893
1777872163.724478,1244,1.367328048
1777872164.762846,1245,1.282485723
1777872165.575381,1246,1.349797606
1777872166.390980,1247,1.285483599
1777872167.222963,1248,1.268901348
1777872167.989945,1249,1.283142924
1777872168.770028,1250,1.268515587
1777872169.552351,1251,1.364175797
1777872170.540017,1252,1.404074192
1777872171.659183,1253,1.378606796
1777872172.786758,1254,1.307359457
1777872173.865462,1255,1.400988817
1777872175.042850,1256,1.372297287
1777872180.873806,1257,1.316568375
1777872185.490471,1258,1.404535413
1777872186.549932,1259,1.328876734
1777872187.803647,1260,1.353929281
1777872188.989315,1261,1.401421785
1777872190.185663,1262,1.375228405
1777872191.279944,1263,1.318265676
1777872192.480305,1264,1.347337484
1777872193.821326,1265,1.384184837
1777872194.939671,1266,1.323408127
1777872196.209720,1267,1.410206676
1777872197.345688,1268,1.372814894
1777872198.570707,1269,1.355457306
1777872199.664408,1270,1.345060945
1777872200.814931,1271,1.297800303
1777872201.985135,1272,1.274816394
1777872203.075979,1273,1.429185867
1777872204.171789,1274,1.392242193
1777872205.376550,1275,1.345867753
1777872206.453665,1276,1.330739021
1777872207.323601,1277,1.351626873
1777872208.129313,1278,1.353956461
1777872208.986377,1279,1.311352491
1777872209.774171,1280,1.38901937
1777872210.566674,1281,1.286946535
1777872211.414456,1282,1.37672472
1777872212.273171,1283,1.374143362
1777872213.144540,1284,1.336033106
1777872214.017244,1285,1.262290716
1777872214.814630,1286,1.397372723
1777872215.703358,1287,1.29560864
1777872216.624261,1288,1.373685956
1777872217.433868,1289,1.30278492
1777872218.334031,1290,1.300846577
1777872219.167049,1291,1.479744196
1777872220.005066,1292,1.26295197
1777872220.823925,1293,1.294082046
1777872221.622138,1294,1.318711162
1777872222.406503,1295,1.404429793
1777872223.235156,1296,1.326605201
1777872224.096533,1297,1.320544481
1777872224.867825,1298,1.396888018
1777872225.699198,1299,1.305751562
1777872226.658398,1300,1.396952271
1777872227.526158,1301,1.396541119
1777872228.447641,1302,1.333468437
1777872229.292024,1303,1.319233656
1777872230.162761,1304,1.34802413
1777872231.064747,1305,1.336364746
1777872231.869043,1306,1.296577334
1777872232.795046,1307,1.235771418
1777872233.579101,1308,1.330492616
1777872234.450381,1309,1.396780252
1777872235.292475,1310,1.38156414
1777872236.177154,1311,1.255047679
1777872237.052912,1312,1.356078148
1777872237.898073,1313,1.431875467
1777872238.826065,1314,1.332022548
1777872240.083632,1315,1.327317119
1777872241.257392,1316,1.29523778
1777872242.176459,1317,1.330797911
1777872243.089741,1318,1.379989386
1777872245.531605,1319,1.357609034
1777872246.990322,1320,1.291647434
1777872248.194752,1321,1.367922306
1777872249.501010,1322,1.364831924
1777872250.654446,1323,1.300198793
1777872251.912364,1324,1.314217091
1777872253.337513,1325,1.254511595
1777872254.781391,1326,1.299360871
1777872255.916480,1327,1.364722371
1777872257.147502,1328,1.378664732
1777872258.281845,1329,1.348316669
1777872259.434469,1330,1.315191507
1777872260.629897,1331,1.245789766
1777872261.827709,1332,1.313792348
1777872263.047944,1333,1.329497337
1777872264.264666,1334,1.367618084
1777872265.382991,1335,1.312137008
1777872266.575472,1336,1.423671126
1777872267.720146,1337,1.342404962
1777872268.819019,1338,1.266605973
1777872269.999256,1339,1.286055803
1777872271.235066,1340,1.340415359
1777872272.402957,1341,1.295982838
1777872273.585333,1342,1.309495449
1777872274.806476,1343,1.384552479
1777872275.895394,1344,1.32090497
1777872277.020780,1345,1.295772314
1777872278.165673,1346,1.274196863
1777872279.367198,1347,1.320885301
1777872280.577427,1348,1.244779706
1777872281.746794,1349,1.221629262
1777872282.919181,1350,1.339514136
1777872284.194804,1351,1.366405368
1777872285.352459,1352,1.345547438
1777872286.551481,1353,1.338380933
1777872287.807859,1354,1.31998086
1777872288.945228,1355,1.329529762
1777872289.999163,1356,1.211549878
1777872291.126270,1357,1.365320206
1777872292.312708,1358,1.41107583
1777872293.520532,1359,1.304905295
1777872294.735354,1360,1.340058327
1777872295.921937,1361,1.301013947
1777872297.059368,1362,1.320449829
1777872298.234807,1363,1.328194857
1777872299.376049,1364,1.352756858
1777872300.487586,1365,1.322654724
1777872301.674621,1366,1.305085659
1777872302.806389,1367,1.260957718
1777872303.955320,1368,1.314636588
1777872305.085548,1369,1.316106796
1777872306.239760,1370,1.290689588
1777872307.398903,1371,1.279454589
1777872308.556923,1372,1.34309721
1777872309.689706,1373,1.430271387
1777872310.801859,1374,1.343877912
1777872311.808859,1375,1.254115343
1777872312.813297,1376,1.301903725
1777872313.922078,1377,1.363174677
1777872315.096680,1378,1.296035409
1777872316.381616,1379,1.307876229
1777872317.515025,1380,1.277997136
1777872318.698877,1381,1.34247458
1777872319.850168,1382,1.269902945
1777872320.890365,1383,1.371115208
1777872321.948949,1384,1.344014883
1777872323.071631,1385,1.325462818
1777872324.095148,1386,1.350820065
1777872325.148013,1387,1.338676929
1777872326.360517,1388,1.344876766
1777872327.532681,1389,1.29720974
1777872328.847374,1390,1.302357078
1777872330.047290,1391,1.465089083
1777872331.390028,1392,1.41878283
1777872332.611499,1393,1.224001408
1777872333.782455,1394,1.265640974
1777872334.876378,1395,1.274447203
1777872336.062270,1396,1.305726051
1777872337.264632,1397,1.317026258
1777872338.376791,1398,1.187892914
1777872339.421801,1399,1.303985357
1777872340.399994,1400,1.303881288
1777872341.594856,1401,1.348068833
1777872342.648553,1402,1.323474646
1777872343.757047,1403,1.34147954
1777872344.883443,1404,1.339127541
1777872345.936865,1405,1.331397772
1777872347.016154,1406,1.335058689
1777872348.099326,1407,1.375899792
1777872349.233169,1408,1.348386288
1777872350.388194,1409,1.231865644
1777872351.530662,1410,1.381848335
1777872352.680594,1411,1.226807475
1777872353.784740,1412,1.41779089
1777872354.897084,1413,1.364349842
1777872356.077082,1414,1.376986027
1777872357.280137,1415,1.353186131
1777872358.416909,1416,1.365723848
1777872359.448716,1417,1.232061863
1777872360.493369,1418,1.353623509
1777872361.621289,1419,1.33564949
1777872362.770435,1420,1.382850409
1777872363.828409,1421,1.345735788
1777872365.045030,1422,1.419234991
1777872366.160066,1423,1.253144264
1777872367.267344,1424,1.379178643
1777872368.321395,1425,1.363858461
1777872369.365439,1426,1.30487144
1777872370.452596,1427,1.462730169
1777872371.488317,1428,1.297687769
1777872372.487816,1429,1.342704773
1777872373.510643,1430,1.247586012
1777872374.503307,1431,1.364572763
1777872375.467459,1432,1.32868588
1777872376.487596,1433,1.36378336
1777872377.549688,1434,1.333624363
1777872378.702904,1435,1.36618185
1777872379.826557,1436,1.369618773
1777872380.858014,1437,1.303550839
1777872382.001579,1438,1.390489817
1777872383.143582,1439,1.208910108
1777872384.305092,1440,1.306310296
1777872385.454735,1441,1.295088768
1777872386.710373,1442,1.316156149
1777872387.974679,1443,1.43300128
1777872389.143497,1444,1.347801566
1777872390.192698,1445,1.356018662
1777872391.354964,1446,1.355919123
1777872392.583721,1447,1.35489285
1777872393.770156,1448,1.271526217
1777872394.950686,1449,1.335480809
1777872396.040315,1450,1.295537949
1777872397.246150,1451,1.344578981
1777872398.380302,1452,1.389866948
1777872399.551417,1453,1.352823377
1777872400.761622,1454,1.449017286
1777872401.940380,1455,1.317771196
1777872403.170378,1456,1.260978699
1777872404.414098,1457,1.358716488
1777872405.577423,1458,1.309262633
1777872406.639715,1459,1.216615558
1777872407.743092,1460,1.389147758
1777872408.924391,1461,1.283672214
1777872410.111545,1462,1.27771461
1777872411.356374,1463,1.299422503
1777872412.560632,1464,1.305499554
1777872413.711164,1465,1.31771636
1777872414.761344,1466,1.304021358
1777872415.873670,1467,1.331340313
1777872416.977468,1468,1.323257089
1777872418.055049,1469,1.353408337
1777872419.084613,1470,1.375803232
1777872420.184828,1471,1.343223691
1777872421.269686,1472,1.262456656
1777872422.519681,1473,1.362155676
1777872423.662976,1474,1.306517005
1777872424.905801,1475,1.283705711
1777872426.120429,1476,1.297397852
1777872427.381147,1477,1.261766791
1777872428.700294,1478,1.338543653
1777872430.027542,1479,1.290216446
1777872431.315011,1480,1.441255212
1777872432.584450,1481,1.355904102
1777872433.831560,1482,1.337655067
1777872434.863346,1483,1.31316483
1777872435.692461,1484,1.278140187
1777872436.620141,1485,1.378026962
1777872437.460592,1486,1.347932816
1777872624.825137,1488,1.297236443
1777872626.051920,1489,1.251465082
1777872627.344842,1490,1.312853694
1777872628.619998,1491,1.294833899
1777872629.932936,1492,1.29709506
1777872631.225893,1493,1.345737934
1777872632.480449,1494,1.266638041
1777872633.653718,1495,1.310280919
1777872634.837650,1496,1.371498823
1777872635.930325,1497,1.352108955
1777872637.088739,1498,1.293084145
1777872638.255253,1499,1.349313498
1777872639.501597,1500,1.387821198
1777872640.775490,1501,1.311723471
1777872642.103627,1502,1.332916975
1777872643.460775,1503,1.326749444
1777872644.856249,1504,1.332321763
1777872646.278316,1505,1.417910695
1777872647.522180,1506,1.482082248
1777872648.862303,1507,1.440531969
1777872650.045457,1508,1.352906466
1777872651.292464,1509,1.326007009
1777872652.566179,1510,1.378512383
1777872653.695968,1511,1.3988235
1777872654.847673,1512,1.220540881
1777872656.015319,1513,1.30922842
1777872657.344572,1514,1.3099612
1777872658.609730,1515,1.329470634
1777872659.896795,1516,1.321442723
1777872661.183814,1517,1.299628139
1777872662.492081,1518,1.290781498
1777872663.701211,1519,1.322205067
1777872665.000789,1520,1.360562563
1777872666.207772,1521,1.356194973
1777872667.540359,1522,1.408689737
1777872668.777914,1523,1.258354783
1777872670.247042,1524,1.363461018
1777872671.590143,1525,1.278387785
1777872672.933455,1526,1.31942749
1777872674.190639,1527,1.381141663
1777872675.393841,1528,1.348668098
1777872676.607750,1529,1.343559265
1777872677.775087,1530,1.276522756
1777872678.947486,1531,1.321335077
1777872680.227969,1532,1.302115083
1777872681.381053,1533,1.372435808
1777872682.543587,1534,1.325780153
1777872683.626882,1535,1.428805828
1777872684.722042,1536,1.262456417
1777872685.915988,1537,1.32363379
1777872687.177836,1538,1.303209782
1777872688.465457,1539,1.350053787
1777872689.841523,1540,1.346110106
1777872691.143462,1541,1.327514887
1777872692.327471,1542,1.360704303
1777872693.681229,1543,1.360041618
1777872694.893797,1544,1.255538702
1777872696.070731,1545,1.303008556
1777872697.368921,1546,1.365306139
1777872698.765216,1547,1.392775774
1777872700.028224,1548,1.30271256
1777872701.324647,1549,1.389585495
1777872702.620428,1550,1.335647821
1777872703.913652,1551,1.311980247
1777872705.192626,1552,1.405149937
1777872706.539323,1553,1.318578601
1777872707.850064,1554,1.271380782
1777872709.132544,1555,1.391564965
1777872710.501898,1556,1.332732201
1777872711.840033,1557,1.372982025
1777872713.040740,1558,1.351039648
1777872714.316121,1559,1.451410294
1777872715.617808,1560,1.3672328
1777872716.657947,1561,1.376796007
1777872717.496692,1562,1.334058881
1777872718.368945,1563,1.292755842
1777872719.239564,1564,1.372102261
1777872720.083144,1565,1.256655455
1777872720.975019,1566,1.284476042
1777872721.839237,1567,1.366924763
1777872722.637038,1568,1.347321033
1777872723.430172,1569,1.294084668
1777872724.322630,1570,1.398020864
1777872725.194300,1571,1.294406891
1777872726.084991,1572,1.423643351
1777872727.009801,1573,1.299167395
1777872727.979676,1574,1.305956125
1777872728.880890,1575,1.289572716
1777872729.731638,1576,1.325843811
1777872731.457273,1577,1.302711964
1777872739.122067,1578,1.387458563
1777872740.067596,1579,1.199662805
1777872740.969549,1580,1.265267968
1777872741.858449,1581,1.298022985
1777872742.739717,1582,1.422851443
1777872743.596672,1583,1.375136971
1777872744.574559,1584,1.394037724
1777872745.327496,1585,1.353615999
1777872746.163296,1586,1.346828103
1777872747.033231,1587,1.396190882
1777872747.848130,1588,1.300358057
1777872748.654650,1589,1.273045659
1777872749.453700,1590,1.352623463
1777872750.408810,1591,1.295174837
1777872751.361006,1592,1.33802247
1777872752.176902,1593,1.364617109
1777872753.144774,1594,1.388497353
1777872753.936075,1595,1.300457239
1777872754.838676,1596,1.321346402
1777872755.669069,1597,1.305342793
1777872756.545460,1598,1.364416599
1777872757.388677,1599,1.323022723
1777872758.275404,1600,1.275498867
1777872759.205802,1601,1.300487399
1777872760.086964,1602,1.339094043
1777872760.981215,1603,1.346022964
1777872761.934885,1604,1.316998601
1777872762.844063,1605,1.332218528
1777872763.627961,1606,1.289644241
1777872764.461503,1607,1.296435595
1777872765.321639,1608,1.418913364
1777872766.226327,1609,1.446078062
1777872767.125081,1610,1.377383471
1777872768.054000,1611,1.393039227
1777872768.899570,1612,1.380414724
1777872769.827290,1613,1.371839643
1777872770.778839,1614,1.285358429
1777872771.790441,1615,1.373675585
1777872772.655773,1616,1.338233471
1777872773.640057,1617,1.308389783
1777872774.466974,1618,1.409488916
1777872775.289758,1619,1.276859283
1777872776.238521,1620,1.210165501
1777872777.086614,1621,1.358757973
1777872778.000952,1622,1.336289048
1777872778.803703,1623,1.224059343
1777872779.665867,1624,1.22454381
1777872780.524217,1625,1.285416961
1777872781.372752,1626,1.315628767
1777872782.233744,1627,1.369334221
1777872783.086561,1628,1.332412004
1777872783.997101,1629,1.256234884
1777872784.831621,1630,1.27063787
1777872785.714901,1631,1.38804996
1777872786.614738,1632,1.385211945
1777872787.527281,1633,1.32443738
1777872788.403335,1634,1.332045197
1777872789.280127,1635,1.257002115
1777872790.120089,1636,1.399185896
1777872790.931317,1637,1.32091403
1777872791.840144,1638,1.356573462
1777872792.665242,1639,1.392674446
1777872793.524963,1640,1.321962833
1777872794.368819,1641,1.355879307
1777872795.281518,1642,1.323801756
1777872796.093996,1643,1.326259375
1777872796.966332,1644,1.226861
1777872797.825011,1645,1.311058402
1777872798.710154,1646,1.332704544
1777872799.552348,1647,1.337242365
1777872800.416467,1648,1.413967013
1777872801.244040,1649,1.404956698
1777872802.185139,1650,1.344857693
1777872803.064352,1651,1.313394904
1777872803.917337,1652,1.296943903
1777872804.764357,1653,1.368084431
1777872805.674061,1654,1.305340052
1777872806.564429,1655,1.371328235
1777872807.395766,1656,1.316826701
1777872808.227634,1657,1.349032164
1777872809.105252,1658,1.382454276
1777872809.906043,1659,1.382066011
1777872810.739896,1660,1.235705495
1777872811.580366,1661,1.32943356
1777872812.486468,1662,1.383553267
1777872813.361423,1663,1.27738905
1777872814.258949,1664,1.313320875
1777872815.106992,1665,1.319706678
1777872816.054089,1666,1.300591946
1777872816.904247,1667,1.293902636
1777872817.762142,1668,1.240708709
1777872818.596717,1669,1.455989718
1777872819.444611,1670,1.375542164
1777872820.342727,1671,1.372019887
1777872821.222595,1672,1.3715415
1777872822.114406,1673,1.282224417
1777872822.938978,1674,1.307036042
1777872823.795604,1675,1.225728273
1777872824.635367,1676,1.296905637
1777872825.471675,1677,1.242431641
1777872826.323326,1678,1.242216587
1777872827.129555,1679,1.370444298
1777872828.012465,1680,1.33500123
1777872828.856737,1681,1.328370452
1777872829.847030,1682,1.343382359
1777872830.677080,1683,1.290102482
1777872831.559982,1684,1.328279734
1777872832.359184,1685,1.320796132
1777872833.239586,1686,1.317205667
1777872834.148999,1687,1.356288791
1777872835.033129,1688,1.27996254
1777872835.985420,1689,1.263683796
1777872836.906509,1690,1.261914015
1777872837.798823,1691,1.318416595
1777872838.762908,1692,1.388926268
1777872839.661051,1693,1.326973557
1777872840.590514,1694,1.314806223
1777872841.412724,1695,1.334406853
1777872842.315838,1696,1.324738503
1777872843.193699,1697,1.311100245
1777872844.011155,1698,1.240558028
1777872844.879679,1699,1.334933996
1777872845.760808,1700,1.379072428
1777872846.693324,1701,1.336558819
1777872847.580429,1702,1.266104698
1777872848.367846,1703,1.2187289
1777872849.307792,1704,1.380291104
1777872850.158327,1705,1.305742979
1777872850.975404,1706,1.317882776
1777872851.774395,1707,1.240749717
1777872852.702762,1708,1.31408155
1777872853.680603,1709,1.367130399
1777872854.506774,1710,1.335630298
1777872855.388614,1711,1.354472637
1777872856.273112,1712,1.307915688
1777872857.168641,1713,1.294219732
1777872857.999674,1714,1.209112883
1777872858.939278,1715,1.387865663
1777872859.756650,1716,1.290493011
1777872860.587649,1717,1.283046484
1777872861.498137,1718,1.301829696
1777872862.633406,1719,1.326214433
1777872863.917803,1720,1.340020537
1777872865.076786,1721,1.250509858
1777872865.909561,1722,1.336339235
1777872866.729426,1723,1.309539557
1777872867.795253,1724,1.365409493
1777872868.953347,1725,1.357650042
1777872869.722476,1726,1.307077169
1777872870.594077,1727,1.2480793
1777872871.461291,1728,1.292249203
1777872872.394324,1729,1.340258718
1777872873.305091,1730,1.261664987
1777872874.255250,1731,1.262679338
1777872875.211071,1732,1.24560535
1777872876.093729,1733,1.339612007
1777872876.944533,1734,1.273482323
1777872877.830327,1735,1.20258975
1777872878.659853,1736,1.352380991
1777872879.590453,1737,1.34097743
1777872880.402908,1738,1.335825205
1777872881.248631,1739,1.366366863
1777872882.099265,1740,1.371224165
1777872882.977817,1741,1.337336063
1777872883.823464,1742,1.258447051
1777872884.776522,1743,1.280408025
1777872885.705337,1744,1.432107568
1777872886.533159,1745,1.396695256
1777872887.405417,1746,1.364986897
1777872888.324103,1747,1.336067438
1777872889.191564,1748,1.307139397
1777872890.167583,1749,1.436536074
1777872891.071813,1750,1.356310606
1777872891.894567,1751,1.201929808
1777872892.667983,1752,1.324776173
1777872893.517829,1753,1.359479666
1777872894.426609,1754,1.301222563
1777872895.282550,1755,1.292770147
1777872896.200817,1756,1.373485804
1777872897.031773,1757,1.212745428
1777872897.858551,1758,1.215848446
1777872898.787476,1759,1.293968201
1777872899.694388,1760,1.197795868
1777872900.608177,1761,1.305079699
1777872901.456538,1762,1.296902657
1777872902.378301,1763,1.292389631
1777872903.264969,1764,1.270115376
1777872904.250363,1765,1.251268387
1777872905.112807,1766,1.357281208
1777872905.995103,1767,1.366737843
1777872906.895845,1768,1.361721039
1777872907.741492,1769,1.218522429
1777872908.585090,1770,1.228457928
1777872909.521690,1771,1.346423984
1777872910.343001,1772,1.340985775
1777872911.151635,1773,1.371245384
1777872912.029933,1774,1.221920967
1777872912.943525,1775,1.35619545
1777872913.892442,1776,1.284913182
1777872914.738411,1777,1.27946341
1777872915.533234,1778,1.291957617
1777872916.340620,1779,1.417138219
1777872917.482083,1780,1.324094296
1777872918.660567,1781,1.415215015
1777872919.592706,1782,1.349748492
1777872920.486691,1783,1.403053522
1777872921.322757,1784,1.245619059
1777872922.124617,1785,1.337655187
1777872922.950181,1786,1.211826324
1777872923.789490,1787,1.367126942
1777872924.617082,1788,1.30970788
1777872925.408410,1789,1.286814928
1777872926.200897,1790,1.382648706
1777872926.975276,1791,1.266814828
1777872927.897715,1792,1.254391193
1777872929.102204,1793,1.268004417
1777872930.120137,1794,1.267543793
1777872931.322557,1795,1.350001335
1777872932.333883,1796,1.297762752
1777872933.163327,1797,1.332834959
1777872933.942783,1798,1.281383991
1777872934.811591,1799,1.329789281
1777872935.696748,1800,1.286783218
1777872936.552555,1801,1.334728718
1777872937.429937,1802,1.332143545
1777872938.307397,1803,1.312344432
1777872939.196794,1804,1.166357875
1777872940.080065,1805,1.405318022
1777872940.925241,1806,1.276421666
1777872941.880052,1807,1.326517224
1777872942.725519,1808,1.293022037
1777872943.508883,1809,1.292033911
1777872944.312268,1810,1.340670824
1777872945.166381,1811,1.306949139
1777872946.053559,1812,1.221405268
1777872946.922106,1813,1.27340591
1777872947.772897,1814,1.192136765
1777872948.631256,1815,1.343074322
1777872949.436778,1816,1.309358954
1777872950.240683,1817,1.380972862
1777872951.062414,1818,1.323422432
1777872951.912132,1819,1.357901335
1777872952.688744,1820,1.317360759
1777872953.452027,1821,1.236795545
1777872954.338206,1822,1.304516673
1777872955.216020,1823,1.389950275
1777872956.101539,1824,1.400895119
1777872956.852139,1825,1.218961239
1777872957.706291,1826,1.34762764
1777872958.487598,1827,1.19127059
1777872959.420634,1828,1.350756288
1777872960.201053,1829,1.211331844
1777872961.103039,1830,1.337908268
1777872961.978708,1831,1.345016241
1777872962.888305,1832,1.311431766
1777872963.720247,1833,1.277497292
1777872964.652735,1834,1.247529149
1777872965.729750,1835,1.269280553
1777872966.767494,1836,1.284677982
1777872967.685098,1837,1.305533409
1777872968.631462,1838,1.32437849
1777872969.634663,1839,1.311423779
1777872970.884027,1840,1.262917161
1777872972.012623,1841,1.374323606
1777872973.012331,1842,1.353539824
1777872973.882488,1843,1.273854375
1777872974.778868,1844,1.266328573
1777872975.687695,1845,1.288584709
1777872976.622898,1846,1.240962744
1777872977.461447,1847,1.341302514
1777872978.327743,1848,1.274922609
1777872979.176234,1849,1.236243129
1777872980.036376,1850,1.286012769
1777872980.856262,1851,1.21281302
1777872981.700278,1852,1.301288366
1777872982.524270,1853,1.305067301
1777872983.387799,1854,1.261302829
1777872984.165269,1855,1.215878248
1777872985.118314,1856,1.311060071
1777872985.981306,1857,1.23031044
1777872986.935448,1858,1.28377676
1777872988.110460,1859,1.233442068
1777872989.121989,1860,1.288169384
1777872990.027134,1861,1.308543444
1777872991.005631,1862,1.367624164
1777872992.031670,1863,1.341193199
1777872993.167074,1864,1.307908177
1777872994.248839,1865,1.287210941
1777872995.234435,1866,1.446999073
1777872996.179859,1867,1.259343147
1777872997.099825,1868,1.326225996
1777872998.010438,1869,1.321139336
1777872999.097637,1870,1.279562473
1777873000.163194,1871,1.25638926
1777873001.036759,1872,1.378142834
1777873001.915697,1873,1.278660059
1777873002.762153,1874,1.291461945
1777873003.804890,1875,1.373502016
1777873004.759728,1876,1.349638104
1777873005.679197,1877,1.362500072
1777873006.489492,1878,1.274894357
1777873007.265784,1879,1.301445723
1777873008.098212,1880,1.149888277
1777873008.994771,1881,1.24594295
1777873009.896537,1882,1.227757931
1777873010.726866,1883,1.230735779
1777873011.632786,1884,1.30456686
1777873012.539345,1885,1.304307461
1777873013.397048,1886,1.217334867
1777873014.301165,1887,1.332704067
1777873015.157606,1888,1.303336859
1777873016.012067,1889,1.270909786
1777873016.843073,1890,1.292883515
1777873017.730798,1891,1.307130814
1777873018.558222,1892,1.224888563
1777873019.480789,1893,1.365472555
1777873020.408886,1894,1.37104404
1777873021.214108,1895,1.304055095
1777873022.036704,1896,1.340831995
1777873022.997486,1897,1.289285421
1777873023.872729,1898,1.237196445
1777873024.715839,1899,1.287333965
1777873025.597408,1900,1.255893588
1777873026.523394,1901,1.269639492
1777873027.473315,1902,1.258850455
1777873028.724932,1903,1.370440006
1777873029.603399,1904,1.315271974
1777873030.444657,1905,1.278777838
1777873031.437109,1906,1.324410558
1777873032.293605,1907,1.337797165
1777873033.160817,1908,1.307535172
1777873034.115480,1909,1.313246131
1777873035.092099,1910,1.327255249
1777873036.056264,1911,1.311912656
1777873037.072413,1912,1.211752415
1777873037.982553,1913,1.271618843
1777873038.866979,1914,1.260876298
1777873039.752084,1915,1.273179054
1777873040.591803,1916,1.329831243
1777873041.436234,1917,1.372509003
1777873042.328496,1918,1.321783423
1777873043.522328,1919,1.298026681
1777873044.590571,1920,1.451747656
1777873045.725124,1921,1.232838869
1777873046.528786,1922,1.289813876
1777873047.406041,1923,1.264456034
1777873048.242658,1924,1.262875319
1777873049.069835,1925,1.33748877
1777873049.888052,1926,1.228384614
1777873050.719596,1927,1.332887292
1777873051.628135,1928,1.219125748
1777873052.436991,1929,1.295628428
1777873053.208660,1930,1.293594837
1777873054.027816,1931,1.255827785
1777873054.908693,1932,1.303411484
1777873055.883822,1933,1.434081554
1777873056.783315,1934,1.294311285
1777873057.603169,1935,1.351851344
1777873058.427611,1936,1.183355093
1777873059.311180,1937,1.37432754
1777873060.203636,1938,1.246855736
1777873061.230041,1939,1.34584713
1777873062.383701,1940,1.362236381
1777873063.464747,1941,1.409323931
1777873064.699357,1942,1.389373422
1777873065.861642,1943,1.284996748
1777873067.154036,1944,1.253232002
1777873068.350762,1945,1.201965094
1777873069.453452,1946,1.307417512
1777873070.570113,1947,1.377024651
1777873071.680403,1948,1.38281846
1777873072.755280,1949,1.255464077
1777873073.965818,1950,1.286416054
1777873075.182674,1951,1.283380508
1777873076.362661,1952,1.367209435
1777873077.658811,1953,1.326753378
1777873078.872627,1954,1.32286489
1777873080.076358,1955,1.284785628
1777873081.272349,1956,1.26350069
1777873082.424855,1957,1.299376249
1777873083.643242,1958,1.28785634
1777873084.901869,1959,1.310537457
1777873085.973959,1960,1.353830099
1777873087.135638,1961,1.31302321
1777873088.349500,1962,1.246173382
1777873089.461348,1963,1.405789375
1777873090.597689,1964,1.184929371
1777873091.790752,1965,1.292035103
1777873092.887441,1966,1.328569651
1777873094.072069,1967,1.274630666
1777873095.199506,1968,1.275367498
1777873096.309043,1969,1.269640446
1777873097.385584,1970,1.396417379
1777873098.516255,1971,1.317677736
1777873099.667551,1972,1.349648476
1777873100.923223,1973,1.317092657
1777873102.207008,1974,1.21948421
1777873103.251876,1975,1.28894949
1777873104.398555,1976,1.29968214
1777873105.543430,1977,1.264857531
1777873106.653345,1978,1.341626287
1777873107.456959,1979,1.254353762
1777873108.307057,1980,1.257151842
1777873109.148277,1981,1.239595413
1777873109.922404,1982,1.24446547
1777873110.814992,1983,1.320788383
1777873111.722950,1984,1.361463547
1777873112.552644,1985,1.327258348
1777873113.416804,1986,1.316834807
1777873114.264121,1987,1.265773058
1777873115.077337,1988,1.273067713
1777873115.963296,1989,1.197501898
1777873116.859026,1990,1.289068699
1777873117.784732,1991,1.35367167
1777873118.611469,1992,1.278235078
1777873119.351780,1993,1.209101319
1777873120.084311,1994,1.272322655
1777873120.978297,1995,1.300410986
1777873121.831286,1996,1.329196215
1777873122.728239,1997,1.341315985
1777873123.596904,1998,1.255427957
1777873124.439005,1999,1.299512625
1777873125.372607,2000,1.340272427
1777873126.259453,2001,1.278616428
1777873127.053411,2002,1.351195097
1777873127.802926,2003,1.317166328
1777873128.610842,2004,1.264017582
1777873129.441191,2005,1.261590958
1777873130.286400,2006,1.277666807
1777873131.119466,2007,1.354837656
1777873131.975868,2008,1.331935167
1777873132.803951,2009,1.304225445
1777873133.621309,2010,1.328277707
1777873134.488530,2011,1.277613521
1777873135.342678,2012,1.346698046
1777873136.276838,2013,1.258156538
1777873137.077091,2014,1.213916063
1777873138.026709,2015,1.290323853
1777873138.903703,2016,1.362874269
1777873139.864188,2017,1.25697422
1777873141.021534,2018,1.237809658
1777873142.159275,2019,1.319620132
1777873143.253276,2020,1.354239702
1777873144.469528,2021,1.232659817
1777873145.368711,2022,1.28743577
1777873146.291269,2023,1.282994628
1777873147.339732,2024,1.287702918
1777873148.466365,2025,1.24920404
1777873149.606690,2026,1.195711136
1777873150.856614,2027,1.182546258
1777873152.032597,2028,1.365974307
1777873153.120976,2029,1.304878235
1777873154.330583,2030,1.352601647
1777873155.519668,2031,1.29633069
1777873156.758134,2032,1.261818051
1777873158.011745,2033,1.294164419
1777873159.120605,2034,1.207718372
1777873160.303187,2035,1.307392955
1777873161.509638,2036,1.283996463
1777873162.806427,2037,1.307230473
1777873164.043430,2038,1.3887887
1777873165.364172,2039,1.240825653
1777873166.593192,2040,1.268300056
1777873167.896562,2041,1.198467851
1777873169.166323,2042,1.313791394
1777873170.485152,2043,1.296548367
1777873171.735470,2044,1.301772833
1777873172.933336,2045,1.298764825
1777873174.133994,2046,1.296275854
1777873175.314728,2047,1.335231304
1777873176.590172,2048,1.29796195
1777873177.847094,2049,1.29072094
1777873179.024262,2050,1.365003824
1777873180.335129,2051,1.281431079
1777873181.571755,2052,1.348608255
1777873182.828213,2053,1.324017882
1777873184.009625,2054,1.250449896
1777873185.086760,2055,1.224173903
1777873186.223833,2056,1.240014553
1777873187.446274,2057,1.317724109
1777873188.593069,2058,1.309264898
1777873189.680447,2059,1.300853968
1777873190.765911,2060,1.284453869
1777873191.910146,2061,1.334338307
1777873193.009384,2062,1.332793951
1777873194.097226,2063,1.180093527
1777873195.323408,2064,1.209581137
1777873196.474860,2065,1.205572009
1777873197.687622,2066,1.325057745
1777873199.068413,2067,1.313527346
1777873200.245808,2068,1.369076848
1777873201.390247,2069,1.349926114
1777873202.513438,2070,1.205852628
1777873203.636456,2071,1.260986209
1777873204.764082,2072,1.265773535
1777873205.938219,2073,1.339204311
1777873207.222855,2074,1.356511593
1777873208.466256,2075,1.24713707
1777873209.663316,2076,1.34452796
1777873210.798033,2077,1.368767858
1777873211.783774,2078,1.234808683
1777873212.855083,2079,1.277658463
1777873213.944275,2080,1.184652925
1777873214.988421,2081,1.330410004
1777873216.042450,2082,1.256852388
1777873217.216886,2083,1.234517574
1777873218.319020,2084,1.271016836
1777873219.509421,2085,1.273171186
1777873220.707229,2086,1.247365832
1777873221.864214,2087,1.134224653
1777873223.030553,2088,1.184924364
1777873224.172781,2089,1.391140938
1777873225.366255,2090,1.296270013
1777873233.939710,2091,1.279057503
1777873235.098806,2092,1.270589709
1777873236.328295,2093,1.314423203
1777873237.518596,2094,1.349314451
1777873238.676287,2095,1.326634765
1777873239.966064,2096,1.333005548
1777873241.090696,2097,1.29035151
1777873241.975050,2098,1.287012577
1777873242.826901,2099,1.326933622
1777873243.891086,2100,1.29072082
1777873244.763213,2101,1.21502471
1777873245.688400,2102,1.276213646
1777873246.757365,2103,1.262588859
1777873247.821638,2104,1.319949865
1777873248.873407,2105,1.276843071
1777873250.008422,2106,1.227366686
1777873251.121254,2107,1.271470666
1777873252.295220,2108,1.184502602
1777873253.484890,2109,1.327629805
1777873254.436542,2110,1.330532074
1777873255.482503,2111,1.339350462
1777873256.691003,2112,1.275060058
1777873257.852034,2113,1.301050544
1777873258.979423,2114,1.272573233
1777873260.136706,2115,1.290052295
1777873261.109337,2116,1.252370358
1777873262.262885,2117,1.258569956
1777873263.281446,2118,1.215936899
1777873264.398174,2119,1.242782593
1777873265.511436,2120,1.244286299
1777873266.569601,2121,1.357634783
1777873267.406323,2122,1.167104721
1777873268.276517,2123,1.359228849
1777873269.031594,2124,1.207219958
1777873269.831411,2125,1.249981284
1777873270.672750,2126,1.30732882
1777873271.577283,2127,1.304721594
1777873272.760243,2128,1.275679111
1777873273.930928,2129,1.268426299
1777873275.028048,2130,1.175531268
1777873276.199153,2131,1.265618324
1777873277.412653,2132,1.250554562
1777873278.580324,2133,1.162726164
1777873279.820073,2134,1.21965456
1777873281.048026,2135,1.278141737
1777873282.358860,2136,1.202757359
1777873283.579561,2137,1.290596724
1777873284.888987,2138,1.291918278
1777873286.090064,2139,1.284679055
1777873287.299033,2140,1.368466377
1777873288.546543,2141,1.332342625
1777873289.764509,2142,1.232185483
1777873290.964363,2143,1.299118042
1777873292.128833,2144,1.269540787
1777873293.314409,2145,1.281180143
1777873294.557007,2146,1.28882134
1777873295.629084,2147,1.217845798
1777873296.712894,2148,1.246326447
1777873297.860586,2149,1.24655962
1777873299.081749,2150,1.259189367
1777873300.255072,2151,1.330581188
1777873301.410691,2152,1.279544592
1777873302.641551,2153,1.320531249
1777873303.824978,2154,1.298309445
1777873305.085177,2155,1.266604185
1777873306.178955,2156,1.260840178
1777873307.452685,2157,1.252938271
1777873308.605787,2158,1.250659943
1777873309.790875,2159,1.268817782
1777873310.911395,2160,1.373071194
1777873312.012853,2161,1.173410416
1777873313.151339,2162,1.301302552
1777873314.209421,2163,1.207255602
1777873315.219634,2164,1.229182839
1777873316.358158,2165,1.188758373
1777873317.562914,2166,1.294629335
1777873318.748757,2167,1.302407742
1777873319.924310,2168,1.336541295
1777873321.139346,2169,1.393116713
1777873322.473137,2170,1.286133289
1777873323.864161,2171,1.319686651
1777873324.975829,2172,1.298596859
1777873325.892190,2173,1.351089239
1777873326.719309,2174,1.347955942
1777873327.546170,2175,1.305176973
1777873328.374427,2176,1.260534167
1777873329.260626,2177,1.228705525
1777873330.147488,2178,1.257638454
1777873330.914951,2179,1.335762858
1777873331.723492,2180,1.297861814
1777873332.579611,2181,1.292903304
1777873333.493181,2182,1.201869011
1777873334.448984,2183,1.296747446
1777873335.469949,2184,1.205693007
1777873336.670382,2185,1.285733342
1777873337.671713,2186,1.271907568
1777873338.772185,2187,1.246924043
1777873339.834052,2188,1.392510056
1777873340.889114,2189,1.24579823
1777873341.917644,2190,1.298447728
1777873342.997405,2191,1.280836582
1777873344.101759,2192,1.310553074
1777873345.206871,2193,1.330765009
1777873346.345513,2194,1.330435395
1777873347.471867,2195,1.302002788
1777873348.589834,2196,1.312142015
1777873349.637199,2197,1.27113533
1777873350.819062,2198,1.260066509
1777873351.967234,2199,1.259550452
1777873353.149391,2200,1.352770329
1777873354.265641,2201,1.306257129
1777873355.378427,2202,1.167539477
1777873356.520494,2203,1.291506767
1777873357.662574,2204,1.295263648
1777873358.862740,2205,1.22334218
1777873359.998387,2206,1.24129355
1777873361.136160,2207,1.293991685
1777873362.355218,2208,1.231232762
1777873363.658634,2209,1.270687461
1777873364.905318,2210,1.235848427
1777873366.212662,2211,1.291611195
1777873367.474719,2212,1.253452301
1777873368.746945,2213,1.157749891
1777873370.060105,2214,1.206080914
1777873371.189671,2215,1.218182325
1777873372.434002,2216,1.254240155
1777873373.555728,2217,1.243764281
1777873374.674140,2218,1.177153111
1777873375.892582,2219,1.322944403
1777873377.191637,2220,1.294856548
1777873378.310164,2221,1.261600494
1777873379.465762,2222,1.220959187
1777873380.619906,2223,1.180860519
1777873381.778089,2224,1.279682994
1777873382.977203,2225,1.262985826
1777873384.183613,2226,1.33568573
1777873385.482961,2227,1.379071474
1777873386.667835,2228,1.218375206
1777873387.845881,2229,1.236614704
1777873389.025718,2230,1.16241765
1777873581.375638,2232,1.307438254
1777873582.512827,2233,1.288002253
1777873583.591946,2234,1.276446581
1777873584.668278,2235,1.279194593
1777873585.934535,2236,1.28349936
1777873587.166057,2237,1.253136873
1777873588.467996,2238,1.302030087
1777873589.640071,2239,1.305554748
1777873590.769345,2240,1.296856761
1777873591.940291,2241,1.242452979
1777873593.048100,2242,1.246014714
1777873594.277448,2243,1.242300272
1777873595.594581,2244,1.305633783
1777873596.809316,2245,1.345211506
1777873597.955635,2246,1.36402595
1777873599.203763,2247,1.281222463
1777873600.346091,2248,1.289214849
1777873601.626848,2249,1.230322123
1777873602.872806,2250,1.300557852
1777873604.723694,2251,1.241902113
1777873606.082253,2252,1.270140052
1777873607.289892,2253,1.298132181
1777873608.603419,2254,1.260117531
1777873609.876433,2255,1.291193724
1777873611.108024,2256,1.346946478
1777873612.292234,2257,1.283130646
1777873613.612491,2258,1.257724404
1777873614.903555,2259,1.205426097
1777873616.141046,2260,1.291883945
1777873617.441941,2261,1.264309406
1777873618.690578,2262,1.354729176
1777873619.874657,2263,1.207911015
1777873621.067373,2264,1.280920982
1777873622.242450,2265,1.190709352
1777873623.469080,2266,1.140231967
1777873624.617548,2267,1.239863157
1777873625.831681,2268,1.20637095
1777873626.979491,2269,1.301093817
1777873628.095339,2270,1.336329579
1777873629.243764,2271,1.278247952
1777873630.396010,2272,1.232886434
1777873631.547685,2273,1.254555225
1777873632.645308,2274,1.282242537
1777873633.695816,2275,1.238146544
1777873634.932733,2276,1.285089135
1777873636.138664,2277,1.268275619
1777873637.311296,2278,1.239161015
1777873638.436846,2279,1.248566031
1777873639.446822,2280,1.257496715
1777873640.543174,2281,1.226539612
1777873641.686147,2282,1.31466651
1777873642.789862,2283,1.278860211
1777873644.103083,2284,1.244886518
1777873645.226501,2285,1.325805664
1777873646.413461,2286,1.328040242
1777873647.635791,2287,1.235135674
1777873648.722707,2288,1.322063804
1777873649.754032,2289,1.278621197
1777873650.891692,2290,1.31389904
1777873652.080398,2291,1.236211061
1777873653.226405,2292,1.266786337
1777873654.374625,2293,1.291769147
1777873655.513248,2294,1.198873043
1777873656.942902,2295,1.293114901
1777873658.194131,2296,1.32015729
1777873659.581194,2297,1.376154065
1777873660.799897,2298,1.334312439
1777873661.973787,2299,1.247336864
1777873663.313754,2300,1.249614239
1777873664.455485,2301,1.266282797
1777873665.649804,2302,1.228580236
1777873666.833191,2303,1.308802009
1777873667.945261,2304,1.337898374
1777873668.911731,2305,1.178071141
1777873669.682756,2306,1.21557498
1777873670.537591,2307,1.268941641
1777873671.367605,2308,1.217327356
1777873672.287207,2309,1.247010708
1777873673.092285,2310,1.30121541
1777873673.917686,2311,1.213204026
1777873674.744534,2312,1.330232382
1777873675.531577,2313,1.202589512
1777873676.399771,2314,1.255074739
1777873677.283069,2315,1.248898029
1777873678.073175,2316,1.205759764
1777873678.863322,2317,1.236860991
1777873679.702550,2318,1.288593054
1777873680.539300,2319,1.306389332
1777873681.372263,2320,1.347488523
1777873682.256158,2321,1.279008865
1777873683.147002,2322,1.216888189
1777873684.040978,2323,1.307051182
1777873684.880944,2324,1.254906416
1777873685.712912,2325,1.231461406
1777873686.544880,2326,1.172105551
1777873687.413733,2327,1.295941114
1777873688.306354,2328,1.29171133
1777873689.145060,2329,1.210122824
1777873689.984960,2330,1.244300961
1777873690.810895,2331,1.323253036
1777873691.669642,2332,1.239846706
1777873692.397136,2333,1.25187254
1777873693.284417,2334,1.277079105
1777873694.154135,2335,1.233541727
1777873694.936462,2336,1.24389708
1777873695.757788,2337,1.268319607
1777873696.641838,2338,1.249112606
1777873697.458302,2339,1.182189584
1777873698.301832,2340,1.274209142
1777873699.255955,2341,1.234666467
1777873700.129394,2342,1.27981174
1777873700.954104,2343,1.30789566
1777873701.784050,2344,1.191476464
1777873702.588156,2345,1.279662132
1777873703.370080,2346,1.180647612
1777873704.163679,2347,1.215481758
1777873704.983449,2348,1.267323494
1777873705.787113,2349,1.205713987
1777873706.559320,2350,1.20529747
1777873707.441019,2351,1.274032831
1777873708.311898,2352,1.265183091
1777873709.228089,2353,1.183509588
1777873710.071875,2354,1.358200312
1777873710.889900,2355,1.219967008
1777873711.747641,2356,1.243874311
1777873712.665128,2357,1.362831831
1777873713.468179,2358,1.242782712
1777873714.388100,2359,1.268909574
1777873715.293255,2360,1.308038473
1777873716.188744,2361,1.342363119
1777873717.016260,2362,1.177189946
1777873717.825722,2363,1.299878001
1777873718.714803,2364,1.28646028
1777873719.620175,2365,1.396382809
1777873720.562891,2366,1.215371132
1777873721.434468,2367,1.251642942
1777873722.358286,2368,1.251391411
1777873723.251465,2369,1.263678312
1777873724.169719,2370,1.245164633
1777873725.043002,2371,1.316183448
1777873725.931814,2372,1.247307062
1777873726.721926,2373,1.307914495
1777873727.498779,2374,1.34075284
1777873728.424611,2375,1.253875136
1777873729.351297,2376,1.335079908
1777873730.250488,2377,1.169469595
1777873731.190339,2378,1.276364207
1777873732.039417,2379,1.25851655
1777873732.862394,2380,1.246011972
1777873733.714367,2381,1.244592905
1777873734.636836,2382,1.335470676
1777873735.495576,2383,1.232619047
1777873736.394043,2384,1.285798788
1777873737.219355,2385,1.269421816
1777873738.093095,2386,1.248811126
1777873738.974534,2387,1.30836463
1777873739.817687,2388,1.285223484
1777873740.631068,2389,1.215041518
1777873741.544205,2390,1.21689117
1777873742.445207,2391,1.208895922
1777873743.330075,2392,1.279448509
1777873744.199392,2393,1.204745531
1777873745.072336,2394,1.29864502
1777873746.057740,2395,1.270315886
1777873747.006461,2396,1.296613455
1777873747.932218,2397,1.303201437
1777873748.834248,2398,1.201812387
1777873749.758991,2399,1.278186321
1777873750.637212,2400,1.154447794
1777873751.515225,2401,1.335431933
1777873752.371173,2402,1.223597765
1777873753.377680,2403,1.302834988
1777873754.271439,2404,1.250043154
1777873755.070878,2405,1.352942228
1777873755.817911,2406,1.183410406
1777873756.774567,2407,1.313461542
1777873757.675137,2408,1.285002112
1777873758.476784,2409,1.334055305
1777873759.267689,2410,1.213247776
1777873760.140835,2411,1.265435696
1777873761.166000,2412,1.309154987
1777873762.121702,2413,1.196212053
1777873763.386808,2414,1.209439158
1777873764.555580,2415,1.16930449
1777873765.588243,2416,1.301998615
1777873766.411725,2417,1.211275935
1777873767.144875,2418,1.129513741
1777873767.963625,2419,1.233559966
1777873768.753078,2420,1.193834305
1777873769.576088,2421,1.323851585
1777873770.297887,2422,1.331240058
1777873771.217532,2423,1.347927809
1777873772.021010,2424,1.272776127
1777873772.767327,2425,1.283221722
1777873773.566886,2426,1.257414103
1777873774.332803,2427,1.266979098
1777873775.209525,2428,1.244428635
1777873776.033026,2429,1.299005508
1777873776.883008,2430,1.209265709
1777873777.755337,2431,1.286288261
1777873778.671256,2432,1.290816784
1777873779.625341,2433,1.318208694
1777873780.474540,2434,1.283946872
1777873781.327273,2435,1.285226107
1777873782.193829,2436,1.25315547
1777873783.010526,2437,1.234514713
1777873783.921756,2438,1.269026041
1777873784.785434,2439,1.270158291
1777873785.615322,2440,1.240860701
1777873786.527528,2441,1.173915744
1777873787.439685,2442,1.257055402
1777873788.266545,2443,1.282022238
1777873789.182816,2444,1.165868402
1777873789.954949,2445,1.192544341
1777873790.752483,2446,1.283499718
1777873791.528016,2447,1.24695611
1777873792.346814,2448,1.282219887
1777873793.111643,2449,1.212674856
1777873793.937439,2450,1.329231024
1777873794.764111,2451,1.250902534
1777873795.544110,2452,1.265092373
1777873796.307461,2453,1.265307069
1777873797.254394,2454,1.09688127
1777873798.140040,2455,1.246029139
1777873799.302208,2456,1.315647125
1777873800.476375,2457,1.195451379
1777873801.723382,2458,1.256246328
1777873802.988132,2459,1.213855505
1777873804.290731,2460,1.24488914
1777873805.440683,2461,1.227759838
1777873806.705584,2462,1.295387983
1777873807.756748,2463,1.290771723
1777873808.845681,2464,1.345153093
1777873809.988652,2465,1.290508509
1777873811.040762,2466,1.192185402
1777873812.116703,2467,1.204042196
1777873813.344815,2468,1.245950937
1777873814.397465,2469,1.348110676
1777873815.648853,2470,1.287661552
1777873816.891390,2471,1.276095629
1777873818.064213,2472,1.34138608
1777873819.319287,2473,1.202470064
1777873820.516112,2474,1.270411134
1777873821.819822,2475,1.325742006
1777873823.002754,2476,1.2800771
1777873824.077631,2477,1.252236366
1777873825.097131,2478,1.236131072
1777873826.178174,2479,1.230633259
1777873827.216409,2480,1.213658929
1777873828.403357,2481,1.280860186
1777873829.588809,2482,1.198223948
1777873830.730190,2483,1.210792542
1777873831.929512,2484,1.180439472
1777873833.115936,2485,1.300495148
1777873834.390045,2486,1.33851862
1777873835.537573,2487,1.289595485
1777873836.653749,2488,1.266367078
1777873837.721720,2489,1.291703463
1777873838.940991,2490,1.171995044
1777873840.113428,2491,1.273041725
1777873841.256227,2492,1.272892594
1777873842.301811,2493,1.291653395
1777873843.419956,2494,1.198432565
1777873844.517166,2495,1.341160417
1777873845.592216,2496,1.153767347
1777873846.737118,2497,1.269853354
1777873847.826909,2498,1.250533819
1777873848.909930,2499,1.215299129
1777873850.016391,2500,1.191764712
1777873851.081565,2501,1.29537487
1777873852.104759,2502,1.210669756
1777873853.171448,2503,1.247533917
1777873854.312796,2504,1.264364481
1777873855.444868,2505,1.262609124
1777873856.502432,2506,1.251125574
1777873857.683170,2507,1.282201171
1777873858.898193,2508,1.348048925
1777873859.998937,2509,1.266825914
1777873861.085334,2510,1.212652206
1777873862.140515,2511,1.188242674
1777873863.253016,2512,1.336206913
1777873864.244809,2513,1.338472366
1777873865.384598,2514,1.254124641
1777873866.512972,2515,1.268703461
1777873867.571970,2516,1.336893559
1777873868.610982,2517,1.277631998
1777873869.632482,2518,1.141988754
1777873870.705358,2519,1.298747897
1777873871.746647,2520,1.170935392
1777873872.935370,2521,1.227557898
1777873874.105945,2522,1.280914783
1777873875.272036,2523,1.329489827
1777873876.398443,2524,1.242782831
1777873877.395342,2525,1.290770531
1777873878.577080,2526,1.282681108
1777873879.635230,2527,1.304581642
1777873880.667615,2528,1.244253039
1777873881.815213,2529,1.226742983
1777873882.977687,2530,1.216799498
1777873884.133212,2531,1.282718182
1777873885.263033,2532,1.250963449
1777873886.269233,2533,1.136150122
1777873887.352302,2534,1.231281996
1777873888.489402,2535,1.2982862
1777873889.715466,2536,1.253186822
1777873890.870853,2537,1.272383928
1777873891.908972,2538,1.222562313
1777873893.239790,2539,1.347028494
1777873894.536524,2540,1.211271524
1777873895.732131,2541,1.229309559
1777873896.938160,2542,1.245568275
1777873898.244466,2543,1.296921253
1777873899.471164,2544,1.274139643
1777873900.685500,2545,1.295826197
1777873901.669118,2546,1.281829238
1777873902.837722,2547,1.189439058
1777873904.060919,2548,1.251271248
1777873905.210199,2549,1.219528437
1777873906.439140,2550,1.236673594
1777873907.741113,2551,1.210518599
1777873908.905074,2552,1.265189171
1777873910.185551,2553,1.205753088
1777873911.370044,2554,1.328014612
1777873912.641036,2555,1.221954346
1777873913.814724,2556,1.236296177
1777873914.985469,2557,1.285281539
1777873916.301199,2558,1.257490873
1777873917.511018,2559,1.170754671
1777873918.734050,2560,1.276599407
1777873920.067142,2561,1.252225637
1777873921.098676,2562,1.155543923
1777873922.299282,2563,1.250271559
1777873923.472070,2564,1.238910675
1777873924.490145,2565,1.321222544
1777873925.732283,2566,1.214379549
1777873926.982298,2567,1.33757782
1777873928.115695,2568,1.272316694
1777873929.234546,2569,1.187922716
1777873930.371014,2570,1.25060308
1777873931.604001,2571,1.194960594
1777873932.735555,2572,1.299453497
1777873933.882439,2573,1.280089259
1777873935.156906,2574,1.222964168
1777873936.370548,2575,1.263764977
1777873937.551123,2576,1.301730156
1777873938.831819,2577,1.262956023
1777873940.053447,2578,1.283261776
1777873941.127931,2579,1.311872959
1777873942.266203,2580,1.243353963
1777873943.426978,2581,1.170959949
1777873944.662720,2582,1.269255161
1777873945.862507,2583,1.244515061
1777873947.065037,2584,1.266382933
1777873948.149598,2585,1.25153625
1777873949.308887,2586,1.279902458
1777873950.548026,2587,1.233842254
1777873951.812751,2588,1.31461978
1777873952.960040,2589,1.297944427
1777873954.156257,2590,1.24488163
1777873955.300002,2591,1.193943858
1777873956.492516,2592,1.249119282
1777873957.632199,2593,1.228993297
1777873958.852189,2594,1.233908653
1777873960.091330,2595,1.294873834
1777873961.306127,2596,1.196043134
1777873962.415216,2597,1.280694723
1777873963.427290,2598,1.227459431
1777873964.564304,2599,1.302127957
1777873965.818585,2600,1.254656792
1777873966.976166,2601,1.24112463
1777873968.111291,2602,1.236912012
1777873969.245539,2603,1.232115746
1777873970.291819,2604,1.229928136
1777873971.458005,2605,1.28051722
1777873972.648972,2606,1.314240098
1777873973.815241,2607,1.284277439
1777873974.965055,2608,1.264721513
1777873976.155288,2609,1.253026009
1777873977.279937,2610,1.29855895
1777873978.429742,2611,1.200657368
1777873979.541533,2612,1.192022324
1777873980.481440,2613,1.067764521
1777873981.338883,2614,1.252950191
1777873982.381784,2615,1.171244383
1777873983.527822,2616,1.254043818
1777873984.785603,2617,1.241928577
1777873986.042242,2618,1.254951715
1777873987.277171,2619,1.095223069
1777873988.383245,2620,1.226168275
1777873989.501381,2621,1.200045228
1777873990.631895,2622,1.303732276
1777873996.881103,2623,1.318146706
1777874001.605098,2624,1.203364968
1777874002.602664,2625,1.239427567
1777874003.471823,2626,1.235118866
1777874004.569107,2627,1.261189699
1777874005.470680,2628,1.358645916
1777874006.563935,2629,1.244063616
1777874007.707802,2630,1.180221915
1777874008.778608,2631,1.216125488
1777874009.993666,2632,1.187784791
1777874011.163785,2633,1.223358154
1777874012.419521,2634,1.252936006
1777874013.581743,2635,1.335047722
1777874014.773095,2636,1.216825724
1777874015.847663,2637,1.268652916
1777874017.023144,2638,1.324189305
1777874018.034233,2639,1.181443214
1777874019.240401,2640,1.271304131
1777874020.808050,2641,1.368554831
1777874028.828022,2642,1.206374288
1777874030.017347,2643,1.256135464
1777874030.799315,2644,1.26008153
1777874031.659019,2645,1.234427094
1777874032.804429,2646,1.293083072
1777874033.900567,2647,1.293026447
1777874035.086586,2648,1.325627565
1777874036.215526,2649,1.189283371
1777874037.445744,2650,1.236667395
1777874038.651969,2651,1.210193157
1777874039.860077,2652,1.303039551
1777874041.064779,2653,1.14473784
1777874042.311494,2654,1.172852278
1777874043.442109,2655,1.184560418
1777874044.568013,2656,1.293732166
1777874045.649571,2657,1.252915859
1777874046.766639,2658,1.25048852
1777874048.118110,2659,1.30679369
1777874049.102658,2660,1.319360614
1777874050.162865,2661,1.246852398
1777874051.509749,2662,1.351505041
1777874052.702130,2663,1.275976419
1777874053.778072,2664,1.250865698
1777874054.969236,2665,1.196987748
1777874056.182676,2666,1.274692059
1777874057.481025,2667,1.184073329
1777874058.737924,2668,1.199287295
1777874060.025076,2669,1.14438796
1777874061.184063,2670,1.313598633
1777874062.431645,2671,1.278109908
1777874063.712714,2672,1.219408274
1777874064.639063,2673,1.291437984
1777874065.463920,2674,1.148173094
1777874066.454718,2675,1.169891357
1777874067.583770,2676,1.25251615
1777874068.767886,2677,1.316684484
1777874069.941203,2678,1.261315584
1777874070.786272,2679,1.28787446
1777874071.625304,2680,1.210114479
1777874072.550691,2681,1.200443149
1777874073.609691,2682,1.332669258
1777874074.651655,2683,1.318477631
1777874075.729234,2684,1.231500387
1777874076.612953,2685,1.27481842
1777874077.434541,2686,1.255913138
1777874078.258004,2687,1.300948381
1777874079.185473,2688,1.239980578
1777874080.035321,2689,1.130979776
1777874080.873211,2690,1.36310339
1777874081.704224,2691,1.206327915
1777874082.535324,2692,1.241342783
1777874083.455161,2693,1.198942542
1777874084.353139,2694,1.210569263
1777874085.289574,2695,1.318615437
1777874086.122205,2696,1.252159595
1777874086.899319,2697,1.28884244
1777874087.720488,2698,1.316849113
1777874088.760694,2699,1.335673094
1777874089.816799,2700,1.314189792
1777874091.001303,2701,1.310925961
1777874092.290314,2702,1.326040745
1777874093.413432,2703,1.286681294
1777874094.545298,2704,1.241836786
1777874095.733538,2705,1.221718192
1777874096.943821,2706,1.237181664
1777874098.125598,2707,1.299454451
1777874099.443063,2708,1.352867484
1777874100.659482,2709,1.177997828
1777874101.866577,2710,1.293857336
1777874103.003483,2711,1.248041987
1777874104.169042,2712,1.21826005
1777874105.387615,2713,1.277755499
1777874106.231876,2714,1.259408474
1777874107.346331,2715,1.174156189
1777874108.380794,2716,1.156436443
1777874109.478433,2717,1.196999788
1777874110.662442,2718,1.160251141
1777874111.825220,2719,1.119263887
1777874112.984205,2720,1.24440074
1777874113.988007,2721,1.179258823
1777874114.880832,2722,1.307272673
1777874115.654927,2723,1.235037327
1777874116.701416,2724,1.14312768
1777874117.862118,2725,1.222846985
1777874118.723384,2726,1.267672777
1777874119.611156,2727,1.149530411
1777874120.480441,2728,1.205706954
1777874121.526131,2729,1.198511839
1777874122.668506,2730,1.088018179
1777874123.924406,2731,1.254974365
1777874125.094080,2732,1.224886656
