wall_time,step,value
1777869681.979953,0,6.720430434e-08
1777869683.378936,1,1.344086087e-07
1777869684.641754,2,2.016129059e-07
1777869685.943768,3,2.688172174e-07
1777869687.212509,4,3.360215146e-07
1777869688.533113,5,4.032258119e-07
1777869689.712903,6,4.704301091e-07
1777869690.977828,7,5.376344347e-07
1777869692.459949,8,6.048387036e-07
1777869694.179129,9,6.720430292e-07
1777869695.795122,10,7.39247298e-07
1777869696.940337,11,8.064516237e-07
1777869698.267543,12,8.736558925e-07
1777869699.604320,13,9.408602182e-07
1777869701.087378,14,1.008064487e-06
1777869702.359712,15,1.075268869e-06
1777869703.885558,16,1.142473138e-06
1777869705.447750,17,1.209677407e-06
1777869706.549590,18,1.276881676e-06
1777869707.913632,19,1.344086058e-06
1777869709.196481,20,1.411290327e-06
1777869710.436831,21,1.478494596e-06
1777869711.629509,22,1.545698979e-06
1777869712.820436,23,1.612903247e-06
1777869714.244334,24,1.680107516e-06
1777869715.505156,25,1.747311785e-06
1777869716.697916,26,1.814516168e-06
1777869717.963150,27,1.881720436e-06
1777869719.207376,28,1.948924819e-06
1777869720.356688,29,2.016128974e-06
1777869721.696949,30,2.083333356e-06
1777869722.913369,31,2.150537739e-06
1777869724.227266,32,2.217741894e-06
1777869725.583234,33,2.284946277e-06
1777869726.854672,34,2.352150432e-06
1777869728.047408,35,2.419354814e-06
1777869729.274914,36,2.486559197e-06
1777869730.561156,37,2.553763352e-06
1777869731.760905,38,2.620967734e-06
1777869732.992752,39,2.688172117e-06
1777869734.426096,40,2.755376272e-06
1777869735.712969,41,2.822580655e-06
1777869736.919277,42,2.889785037e-06
1777869738.209887,43,2.956989192e-06
1777869739.513992,44,3.024193575e-06
1777869740.766619,45,3.091397957e-06
1777869742.039211,46,3.158602112e-06
1777869743.230237,47,3.225806495e-06
1777869744.459672,48,3.29301065e-06
1777869745.671787,49,3.360215032e-06
1777869746.762145,50,3.427419415e-06
1777869748.005897,51,3.49462357e-06
1777869749.227223,52,3.561827953e-06
1777869750.436220,53,3.629032335e-06
1777869751.648680,54,3.69623649e-06
1777869752.869442,55,3.763440873e-06
1777869754.077809,56,3.830645255e-06
1777869755.246139,57,3.897849638e-06
1777869756.438043,58,3.965053565e-06
1777869757.976586,59,4.032257948e-06
1777869758.924605,60,4.09946233e-06
1777869760.122301,61,4.166666713e-06
1777869761.273147,62,4.233871095e-06
1777869762.535310,63,4.301075478e-06
1777869763.702958,64,4.368279406e-06
1777869764.996970,65,4.435483788e-06
1777869766.240907,66,4.502688171e-06
1777869767.755253,67,4.569892553e-06
1777869768.642337,68,4.637096936e-06
1777869769.842706,69,4.704300864e-06
1777869771.243932,70,4.771505246e-06
1777869772.718223,71,4.838709629e-06
1777869774.034439,72,4.905914011e-06
1777869775.291231,73,4.973118394e-06
1777869776.543322,74,5.040322776e-06
1777869777.883250,75,5.107526704e-06
1777869779.193623,76,5.174731086e-06
1777869780.525560,77,5.241935469e-06
1777869781.872084,78,5.309139851e-06
1777869783.248862,79,5.376344234e-06
1777869784.514276,80,5.443548162e-06
1777869785.845819,81,5.510752544e-06
1777869787.152857,82,5.577956927e-06
1777869788.380156,83,5.645161309e-06
1777869789.630595,84,5.712365692e-06
1777869790.929010,85,5.779570074e-06
1777869792.123333,86,5.846774002e-06
1777869793.305911,87,5.913978384e-06
1777869794.491609,88,5.981182767e-06
1777869795.587322,89,6.048387149e-06
1777869796.828970,90,6.115591532e-06
1777869798.097069,91,6.182795914e-06
1777869799.453168,92,6.249999842e-06
1777869800.642669,93,6.317204225e-06
1777869801.893574,94,6.384408607e-06
1777869803.040108,95,6.45161299e-06
1777869804.293873,96,6.518817372e-06
1777869805.569782,97,6.5860213e-06
1777869806.932318,98,6.653225682e-06
1777869808.203460,99,6.720430065e-06
1777869809.466477,100,6.787634447e-06
1777869810.793760,101,6.85483883e-06
1777869812.006623,102,6.922043212e-06
1777869813.224552,103,6.98924714e-06
1777869814.455431,104,7.056451523e-06
1777869815.704099,105,7.123655905e-06
1777869816.800549,106,7.190860288e-06
1777869818.005658,107,7.25806467e-06
1777869819.241691,108,7.325268598e-06
1777869820.479476,109,7.39247298e-06
1777869821.657773,110,7.459677363e-06
1777869823.034803,111,7.526881745e-06
1777869824.357234,112,7.594086128e-06
1777869825.691747,113,7.66129051e-06
1777869826.887622,114,7.728494893e-06
1777869828.178756,115,7.795699275e-06
1777869829.448428,116,7.862903658e-06
1777869830.705706,117,7.930107131e-06
1777869831.879267,118,7.997311513e-06
1777869833.154617,119,8.064515896e-06
1777869834.438940,120,8.131720278e-06
1777869835.608555,121,8.198924661e-06
1777869836.868938,122,8.266129043e-06
1777869838.275559,123,8.333333426e-06
1777869839.499745,124,8.400537808e-06
1777869840.720039,125,8.467742191e-06
1777869841.978553,126,8.534946573e-06
1777869843.267529,127,8.602150956e-06
1777869844.489016,128,8.669354429e-06
1777869845.813924,129,8.736558812e-06
1777869847.027049,130,8.803763194e-06
1777869848.165980,131,8.870967577e-06
1777869849.457602,132,8.938171959e-06
1777869850.612622,133,9.005376342e-06
1777869851.798503,134,9.072580724e-06
1777869853.082979,135,9.139785107e-06
1777869854.386325,136,9.206989489e-06
1777869855.639848,137,9.274193872e-06
1777869856.979458,138,9.341398254e-06
1777869858.202086,139,9.408601727e-06
1777869859.502510,140,9.47580611e-06
1777869860.771328,141,9.543010492e-06
1777869861.980661,142,9.610214875e-06
1777869863.232867,143,9.677419257e-06
1777869864.070426,144,9.74462364e-06
1777869864.860909,145,9.811828022e-06
1777869865.642660,146,9.879032405e-06
1777869866.362999,147,9.946236787e-06
1777869867.297188,148,1.001344117e-05
1777869868.169144,149,1.008064555e-05
1777869869.113712,150,1.014784903e-05
1777869869.900987,151,1.021505341e-05
1777869870.734531,152,1.028225779e-05
1777869871.577274,153,1.034946217e-05
1777869872.446601,154,1.041666656e-05
1777869873.250796,155,1.048387094e-05
1777869874.163383,156,1.055107532e-05
1777869875.015785,157,1.06182797e-05
1777869875.875235,158,1.068548409e-05
1777869876.715055,159,1.075268847e-05
1777869877.503271,160,1.081989285e-05
1777869878.376353,161,1.088709632e-05
1777869879.266017,162,1.095430071e-05
1777869880.122324,163,1.102150509e-05
1777869880.906928,164,1.108870947e-05
1777869881.767474,165,1.115591385e-05
1777869882.712813,166,1.122311824e-05
1777869883.540856,167,1.129032262e-05
1777869884.462093,168,1.1357527e-05
1777869885.305665,169,1.142473138e-05
1777869886.116921,170,1.149193577e-05
1777869886.929806,171,1.155914015e-05
1777869887.740919,172,1.162634453e-05
1777869888.604892,173,1.1693548e-05
1777869889.564502,174,1.176075239e-05
1777869890.484718,175,1.182795677e-05
1777869891.255184,176,1.189516115e-05
1777869892.040832,177,1.196236553e-05
1777869892.997663,178,1.202956992e-05
1777869893.843484,179,1.20967743e-05
1777869894.672315,180,1.216397868e-05
1777869895.572268,181,1.223118306e-05
1777869896.441299,182,1.229838745e-05
1777869897.231658,183,1.236559183e-05
1777869898.103237,184,1.24327953e-05
1777869898.867191,185,1.249999968e-05
1777869899.673429,186,1.256720407e-05
1777869900.509735,187,1.263440845e-05
1777869901.363174,188,1.270161283e-05
1777869902.156390,189,1.276881721e-05
1777869903.101342,190,1.28360216e-05
1777869903.920125,191,1.290322598e-05
1777869904.721442,192,1.297043036e-05
1777869905.548901,193,1.303763474e-05
1777869906.348909,194,1.310483913e-05
1777869907.166812,195,1.31720426e-05
1777869908.097641,196,1.323924698e-05
1777869908.979072,197,1.330645136e-05
1777869910.164672,198,1.337365575e-05
1777869911.224043,199,1.344086013e-05
1777869912.441431,200,1.350806451e-05
1777869913.714391,201,1.357526889e-05
1777869915.003481,202,1.364247328e-05
1777869916.294825,203,1.370967766e-05
1777869917.470641,204,1.377688204e-05
1777869918.785989,205,1.384408642e-05
1777869919.953735,206,1.39112899e-05
1777869921.101457,207,1.397849428e-05
1777869922.438746,208,1.404569866e-05
1777869923.628129,209,1.411290305e-05
1777869924.801365,210,1.418010743e-05
1777869926.119098,211,1.424731181e-05
1777869927.286414,212,1.431451619e-05
1777869928.363932,213,1.438172058e-05
1777869929.493224,214,1.444892496e-05
1777869930.655799,215,1.451612934e-05
1777869932.025041,216,1.458333372e-05
1777869933.314253,217,1.46505372e-05
1777869934.541232,218,1.471774158e-05
1777869935.798323,219,1.478494596e-05
1777869937.081890,220,1.485215034e-05
1777869938.324653,221,1.491935473e-05
1777869939.633767,222,1.498655911e-05
1777869940.767272,223,1.505376349e-05
1777869941.996001,224,1.512096787e-05
1777869943.266762,225,1.518817226e-05
1777869944.467092,226,1.525537664e-05
1777869945.719914,227,1.532258102e-05
1777869946.940294,228,1.53897854e-05
1777869948.211418,229,1.545698979e-05
1777869949.395512,230,1.552419417e-05
1777869950.638225,231,1.559139855e-05
1777869951.863142,232,1.565860293e-05
1777869953.080485,233,1.572580732e-05
1777869954.357254,234,1.579300988e-05
1777869955.633117,235,1.586021426e-05
1777869956.902373,236,1.592741864e-05
1777869958.197839,237,1.599462303e-05
1777869959.513568,238,1.606182741e-05
1777869960.854711,239,1.612903179e-05
1777869962.201536,240,1.619623617e-05
1777869963.424827,241,1.626344056e-05
1777869964.607414,242,1.633064494e-05
1777869965.983790,243,1.639784932e-05
1777869967.220025,244,1.64650537e-05
1777869968.447100,245,1.653225809e-05
1777869969.531738,246,1.659946247e-05
1777869970.741534,247,1.666666685e-05
1777869971.893234,248,1.673387123e-05
1777869973.172221,249,1.680107562e-05
1777869974.557763,250,1.686828e-05
1777869975.778125,251,1.693548438e-05
1777869976.995400,252,1.700268876e-05
1777869978.272534,253,1.706989315e-05
1777869979.399418,254,1.713709753e-05
1777869980.513435,255,1.720430191e-05
1777869981.681416,256,1.727150448e-05
1777869982.877976,257,1.733870886e-05
1777869984.040360,258,1.740591324e-05
1777869985.195844,259,1.747311762e-05
1777869986.372791,260,1.754032201e-05
1777869987.456530,261,1.760752639e-05
1777869988.730906,262,1.767473077e-05
1777869989.906121,263,1.774193515e-05
1777869991.157905,264,1.780913954e-05
1777869992.288823,265,1.787634392e-05
1777869993.267046,266,1.79435483e-05
1777869994.211638,267,1.801075268e-05
1777869995.388187,268,1.807795707e-05
1777869996.523812,269,1.814516145e-05
1777869997.738884,270,1.821236583e-05
1777869998.924566,271,1.827957021e-05
1777870000.126952,272,1.83467746e-05
1777870001.356803,273,1.841397898e-05
1777870002.460469,274,1.848118336e-05
1777870003.643584,275,1.854838774e-05
1777870004.823432,276,1.861559213e-05
1777870005.984803,277,1.868279651e-05
1777870007.221431,278,1.875000089e-05
1777870008.407507,279,1.881720345e-05
1777870009.577865,280,1.888440784e-05
1777870015.975137,281,1.895161222e-05
1777870017.567912,282,1.90188166e-05
1777870018.342964,283,1.908602098e-05
1777870019.209678,284,1.915322537e-05
1777870020.011215,285,1.922042975e-05
1777870020.874422,286,1.928763413e-05
1777870021.705844,287,1.935483851e-05
1777870022.515882,288,1.94220429e-05
1777870023.312161,289,1.948924728e-05
1777870024.205719,290,1.955645166e-05
1777870024.988949,291,1.962365604e-05
1777870025.774834,292,1.969086043e-05
1777870026.549414,293,1.975806481e-05
1777870027.349093,294,1.982526919e-05
1777870028.139562,295,1.989247357e-05
1777870028.988027,296,1.995967796e-05
1777870029.715194,297,2.002688234e-05
1777870030.534600,298,2.009408672e-05
1777870031.313386,299,2.01612911e-05
1777870032.076296,300,2.022849549e-05
1777870032.853617,301,2.029569805e-05
1777870033.683304,302,2.036290243e-05
1777870034.493466,303,2.043010682e-05
1777870035.346482,304,2.04973112e-05
1777870036.103641,305,2.056451558e-05
1777870036.906746,306,2.063171996e-05
1777870037.718579,307,2.069892435e-05
1777870038.528492,308,2.076612873e-05
1777870039.269532,309,2.083333311e-05
1777870040.161752,310,2.090053749e-05
1777870040.937006,311,2.096774188e-05
1777870041.823174,312,2.103494626e-05
1777870042.605053,313,2.110215064e-05
1777870043.413363,314,2.116935502e-05
1777870044.220727,315,2.123655941e-05
1777870045.074768,316,2.130376379e-05
1777870045.852308,317,2.137096817e-05
1777870046.742308,318,2.143817255e-05
1777870047.610320,319,2.150537694e-05
1777870048.427568,320,2.157258132e-05
1777870049.360372,321,2.16397857e-05
1777870050.235679,322,2.170699008e-05
1777870050.990718,323,2.177419265e-05
1777870051.717210,324,2.184139703e-05
1777870052.661726,325,2.190860141e-05
1777870053.554991,326,2.197580579e-05
1777870054.384624,327,2.204301018e-05
1777870055.216584,328,2.211021456e-05
1777870056.085029,329,2.217741894e-05
1777870056.894230,330,2.224462332e-05
1777870057.779060,331,2.231182771e-05
1777870058.595112,332,2.237903209e-05
1777870059.377634,333,2.244623647e-05
1777870060.232532,334,2.251344085e-05
1777870061.086179,335,2.258064524e-05
1777870061.857494,336,2.264784962e-05
1777870062.672451,337,2.2715054e-05
1777870063.502704,338,2.278225838e-05
1777870064.362143,339,2.284946277e-05
1777870065.174900,340,2.291666715e-05
1777870066.160750,341,2.298387153e-05
1777870066.981494,342,2.305107591e-05
1777870067.882915,343,2.31182803e-05
1777870068.699157,344,2.318548468e-05
1777870069.530823,345,2.325268906e-05
1777870070.406363,346,2.331989162e-05
1777870071.260900,347,2.338709601e-05
1777870072.097912,348,2.345430039e-05
1777870079.197095,349,2.352150477e-05
1777870081.044355,350,2.358870915e-05
1777870081.967207,351,2.365591354e-05
1777870082.802206,352,2.372311792e-05
1777870083.719112,353,2.37903223e-05
1777870084.557326,354,2.385752668e-05
1777870085.432770,355,2.392473107e-05
1777870086.291783,356,2.399193545e-05
1777870087.177624,357,2.405913983e-05
1777870088.017863,358,2.412634421e-05
1777870088.934885,359,2.41935486e-05
1777870089.771036,360,2.426075298e-05
1777870090.660103,361,2.432795736e-05
1777870091.560634,362,2.439516174e-05
1777870092.317198,363,2.446236613e-05
1777870093.140675,364,2.452957051e-05
1777870094.013613,365,2.459677489e-05
1777870094.792659,366,2.466397927e-05
1777870095.602169,367,2.473118366e-05
1777870096.362511,368,2.479838622e-05
1777870097.212619,369,2.48655906e-05
1777870098.104210,370,2.493279499e-05
1777870098.960442,371,2.499999937e-05
1777870099.790015,372,2.506720375e-05
1777870100.652987,373,2.513440813e-05
1777870101.490342,374,2.520161252e-05
1777870102.347967,375,2.52688169e-05
1777870103.170769,376,2.533602128e-05
1777870104.010635,377,2.540322566e-05
1777870104.863872,378,2.547043005e-05
1777870105.625519,379,2.553763443e-05
1777870106.514546,380,2.560483881e-05
1777870107.238472,381,2.567204319e-05
1777870108.067209,382,2.573924758e-05
1777870108.835890,383,2.580645196e-05
1777870109.678871,384,2.587365634e-05
1777870110.590683,385,2.594086072e-05
1777870111.473513,386,2.600806511e-05
1777870112.350556,387,2.607526949e-05
1777870113.180305,388,2.614247387e-05
1777870113.973135,389,2.620967825e-05
1777870114.766747,390,2.627688082e-05
1777870115.549141,391,2.63440852e-05
1777870116.405573,392,2.641128958e-05
1777870117.224125,393,2.647849396e-05
1777870118.034224,394,2.654569835e-05
1777870118.860878,395,2.661290273e-05
1777870119.716495,396,2.668010711e-05
1777870120.522890,397,2.674731149e-05
1777870121.337326,398,2.681451588e-05
1777870122.247705,399,2.688172026e-05
1777870123.077153,400,2.694892464e-05
1777870123.925732,401,2.701612902e-05
1777870124.752021,402,2.708333341e-05
1777870125.672636,403,2.715053779e-05
1777870126.482303,404,2.721774217e-05
1777870127.372801,405,2.728494655e-05
1777870128.234496,406,2.735215094e-05
1777870129.095096,407,2.741935532e-05
1777870129.844353,408,2.74865597e-05
1777870130.713777,409,2.755376408e-05
1777870131.557163,410,2.762096847e-05
1777870132.377568,411,2.768817285e-05
1777870133.302923,412,2.775537723e-05
1777870134.114748,413,2.78225798e-05
1777870135.015984,414,2.788978418e-05
1777870135.819892,415,2.795698856e-05
1777870136.584119,416,2.802419294e-05
1777870137.433362,417,2.809139733e-05
1777870138.279992,418,2.815860171e-05
1777870139.121699,419,2.822580609e-05
1777870139.993110,420,2.829301047e-05
1777870140.786851,421,2.836021486e-05
1777870141.649554,422,2.842741924e-05
1777870142.549634,423,2.849462362e-05
1777870143.343436,424,2.8561828e-05
1777870144.239738,425,2.862903239e-05
1777870145.122597,426,2.869623677e-05
1777870146.001194,427,2.876344115e-05
1777870146.830713,428,2.883064553e-05
1777870147.700686,429,2.889784992e-05
1777870148.480071,430,2.89650543e-05
1777870149.370146,431,2.903225868e-05
1777870150.186330,432,2.909946306e-05
1777870150.971988,433,2.916666745e-05
1777870151.892285,434,2.923387183e-05
1777870152.608847,435,2.930107439e-05
1777870153.411739,436,2.936827877e-05
1777870154.261763,437,2.943548316e-05
1777870155.055071,438,2.950268754e-05
1777870155.929512,439,2.956989192e-05
1777870156.861866,440,2.96370963e-05
1777870157.716646,441,2.970430069e-05
1777870158.543149,442,2.977150507e-05
1777870159.373338,443,2.983870945e-05
1777870160.296048,444,2.990591383e-05
1777870161.073156,445,2.997311822e-05
1777870161.918543,446,3.00403226e-05
1777870162.792617,447,3.010752698e-05
1777870163.598911,448,3.017473136e-05
1777870164.419859,449,3.024193575e-05
1777870165.279557,450,3.030914013e-05
1777870166.117780,451,3.037634451e-05
1777870166.982786,452,3.044354889e-05
1777870167.802994,453,3.051075328e-05
1777870168.673224,454,3.057795766e-05
1777870169.504340,455,3.064516204e-05
1777870170.384349,456,3.071236642e-05
1777870171.212649,457,3.077957081e-05
1777870172.061147,458,3.084677519e-05
1777870172.872006,459,3.091397957e-05
1777870173.671359,460,3.098118395e-05
1777870174.524633,461,3.104838834e-05
1777870175.352566,462,3.111559272e-05
1777870176.231227,463,3.11827971e-05
1777870177.090210,464,3.125000148e-05
1777870177.928422,465,3.131720587e-05
1777870178.704716,466,3.138441025e-05
1777870179.562542,467,3.145161463e-05
1777870180.317412,468,3.151881901e-05
1777870181.079410,469,3.158601976e-05
1777870181.911315,470,3.165322414e-05
1777870182.737174,471,3.172042852e-05
1777870183.623338,472,3.178763291e-05
1777870184.502150,473,3.185483729e-05
1777870185.312360,474,3.192204167e-05
1777870186.127321,475,3.198924605e-05
1777870186.906141,476,3.205645044e-05
1777870187.723781,477,3.212365482e-05
1777870188.614635,478,3.21908592e-05
1777870189.429469,479,3.225806358e-05
1777870190.226710,480,3.232526797e-05
1777870191.068824,481,3.239247235e-05
1777870191.981464,482,3.245967673e-05
1777870192.776222,483,3.252688111e-05
1777870193.586459,484,3.25940855e-05
1777870194.428873,485,3.266128988e-05
1777870195.242513,486,3.272849426e-05
1777870196.100139,487,3.279569864e-05
1777870196.997880,488,3.286290303e-05
1777870197.835080,489,3.293010741e-05
1777870198.690394,490,3.299731179e-05
1777870199.582808,491,3.306451617e-05
1777870200.414046,492,3.313172056e-05
1777870201.251365,493,3.319892494e-05
1777870202.063015,494,3.326612932e-05
1777870202.871718,495,3.33333337e-05
1777870203.736407,496,3.340053809e-05
1777870204.591142,497,3.346774247e-05
1777870205.409805,498,3.353494685e-05
1777870206.266557,499,3.360215123e-05
1777870207.083683,500,3.366935562e-05
1777870207.931308,501,3.373656e-05
1777870208.746708,502,3.380376438e-05
1777870209.558471,503,3.387096876e-05
1777870210.434146,504,3.393817315e-05
1777870211.239364,505,3.400537753e-05
1777870212.063929,506,3.407258191e-05
1777870212.871442,507,3.413978629e-05
1777870213.761660,508,3.420699068e-05
1777870214.618678,509,3.427419506e-05
1777870215.580830,510,3.434139944e-05
1777870216.347842,511,3.440860382e-05
1777870217.206814,512,3.447580821e-05
1777870218.024187,513,3.454300895e-05
1777870218.820609,514,3.461021333e-05
1777870219.684307,515,3.467741772e-05
1777870220.559118,516,3.47446221e-05
1777870221.441948,517,3.481182648e-05
1777870222.286294,518,3.487903086e-05
1777870223.076632,519,3.494623525e-05
1777870223.900797,520,3.501343963e-05
1777870224.773221,521,3.508064401e-05
1777870225.622612,522,3.514784839e-05
1777870226.511180,523,3.521505278e-05
1777870227.320899,524,3.528225716e-05
1777870228.144384,525,3.534946154e-05
1777870228.960256,526,3.541666592e-05
1777870229.788801,527,3.548387031e-05
1777870230.612639,528,3.555107469e-05
1777870231.475930,529,3.561827907e-05
1777870232.312657,530,3.568548345e-05
1777870233.461310,531,3.575268784e-05
1777870234.283117,532,3.581989222e-05
1777870235.088068,533,3.58870966e-05
1777870235.906481,534,3.595430098e-05
1777870236.725163,535,3.602150537e-05
1777870237.559472,536,3.608870975e-05
1777870238.338648,537,3.615591413e-05
1777870239.210381,538,3.622311851e-05
1777870239.984545,539,3.62903229e-05
1777870240.895965,540,3.635752728e-05
1777870241.677824,541,3.642473166e-05
1777870242.556691,542,3.649193604e-05
1777870243.390446,543,3.655914043e-05
1777870244.201605,544,3.662634481e-05
1777870245.076819,545,3.669354919e-05
1777870245.939726,546,3.676075357e-05
1777870246.772700,547,3.682795796e-05
1777870247.664909,548,3.689516234e-05
1777870248.552051,549,3.696236672e-05
1777870249.428995,550,3.70295711e-05
1777870250.316304,551,3.709677549e-05
1777870251.140439,552,3.716397987e-05
1777870251.955781,553,3.723118425e-05
1777870252.822761,554,3.729838863e-05
1777870253.717339,555,3.736559302e-05
1777870254.555120,556,3.74327974e-05
1777870255.391182,557,3.750000178e-05
1777870256.254872,558,3.756720253e-05
1777870257.141046,559,3.763440691e-05
1777870258.051381,560,3.770161129e-05
1777870258.956291,561,3.776881567e-05
1777870259.785356,562,3.783602006e-05
1777870260.763489,563,3.790322444e-05
1777870261.639113,564,3.797042882e-05
1777870262.544039,565,3.80376332e-05
1777870263.385654,566,3.810483759e-05
1777870264.221483,567,3.817204197e-05
1777870265.136655,568,3.823924635e-05
1777870265.947906,569,3.830645073e-05
1777870266.860656,570,3.837365512e-05
1777870267.739885,571,3.84408595e-05
1777870268.627015,572,3.850806388e-05
1777870269.534627,573,3.857526826e-05
1777870270.376007,574,3.864247265e-05
1777870271.147186,575,3.870967703e-05
1777870271.952942,576,3.877688141e-05
1777870272.898665,577,3.884408579e-05
1777870273.692519,578,3.891129018e-05
1777870274.535185,579,3.897849456e-05
1777870275.408303,580,3.904569894e-05
1777870276.267489,581,3.911290332e-05
1777870277.046109,582,3.918010771e-05
1777870277.914588,583,3.924731209e-05
1777870278.783207,584,3.931451647e-05
1777870279.609318,585,3.938172085e-05
1777870280.451726,586,3.944892524e-05
1777870281.239297,587,3.951612962e-05
1777870282.064976,588,3.9583334e-05
1777870282.897432,589,3.965053838e-05
1777870283.757583,590,3.971774277e-05
1777870284.623738,591,3.978494715e-05
1777870285.449303,592,3.985215153e-05
1777870286.325695,593,3.991935591e-05
1777870287.134210,594,3.99865603e-05
1777870287.967125,595,4.005376468e-05
1777870288.855997,596,4.012096906e-05
1777870289.638492,597,4.018817344e-05
1777870290.579353,598,4.025537783e-05
1777870291.375816,599,4.032258221e-05
1777870292.207631,600,4.038978659e-05
1777870292.993115,601,4.045699097e-05
1777870293.862056,602,4.052419536e-05
1777870294.691363,603,4.05913961e-05
1777870295.521553,604,4.065860048e-05
1777870296.282998,605,4.072580487e-05
1777870297.106238,606,4.079300925e-05
1777870297.949948,607,4.086021363e-05
1777870298.775601,608,4.092741801e-05
1777870299.556302,609,4.09946224e-05
1777870300.348569,610,4.106182678e-05
1777870301.138507,611,4.112903116e-05
1777870301.987888,612,4.119623554e-05
1777870302.907506,613,4.126343993e-05
1777870303.749404,614,4.133064431e-05
1777870304.533447,615,4.139784869e-05
1777870305.420456,616,4.146505307e-05
1777870306.252572,617,4.153225746e-05
1777870307.111131,618,4.159946184e-05
1777870307.872889,619,4.166666622e-05
1777870308.706612,620,4.17338706e-05
1777870309.571633,621,4.180107499e-05
1777870310.442248,622,4.186827937e-05
1777870311.307703,623,4.193548375e-05
1777870312.164799,624,4.200268813e-05
1777870312.997894,625,4.206989252e-05
1777870313.903887,626,4.21370969e-05
1777870314.758893,627,4.220430128e-05
1777870315.642714,628,4.227150566e-05
1777870316.422184,629,4.233871005e-05
1777870317.243466,630,4.240591443e-05
1777870318.101665,631,4.247311881e-05
1777870318.876516,632,4.254032319e-05
1777870319.697141,633,4.260752758e-05
1777870320.515944,634,4.267473196e-05
1777870321.372744,635,4.274193634e-05
1777870322.319328,636,4.280914072e-05
1777870323.120057,637,4.287634511e-05
1777870324.001158,638,4.294354949e-05
1777870324.822210,639,4.301075387e-05
1777870325.626865,640,4.307795825e-05
1777870326.454015,641,4.314516264e-05
1777870327.320697,642,4.321236702e-05
1777870328.141358,643,4.32795714e-05
1777870329.006416,644,4.334677578e-05
1777870329.857940,645,4.341398017e-05
1777870330.629794,646,4.348118455e-05
1777870331.435452,647,4.354838529e-05
1777870332.185066,648,4.361558968e-05
1777870332.979591,649,4.368279406e-05
1777870333.820514,650,4.374999844e-05
1777870334.698551,651,4.381720282e-05
1777870335.512491,652,4.388440721e-05
1777870336.416447,653,4.395161159e-05
1777870337.279605,654,4.401881597e-05
1777870338.105763,655,4.408602035e-05
1777870338.940521,656,4.415322474e-05
1777870339.730249,657,4.422042912e-05
1777870340.602729,658,4.42876335e-05
1777870341.538476,659,4.435483788e-05
1777870342.358363,660,4.442204227e-05
1777870343.174977,661,4.448924665e-05
1777870343.996129,662,4.455645103e-05
1777870344.827575,663,4.462365541e-05
1777870345.683482,664,4.46908598e-05
1777870346.616674,665,4.475806418e-05
1777870347.414958,666,4.482526856e-05
1777870348.257713,667,4.489247294e-05
1777870349.091389,668,4.495967733e-05
1777870349.935826,669,4.502688171e-05
1777870350.720248,670,4.509408609e-05
1777870351.552024,671,4.516129047e-05
1777870352.544409,672,4.522849486e-05
1777870353.427719,673,4.529569924e-05
1777870354.237036,674,4.536290362e-05
1777870355.052677,675,4.5430108e-05
1777870355.961376,676,4.549731239e-05
1777870356.877791,677,4.556451677e-05
1777870357.721206,678,4.563172115e-05
1777870358.649449,679,4.569892553e-05
1777870359.509315,680,4.576612992e-05
1777870360.285114,681,4.58333343e-05
1777870361.163063,682,4.590053868e-05
1777870362.083390,683,4.596774306e-05
1777870363.030208,684,4.603494745e-05
1777870363.846917,685,4.610215183e-05
1777870364.723629,686,4.616935621e-05
1777870365.604818,687,4.623656059e-05
1777870366.494076,688,4.630376498e-05
1777870367.380755,689,4.637096936e-05
1777870368.310757,690,4.643817374e-05
1777870369.220599,691,4.650537812e-05
1777870369.997298,692,4.657257887e-05
1777870370.895234,693,4.663978325e-05
1777870371.839464,694,4.670698763e-05
1777870372.667812,695,4.677419201e-05
1777870373.535490,696,4.68413964e-05
1777870374.337672,697,4.690860078e-05
1777870375.197833,698,4.697580516e-05
1777870376.052847,699,4.704300954e-05
1777870376.982856,700,4.711021393e-05
1777870377.795221,701,4.717741831e-05
1777870378.696273,702,4.724462269e-05
1777870379.523548,703,4.731182707e-05
1777870380.376269,704,4.737903146e-05
1777870381.262209,705,4.744623584e-05
1777870382.085060,706,4.751344022e-05
1777870382.870578,707,4.75806446e-05
1777870383.671557,708,4.764784899e-05
1777870384.489839,709,4.771505337e-05
1777870385.336327,710,4.778225775e-05
1777870386.165586,711,4.784946213e-05
1777870387.055508,712,4.791666652e-05
1777870387.901175,713,4.79838709e-05
1777870388.735976,714,4.805107528e-05
1777870389.666121,715,4.811827966e-05
1777870390.477752,716,4.818548405e-05
1777870391.275446,717,4.825268843e-05
1777870392.093978,718,4.831989281e-05
1777870392.986867,719,4.838709719e-05
1777870393.893510,720,4.845430158e-05
1777870394.690606,721,4.852150596e-05
1777870395.585426,722,4.858871034e-05
1777870396.388931,723,4.865591472e-05
1777870397.228120,724,4.872311911e-05
1777870398.003010,725,4.879032349e-05
1777870398.853347,726,4.885752787e-05
1777870399.763174,727,4.892473225e-05
1777870400.597714,728,4.899193664e-05
1777870401.421948,729,4.905914102e-05
1777870402.163404,730,4.91263454e-05
1777870402.946973,731,4.919354978e-05
1777870403.855757,732,4.926075417e-05
1777870404.601928,733,4.932795855e-05
1777870405.378226,734,4.939516293e-05
1777870406.273765,735,4.946236731e-05
1777870407.005444,736,4.95295717e-05
1777870407.771653,737,4.959677244e-05
1777870408.593840,738,4.966397682e-05
1777870409.474413,739,4.973118121e-05
1777870410.307084,740,4.979838559e-05
1777870411.081990,741,4.986558997e-05
1777870411.842262,742,4.993279435e-05
1777870778.793534,0,6.720430434e-08
1777870779.687489,1,1.344086087e-07
1777870780.554759,2,2.016129059e-07
1777870781.396177,3,2.688172174e-07
1777870782.212200,4,3.360215146e-07
1777870783.035230,5,4.032258119e-07
1777870783.798161,6,4.704301091e-07
1777870784.681203,7,5.376344347e-07
1777870785.907089,8,6.048387036e-07
1777870786.980674,9,6.720430292e-07
1777870788.002738,10,7.39247298e-07
1777870788.925992,11,8.064516237e-07
1777870789.782792,12,8.736558925e-07
1777870790.829862,13,9.408602182e-07
1777870791.689403,14,1.008064487e-06
1777870792.719577,15,1.075268869e-06
1777870793.785326,16,1.142473138e-06
1777870794.669757,17,1.209677407e-06
1777870795.597323,18,1.276881676e-06
1777870796.594531,19,1.344086058e-06
1777870797.503370,20,1.411290327e-06
1777870798.364345,21,1.478494596e-06
1777870799.184074,22,1.545698979e-06
1777870800.029869,23,1.612903247e-06
1777870801.155451,24,1.680107516e-06
1777870802.017000,25,1.747311785e-06
1777870802.854493,26,1.814516168e-06
1777870803.686597,27,1.881720436e-06
1777870804.575092,28,1.948924819e-06
1777870805.420699,29,2.016128974e-06
1777870806.368343,30,2.083333356e-06
1777870807.174657,31,2.150537739e-06
1777870808.021922,32,2.217741894e-06
1777870808.896375,33,2.284946277e-06
1777870809.792598,34,2.352150432e-06
1777870810.655537,35,2.419354814e-06
1777870811.514402,36,2.486559197e-06
1777870812.378938,37,2.553763352e-06
1777870813.255362,38,2.620967734e-06
1777870814.182083,39,2.688172117e-06
1777870815.189052,40,2.755376272e-06
1777870816.235699,41,2.822580655e-06
1777870817.121885,42,2.889785037e-06
1777870818.147610,43,2.956989192e-06
1777870819.068235,44,3.024193575e-06
1777870819.931501,45,3.091397957e-06
1777870820.855961,46,3.158602112e-06
1777870821.695260,47,3.225806495e-06
1777870822.587508,48,3.29301065e-06
1777870823.441660,49,3.360215032e-06
1777870824.245795,50,3.427419415e-06
1777870825.212030,51,3.49462357e-06
1777870826.049905,52,3.561827953e-06
1777870826.921203,53,3.629032335e-06
1777870827.834582,54,3.69623649e-06
1777870828.745441,55,3.763440873e-06
1777870829.593244,56,3.830645255e-06
1777870830.527631,57,3.897849638e-06
1777870831.394962,58,3.965053565e-06
1777870832.301041,59,4.032257948e-06
1777870833.178012,60,4.09946233e-06
1777870834.119329,61,4.166666713e-06
1777870834.999159,62,4.233871095e-06
1777870835.885686,63,4.301075478e-06
1777870836.710634,64,4.368279406e-06
1777870837.675318,65,4.435483788e-06
1777870838.569887,66,4.502688171e-06
1777870839.405666,67,4.569892553e-06
1777870840.311658,68,4.637096936e-06
1777870841.146370,69,4.704300864e-06
1777870842.075546,70,4.771505246e-06
1777870843.059509,71,4.838709629e-06
1777870843.943548,72,4.905914011e-06
1777870844.736859,73,4.973118394e-06
1777870845.539302,74,5.040322776e-06
1777870846.436257,75,5.107526704e-06
1777870847.315787,76,5.174731086e-06
1777870848.183972,77,5.241935469e-06
1777870849.091038,78,5.309139851e-06
1777870849.956243,79,5.376344234e-06
1777870850.751903,80,5.443548162e-06
1777870851.661835,81,5.510752544e-06
1777870852.495527,82,5.577956927e-06
1777870853.294441,83,5.645161309e-06
1777870854.147505,84,5.712365692e-06
1777870854.987547,85,5.779570074e-06
1777870855.866181,86,5.846774002e-06
1777870856.724344,87,5.913978384e-06
1777870857.579983,88,5.981182767e-06
1777870858.431809,89,6.048387149e-06
1777870859.304574,90,6.115591532e-06
1777870860.168720,91,6.182795914e-06
1777870861.102377,92,6.249999842e-06
1777870861.932609,93,6.317204225e-06
1777870862.760324,94,6.384408607e-06
1777870863.584083,95,6.45161299e-06
1777870864.352383,96,6.518817372e-06
1777870865.120212,97,6.5860213e-06
1777870865.998419,98,6.653225682e-06
1777870866.848338,99,6.720430065e-06
1777870867.693144,100,6.787634447e-06
1777870868.560329,101,6.85483883e-06
1777870869.442573,102,6.922043212e-06
1777870870.316175,103,6.98924714e-06
1777870871.126504,104,7.056451523e-06
1777870871.973584,105,7.123655905e-06
1777870872.732269,106,7.190860288e-06
1777870873.633874,107,7.25806467e-06
1777870874.532110,108,7.325268598e-06
1777870875.395623,109,7.39247298e-06
1777870876.262513,110,7.459677363e-06
1777870877.199425,111,7.526881745e-06
1777870878.076819,112,7.594086128e-06
1777870879.048216,113,7.66129051e-06
1777870879.913241,114,7.728494893e-06
1777870880.760212,115,7.795699275e-06
1777870881.549587,116,7.862903658e-06
1777870882.422937,117,7.930107131e-06
1777870883.246222,118,7.997311513e-06
1777870884.146289,119,8.064515896e-06
1777870885.075516,120,8.131720278e-06
1777870885.928311,121,8.198924661e-06
1777870886.842124,122,8.266129043e-06
1777870887.789922,123,8.333333426e-06
1777870888.714485,124,8.400537808e-06
1777870889.594720,125,8.467742191e-06
1777870890.546757,126,8.534946573e-06
1777870891.433735,127,8.602150956e-06
1777870892.329599,128,8.669354429e-06
1777870893.173372,129,8.736558812e-06
1777870893.993754,130,8.803763194e-06
1777870894.730016,131,8.870967577e-06
1777870895.606163,132,8.938171959e-06
1777870896.399537,133,9.005376342e-06
1777870897.220030,134,9.072580724e-06
1777870898.065776,135,9.139785107e-06
1777870898.947156,136,9.206989489e-06
1777870899.757032,137,9.274193872e-06
1777870900.619949,138,9.341398254e-06
1777870901.483794,139,9.408601727e-06
1777870902.409734,140,9.47580611e-06
1777870903.257884,141,9.543010492e-06
1777870904.104421,142,9.610214875e-06
1777870904.962362,143,9.677419257e-06
1777870905.710588,144,9.74462364e-06
1777870906.557822,145,9.811828022e-06
1777870907.345477,146,9.879032405e-06
1777870908.058892,147,9.946236787e-06
1777870908.976434,148,1.001344117e-05
1777870909.821771,149,1.008064555e-05
1777870910.773754,150,1.014784903e-05
1777870911.586557,151,1.021505341e-05
1777870912.423990,152,1.028225779e-05
1777870913.251972,153,1.034946217e-05
1777870914.114869,154,1.041666656e-05
1777870914.903527,155,1.048387094e-05
1777870915.814497,156,1.055107532e-05
1777870916.677739,157,1.06182797e-05
1777870917.533322,158,1.068548409e-05
1777870918.380418,159,1.075268847e-05
1777870919.192040,160,1.081989285e-05
1777870920.051006,161,1.088709632e-05
1777870920.973893,162,1.095430071e-05
1777870921.856071,163,1.102150509e-05
1777870922.634186,164,1.108870947e-05
1777870923.778323,165,1.115591385e-05
1777870924.872628,166,1.122311824e-05
1777870925.715745,167,1.129032262e-05
1777870926.637106,168,1.1357527e-05
1777870927.753721,169,1.142473138e-05
1777870928.894358,170,1.149193577e-05
1777870930.160893,171,1.155914015e-05
1777870931.443544,172,1.162634453e-05
1777870932.830018,173,1.1693548e-05
1777870934.238477,174,1.176075239e-05
1777870935.624614,175,1.182795677e-05
1777870936.809930,176,1.189516115e-05
1777870938.096520,177,1.196236553e-05
1777870939.463619,178,1.202956992e-05
1777870940.706148,179,1.20967743e-05
1777870941.997354,180,1.216397868e-05
1777870943.270044,181,1.223118306e-05
1777870944.695097,182,1.229838745e-05
1777870946.040156,183,1.236559183e-05
1777870947.322850,184,1.24327953e-05
1777870948.603160,185,1.249999968e-05
1777870949.893075,186,1.256720407e-05
1777870951.136865,187,1.263440845e-05
1777870952.395682,188,1.270161283e-05
1777870954.056967,189,1.276881721e-05
1777870955.756664,190,1.28360216e-05
1777870956.981569,191,1.290322598e-05
1777870958.142814,192,1.297043036e-05
1777870959.374949,193,1.303763474e-05
1777870960.526185,194,1.310483913e-05
1777870961.709350,195,1.31720426e-05
1777870962.985366,196,1.323924698e-05
1777870964.308442,197,1.330645136e-05
1777870965.569571,198,1.337365575e-05
1777870966.783724,199,1.344086013e-05
1777870968.029296,200,1.350806451e-05
1777870969.201698,201,1.357526889e-05
1777870970.322286,202,1.364247328e-05
1777870971.365057,203,1.370967766e-05
1777870972.430442,204,1.377688204e-05
1777870973.606431,205,1.384408642e-05
1777870974.742638,206,1.39112899e-05
1777870975.950386,207,1.397849428e-05
1777870977.203450,208,1.404569866e-05
1777870978.365792,209,1.411290305e-05
1777870979.557145,210,1.418010743e-05
1777870980.586287,211,1.424731181e-05
1777870981.570992,212,1.431451619e-05
1777870982.619093,213,1.438172058e-05
1777870983.738869,214,1.444892496e-05
1777870984.904592,215,1.451612934e-05
1777870986.103921,216,1.458333372e-05
1777870987.315767,217,1.46505372e-05
1777870988.433231,218,1.471774158e-05
1777870989.626476,219,1.478494596e-05
1777870990.692805,220,1.485215034e-05
1777870991.700750,221,1.491935473e-05
1777870992.934040,222,1.498655911e-05
1777870994.046258,223,1.505376349e-05
1777870995.154170,224,1.512096787e-05
1777870996.270859,225,1.518817226e-05
1777870997.282612,226,1.525537664e-05
1777870998.349543,227,1.532258102e-05
1777870999.570151,228,1.53897854e-05
1777871000.801209,229,1.545698979e-05
1777871002.106165,230,1.552419417e-05
1777871003.276602,231,1.559139855e-05
1777871004.484985,232,1.565860293e-05
1777871005.573332,233,1.572580732e-05
1777871006.663907,234,1.579300988e-05
1777871007.824328,235,1.586021426e-05
1777871009.019959,236,1.592741864e-05
1777871010.214481,237,1.599462303e-05
1777871011.553573,238,1.606182741e-05
1777871012.807012,239,1.612903179e-05
1777871014.107724,240,1.619623617e-05
1777871015.292248,241,1.626344056e-05
1777871016.512932,242,1.633064494e-05
1777871017.804674,243,1.639784932e-05
1777871019.044126,244,1.64650537e-05
1777871020.328869,245,1.653225809e-05
1777871021.553300,246,1.659946247e-05
1777871022.809109,247,1.666666685e-05
1777871023.997877,248,1.673387123e-05
1777871025.322414,249,1.680107562e-05
1777871026.641830,250,1.686828e-05
1777871027.842304,251,1.693548438e-05
1777871029.206104,252,1.700268876e-05
1777871030.420481,253,1.706989315e-05
1777871031.557048,254,1.713709753e-05
1777871032.655256,255,1.720430191e-05
1777871033.868121,256,1.727150448e-05
1777871035.092530,257,1.733870886e-05
1777871036.251215,258,1.740591324e-05
1777871037.575212,259,1.747311762e-05
1777871038.826180,260,1.754032201e-05
1777871047.377870,261,1.760752639e-05
1777871048.468087,262,1.767473077e-05
1777871049.260558,263,1.774193515e-05
1777871050.138095,264,1.780913954e-05
1777871050.934100,265,1.787634392e-05
1777871051.725653,266,1.79435483e-05
1777871052.484832,267,1.801075268e-05
1777871053.339587,268,1.807795707e-05
1777871054.167211,269,1.814516145e-05
1777871055.016582,270,1.821236583e-05
1777871055.869786,271,1.827957021e-05
1777871056.706573,272,1.83467746e-05
1777871057.608987,273,1.841397898e-05
1777871058.363929,274,1.848118336e-05
1777871059.208369,275,1.854838774e-05
1777871059.980403,276,1.861559213e-05
1777871060.795915,277,1.868279651e-05
1777871061.647709,278,1.875000089e-05
1777871062.477469,279,1.881720345e-05
1777871063.316875,280,1.888440784e-05
1777871064.168318,281,1.895161222e-05
1777871065.008269,282,1.90188166e-05
1777871065.847621,283,1.908602098e-05
1777871066.765218,284,1.915322537e-05
1777871067.610869,285,1.922042975e-05
1777871068.521111,286,1.928763413e-05
1777871069.386998,287,1.935483851e-05
1777871070.266217,288,1.94220429e-05
1777871071.101572,289,1.948924728e-05
1777871072.028068,290,1.955645166e-05
1777871072.860420,291,1.962365604e-05
1777871073.694143,292,1.969086043e-05
1777871074.526037,293,1.975806481e-05
1777871075.395008,294,1.982526919e-05
1777871076.243553,295,1.989247357e-05
1777871077.147933,296,1.995967796e-05
1777871077.965106,297,2.002688234e-05
1777871078.821882,298,2.009408672e-05
1777871079.640183,299,2.01612911e-05
1777871080.453051,300,2.022849549e-05
1777871081.272189,301,2.029569805e-05
1777871082.111086,302,2.036290243e-05
1777871082.962623,303,2.043010682e-05
1777871083.859571,304,2.04973112e-05
1777871084.673295,305,2.056451558e-05
1777871085.489557,306,2.063171996e-05
1777871086.352386,307,2.069892435e-05
1777871087.197648,308,2.076612873e-05
1777871087.984050,309,2.083333311e-05
1777871088.905128,310,2.090053749e-05
1777871089.706249,311,2.096774188e-05
1777871090.647401,312,2.103494626e-05
1777871091.461434,313,2.110215064e-05
1777871092.308155,314,2.116935502e-05
1777871093.155525,315,2.123655941e-05
1777871094.063221,316,2.130376379e-05
1777871094.880337,317,2.137096817e-05
1777871095.812038,318,2.143817255e-05
1777871096.656393,319,2.150537694e-05
1777871097.467122,320,2.157258132e-05
1777871098.401446,321,2.16397857e-05
1777871099.276686,322,2.170699008e-05
1777871100.062793,323,2.177419265e-05
1777871100.763746,324,2.184139703e-05
1777871101.624337,325,2.190860141e-05
1777871102.488164,326,2.197580579e-05
1777871103.268826,327,2.204301018e-05
1777871104.053395,328,2.211021456e-05
1777871104.879372,329,2.217741894e-05
1777871105.657306,330,2.224462332e-05
1777871106.513061,331,2.231182771e-05
1777871107.277777,332,2.237903209e-05
1777871108.026843,333,2.244623647e-05
1777871108.842929,334,2.251344085e-05
1777871109.688011,335,2.258064524e-05
1777871110.416128,336,2.264784962e-05
1777871111.191313,337,2.2715054e-05
1777871111.977702,338,2.278225838e-05
1777871112.776848,339,2.284946277e-05
1777871113.585052,340,2.291666715e-05
1777871114.527676,341,2.298387153e-05
1777871115.301856,342,2.305107591e-05
1777871116.175255,343,2.31182803e-05
1777871116.973174,344,2.318548468e-05
1777871117.794004,345,2.325268906e-05
1777871118.671951,346,2.331989162e-05
1777871119.514645,347,2.338709601e-05
1777871120.346799,348,2.345430039e-05
1777871121.064618,349,2.352150477e-05
1777871121.855187,350,2.358870915e-05
1777871122.795021,351,2.365591354e-05
1777871123.625800,352,2.372311792e-05
1777871124.512209,353,2.37903223e-05
1777871125.306514,354,2.385752668e-05
1777871126.147649,355,2.392473107e-05
1777871126.963509,356,2.399193545e-05
1777871127.798645,357,2.405913983e-05
1777871128.601822,358,2.412634421e-05
1777871129.476793,359,2.41935486e-05
1777871130.292585,360,2.426075298e-05
1777871131.159840,361,2.432795736e-05
1777871132.014176,362,2.439516174e-05
1777871132.740422,363,2.446236613e-05
1777871133.523929,364,2.452957051e-05
1777871134.355921,365,2.459677489e-05
1777871135.095775,366,2.466397927e-05
1777871135.869988,367,2.473118366e-05
1777871136.600089,368,2.479838622e-05
1777871137.419895,369,2.48655906e-05
1777871138.307116,370,2.493279499e-05
1777871139.159141,371,2.499999937e-05
1777871139.954564,372,2.506720375e-05
1777871140.775749,373,2.513440813e-05
1777871141.561878,374,2.520161252e-05
1777871142.394902,375,2.52688169e-05
1777871143.174597,376,2.533602128e-05
1777871143.975940,377,2.540322566e-05
1777871144.798560,378,2.547043005e-05
1777871145.506845,379,2.553763443e-05
1777871146.354902,380,2.560483881e-05
1777871147.058689,381,2.567204319e-05
1777871147.853890,382,2.573924758e-05
1777871148.586713,383,2.580645196e-05
1777871149.404835,384,2.587365634e-05
1777871150.279117,385,2.594086072e-05
1777871151.117763,386,2.600806511e-05
1777871151.971618,387,2.607526949e-05
1777871152.764395,388,2.614247387e-05
1777871153.552230,389,2.620967825e-05
1777871154.322488,390,2.627688082e-05
1777871155.064912,391,2.63440852e-05
1777871155.918376,392,2.641128958e-05
1777871156.712807,393,2.647849396e-05
1777871157.476781,394,2.654569835e-05
1777871158.251850,395,2.661290273e-05
1777871159.032371,396,2.668010711e-05
1777871159.818663,397,2.674731149e-05
1777871160.590732,398,2.681451588e-05
1777871161.456743,399,2.688172026e-05
1777871162.255379,400,2.694892464e-05
1777871163.071432,401,2.701612902e-05
1777871163.874295,402,2.708333341e-05
1777871164.754245,403,2.715053779e-05
1777871165.520450,404,2.721774217e-05
1777871166.374951,405,2.728494655e-05
1777871167.175716,406,2.735215094e-05
1777871167.963867,407,2.741935532e-05
1777871168.691493,408,2.74865597e-05
1777871169.542095,409,2.755376408e-05
1777871170.347696,410,2.762096847e-05
1777871171.140680,411,2.768817285e-05
1777871172.011558,412,2.775537723e-05
1777871172.774714,413,2.78225798e-05
1777871173.636873,414,2.788978418e-05
1777871174.400016,415,2.795698856e-05
1777871175.132297,416,2.802419294e-05
1777871175.986108,417,2.809139733e-05
1777871176.847133,418,2.815860171e-05
1777871177.747272,419,2.822580609e-05
1777871178.672037,420,2.829301047e-05
1777871179.461808,421,2.836021486e-05
1777871180.352530,422,2.842741924e-05
1777871181.272698,423,2.849462362e-05
1777871182.053581,424,2.8561828e-05
1777871182.964198,425,2.862903239e-05
1777871183.853296,426,2.869623677e-05
1777871184.726717,427,2.876344115e-05
1777871185.540008,428,2.883064553e-05
1777871186.403677,429,2.889784992e-05
1777871187.176272,430,2.89650543e-05
1777871188.072733,431,2.903225868e-05
1777871188.884420,432,2.909946306e-05
1777871189.670346,433,2.916666745e-05
1777871190.580849,434,2.923387183e-05
1777871191.270284,435,2.930107439e-05
1777871192.054757,436,2.936827877e-05
1777871192.886314,437,2.943548316e-05
1777871193.669594,438,2.950268754e-05
1777871194.536049,439,2.956989192e-05
1777871195.457875,440,2.96370963e-05
1777871196.301295,441,2.970430069e-05
1777871197.118956,442,2.977150507e-05
1777871197.946597,443,2.983870945e-05
1777871198.859691,444,2.990591383e-05
1777871199.614902,445,2.997311822e-05
1777871200.442295,446,3.00403226e-05
1777871201.317888,447,3.010752698e-05
1777871202.112664,448,3.017473136e-05
1777871202.922466,449,3.024193575e-05
1777871203.764271,450,3.030914013e-05
1777871204.601794,451,3.037634451e-05
1777871205.451547,452,3.044354889e-05
1777871206.239574,453,3.051075328e-05
1777871207.098578,454,3.057795766e-05
1777871207.929092,455,3.064516204e-05
1777871208.796299,456,3.071236642e-05
1777871209.620166,457,3.077957081e-05
1777871210.456136,458,3.084677519e-05
1777871211.241582,459,3.091397957e-05
1777871212.022509,460,3.098118395e-05
1777871212.852351,461,3.104838834e-05
1777871213.667438,462,3.111559272e-05
1777871214.509753,463,3.11827971e-05
1777871215.305878,464,3.125000148e-05
1777871216.106082,465,3.131720587e-05
1777871216.845529,466,3.138441025e-05
1777871217.688223,467,3.145161463e-05
1777871218.451393,468,3.151881901e-05
1777871219.217732,469,3.158601976e-05
1777871220.035518,470,3.165322414e-05
1777871220.858743,471,3.172042852e-05
1777871221.731786,472,3.178763291e-05
1777871222.595240,473,3.185483729e-05
1777871223.385542,474,3.192204167e-05
1777871224.190271,475,3.198924605e-05
1777871224.934951,476,3.205645044e-05
1777871225.723794,477,3.212365482e-05
1777871226.587979,478,3.21908592e-05
1777871227.380870,479,3.225806358e-05
1777871228.155729,480,3.232526797e-05
1777871228.960637,481,3.239247235e-05
1777871229.866423,482,3.245967673e-05
1777871230.643106,483,3.252688111e-05
1777871231.420450,484,3.25940855e-05
1777871232.232624,485,3.266128988e-05
1777871233.025643,486,3.272849426e-05
1777871233.849223,487,3.279569864e-05
1777871234.738844,488,3.286290303e-05
1777871235.552119,489,3.293010741e-05
1777871236.379871,490,3.299731179e-05
1777871237.250966,491,3.306451617e-05
1777871238.049625,492,3.313172056e-05
1777871238.865412,493,3.319892494e-05
1777871239.671547,494,3.326612932e-05
1777871240.452864,495,3.33333337e-05
1777871241.290085,496,3.340053809e-05
1777871242.138759,497,3.346774247e-05
1777871242.930576,498,3.353494685e-05
1777871243.770801,499,3.360215123e-05
1777871244.568452,500,3.366935562e-05
1777871245.386047,501,3.373656e-05
1777871246.176129,502,3.380376438e-05
1777871246.970119,503,3.387096876e-05
1777871247.823900,504,3.393817315e-05
1777871248.625324,505,3.400537753e-05
1777871249.451346,506,3.407258191e-05
1777871250.261134,507,3.413978629e-05
1777871251.156630,508,3.420699068e-05
1777871252.031833,509,3.427419506e-05
1777871252.999753,510,3.434139944e-05
1777871253.750715,511,3.440860382e-05
1777871254.595971,512,3.447580821e-05
1777871255.413132,513,3.454300895e-05
1777871256.196482,514,3.461021333e-05
1777871257.051011,515,3.467741772e-05
1777871257.913723,516,3.47446221e-05
1777871258.794901,517,3.481182648e-05
1777871259.612340,518,3.487903086e-05
1777871260.378614,519,3.494623525e-05
1777871261.196491,520,3.501343963e-05
1777871262.080132,521,3.508064401e-05
1777871262.925088,522,3.514784839e-05
1777871263.812845,523,3.521505278e-05
1777871264.639277,524,3.528225716e-05
1777871265.436575,525,3.534946154e-05
1777871266.246165,526,3.541666592e-05
1777871267.067370,527,3.548387031e-05
1777871267.892906,528,3.555107469e-05
1777871268.762719,529,3.561827907e-05
1777871269.611115,530,3.568548345e-05
1777871270.744550,531,3.575268784e-05
1777871271.555859,532,3.581989222e-05
1777871272.358785,533,3.58870966e-05
1777871273.187346,534,3.595430098e-05
1777871274.017495,535,3.602150537e-05
1777871274.852199,536,3.608870975e-05
1777871275.645021,537,3.615591413e-05
1777871276.518712,538,3.622311851e-05
1777871277.312578,539,3.62903229e-05
1777871278.255284,540,3.635752728e-05
1777871279.001087,541,3.642473166e-05
1777871279.906872,542,3.649193604e-05
1777871280.722046,543,3.655914043e-05
1777871281.548189,544,3.662634481e-05
1777871282.434602,545,3.669354919e-05
1777871283.298489,546,3.676075357e-05
1777871284.147975,547,3.682795796e-05
1777871285.060395,548,3.689516234e-05
1777871285.959619,549,3.696236672e-05
1777871286.853420,550,3.70295711e-05
1777871287.758193,551,3.709677549e-05
1777871288.572685,552,3.716397987e-05
1777871289.370821,553,3.723118425e-05
1777871290.212824,554,3.729838863e-05
1777871291.084981,555,3.736559302e-05
1777871291.938453,556,3.74327974e-05
1777871292.784297,557,3.750000178e-05
1777871293.667693,558,3.756720253e-05
1777871294.588273,559,3.763440691e-05
1777871295.531157,560,3.770161129e-05
1777871296.454871,561,3.776881567e-05
1777871297.300016,562,3.783602006e-05
1777871298.280883,563,3.790322444e-05
1777871299.162732,564,3.797042882e-05
1777871300.066970,565,3.80376332e-05
1777871300.907588,566,3.810483759e-05
1777871301.757960,567,3.817204197e-05
1777871302.686047,568,3.823924635e-05
1777871303.488980,569,3.830645073e-05
1777871304.419260,570,3.837365512e-05
1777871305.282458,571,3.84408595e-05
1777871306.162989,572,3.850806388e-05
1777871307.060658,573,3.857526826e-05
1777871307.881606,574,3.864247265e-05
1777871308.653071,575,3.870967703e-05
1777871309.466275,576,3.877688141e-05
1777871310.374767,577,3.884408579e-05
1777871311.141318,578,3.891129018e-05
1777871311.955273,579,3.897849456e-05
1777871312.795470,580,3.904569894e-05
1777871313.627110,581,3.911290332e-05
1777871314.389220,582,3.918010771e-05
1777871315.235408,583,3.924731209e-05
1777871316.095291,584,3.931451647e-05
1777871316.901508,585,3.938172085e-05
1777871317.721569,586,3.944892524e-05
1777871318.508804,587,3.951612962e-05
1777871319.321387,588,3.9583334e-05
1777871320.153722,589,3.965053838e-05
1777871321.027974,590,3.971774277e-05
1777871321.882076,591,3.978494715e-05
1777871322.678256,592,3.985215153e-05
1777871323.544655,593,3.991935591e-05
1777871324.313600,594,3.99865603e-05
1777871325.147957,595,4.005376468e-05
1777871326.027745,596,4.012096906e-05
1777871326.805778,597,4.018817344e-05
1777871327.758833,598,4.025537783e-05
1777871328.556096,599,4.032258221e-05
1777871329.389803,600,4.038978659e-05
1777871330.163015,601,4.045699097e-05
1777871331.052555,602,4.052419536e-05
1777871331.871809,603,4.05913961e-05
1777871332.665253,604,4.065860048e-05
1777871333.413822,605,4.072580487e-05
1777871334.228418,606,4.079300925e-05
1777871335.072775,607,4.086021363e-05
1777871335.888542,608,4.092741801e-05
1777871336.650522,609,4.09946224e-05
1777871337.430828,610,4.106182678e-05
1777871338.208862,611,4.112903116e-05
1777871339.045927,612,4.119623554e-05
1777871339.956302,613,4.126343993e-05
1777871340.789682,614,4.133064431e-05
1777871341.558163,615,4.139784869e-05
1777871342.441810,616,4.146505307e-05
1777871343.265122,617,4.153225746e-05
1777871344.131713,618,4.159946184e-05
1777871344.892296,619,4.166666622e-05
1777871345.700712,620,4.17338706e-05
1777871346.564168,621,4.180107499e-05
1777871347.442014,622,4.186827937e-05
1777871348.311455,623,4.193548375e-05
1777871349.168546,624,4.200268813e-05
1777871350.053774,625,4.206989252e-05
1777871350.955429,626,4.21370969e-05
1777871351.804149,627,4.220430128e-05
1777871352.695421,628,4.227150566e-05
1777871353.484053,629,4.233871005e-05
1777871354.313052,630,4.240591443e-05
1777871355.181792,631,4.247311881e-05
1777871355.968846,632,4.254032319e-05
1777871356.794751,633,4.260752758e-05
1777871357.604263,634,4.267473196e-05
1777871358.459177,635,4.274193634e-05
1777871359.390593,636,4.280914072e-05
1777871360.185228,637,4.287634511e-05
1777871361.063883,638,4.294354949e-05
1777871361.893536,639,4.301075387e-05
1777871362.707138,640,4.307795825e-05
1777871363.542289,641,4.314516264e-05
1777871364.396157,642,4.321236702e-05
1777871365.228935,643,4.32795714e-05
1777871366.123121,644,4.334677578e-05
1777871367.005389,645,4.341398017e-05
1777871367.789773,646,4.348118455e-05
1777871368.608057,647,4.354838529e-05
1777871369.314925,648,4.361558968e-05
1777871370.078506,649,4.368279406e-05
1777871370.864816,650,4.374999844e-05
1777871371.703939,651,4.381720282e-05
1777871372.470102,652,4.388440721e-05
1777871373.340686,653,4.395161159e-05
1777871374.169205,654,4.401881597e-05
1777871374.957102,655,4.408602035e-05
1777871375.753113,656,4.415322474e-05
1777871376.501560,657,4.422042912e-05
1777871383.901191,658,4.42876335e-05
1777871386.848448,659,4.435483788e-05
1777871387.637826,660,4.442204227e-05
1777871388.436293,661,4.448924665e-05
1777871389.269232,662,4.455645103e-05
1777871390.093295,663,4.462365541e-05
1777871390.907954,664,4.46908598e-05
1777871391.794880,665,4.475806418e-05
1777871392.547170,666,4.482526856e-05
1777871393.351926,667,4.489247294e-05
1777871394.157084,668,4.495967733e-05
1777871394.959465,669,4.502688171e-05
1777871395.698541,670,4.509408609e-05
1777871396.475009,671,4.516129047e-05
1777871397.414487,672,4.522849486e-05
1777871398.249088,673,4.529569924e-05
1777871399.002744,674,4.536290362e-05
1777871399.768000,675,4.5430108e-05
1777871400.620688,676,4.549731239e-05
1777871401.489316,677,4.556451677e-05
1777871402.266803,678,4.563172115e-05
1777871403.142252,679,4.569892553e-05
1777871403.944652,680,4.576612992e-05
1777871404.685165,681,4.58333343e-05
1777871405.508537,682,4.590053868e-05
1777871406.360380,683,4.596774306e-05
1777871407.260524,684,4.603494745e-05
1777871408.026241,685,4.610215183e-05
1777871408.854058,686,4.616935621e-05
1777871409.705076,687,4.623656059e-05
1777871410.540903,688,4.630376498e-05
1777871411.388117,689,4.637096936e-05
1777871412.259721,690,4.643817374e-05
1777871413.116883,691,4.650537812e-05
1777871413.839319,692,4.657257887e-05
1777871414.690125,693,4.663978325e-05
1777871415.574194,694,4.670698763e-05
1777871416.344739,695,4.677419201e-05
1777871417.136462,696,4.68413964e-05
1777871417.874328,697,4.690860078e-05
1777871418.695220,698,4.697580516e-05
1777871419.480204,699,4.704300954e-05
1777871420.344506,700,4.711021393e-05
1777871421.107916,701,4.717741831e-05
1777871421.943094,702,4.724462269e-05
1777871422.703554,703,4.731182707e-05
1777871423.498996,704,4.737903146e-05
1777871424.368851,705,4.744623584e-05
1777871425.195815,706,4.751344022e-05
1777871426.008022,707,4.75806446e-05
1777871426.846170,708,4.764784899e-05
1777871427.687986,709,4.771505337e-05
1777871428.541538,710,4.778225775e-05
1777871429.342904,711,4.784946213e-05
1777871430.189167,712,4.791666652e-05
1777871431.017718,713,4.79838709e-05
1777871431.862714,714,4.805107528e-05
1777871432.785626,715,4.811827966e-05
1777871433.557598,716,4.818548405e-05
1777871434.314711,717,4.825268843e-05
1777871435.137676,718,4.831989281e-05
1777871435.994868,719,4.838709719e-05
1777871436.847334,720,4.845430158e-05
1777871437.615291,721,4.852150596e-05
1777871438.459159,722,4.858871034e-05
1777871439.234655,723,4.865591472e-05
1777871440.026996,724,4.872311911e-05
1777871440.752477,725,4.879032349e-05
1777871441.594541,726,4.885752787e-05
1777871442.470073,727,4.892473225e-05
1777871443.314455,728,4.899193664e-05
1777871444.161343,729,4.905914102e-05
1777871444.920526,730,4.91263454e-05
1777871445.729225,731,4.919354978e-05
1777871446.656286,732,4.926075417e-05
1777871447.418666,733,4.932795855e-05
1777871448.211979,734,4.939516293e-05
1777871449.129794,735,4.946236731e-05
1777871449.886332,736,4.95295717e-05
1777871450.679056,737,4.959677244e-05
1777871451.509341,738,4.966397682e-05
1777871452.407199,739,4.973118121e-05
1777871453.265255,740,4.979838559e-05
1777871454.063615,741,4.986558997e-05
1777871454.841671,742,4.993279435e-05
1777871658.129103,744,4.999978046e-05
1777871658.958876,745,4.999912562e-05
1777871659.854168,746,4.999803423e-05
1777871660.680984,747,4.999650628e-05
1777871661.545145,748,4.999453813e-05
1777871662.320284,749,4.999213706e-05
1777871663.191968,750,4.998929944e-05
1777871664.010179,751,4.998602162e-05
1777871664.842936,752,4.998231088e-05
1777871665.638789,753,4.997815995e-05
1777871666.517550,754,4.99735761e-05
1777871667.436852,755,4.996855569e-05
1777871668.307881,756,4.996309508e-05
1777871669.212466,757,4.995720155e-05
1777871670.019011,758,4.995087147e-05
1777871670.846858,759,4.994410483e-05
1777871671.698452,760,4.993690527e-05
1777871672.554452,761,4.992926551e-05
1777871673.367313,762,4.992119284e-05
1777871674.260001,763,4.991268361e-05
1777871675.120909,764,4.990374146e-05
1777871675.990234,765,4.989436275e-05
1777871676.848814,766,4.988454748e-05
1777871677.805515,767,4.987429929e-05
1777871678.534659,768,4.986361455e-05
1777871679.404459,769,4.985249689e-05
1777871680.298886,770,4.98409463e-05
1777871681.119844,771,4.982895916e-05
1777871681.934833,772,4.98165391e-05
1777871682.768561,773,4.980368612e-05
1777871683.561826,774,4.979040023e-05
1777871684.442821,775,4.977667777e-05
1777871685.379586,776,4.976252603e-05
1777871686.348743,777,4.974794138e-05
1777871687.320086,778,4.97329238e-05
1777871688.204931,779,4.97174733e-05
1777871689.096317,780,4.970159353e-05
1777871689.972741,781,4.968528083e-05
1777871690.871946,782,4.966853521e-05
1777871691.832058,783,4.965136031e-05
1777871692.728375,784,4.96337525e-05
1777871693.673577,785,4.961571904e-05
1777871694.536730,786,4.959725266e-05
1777871695.372121,787,4.957835699e-05
1777871696.272253,788,4.955903205e-05
1777871697.184156,789,4.953927782e-05
1777871698.012171,790,4.951909432e-05
1777871698.838494,791,4.949848517e-05
1777871699.714224,792,4.94774431e-05
1777871700.590919,793,4.945597902e-05
1777871701.458644,794,4.943408567e-05
1777871702.246593,795,4.941176303e-05
1777871703.078112,796,4.938901839e-05
1777871703.870539,797,4.936584446e-05
1777871704.719621,798,4.934224853e-05
1777871705.640388,799,4.931822332e-05
1777871706.517471,800,4.92937761e-05
1777871707.351184,801,4.926890324e-05
1777871708.198795,802,4.924360837e-05
1777871709.094183,803,4.921788786e-05
1777871709.962679,804,4.919174899e-05
1777871710.826036,805,4.916518446e-05
1777871711.661855,806,4.913819794e-05
1777871712.555733,807,4.91107894e-05
1777871713.482891,808,4.908295887e-05
1777871714.323074,809,4.905470996e-05
1777871715.127285,810,4.902603905e-05
1777871715.957100,811,4.899694977e-05
1777871716.816738,812,4.896744213e-05
1777871717.675495,813,4.893751611e-05
1777871718.594207,814,4.890717173e-05
1777871719.474318,815,4.887641262e-05
1777871720.345373,816,4.884523514e-05
1777871721.135544,817,4.88136393e-05
1777871721.922697,818,4.878162872e-05
1777871722.799047,819,4.874920342e-05
1777871723.597340,820,4.871636338e-05
1777871724.503302,821,4.868310862e-05
1777871725.368500,822,4.864944276e-05
1777871726.158806,823,4.861536218e-05
1777871727.109901,824,4.85808705e-05
1777871728.005394,825,4.854596773e-05
1777871728.838645,826,4.851065387e-05
1777871729.672490,827,4.847492892e-05
1777871730.473804,828,4.843879287e-05
1777871731.338432,829,4.840224938e-05
1777871732.162882,830,4.836529843e-05
1777871733.074035,831,4.832793638e-05
1777871733.936070,832,4.829017053e-05
1777871734.795248,833,4.825199721e-05
1777871735.702294,834,4.821342009e-05
1777871736.612447,835,4.817443551e-05
1777871737.481324,836,4.813504711e-05
1777871738.295945,837,4.809525853e-05
1777871739.187036,838,4.805506251e-05
1777871740.129112,839,4.80144663e-05
1777871740.947243,840,4.797346992e-05
1777871741.801104,841,4.793206972e-05
1777871742.715217,842,4.789027298e-05
1777871743.569675,843,4.784807243e-05
1777871744.462458,844,4.780547897e-05
1777871745.378767,845,4.77624817e-05
1777871746.310611,846,4.771909153e-05
1777871747.607939,847,4.767530481e-05
1777871748.893124,848,4.763112156e-05
1777871750.155658,849,4.758654541e-05
1777871751.380502,850,4.754157635e-05
1777871752.605411,851,4.749621075e-05
1777871753.648316,852,4.74504559e-05
1777871754.504961,853,4.740430813e-05
1777871755.355415,854,4.735777111e-05
1777871756.188645,855,4.731084118e-05
1777871757.003513,856,4.726352563e-05
1777871757.947704,857,4.721582081e-05
1777871758.747737,858,4.716773037e-05
1777871759.576785,859,4.711925067e-05
1777871760.429149,860,4.707038534e-05
1777871761.461365,861,4.702113802e-05
1777871762.558978,862,4.697150871e-05
1777871763.753074,863,4.692149378e-05
1777871764.929020,864,4.687109686e-05
1777871766.067977,865,4.682031795e-05
1777871767.289428,866,4.676916069e-05
1777871768.483902,867,4.671762144e-05
1777871769.732075,868,4.666570749e-05
1777871770.978204,869,4.661341518e-05
1777871772.159960,870,4.656074452e-05
1777871773.348450,871,4.650769915e-05
1777871774.485516,872,4.645427907e-05
1777871775.605404,873,4.640048792e-05
1777871776.936077,874,4.634632205e-05
1777871778.196902,875,4.629178511e-05
1777871779.437087,876,4.62368771e-05
1777871780.624529,877,4.618159801e-05
1777871781.791904,878,4.612595149e-05
1777871782.935619,879,4.606993753e-05
1777871784.174018,880,4.601355613e-05
1777871785.466032,881,4.595681094e-05
1777871786.716740,882,4.589969831e-05
1777871787.916517,883,4.584222188e-05
1777871789.057790,884,4.578438529e-05
1777871790.339489,885,4.572618491e-05
1777871791.576635,886,4.566762436e-05
1777871792.738906,887,4.560870366e-05
1777871793.966035,888,4.554942643e-05
1777871795.188598,889,4.548978904e-05
1777871796.344138,890,4.542979877e-05
1777871797.510593,891,4.536944834e-05
1777871798.639784,892,4.530874867e-05
1777871799.885402,893,4.524769247e-05
1777871801.046468,894,4.518628339e-05
1777871802.320357,895,4.512452506e-05
1777871803.366566,896,4.506241748e-05
1777871804.481503,897,4.499996066e-05
1777871805.717380,898,4.493715824e-05
1777871806.964830,899,4.487400656e-05
1777871808.258125,900,4.481050928e-05
1777871809.522182,901,4.474666639e-05
1777871810.647447,902,4.468248517e-05
1777871811.880945,903,4.461795834e-05
1777871813.029593,904,4.455308954e-05
1777871814.069250,905,4.448788241e-05
1777871815.026571,906,4.442233694e-05
1777871816.078067,907,4.435645678e-05
1777871816.910336,908,4.429023465e-05
1777871817.752711,909,4.422368147e-05
1777871818.684673,910,4.415679359e-05
1777871819.521787,911,4.408957466e-05
1777871820.412551,912,4.402202103e-05
1777871821.220694,913,4.395413998e-05
1777871822.107717,914,4.388592788e-05
1777871822.914730,915,4.381738836e-05
1777871823.708859,916,4.374852506e-05
1777871824.577086,917,4.367933434e-05
1777871825.448173,918,4.36098162e-05
1777871826.212776,919,4.353997792e-05
1777871827.203801,920,4.34698195e-05
1777871828.179200,921,4.339934094e-05
1777871828.987713,922,4.332854223e-05
1777871829.986100,923,4.325742339e-05
1777871830.791561,924,4.318598803e-05
1777871831.742092,925,4.311423982e-05
1777871832.901621,926,4.304217873e-05
1777871833.849121,927,4.296980114e-05
1777871834.964655,928,4.289711433e-05
1777871835.887872,929,4.282411464e-05
1777871836.993191,930,4.275080937e-05
1777871838.024232,931,4.267719487e-05
1777871838.845264,932,4.260327478e-05
1777871839.626068,933,4.25290491e-05
1777871840.537879,934,4.245452146e-05
1777871841.359812,935,4.237968824e-05
1777871842.255073,936,4.23045567e-05
1777871843.157870,937,4.222912685e-05
1777871844.068686,938,4.215339504e-05
1777871844.964185,939,4.207736856e-05
1777871846.153255,940,4.200104377e-05
1777871846.942588,941,4.192442793e-05
1777871847.847815,942,4.184751742e-05
1777871848.626289,943,4.177031951e-05
1777871849.492082,944,4.169282693e-05
1777871850.380554,945,4.161504694e-05
1777871851.274106,946,4.153697955e-05
1777871852.131209,947,4.145862476e-05
1777871853.036957,948,4.137998621e-05
1777871853.850449,949,4.130106754e-05
1777871854.789269,950,4.12218651e-05
1777871855.725106,951,4.114238254e-05
1777871856.523441,952,4.106261986e-05
1777871857.331705,953,4.098258069e-05
1777871858.184073,954,4.090226503e-05
1777871859.039669,955,4.082167288e-05
1777871859.997066,956,4.074081153e-05
1777871860.798150,957,4.065967732e-05
1777871861.674488,958,4.057827027e-05
1777871862.489730,959,4.049659765e-05
1777871863.562376,960,4.041465581e-05
1777871864.784225,961,4.033244841e-05
1777871865.974474,962,4.024997543e-05
1777871867.270019,963,4.016724051e-05
1777871868.450564,964,4.008424366e-05
1777871869.654689,965,4.000098852e-05
1777871870.885860,966,3.991747144e-05
1777871872.133839,967,3.98336997e-05
1777871873.401872,968,3.974967331e-05
1777871874.764412,969,3.966539225e-05
1777871875.914701,970,3.958085654e-05
1777871877.242795,971,3.94960698e-05
1777871878.420605,972,3.941103569e-05
1777871879.600831,973,3.932575419e-05
1777871880.679054,974,3.924022531e-05
1777871881.712998,975,3.915444904e-05
1777871882.502841,976,3.906843267e-05
1777871883.308460,977,3.898217255e-05
1777871884.155082,978,3.889567233e-05
1777871884.977623,979,3.8808932e-05
1777871885.799315,980,3.872195521e-05
1777871886.660862,981,3.863474194e-05
1777871887.635977,982,3.854729584e-05
1777871888.500739,983,3.845961692e-05
1777871889.335465,984,3.83717088e-05
1777871890.194058,985,3.828356785e-05
1777871891.131858,986,3.819520134e-05
1777871891.895409,987,3.810660564e-05
1777871892.721701,988,3.801778803e-05
1777871893.554203,989,3.79287485e-05
1777871894.416705,990,3.783948341e-05
1777871895.317421,991,3.775000005e-05
1777871896.204471,992,3.76602984e-05
1777871897.078656,993,3.757037848e-05
1777871897.962719,994,3.748024392e-05
1777871899.106616,995,3.738989835e-05
1777871900.356995,996,3.729933815e-05
1777871901.316766,997,3.720856694e-05
1777871902.234667,998,3.711758836e-05
1777871903.103285,999,3.702640606e-05
1777871904.031555,1000,3.693501276e-05
1777871904.864671,1001,3.684341937e-05
1777871905.769843,1002,3.675161861e-05
1777871906.613213,1003,3.66596214e-05
1777871907.430284,1004,3.65674241e-05
1777871908.243261,1005,3.647503036e-05
1777871909.158686,1006,3.638244016e-05
1777871910.009716,1007,3.628965715e-05
1777871910.785386,1008,3.619668132e-05
1777871911.637048,1009,3.610351268e-05
1777871912.544998,1010,3.601015851e-05
1777871913.399134,1011,3.591661152e-05
1777871914.242877,1012,3.582288264e-05
1777871915.127841,1013,3.572897185e-05
1777871916.082832,1014,3.563487553e-05
1777871917.163194,1015,3.554059731e-05
1777871918.195315,1016,3.544614083e-05
1777871919.237264,1017,3.535150972e-05
1777871920.150554,1018,3.525670036e-05
1777871921.177209,1019,3.516172001e-05
1777871922.353433,1020,3.506656503e-05
1777871923.318331,1021,3.497123907e-05
1777871924.481710,1022,3.487574577e-05
1777871925.702287,1023,3.478008148e-05
1777871926.834062,1024,3.468425712e-05
1777871928.084015,1025,3.458826541e-05
1777871929.371749,1026,3.449211363e-05
1777871930.615661,1027,3.439579814e-05
1777871931.850586,1028,3.429932622e-05
1777871933.095846,1029,3.420269786e-05
1777871934.311926,1030,3.410591671e-05
1777871935.627668,1031,3.400897913e-05
1777871936.815007,1032,3.391188875e-05
1777871937.842123,1033,3.381465285e-05
1777871938.810207,1034,3.371726416e-05
1777871939.730814,1035,3.361972995e-05
1777871940.619446,1036,3.352205385e-05
1777871941.488230,1037,3.342423224e-05
1777871942.260413,1038,3.332626875e-05
1777871943.286886,1039,3.322816701e-05
1777871944.299225,1040,3.312992703e-05
1777871945.254227,1041,3.303154881e-05
1777871946.238921,1042,3.293303962e-05
1777871947.175015,1043,3.283439582e-05
1777871948.043555,1044,3.273562106e-05
1777871948.932522,1045,3.263671897e-05
1777871949.868567,1046,3.253768955e-05
1777871950.755500,1047,3.243853644e-05
1777871951.614955,1048,3.233925599e-05
1777871952.442380,1049,3.22398555e-05
1777871953.287491,1050,3.214033495e-05
1777871954.220851,1051,3.204069435e-05
1777871955.133863,1052,3.194093733e-05
1777871956.000481,1053,3.184106754e-05
1777871956.901103,1054,3.174108133e-05
1777871957.751729,1055,3.164098598e-05
1777871958.840487,1056,3.154078149e-05
1777871959.957568,1057,3.144046786e-05
1777871961.199416,1058,3.134005237e-05
1777871962.299551,1059,3.123952774e-05
1777871963.488572,1060,3.113890489e-05
1777871964.653176,1061,3.103817653e-05
1777871965.842100,1062,3.093735359e-05
1777871966.921637,1063,3.083643242e-05
1777871968.140076,1064,3.073541666e-05
1777871969.324445,1065,3.063430631e-05
1777871970.517246,1066,3.053310502e-05
1777871971.675966,1067,3.043181459e-05
1777871972.888284,1068,3.033043504e-05
1777871974.111459,1069,3.022896999e-05
1777871975.266981,1070,3.012741945e-05
1777871976.406282,1071,3.002578887e-05
1777871977.534033,1072,2.992407644e-05
1777871978.661676,1073,2.982228398e-05
1777871979.804025,1074,2.972041511e-05
1777871980.850503,1075,2.961847167e-05
1777871981.854613,1076,2.951645547e-05
1777871983.037722,1077,2.941436651e-05
1777871983.936542,1078,2.931220661e-05
1777871984.732850,1079,2.920998122e-05
1777871985.658627,1080,2.910768853e-05
1777871986.492682,1081,2.900533036e-05
1777871987.504413,1082,2.890291034e-05
1777871988.661932,1083,2.88004303e-05
1777871989.806762,1084,2.869789205e-05
1777871990.970344,1085,2.859529559e-05
1777871992.011198,1086,2.849264456e-05
1777871993.007727,1087,2.838993896e-05
1777871993.846616,1088,2.828718425e-05
1777871994.658098,1089,2.818437679e-05
1777871995.421466,1090,2.808152385e-05
1777871996.300154,1091,2.797862362e-05
1777871997.156792,1092,2.787567973e-05
1777871998.054804,1093,2.777269401e-05
1777871998.910359,1094,2.766966645e-05
1777871999.829977,1095,2.756660069e-05
1777872000.676460,1096,2.746349855e-05
1777872001.510737,1097,2.736036186e-05
1777872002.422238,1098,2.72571906e-05
1777872003.553729,1099,2.715398841e-05
1777872004.330872,1100,2.705075713e-05
1777872005.126041,1101,2.694749855e-05
1777872005.871350,1102,2.68442127e-05
1777872006.657304,1103,2.674090501e-05
1777872007.535413,1104,2.663757368e-05
1777872008.350909,1105,2.653422234e-05
1777872009.216766,1106,2.643085281e-05
1777872010.107299,1107,2.632746691e-05
1777872010.961926,1108,2.622406464e-05
1777872011.777545,1109,2.612065146e-05
1777872012.591617,1110,2.601722736e-05
1777872013.568972,1111,2.591379234e-05
1777872014.739261,1112,2.581035005e-05
1777872015.947019,1113,2.570690413e-05
1777872016.997913,1114,2.560345274e-05
1777872018.045832,1115,2.549999954e-05
1777872019.049735,1116,2.539654815e-05
1777872020.304977,1117,2.529309677e-05
1777872021.560725,1118,2.518964902e-05
1777872022.893584,1119,2.508620855e-05
1777872023.941494,1120,2.498277354e-05
1777872024.929012,1121,2.487934762e-05
1777872025.938701,1122,2.477593443e-05
1777872026.920716,1123,2.467253398e-05
1777872027.815751,1124,2.456914808e-05
1777872028.649117,1125,2.446577673e-05
1777872029.549067,1126,2.436242721e-05
1777872030.405028,1127,2.425909588e-05
1777872031.543315,1128,2.415578638e-05
1777872032.753927,1129,2.405250234e-05
1777872033.950377,1130,2.394924195e-05
1777872034.938525,1131,2.384601066e-05
1777872036.121858,1132,2.374280848e-05
1777872037.193050,1133,2.363963904e-05
1777872038.081304,1134,2.353650052e-05
1777872038.925025,1135,2.343339838e-05
1777872039.816951,1136,2.333033262e-05
1777872040.664364,1137,2.322730688e-05
1777872041.516024,1138,2.312431934e-05
1777872042.382103,1139,2.302137545e-05
1777872043.183097,1140,2.291847704e-05
1777872043.993446,1141,2.281562229e-05
1777872044.792071,1142,2.271281664e-05
1777872045.660969,1143,2.261006011e-05
1777872046.488988,1144,2.250735633e-05
1777872047.394003,1145,2.240470531e-05
1777872048.535271,1146,2.230210885e-05
1777872049.436296,1147,2.219956878e-05
1777872050.275222,1148,2.209708873e-05
1777872051.019742,1149,2.199466871e-05
1777872051.854660,1150,2.189231236e-05
1777872052.672498,1151,2.179001967e-05
1777872053.752649,1152,2.168779247e-05
1777872054.863297,1153,2.158563439e-05
1777872055.742327,1154,2.148354542e-05
1777872056.615971,1155,2.13815274e-05
1777872057.580298,1156,2.127958396e-05
1777872058.571187,1157,2.11777151e-05
1777872059.723698,1158,2.107592445e-05
1777872060.922245,1159,2.097421202e-05
1777872062.186609,1160,2.087257963e-05
1777872063.262922,1161,2.07710309e-05
1777872064.298566,1162,2.066956586e-05
1777872065.399689,1163,2.05681863e-05
1777872066.480166,1164,2.046689588e-05
1777872067.544556,1165,2.036569458e-05
1777872068.626705,1166,2.026458424e-05
1777872069.779841,1167,2.016356848e-05
1777872070.980752,1168,2.006264731e-05
1777872072.090775,1169,1.996182255e-05
1777872073.310273,1170,1.986109601e-05
1777872074.493002,1171,1.976047133e-05
1777872075.642814,1172,1.965994852e-05
1777872076.732358,1173,1.955953121e-05
1777872077.828461,1174,1.945921758e-05
1777872078.941500,1175,1.935901309e-05
1777872079.866129,1176,1.925891775e-05
1777872080.869578,1177,1.915893336e-05
1777872081.839229,1178,1.905906174e-05
1777872083.093059,1179,1.895930654e-05
1777872084.282566,1180,1.885966594e-05
1777872085.445025,1181,1.876014539e-05
1777872086.436507,1182,1.86607449e-05
1777872087.296969,1183,1.856146446e-05
1777872088.155761,1184,1.846230953e-05
1777872089.279903,1185,1.836328011e-05
1777872090.435505,1186,1.826437801e-05
1777872091.651617,1187,1.816560325e-05
1777872092.883074,1188,1.806696127e-05
1777872094.226030,1189,1.796845027e-05
1777872095.445363,1190,1.787007386e-05
1777872096.656143,1191,1.777183388e-05
1777872097.891316,1192,1.767373215e-05
1777872099.219431,1193,1.757576865e-05
1777872100.513285,1194,1.747794704e-05
1777872101.747815,1195,1.738026913e-05
1777872103.040624,1196,1.728273674e-05
1777872104.275059,1197,1.718534804e-05
1777872105.570457,1198,1.708811033e-05
1777872106.781860,1199,1.699102177e-05
1777872107.964073,1200,1.689408418e-05
1777872109.077181,1201,1.679730121e-05
1777872110.265562,1202,1.670067286e-05
1777872111.526235,1203,1.660420094e-05
1777872112.537526,1204,1.650788727e-05
1777872113.670097,1205,1.641173549e-05
1777872123.503163,1206,1.631574378e-05
1777872124.453520,1207,1.62199176e-05
1777872125.271064,1208,1.612425513e-05
1777872126.189039,1209,1.602876182e-05
1777872127.295198,1210,1.593343586e-05
1777872128.363883,1211,1.583828089e-05
1777872129.578055,1212,1.574329872e-05
1777872130.699083,1213,1.564849117e-05
1777872131.864544,1214,1.555385825e-05
1777872133.047948,1215,1.545940177e-05
1777872134.228673,1216,1.536512536e-05
1777872135.582657,1217,1.527102904e-05
1777872136.919534,1218,1.517711644e-05
1777872138.204590,1219,1.508338664e-05
1777872139.357594,1220,1.498984329e-05
1777872140.559833,1221,1.48964873e-05
1777872141.712436,1222,1.480331957e-05
1777872142.890245,1223,1.471034284e-05
1777872144.129570,1224,1.461755892e-05
1777872145.429023,1225,1.452496872e-05
1777872146.633292,1226,1.443257497e-05
1777872147.571064,1227,1.434037767e-05
1777872148.669606,1228,1.424837956e-05
1777872149.811262,1229,1.415658244e-05
1777872150.759131,1230,1.406498723e-05
1777872151.799856,1231,1.397359574e-05
1777872152.880831,1232,1.38824098e-05
1777872153.715389,1233,1.379143123e-05
1777872154.543600,1234,1.370066184e-05
1777872155.325397,1235,1.361010163e-05
1777872156.091519,1236,1.351975425e-05
1777872156.946589,1237,1.342962059e-05
1777872157.718075,1238,1.333970158e-05
1777872158.613473,1239,1.324999994e-05
1777872159.479301,1240,1.316051657e-05
1777872160.367736,1241,1.307125331e-05
1777872161.530542,1242,1.298221105e-05
1777872162.692811,1243,1.289339252e-05
1777872163.724567,1244,1.280479864e-05
1777872164.762933,1245,1.271643123e-05
1777872165.575449,1246,1.26282921e-05
1777872166.391034,1247,1.254038216e-05
1777872167.223015,1248,1.245270232e-05
1777872167.990022,1249,1.236525623e-05
1777872168.770084,1250,1.227804387e-05
1777872169.552403,1251,1.219106798e-05
1777872170.540122,1252,1.210432856e-05
1777872171.659289,1253,1.201782834e-05
1777872172.786863,1254,1.193156822e-05
1777872173.865560,1255,1.184555094e-05
1777872175.042957,1256,1.17597765e-05
1777872184.332597,1257,1.167424671e-05
1777872185.490602,1258,1.158896339e-05
1777872186.550068,1259,1.150392836e-05
1777872187.803779,1260,1.141914345e-05
1777872188.989451,1261,1.133460864e-05
1777872190.185788,1262,1.125032759e-05
1777872191.280071,1263,1.116629937e-05
1777872192.480421,1264,1.108252764e-05
1777872193.821453,1265,1.099901237e-05
1777872194.939780,1266,1.091575541e-05
1777872196.209851,1267,1.083275947e-05
1777872197.345783,1268,1.075002456e-05
1777872198.570835,1269,1.066755249e-05
1777872199.664528,1270,1.058534508e-05
1777872200.815051,1271,1.050340325e-05
1777872201.985234,1272,1.04217288e-05
1777872203.076100,1273,1.034032357e-05
1777872204.171891,1274,1.025918846e-05
1777872205.376684,1275,1.017832528e-05
1777872206.453758,1276,1.009773587e-05
1777872207.323653,1277,1.001742021e-05
1777872208.129389,1278,9.937381037e-06
1777872208.986427,1279,9.857618352e-06
1777872209.774222,1280,9.778135791e-06
1777872210.566723,1281,9.698933354e-06
1777872211.414541,1282,9.620011951e-06
1777872212.273262,1283,9.541374311e-06
1777872213.144631,1284,9.463020433e-06
1777872214.017335,1285,9.384953955e-06
1777872214.814720,1286,9.307173968e-06
1777872215.703440,1287,9.229682291e-06
1777872216.624365,1288,9.152480743e-06
1777872217.433954,1289,9.075571143e-06
1777872218.334110,1290,8.998954399e-06
1777872219.167140,1291,8.922631423e-06
1777872220.005158,1292,8.846604942e-06
1777872220.823979,1293,8.770874956e-06
1777872221.622188,1294,8.695442375e-06
1777872222.406553,1295,8.620310837e-06
1777872223.235248,1296,8.545479432e-06
1777872224.096626,1297,8.470949979e-06
1777872224.867919,1298,8.396725207e-06
1777872225.699284,1299,8.322804206e-06
1777872226.658466,1300,8.249190614e-06
1777872227.526247,1301,8.175883522e-06
1777872228.447728,1302,8.102886568e-06
1777872229.292113,1303,8.030198842e-06
1777872230.162849,1304,7.957823073e-06
1777872231.064839,1305,7.88575926e-06
1777872231.869137,1306,7.814010132e-06
1777872232.795133,1307,7.742576599e-06
1777872233.579188,1308,7.671459571e-06
1777872234.450436,1309,7.60066041e-06
1777872235.292566,1310,7.530180028e-06
1777872236.177251,1311,7.460020242e-06
1777872237.053007,1312,7.390182418e-06
1777872237.898157,1313,7.320667009e-06
1777872238.826115,1314,7.251476291e-06
1777872240.083750,1315,7.182610261e-06
1777872241.257485,1316,7.114071195e-06
1777872242.176556,1317,7.045860002e-06
1777872243.089845,1318,6.977978046e-06
1777872245.531735,1319,6.910425782e-06
1777872246.990449,1320,6.843205483e-06
1777872248.194872,1321,6.776317605e-06
1777872249.501124,1322,6.709763511e-06
1777872250.654685,1323,6.643544566e-06
1777872251.912544,1324,6.577662134e-06
1777872253.337628,1325,6.51211667e-06
1777872254.781522,1326,6.446909538e-06
1777872255.916615,1327,6.382042557e-06
1777872257.147619,1328,6.317516181e-06
1777872258.281938,1329,6.253332231e-06
1777872259.434610,1330,6.18949116e-06
1777872260.630023,1331,6.125994332e-06
1777872261.827859,1332,6.062843113e-06
1777872263.048138,1333,6.000038411e-06
1777872264.264845,1334,5.937581591e-06
1777872265.383123,1335,5.875473107e-06
1777872266.575650,1336,5.813714779e-06
1777872267.720282,1337,5.752307516e-06
1777872268.819118,1338,5.691252227e-06
1777872269.999382,1339,5.630550277e-06
1777872271.235188,1340,5.570202575e-06
1777872272.403058,1341,5.51021003e-06
1777872273.585452,1342,5.450574008e-06
1777872274.806596,1343,5.391295872e-06
1777872275.895578,1344,5.332375622e-06
1777872277.020971,1345,5.273815532e-06
1777872278.165883,1346,5.215615602e-06
1777872279.367340,1347,5.15777765e-06
1777872280.577603,1348,5.100302133e-06
1777872281.746962,1349,5.043190413e-06
1777872282.919356,1350,4.986443855e-06
1777872284.194975,1351,4.93006246e-06
1777872285.352614,1352,4.874048045e-06
1777872286.551647,1353,4.818401521e-06
1777872287.808006,1354,4.763123798e-06
1777872288.945388,1355,4.708215783e-06
1777872289.999313,1356,4.653678388e-06
1777872291.126477,1357,4.599512522e-06
1777872292.312907,1358,4.545719548e-06
1777872293.520661,1359,4.492300377e-06
1777872294.735531,1360,4.439255463e-06
1777872295.922103,1361,4.38658617e-06
1777872297.059521,1362,4.334292953e-06
1777872298.234934,1363,4.282377631e-06
1777872299.376219,1364,4.230840204e-06
1777872300.487743,1365,4.179682492e-06
1777872301.674824,1366,4.128904493e-06
1777872302.806575,1367,4.078508027e-06
1777872303.955513,1368,4.028493095e-06
1777872305.085646,1369,3.978861059e-06
1777872306.239959,1370,3.929612831e-06
1777872307.399096,1371,3.880749318e-06
1777872308.557120,1372,3.832270977e-06
1777872309.689846,1373,3.784179171e-06
1777872310.802014,1374,3.736474582e-06
1777872311.808997,1375,3.689157893e-06
1777872312.813443,1376,3.64223024e-06
1777872313.922236,1377,3.595692306e-06
1777872315.096838,1378,3.549544772e-06
1777872316.381732,1379,3.503788776e-06
1777872317.515165,1380,3.458424999e-06
1777872318.699041,1381,3.413454124e-06
1777872319.850322,1382,3.36887706e-06
1777872320.890504,1383,3.324694489e-06
1777872321.949102,1384,3.280907549e-06
1777872323.071741,1385,3.237516694e-06
1777872324.095246,1386,3.194522606e-06
1777872325.148108,1387,3.151926421e-06
1777872326.360636,1388,3.109728596e-06
1777872327.532768,1389,3.067930038e-06
1777872328.847504,1390,3.026531431e-06
1777872330.047412,1391,2.985533683e-06
1777872331.390152,1392,2.944937251e-06
1777872332.611611,1393,2.904742814e-06
1777872333.782579,1394,2.864951512e-06
1777872334.876465,1395,2.82556357e-06
1777872336.062405,1396,2.786580126e-06
1777872337.264757,1397,2.748001407e-06
1777872338.376889,1398,2.70982855e-06
1777872339.421852,1399,2.67206201e-06
1777872340.400097,1400,2.634702469e-06
1777872341.594956,1401,2.597750836e-06
1777872342.648656,1402,2.561207339e-06
1777872343.757150,1403,2.525072659e-06
1777872344.883543,1404,2.489347935e-06
1777872345.936981,1405,2.454033392e-06
1777872347.016279,1406,2.419129714e-06
1777872348.099439,1407,2.384637583e-06
1777872349.233345,1408,2.350557679e-06
1777872350.388345,1409,2.316890459e-06
1777872351.530827,1410,2.283636604e-06
1777872352.680748,1411,2.250796797e-06
1777872353.784811,1412,2.218371264e-06
1777872354.897245,1413,2.186361144e-06
1777872356.077254,1414,2.154766435e-06
1777872357.280302,1415,2.123588274e-06
1777872358.417082,1416,2.092826662e-06
1777872359.448851,1417,2.062482508e-06
1777872360.493446,1418,2.032556267e-06
1777872361.621449,1419,2.003048394e-06
1777872362.770610,1420,1.97395957e-06
1777872363.828554,1421,1.945290023e-06
1777872365.045198,1422,1.917040663e-06
1777872366.160235,1423,1.889211717e-06
1777872367.267488,1424,1.861803753e-06
1777872368.321555,1425,1.834817226e-06
1777872369.365596,1426,1.808252705e-06
1777872370.452694,1427,1.782110644e-06
1777872371.488415,1428,1.756391384e-06
1777872372.487921,1429,1.731095495e-06
1777872373.510743,1430,1.706223429e-06
1777872374.503420,1431,1.68177553e-06
1777872375.467565,1432,1.657752364e-06
1777872376.487711,1433,1.634154387e-06
1777872377.549824,1434,1.610981826e-06
1777872378.703060,1435,1.58823525e-06
1777872379.826723,1436,1.565915113e-06
1777872380.858148,1437,1.544021643e-06
1777872382.001747,1438,1.522555294e-06
1777872383.143720,1439,1.501516408e-06
1777872384.305218,1440,1.480905553e-06
1777872385.454841,1441,1.460722842e-06
1777872386.710498,1442,1.440968845e-06
1777872387.974758,1443,1.421643788e-06
1777872389.143624,1444,1.402748012e-06
1777872390.192797,1445,1.384281973e-06
1777872391.355103,1446,1.366245783e-06
1777872392.583852,1447,1.348640012e-06
1777872393.770431,1448,1.331464887e-06
1777872394.950833,1449,1.314720635e-06
1777872396.040460,1450,1.298407597e-06
1777872397.246263,1451,1.282526e-06
1777872398.380388,1452,1.2670763e-06
1777872399.551540,1453,1.252058723e-06
1777872400.761728,1454,1.237473384e-06
1777872401.940507,1455,1.223320737e-06
1777872403.170531,1456,1.209600896e-06
1777872404.414214,1457,1.196314201e-06
1777872405.577587,1458,1.183460768e-06
1777872406.639809,1459,1.171040935e-06
1777872407.743214,1460,1.159054932e-06
1777872408.924522,1461,1.147502871e-06
1777872410.111670,1462,1.136384981e-06
1777872411.356547,1463,1.125701601e-06
1777872412.560785,1464,1.115452733e-06
1777872413.711332,1465,1.105638717e-06
1777872414.761440,1466,1.096259552e-06
1777872415.873806,1467,1.087315582e-06
1777872416.977572,1468,1.078806918e-06
1777872418.055130,1469,1.070733674e-06
1777872419.084733,1470,1.063095965e-06
1777872420.184953,1471,1.055893904e-06
1777872421.269804,1472,1.049127832e-06
1777872422.519803,1473,1.042797635e-06
1777872423.663154,1474,1.036903541e-06
1777872424.905920,1475,1.031445549e-06
1777872426.120547,1476,1.026423888e-06
1777872427.381318,1477,1.021838671e-06
1777872428.700473,1478,1.017689783e-06
1777872430.027715,1479,1.013977453e-06
1777872431.315198,1480,1.010701794e-06
1777872432.584578,1481,1.007862693e-06
1777872433.831689,1482,1.005460263e-06
1777872434.863439,1483,1.003494617e-06
1777872435.692549,1484,1.001965757e-06
1777872436.620231,1485,1.000873681e-06
1777872437.460681,1486,1.00021839e-06
1777872624.825453,1488,4.999994417e-05
1777872626.052077,1489,4.999978046e-05
1777872627.344969,1490,4.999950761e-05
1777872628.620166,1491,4.999912562e-05
1777872629.933124,1492,4.999863449e-05
1777872631.226023,1493,4.999803423e-05
1777872632.480561,1494,4.999732482e-05
1777872633.653806,1495,4.999650628e-05
1777872634.837746,1496,4.999557859e-05
1777872635.930434,1497,4.999453813e-05
1777872637.088835,1498,4.999339217e-05
1777872638.255364,1499,4.999213706e-05
1777872639.501679,1500,4.999077282e-05
1777872640.775621,1501,4.998929944e-05
1777872642.103780,1502,4.998771328e-05
1777872643.460913,1503,4.998602162e-05
1777872644.856573,1504,4.998422082e-05
1777872646.278490,1505,4.998231088e-05
1777872647.522340,1506,4.998029181e-05
1777872648.862471,1507,4.997815995e-05
1777872650.045580,1508,4.997592259e-05
1777872651.292586,1509,4.99735761e-05
1777872652.566297,1510,4.997112046e-05
1777872653.696067,1511,4.996855569e-05
1777872654.847728,1512,4.996588177e-05
1777872656.015434,1513,4.996309508e-05
1777872657.344696,1514,4.996020289e-05
1777872658.609899,1515,4.995720155e-05
1777872659.896967,1516,4.995409108e-05
1777872661.183985,1517,4.995087147e-05
1777872662.492244,1518,4.994754272e-05
1777872663.701361,1519,4.994410483e-05
1777872665.000904,1520,4.99405578e-05
1777872666.207890,1521,4.993690527e-05
1777872667.540502,1522,4.993313996e-05
1777872668.778063,1523,4.992926551e-05
1777872670.247155,1524,4.992528557e-05
1777872671.590250,1525,4.992119284e-05
1777872672.933511,1526,4.991699461e-05
1777872674.190748,1527,4.991268361e-05
1777872675.393983,1528,4.99082671e-05
1777872676.607836,1529,4.990374146e-05
1777872677.775216,1530,4.989910667e-05
1777872678.947573,1531,4.989436275e-05
1777872680.228103,1532,4.988950968e-05
1777872681.381194,1533,4.988454748e-05
1777872682.543723,1534,4.987947614e-05
1777872683.626975,1535,4.987429929e-05
1777872684.722202,1536,4.986900967e-05
1777872685.916102,1537,4.986361455e-05
1777872687.178076,1538,4.985811029e-05
1777872688.465682,1539,4.985249689e-05
1777872689.841641,1540,4.984677435e-05
1777872691.143581,1541,4.98409463e-05
1777872692.327588,1542,4.983500548e-05
1777872693.681354,1543,4.982895916e-05
1777872694.893903,1544,4.98228037e-05
1777872696.070852,1545,4.98165391e-05
1777872697.369083,1546,4.981016536e-05
1777872698.765384,1547,4.980368612e-05
1777872700.028370,1548,4.979709774e-05
1777872701.324816,1549,4.979040023e-05
1777872702.620551,1550,4.978359357e-05
1777872703.913761,1551,4.977667777e-05
1777872705.192746,1552,4.976965647e-05
1777872706.539442,1553,4.976252603e-05
1777872707.850183,1554,4.975528645e-05
1777872709.132666,1555,4.974794138e-05
1777872710.502081,1556,4.974048716e-05
1777872711.840194,1557,4.97329238e-05
1777872713.040909,1558,4.97252513e-05
1777872714.316298,1559,4.97174733e-05
1777872715.617987,1560,4.970958616e-05
1777872716.658039,1561,4.970159353e-05
1777872717.496767,1562,4.969348811e-05
1777872718.369025,1563,4.968528083e-05
1777872719.239634,1564,4.967696077e-05
1777872720.083217,1565,4.966853521e-05
1777872720.975093,1566,4.966000051e-05
1777872721.839319,1567,4.965136031e-05
1777872722.637112,1568,4.964261097e-05
1777872723.430246,1569,4.96337525e-05
1777872724.322736,1570,4.962478852e-05
1777872725.194409,1571,4.961571904e-05
1777872726.085046,1572,4.960654041e-05
1777872727.009892,1573,4.959725266e-05
1777872727.979721,1574,4.958785939e-05
1777872728.880936,1575,4.957835699e-05
1777872729.731725,1576,4.956874909e-05
1777872737.691533,1577,4.955903205e-05
1777872739.122164,1578,4.954920951e-05
1777872740.067671,1579,4.953927782e-05
1777872740.969607,1580,4.952924064e-05
1777872741.858508,1581,4.951909432e-05
1777872742.739792,1582,4.950884249e-05
1777872743.596751,1583,4.949848517e-05
1777872744.574662,1584,4.94880187e-05
1777872745.327570,1585,4.94774431e-05
1777872746.163372,1586,4.946676563e-05
1777872747.033307,1587,4.945597902e-05
1777872747.848200,1588,4.944508328e-05
1777872748.654721,1589,4.943408567e-05
1777872749.453789,1590,4.942297892e-05
1777872750.408887,1591,4.941176303e-05
1777872751.361063,1592,4.940044528e-05
1777872752.176976,1593,4.938901839e-05
1777872753.144857,1594,4.937748599e-05
1777872753.936147,1595,4.936584446e-05
1777872754.838754,1596,4.935410107e-05
1777872755.669145,1597,4.934224853e-05
1777872756.545538,1598,4.933029049e-05
1777872757.388750,1599,4.931822332e-05
1777872758.275474,1600,4.930605428e-05
1777872759.205875,1601,4.92937761e-05
1777872760.087036,1602,4.928139242e-05
1777872760.981307,1603,4.926890324e-05
1777872761.934975,1604,4.925630856e-05
1777872762.844117,1605,4.924360837e-05
1777872763.628017,1606,4.923080269e-05
1777872764.461609,1607,4.921788786e-05
1777872765.321773,1608,4.920487117e-05
1777872766.226444,1609,4.919174899e-05
1777872767.125194,1610,4.917851766e-05
1777872768.054083,1611,4.916518446e-05
1777872768.899684,1612,4.915174213e-05
1777872769.827398,1613,4.913819794e-05
1777872770.778954,1614,4.91245446e-05
1777872771.790553,1615,4.91107894e-05
1777872772.655891,1616,4.909692507e-05
1777872773.640171,1617,4.908295887e-05
1777872774.467063,1618,4.906888717e-05
1777872775.289858,1619,4.905470996e-05
1777872776.238629,1620,4.904042726e-05
1777872777.086724,1621,4.902603905e-05
1777872778.001066,1622,4.901154898e-05
1777872778.803826,1623,4.899694977e-05
1777872779.666008,1624,4.89822487e-05
1777872780.524330,1625,4.896744213e-05
1777872781.372865,1626,4.895253369e-05
1777872782.233848,1627,4.893751611e-05
1777872783.086671,1628,4.892239667e-05
1777872783.997209,1629,4.890717173e-05
1777872784.831743,1630,4.889184493e-05
1777872785.715014,1631,4.887641262e-05
1777872786.614842,1632,4.886087481e-05
1777872787.527397,1633,4.884523514e-05
1777872788.403439,1634,4.882948997e-05
1777872789.280232,1635,4.88136393e-05
1777872790.120198,1636,4.879768676e-05
1777872790.931407,1637,4.878162872e-05
1777872791.840234,1638,4.876546882e-05
1777872792.665334,1639,4.874920342e-05
1777872793.525053,1640,4.873283615e-05
1777872794.368905,1641,4.871636338e-05
1777872795.281623,1642,4.869978875e-05
1777872796.094086,1643,4.868310862e-05
1777872796.966421,1644,4.866632662e-05
1777872797.825121,1645,4.864944276e-05
1777872798.710241,1646,4.86324534e-05
1777872799.552437,1647,4.861536218e-05
1777872800.416558,1648,4.859816909e-05
1777872801.244135,1649,4.85808705e-05
1777872802.185231,1650,4.856347005e-05
1777872803.064443,1651,4.854596773e-05
1777872803.917436,1652,4.852835991e-05
1777872804.764463,1653,4.851065387e-05
1777872805.674146,1654,4.849284232e-05
1777872806.564517,1655,4.847492892e-05
1777872807.395857,1656,4.845691001e-05
1777872808.227724,1657,4.843879287e-05
1777872809.105345,1658,4.842057388e-05
1777872809.906098,1659,4.840224938e-05
1777872810.739947,1660,4.838382301e-05
1777872811.580454,1661,4.836529843e-05
1777872812.486555,1662,4.834666834e-05
1777872813.361563,1663,4.832793638e-05
1777872814.259040,1664,4.830910621e-05
1777872815.107078,1665,4.829017053e-05
1777872816.054174,1666,4.827113662e-05
1777872816.904335,1667,4.825199721e-05
1777872817.762230,1668,4.823275958e-05
1777872818.596809,1669,4.821342009e-05
1777872819.444704,1670,4.819397873e-05
1777872820.342838,1671,4.817443551e-05
1777872821.222684,1672,4.815479406e-05
1777872822.114492,1673,4.813504711e-05
1777872822.939070,1674,4.811520193e-05
1777872823.795693,1675,4.809525853e-05
1777872824.635460,1676,4.807520963e-05
1777872825.471768,1677,4.805506251e-05
1777872826.323419,1678,4.803481352e-05
1777872827.129651,1679,4.80144663e-05
1777872828.012581,1680,4.799401722e-05
1777872828.856845,1681,4.797346992e-05
1777872829.847136,1682,4.795282075e-05
1777872830.677198,1683,4.793206972e-05
1777872831.560087,1684,4.791122046e-05
1777872832.359300,1685,4.789027298e-05
1777872833.239702,1686,4.786922364e-05
1777872834.149111,1687,4.784807243e-05
1777872835.033249,1688,4.782682663e-05
1777872835.985524,1689,4.780547897e-05
1777872836.906643,1690,4.778402945e-05
1777872837.798920,1691,4.77624817e-05
1777872838.763018,1692,4.774083573e-05
1777872839.661167,1693,4.771909153e-05
1777872840.590617,1694,4.76972491e-05
1777872841.412839,1695,4.767530481e-05
1777872842.315944,1696,4.76532623e-05
1777872843.193807,1697,4.763112156e-05
1777872844.011269,1698,4.76088826e-05
1777872844.879780,1699,4.758654541e-05
1777872845.760917,1700,4.756410999e-05
1777872846.693448,1701,4.754157635e-05
1777872847.580537,1702,4.751894085e-05
1777872848.367966,1703,4.749621075e-05
1777872849.307904,1704,4.747338244e-05
1777872850.158435,1705,4.74504559e-05
1777872850.975517,1706,4.742743113e-05
1777872851.774496,1707,4.740430813e-05
1777872852.702869,1708,4.738108692e-05
1777872853.680711,1709,4.735777111e-05
1777872854.506881,1710,4.733435344e-05
1777872855.388721,1711,4.731084118e-05
1777872856.273218,1712,4.72872307e-05
1777872857.168747,1713,4.726352563e-05
1777872857.999790,1714,4.723972233e-05
1777872858.939382,1715,4.721582081e-05
1777872859.756772,1716,4.719182471e-05
1777872860.587760,1717,4.716773037e-05
1777872861.498250,1718,4.714353781e-05
1777872862.633536,1719,4.711925067e-05
1777872863.917978,1720,4.709486529e-05
1777872865.076859,1721,4.707038534e-05
1777872865.909636,1722,4.704581079e-05
1777872866.729512,1723,4.702113802e-05
1777872867.795388,1724,4.699637066e-05
1777872868.953427,1725,4.697150871e-05
1777872869.722563,1726,4.694654854e-05
1777872870.594187,1727,4.692149378e-05
1777872871.461409,1728,4.689634079e-05
1777872872.394412,1729,4.687109686e-05
1777872873.305191,1730,4.68457547e-05
1777872874.255334,1731,4.682031795e-05
1777872875.211159,1732,4.679478661e-05
1777872876.093820,1733,4.676916069e-05
1777872876.944622,1734,4.674343654e-05
1777872877.830420,1735,4.671762144e-05
1777872878.659955,1736,4.669171176e-05
1777872879.590549,1737,4.666570749e-05
1777872880.403006,1738,4.663960863e-05
1777872881.248735,1739,4.661341518e-05
1777872882.099380,1740,4.658712714e-05
1777872882.977923,1741,4.656074452e-05
1777872883.823586,1742,4.653427095e-05
1777872884.776639,1743,4.650769915e-05
1777872885.705460,1744,4.648103641e-05
1777872886.533262,1745,4.645427907e-05
1777872887.405529,1746,4.642743079e-05
1777872888.324206,1747,4.640048792e-05
1777872889.191673,1748,4.637345046e-05
1777872890.167700,1749,4.634632205e-05
1777872891.071930,1750,4.631909906e-05
1777872891.894679,1751,4.629178511e-05
1777872892.668106,1752,4.626437658e-05
1777872893.517951,1753,4.62368771e-05
1777872894.426726,1754,4.620928303e-05
1777872895.282655,1755,4.618159801e-05
1777872896.200927,1756,4.615382204e-05
1777872897.031887,1757,4.612595149e-05
1777872897.858660,1758,4.609798998e-05
1777872898.787585,1759,4.606993753e-05
1777872899.694496,1760,4.604179412e-05
1777872900.608292,1761,4.601355613e-05
1777872901.456647,1762,4.598522719e-05
1777872902.378405,1763,4.595681094e-05
1777872903.265079,1764,4.59283001e-05
1777872904.250469,1765,4.589969831e-05
1777872905.112913,1766,4.587100557e-05
1777872905.995224,1767,4.584222188e-05
1777872906.895920,1768,4.581334724e-05
1777872907.741561,1769,4.578438529e-05
1777872908.585207,1770,4.575532876e-05
1777872909.521797,1771,4.572618491e-05
1777872910.343075,1772,4.569695011e-05
1777872911.151717,1773,4.566762436e-05
1777872912.030050,1774,4.563820767e-05
1777872912.943616,1775,4.560870366e-05
1777872913.892529,1776,4.55791087e-05
1777872914.738499,1777,4.554942643e-05
1777872915.533290,1778,4.551965321e-05
1777872916.340708,1779,4.548978904e-05
1777872917.482208,1780,4.545983757e-05
1777872918.660654,1781,4.542979877e-05
1777872919.592793,1782,4.539966903e-05
1777872920.486783,1783,4.536944834e-05
1777872921.322848,1784,4.533914398e-05
1777872922.124717,1785,4.530874867e-05
1777872922.950266,1786,4.527826241e-05
1777872923.789575,1787,4.524769247e-05
1777872924.617171,1788,4.521703158e-05
1777872925.408505,1789,4.518628339e-05
1777872926.200988,1790,4.515545152e-05
1777872926.975348,1791,4.512452506e-05
1777872927.897902,1792,4.509351493e-05
1777872929.102368,1793,4.506241748e-05
1777872930.120300,1794,4.503123273e-05
1777872931.322719,1795,4.499996066e-05
1777872932.333996,1796,4.496860129e-05
1777872933.163441,1797,4.493715824e-05
1777872933.942891,1798,4.490562424e-05
1777872934.811701,1799,4.487400656e-05
1777872935.696856,1800,4.484230158e-05
1777872936.552664,1801,4.481050928e-05
1777872937.430083,1802,4.477862967e-05
1777872938.307507,1803,4.474666639e-05
1777872939.196903,1804,4.471461943e-05
1777872940.080184,1805,4.468248517e-05
1777872940.925364,1806,4.465026359e-05
1777872941.880157,1807,4.461795834e-05
1777872942.725635,1808,4.458556577e-05
1777872943.508988,1809,4.455308954e-05
1777872944.312390,1810,4.452052963e-05
1777872945.166482,1811,4.448788241e-05
1777872946.053673,1812,4.445515151e-05
1777872946.922211,1813,4.442233694e-05
1777872947.773004,1814,4.43894387e-05
1777872948.631328,1815,4.435645678e-05
1777872949.436846,1816,4.432338756e-05
1777872950.240766,1817,4.429023465e-05
1777872951.062485,1818,4.425700172e-05
1777872951.912207,1819,4.422368147e-05
1777872952.688812,1820,4.419028119e-05
1777872953.452100,1821,4.415679359e-05
1777872954.338301,1822,4.412322596e-05
1777872955.216120,1823,4.408957466e-05
1777872956.101638,1824,4.405583968e-05
1777872956.852236,1825,4.402202103e-05
1777872957.706377,1826,4.398812234e-05
1777872958.487669,1827,4.395413998e-05
1777872959.420723,1828,4.392007395e-05
1777872960.201144,1829,4.388592788e-05
1777872961.103128,1830,4.385170178e-05
1777872961.978796,1831,4.381738836e-05
1777872962.888399,1832,4.378299855e-05
1777872963.720333,1833,4.374852506e-05
1777872964.652856,1834,4.37139679e-05
1777872965.729916,1835,4.367933434e-05
1777872966.767581,1836,4.364461711e-05
1777872967.685177,1837,4.36098162e-05
1777872968.631640,1838,4.35749389e-05
1777872969.634824,1839,4.353997792e-05
1777872970.884146,1840,4.350494055e-05
1777872972.012744,1841,4.34698195e-05
1777872973.012422,1842,4.343461842e-05
1777872973.882555,1843,4.339934094e-05
1777872974.778978,1844,4.336397978e-05
1777872975.687803,1845,4.332854223e-05
1777872976.623009,1846,4.329302101e-05
1777872977.461556,1847,4.325742339e-05
1777872978.327854,1848,4.322174573e-05
1777872979.176344,1849,4.318598803e-05
1777872980.036449,1850,4.315015394e-05
1777872980.856379,1851,4.311423982e-05
1777872981.700391,1852,4.307824929e-05
1777872982.524380,1853,4.304217873e-05
1777872983.387904,1854,4.300602814e-05
1777872984.165394,1855,4.296980114e-05
1777872985.118421,1856,4.293349775e-05
1777872985.981414,1857,4.289711433e-05
1777872986.935648,1858,4.28606545e-05
1777872988.110544,1859,4.282411464e-05
1777872989.122060,1860,4.278750203e-05
1777872990.027249,1861,4.275080937e-05
1777872991.005687,1862,4.271404032e-05
1777872992.031760,1863,4.267719487e-05
1777872993.167197,1864,4.264027302e-05
1777872994.248912,1865,4.260327478e-05
1777872995.234540,1866,4.256620014e-05
1777872996.179949,1867,4.25290491e-05
1777872997.099912,1868,4.249182166e-05
1777872998.010530,1869,4.245452146e-05
1777872999.097745,1870,4.241714123e-05
1777873000.163414,1871,4.237968824e-05
1777873001.036862,1872,4.234216249e-05
1777873001.915808,1873,4.23045567e-05
1777873002.762257,1874,4.226687815e-05
1777873003.804996,1875,4.222912685e-05
1777873004.759837,1876,4.219129914e-05
1777873005.679377,1877,4.215339504e-05
1777873006.489598,1878,4.211541818e-05
1777873007.265887,1879,4.207736856e-05
1777873008.098317,1880,4.203924254e-05
1777873008.994876,1881,4.200104377e-05
1777873009.896644,1882,4.196277223e-05
1777873010.726945,1883,4.192442793e-05
1777873011.632897,1884,4.188601088e-05
1777873012.539462,1885,4.184751742e-05
1777873013.397166,1886,4.180895485e-05
1777873014.301257,1887,4.177031951e-05
1777873015.157713,1888,4.173160778e-05
1777873016.012182,1889,4.169282693e-05
1777873016.843188,1890,4.165397331e-05
1777873017.730905,1891,4.161504694e-05
1777873018.558329,1892,4.157604781e-05
1777873019.480885,1893,4.153697955e-05
1777873020.408976,1894,4.149783854e-05
1777873021.214197,1895,4.145862476e-05
1777873022.036799,1896,4.141934187e-05
1777873022.997578,1897,4.137998621e-05
1777873023.872819,1898,4.134056144e-05
1777873024.715941,1899,4.130106754e-05
1777873025.597496,1900,4.126150088e-05
1777873026.523489,1901,4.12218651e-05
1777873027.473387,1902,4.118215656e-05
1777873028.725023,1903,4.114238254e-05
1777873029.603451,1904,4.110253576e-05
1777873030.444746,1905,4.106261986e-05
1777873031.437176,1906,4.102263483e-05
1777873032.293710,1907,4.098258069e-05
1777873033.160904,1908,4.094245742e-05
1777873034.115635,1909,4.090226503e-05
1777873035.092192,1910,4.086200352e-05
1777873036.056353,1911,4.082167288e-05
1777873037.072524,1912,4.078127677e-05
1777873037.982659,1913,4.074081153e-05
1777873038.867095,1914,4.070027717e-05
1777873039.752190,1915,4.065967732e-05
1777873040.591911,1916,4.061900836e-05
1777873041.436355,1917,4.057827027e-05
1777873042.328686,1918,4.05374667e-05
1777873043.522490,1919,4.049659765e-05
1777873044.590665,1920,4.045565947e-05
1777873045.725176,1921,4.041465581e-05
1777873046.528888,1922,4.037358303e-05
1777873047.406109,1923,4.033244841e-05
1777873048.242727,1924,4.029124466e-05
1777873049.069906,1925,4.024997543e-05
1777873049.888119,1926,4.020864071e-05
1777873050.719696,1927,4.016724051e-05
1777873051.628188,1928,4.012577483e-05
1777873052.437043,1929,4.008424366e-05
1777873053.208730,1930,4.004264702e-05
1777873054.027874,1931,4.000098852e-05
1777873054.908805,1932,3.99592609e-05
1777873055.883933,1933,3.991747144e-05
1777873056.783436,1934,3.987562013e-05
1777873057.603278,1935,3.98336997e-05
1777873058.427729,1936,3.979171743e-05
1777873059.311289,1937,3.974967331e-05
1777873060.203698,1938,3.97075637e-05
1777873061.230138,1939,3.966539225e-05
1777873062.383795,1940,3.962315532e-05
1777873063.464842,1941,3.958085654e-05
1777873064.699478,1942,3.953849591e-05
1777873065.861719,1943,3.94960698e-05
1777873067.154163,1944,3.945358549e-05
1777873068.350864,1945,3.941103569e-05
1777873069.453577,1946,3.936842404e-05
1777873070.570178,1947,3.932575419e-05
1777873071.680499,1948,3.928301885e-05
1777873072.755381,1949,3.924022531e-05
1777873073.965960,1950,3.919736628e-05
1777873075.182851,1951,3.915444904e-05
1777873076.362768,1952,3.911146996e-05
1777873077.658940,1953,3.906843267e-05
1777873078.872755,1954,3.90253299e-05
1777873080.076480,1955,3.898217255e-05
1777873081.272560,1956,3.893894973e-05
1777873082.424990,1957,3.889567233e-05
1777873083.643372,1958,3.885233309e-05
1777873084.902031,1959,3.8808932e-05
1777873085.974080,1960,3.876547271e-05
1777873087.135773,1961,3.872195521e-05
1777873088.349679,1962,3.86783795e-05
1777873089.461479,1963,3.863474194e-05
1777873090.597815,1964,3.859104982e-05
1777873091.790879,1965,3.854729584e-05
1777873092.887547,1966,3.85034873e-05
1777873094.072165,1967,3.845961692e-05
1777873095.199620,1968,3.841569196e-05
1777873096.309160,1969,3.83717088e-05
1777873097.385704,1970,3.832766743e-05
1777873098.516387,1971,3.828356785e-05
1777873099.667660,1972,3.82394137e-05
1777873100.923326,1973,3.819520134e-05
1777873102.207148,1974,3.815093078e-05
1777873103.252030,1975,3.810660564e-05
1777873104.398691,1976,3.806222594e-05
1777873105.543531,1977,3.801778803e-05
1777873106.653424,1978,3.797329555e-05
1777873107.457016,1979,3.79287485e-05
1777873108.307128,1980,3.788414324e-05
1777873109.148371,1981,3.783948341e-05
1777873109.922506,1982,3.779476901e-05
1777873110.815096,1983,3.775000005e-05
1777873111.723021,1984,3.770517651e-05
1777873112.552734,1985,3.76602984e-05
1777873113.416873,1986,3.761536573e-05
1777873114.264202,1987,3.757037848e-05
1777873115.077433,1988,3.75253403e-05
1777873115.963396,1989,3.748024392e-05
1777873116.859126,1990,3.743510024e-05
1777873117.784803,1991,3.738989835e-05
1777873118.611540,1992,3.734464553e-05
1777873119.351834,1993,3.729933815e-05
1777873120.084384,1994,3.725397983e-05
1777873120.978354,1995,3.720856694e-05
1777873121.831358,1996,3.716310675e-05
1777873122.728333,1997,3.711758836e-05
1777873123.596986,1998,3.707202268e-05
1777873124.439075,1999,3.702640606e-05
1777873125.372680,2000,3.698073488e-05
1777873126.259523,2001,3.693501276e-05
1777873127.053504,2002,3.688923971e-05
1777873127.803001,2003,3.684341937e-05
1777873128.610915,2004,3.679754445e-05
1777873129.441330,2005,3.675161861e-05
1777873130.286474,2006,3.670564547e-05
1777873131.119537,2007,3.66596214e-05
1777873131.975961,2008,3.661355004e-05
1777873132.804057,2009,3.65674241e-05
1777873133.621384,2010,3.652125088e-05
1777873134.488607,2011,3.647503036e-05
1777873135.342751,2012,3.64287589e-05
1777873136.276932,2013,3.638244016e-05
1777873137.077187,2014,3.633607412e-05
1777873138.026798,2015,3.628965715e-05
1777873138.903828,2016,3.624319288e-05
1777873139.864311,2017,3.619668132e-05
1777873141.021629,2018,3.615011883e-05
1777873142.159369,2019,3.610351268e-05
1777873143.253380,2020,3.605685924e-05
1777873144.469617,2021,3.601015851e-05
1777873145.368834,2022,3.596340684e-05
1777873146.291407,2023,3.591661152e-05
1777873147.339844,2024,3.586977255e-05
1777873148.466468,2025,3.582288264e-05
1777873149.606800,2026,3.577594907e-05
1777873150.856752,2027,3.572897185e-05
1777873152.032703,2028,3.56819437e-05
1777873153.121076,2029,3.563487553e-05
1777873154.330795,2030,3.558776007e-05
1777873155.519774,2031,3.554059731e-05
1777873156.758254,2032,3.54933909e-05
1777873158.011900,2033,3.544614083e-05
1777873159.120763,2034,3.53988471e-05
1777873160.303349,2035,3.535150972e-05
1777873161.509807,2036,3.530412869e-05
1777873162.806601,2037,3.525670036e-05
1777873164.043566,2038,3.520923201e-05
1777873165.364352,2039,3.516172001e-05
1777873166.593331,2040,3.511416071e-05
1777873167.896722,2041,3.506656503e-05
1777873169.166494,2042,3.501892206e-05
1777873170.485328,2043,3.497123907e-05
1777873171.735638,2044,3.492351243e-05
1777873172.933470,2045,3.487574577e-05
1777873174.134161,2046,3.482793545e-05
1777873175.314871,2047,3.478008148e-05
1777873176.590340,2048,3.473219112e-05
1777873177.847268,2049,3.468425712e-05
1777873179.024461,2050,3.463627945e-05
1777873180.335298,2051,3.458826541e-05
1777873181.571881,2052,3.454020771e-05
1777873182.828373,2053,3.449211363e-05
1777873184.009745,2054,3.444397589e-05
1777873185.086873,2055,3.439579814e-05
1777873186.223948,2056,3.434758401e-05
1777873187.446393,2057,3.429932622e-05
1777873188.593190,2058,3.425103205e-05
1777873189.680550,2059,3.420269786e-05
1777873190.766054,2060,3.41543273e-05
1777873191.910282,2061,3.410591671e-05
1777873193.009513,2062,3.405746611e-05
1777873194.097339,2063,3.400897913e-05
1777873195.323544,2064,3.396045213e-05
1777873196.475016,2065,3.391188875e-05
1777873197.687789,2066,3.386328899e-05
1777873199.068589,2067,3.381465285e-05
1777873200.245994,2068,3.37659767e-05
1777873201.390378,2069,3.371726416e-05
1777873202.513570,2070,3.366851524e-05
1777873203.636562,2071,3.361972995e-05
1777873204.764290,2072,3.357090827e-05
1777873205.938381,2073,3.352205385e-05
1777873207.223034,2074,3.347315942e-05
1777873208.466424,2075,3.342423224e-05
1777873209.663466,2076,3.337526869e-05
1777873210.798190,2077,3.332626875e-05
1777873211.783873,2078,3.327723243e-05
1777873212.855194,2079,3.322816701e-05
1777873213.944369,2080,3.317906157e-05
1777873214.988529,2081,3.312992703e-05
1777873216.042507,2082,3.308075611e-05
1777873217.216997,2083,3.303154881e-05
1777873218.319155,2084,3.29823124e-05
1777873219.509581,2085,3.293303962e-05
1777873220.707350,2086,3.288373409e-05
1777873221.864360,2087,3.283439582e-05
1777873223.030684,2088,3.278502481e-05
1777873224.172868,2089,3.273562106e-05
1777873232.598932,2090,3.268618821e-05
1777873233.939890,2091,3.263671897e-05
1777873235.098954,2092,3.258722063e-05
1777873236.328473,2093,3.253768955e-05
1777873237.518748,2094,3.248812936e-05
1777873238.676452,2095,3.243853644e-05
1777873239.966231,2096,3.238891077e-05
1777873241.090852,2097,3.233925599e-05
1777873241.975120,2098,3.228957212e-05
1777873242.826996,2099,3.22398555e-05
1777873243.891242,2100,3.219010978e-05
1777873244.763381,2101,3.214033495e-05
1777873245.688560,2102,3.209052738e-05
1777873246.757435,2103,3.204069435e-05
1777873247.821728,2104,3.199082857e-05
1777873248.873531,2105,3.194093733e-05
1777873250.008540,2106,3.189101699e-05
1777873251.121404,2107,3.184106754e-05
1777873252.295395,2108,3.179108899e-05
1777873253.485020,2109,3.174108133e-05
1777873254.436714,2110,3.169104821e-05
1777873255.482664,2111,3.164098598e-05
1777873256.691172,2112,3.159089829e-05
1777873257.852197,2113,3.154078149e-05
1777873258.979592,2114,3.149063923e-05
1777873260.136781,2115,3.144046786e-05
1777873261.109515,2116,3.139027467e-05
1777873262.262963,2117,3.134005237e-05
1777873263.281583,2118,3.128980097e-05
1777873264.398334,2119,3.123952774e-05
1777873265.511618,2120,3.118922905e-05
1777873266.569675,2121,3.113890489e-05
1777873267.406396,2122,3.108855162e-05
1777873268.276594,2123,3.103817653e-05
1777873269.031667,2124,3.098777961e-05
1777873269.831484,2125,3.093735359e-05
1777873270.672820,2126,3.088690573e-05
1777873271.577394,2127,3.083643242e-05
1777873272.760419,2128,3.078593727e-05
1777873273.931107,2129,3.073541666e-05
1777873275.028199,2130,3.068487422e-05
1777873276.199329,2131,3.063430631e-05
1777873277.412831,2132,3.058371658e-05
1777873278.580462,2133,3.053310502e-05
1777873279.820175,2134,3.048246981e-05
1777873281.048206,2135,3.043181459e-05
1777873282.359023,2136,3.038113573e-05
1777873283.579665,2137,3.033043504e-05
1777873284.889147,2138,3.027971252e-05
1777873286.090232,2139,3.022896999e-05
1777873287.299212,2140,3.017820563e-05
1777873288.546721,2141,3.012741945e-05
1777873289.764651,2142,3.007661508e-05
1777873290.964540,2143,3.002578887e-05
1777873292.128978,2144,2.997494266e-05
1777873293.314585,2145,2.992407644e-05
1777873294.557187,2146,2.987319021e-05
1777873295.629247,2147,2.982228398e-05
1777873296.713048,2148,2.977135955e-05
1777873297.860791,2149,2.972041511e-05
1777873299.081904,2150,2.966945249e-05
1777873300.255217,2151,2.961847167e-05
1777873301.410822,2152,2.956747267e-05
1777873302.641709,2153,2.951645547e-05
1777873303.825120,2154,2.946541827e-05
1777873305.085350,2155,2.941436651e-05
1777873306.179123,2156,2.936329474e-05
1777873307.452868,2157,2.931220661e-05
1777873308.605955,2158,2.92611021e-05
1777873309.791037,2159,2.920998122e-05
1777873310.911507,2160,2.915884215e-05
1777873312.012967,2161,2.910768853e-05
1777873313.151458,2162,2.905651672e-05
1777873314.209536,2163,2.900533036e-05
1777873315.219799,2164,2.895412945e-05
1777873316.358275,2165,2.890291034e-05
1777873317.563074,2166,2.885167851e-05
1777873318.748920,2167,2.88004303e-05
1777873319.924438,2168,2.874916936e-05
1777873321.139504,2169,2.869789205e-05
1777873322.473303,2170,2.864660019e-05
1777873323.864322,2171,2.859529559e-05
1777873324.975933,2172,2.854397644e-05
1777873325.892297,2173,2.849264456e-05
1777873326.719441,2174,2.844129813e-05
1777873327.546238,2175,2.838993896e-05
1777873328.374519,2176,2.833856706e-05
1777873329.260735,2177,2.828718425e-05
1777873330.147596,2178,2.823578689e-05
1777873330.915040,2179,2.818437679e-05
1777873331.723580,2180,2.813295578e-05
1777873332.579683,2181,2.808152385e-05
1777873333.493276,2182,2.803007919e-05
1777873334.449087,2183,2.797862362e-05
1777873335.470114,2184,2.792715713e-05
1777873336.670489,2185,2.787567973e-05
1777873337.671866,2186,2.782419142e-05
1777873338.772342,2187,2.777269401e-05
1777873339.834155,2188,2.772118569e-05
1777873340.889214,2189,2.766966645e-05
1777873341.917783,2190,2.761813812e-05
1777873342.997559,2191,2.756660069e-05
1777873344.101894,2192,2.751505417e-05
1777873345.207044,2193,2.746349855e-05
1777873346.345676,2194,2.741193384e-05
1777873347.472037,2195,2.736036186e-05
1777873348.589980,2196,2.730878077e-05
1777873349.637332,2197,2.72571906e-05
1777873350.819226,2198,2.720559314e-05
1777873351.967375,2199,2.715398841e-05
1777873353.149511,2200,2.710237641e-05
1777873354.265815,2201,2.705075713e-05
1777873355.378562,2202,2.699913057e-05
1777873356.520624,2203,2.694749855e-05
1777873357.662735,2204,2.689585926e-05
1777873358.862920,2205,2.68442127e-05
1777873359.998534,2206,2.679256249e-05
1777873361.136334,2207,2.674090501e-05
1777873362.355398,2208,2.668924208e-05
1777873363.658804,2209,2.663757368e-05
1777873364.905619,2210,2.658589983e-05
1777873366.212795,2211,2.653422234e-05
1777873367.474828,2212,2.64825394e-05
1777873368.747085,2213,2.643085281e-05
1777873370.060309,2214,2.637916077e-05
1777873371.189836,2215,2.632746691e-05
1777873372.434177,2216,2.62757676e-05
1777873373.555896,2217,2.622406464e-05
1777873374.674305,2218,2.617235987e-05
1777873375.892752,2219,2.612065146e-05
1777873377.191805,2220,2.606893941e-05
1777873378.310340,2221,2.601722736e-05
1777873379.465927,2222,2.596550985e-05
1777873380.620076,2223,2.591379234e-05
1777873381.778273,2224,2.586207302e-05
1777873382.977385,2225,2.581035005e-05
1777873384.183788,2226,2.575862709e-05
1777873385.483139,2227,2.570690413e-05
1777873386.668008,2228,2.565517934e-05
1777873387.846074,2229,2.560345274e-05
1777873389.025893,2230,2.555172614e-05
1777873581.375973,2232,2.544827294e-05
1777873582.512996,2233,2.539654815e-05
1777873583.592110,2234,2.534482155e-05
1777873584.668463,2235,2.529309677e-05
1777873585.934684,2236,2.524137199e-05
1777873587.166219,2237,2.518964902e-05
1777873588.468151,2238,2.513792788e-05
1777873589.640176,2239,2.508620855e-05
1777873590.769436,2240,2.503448923e-05
1777873591.940394,2241,2.498277354e-05
1777873593.048189,2242,2.493105967e-05
1777873594.277608,2243,2.487934762e-05
1777873595.594760,2244,2.482763921e-05
1777873596.809473,2245,2.477593443e-05
1777873597.955754,2246,2.472423148e-05
1777873599.203926,2247,2.467253398e-05
1777873600.346206,2248,2.46208383e-05
1777873601.627014,2249,2.456914808e-05
1777873602.873045,2250,2.451745968e-05
1777873604.723865,2251,2.446577673e-05
1777873606.082380,2252,2.441409924e-05
1777873607.290074,2253,2.436242721e-05
1777873608.603607,2254,2.431075882e-05
1777873609.876626,2255,2.425909588e-05
1777873611.108217,2256,2.42074384e-05
1777873612.292436,2257,2.415578638e-05
1777873613.612696,2258,2.410414163e-05
1777873614.903756,2259,2.405250234e-05
1777873616.141222,2260,2.400086851e-05
1777873617.442119,2261,2.394924195e-05
1777873618.690719,2262,2.389762267e-05
1777873619.874806,2263,2.384601066e-05
1777873621.067523,2264,2.379440593e-05
1777873622.242628,2265,2.374280848e-05
1777873623.469312,2266,2.369122012e-05
1777873624.617775,2267,2.363963904e-05
1777873625.831829,2268,2.358806523e-05
1777873626.979654,2269,2.353650052e-05
1777873628.095516,2270,2.34849449e-05
1777873629.243848,2271,2.343339838e-05
1777873630.396107,2272,2.338186096e-05
1777873631.547771,2273,2.333033262e-05
1777873632.645400,2274,2.327881521e-05
1777873633.695927,2275,2.322730688e-05
1777873634.932860,2276,2.317580766e-05
1777873636.138797,2277,2.312431934e-05
1777873637.311400,2278,2.307284194e-05
1777873638.436983,2279,2.302137545e-05
1777873639.446957,2280,2.296991988e-05
1777873640.543284,2281,2.291847704e-05
1777873641.686313,2282,2.28670433e-05
1777873642.790047,2283,2.281562229e-05
1777873644.103220,2284,2.276421401e-05
1777873645.226662,2285,2.271281664e-05
1777873646.413586,2286,2.266143201e-05
1777873647.635961,2287,2.261006011e-05
1777873648.722847,2288,2.255870095e-05
1777873649.754145,2289,2.250735633e-05
1777873650.891792,2290,2.245602263e-05
1777873652.080527,2291,2.240470531e-05
1777873653.226623,2292,2.235339889e-05
1777873654.374747,2293,2.230210885e-05
1777873655.513336,2294,2.225083153e-05
1777873656.943088,2295,2.219956878e-05
1777873658.194292,2296,2.214832239e-05
1777873659.581505,2297,2.209708873e-05
1777873660.800072,2298,2.204587145e-05
1777873661.973935,2299,2.199466871e-05
1777873663.313901,2300,2.194348235e-05
1777873664.455619,2301,2.189231236e-05
1777873665.649993,2302,2.184115692e-05
1777873666.833328,2303,2.179001967e-05
1777873667.945416,2304,2.173889698e-05
1777873668.911796,2305,2.168779247e-05
1777873669.682834,2306,2.163670433e-05
1777873670.537670,2307,2.158563439e-05
1777873671.367682,2308,2.153458081e-05
1777873672.287300,2309,2.148354542e-05
1777873673.092381,2310,2.143252823e-05
1777873673.917764,2311,2.13815274e-05
1777873674.744666,2312,2.133054659e-05
1777873675.531651,2313,2.127958396e-05
1777873676.399863,2314,2.122864134e-05
1777873677.283141,2315,2.11777151e-05
1777873678.073261,2316,2.112681068e-05
1777873678.863433,2317,2.107592445e-05
1777873679.702628,2318,2.102505823e-05
1777873680.539417,2319,2.097421202e-05
1777873681.372374,2320,2.092338582e-05
1777873682.256246,2321,2.087257963e-05
1777873683.147090,2322,2.082179526e-05
1777873684.041071,2323,2.07710309e-05
1777873684.881021,2324,2.072028656e-05
1777873685.713001,2325,2.066956586e-05
1777873686.544959,2326,2.061886516e-05
1777873687.413826,2327,2.05681863e-05
1777873688.306443,2328,2.051752926e-05
1777873689.145168,2329,2.046689588e-05
1777873689.985046,2330,2.04162825e-05
1777873690.811002,2331,2.036569458e-05
1777873691.669717,2332,2.031512668e-05
1777873692.397204,2333,2.026458424e-05
1777873693.284486,2334,2.021406362e-05
1777873694.154208,2335,2.016356848e-05
1777873694.936583,2336,2.011309516e-05
1777873695.757865,2337,2.006264731e-05
1777873696.641909,2338,2.001222128e-05
1777873697.458378,2339,1.996182255e-05
1777873698.301907,2340,1.991144745e-05
1777873699.256026,2341,1.986109601e-05
1777873700.129482,2342,1.981077185e-05
1777873700.954180,2343,1.976047133e-05
1777873701.784130,2344,1.97101981e-05
1777873702.588229,2345,1.965994852e-05
1777873703.370150,2346,1.960972622e-05
1777873704.163751,2347,1.955953121e-05
1777873704.983524,2348,1.950936166e-05
1777873705.787203,2349,1.945921758e-05
1777873706.559407,2350,1.940910261e-05
1777873707.441119,2351,1.935901309e-05
1777873708.311990,2352,1.930895087e-05
1777873709.228186,2353,1.925891775e-05
1777873710.071967,2354,1.920891191e-05
1777873710.890017,2355,1.915893336e-05
1777873711.747730,2356,1.910898391e-05
1777873712.665223,2357,1.905906174e-05
1777873713.468269,2358,1.90091705e-05
1777873714.388189,2359,1.895930654e-05
1777873715.293342,2360,1.890947169e-05
1777873716.188855,2361,1.885966594e-05
1777873717.016350,2362,1.880989112e-05
1777873717.825835,2363,1.876014539e-05
1777873718.714907,2364,1.871042878e-05
1777873719.620286,2365,1.86607449e-05
1777873720.563004,2366,1.861109013e-05
1777873721.434582,2367,1.856146446e-05
1777873722.358394,2368,1.851187153e-05
1777873723.251572,2369,1.846230953e-05
1777873724.169830,2370,1.841277845e-05
1777873725.043115,2371,1.836328011e-05
1777873725.931922,2372,1.831381269e-05
1777873726.722076,2373,1.826437801e-05
1777873727.498895,2374,1.821497426e-05
1777873728.424727,2375,1.816560325e-05
1777873729.351403,2376,1.811626498e-05
1777873730.250601,2377,1.806696127e-05
1777873731.190441,2378,1.801768849e-05
1777873732.039533,2379,1.796845027e-05
1777873732.862502,2380,1.791924478e-05
1777873733.714496,2381,1.787007386e-05
1777873734.636957,2382,1.78209375e-05
1777873735.495686,2383,1.777183388e-05
1777873736.394151,2384,1.772276664e-05
1777873737.219463,2385,1.767373215e-05
1777873738.093200,2386,1.762473221e-05
1777873738.974637,2387,1.757576865e-05
1777873739.817797,2388,1.752684148e-05
1777873740.631172,2389,1.747794704e-05
1777873741.544317,2390,1.74290908e-05
1777873742.445319,2391,1.738026913e-05
1777873743.330187,2392,1.733148383e-05
1777873744.199506,2393,1.728273674e-05
1777873745.072450,2394,1.72340242e-05
1777873746.057847,2395,1.718534804e-05
1777873747.006572,2396,1.713671008e-05
1777873747.932516,2397,1.708811033e-05
1777873748.834353,2398,1.703954695e-05
1777873749.759105,2399,1.699102177e-05
1777873750.637327,2400,1.694253297e-05
1777873751.515341,2401,1.689408418e-05
1777873752.371288,2402,1.68456736e-05
1777873753.377845,2403,1.679730121e-05
1777873754.271554,2404,1.674896703e-05
1777873755.070970,2405,1.670067286e-05
1777873755.818054,2406,1.665241689e-05
1777873756.774678,2407,1.660420094e-05
1777873757.675257,2408,1.655602318e-05
1777873758.476900,2409,1.650788727e-05
1777873759.267799,2410,1.645979137e-05
1777873760.140943,2411,1.641173549e-05
1777873761.166072,2412,1.636371962e-05
1777873762.121876,2413,1.631574378e-05
1777873763.386972,2414,1.626780977e-05
1777873764.555728,2415,1.62199176e-05
1777873765.588299,2416,1.617206544e-05
1777873766.411782,2417,1.612425513e-05
1777873767.144933,2418,1.607648846e-05
1777873767.963681,2419,1.602876182e-05
1777873768.753131,2420,1.598107701e-05
1777873769.576141,2421,1.593343586e-05
1777873770.297941,2422,1.588583837e-05
1777873771.217586,2423,1.583828089e-05
1777873772.021073,2424,1.579076888e-05
1777873772.767379,2425,1.574329872e-05
1777873773.566939,2426,1.569587221e-05
1777873774.332858,2427,1.564849117e-05
1777873775.209576,2428,1.560115197e-05
1777873776.033094,2429,1.555385825e-05
1777873776.883061,2430,1.550660818e-05
1777873777.755434,2431,1.545940177e-05
1777873778.671328,2432,1.541224083e-05
1777873779.625452,2433,1.536512536e-05
1777873780.474650,2434,1.531805538e-05
1777873781.327346,2435,1.527102904e-05
1777873782.193941,2436,1.522405e-05
1777873783.010638,2437,1.517711644e-05
1777873783.921851,2438,1.513022835e-05
1777873784.785529,2439,1.508338664e-05
1777873785.615377,2440,1.503659132e-05
1777873786.527618,2441,1.498984329e-05
1777873787.439760,2442,1.494314165e-05
1777873788.266639,2443,1.48964873e-05
1777873789.182910,2444,1.484987934e-05
1777873789.955044,2445,1.480331957e-05
1777873790.752533,2446,1.475680801e-05
1777873791.528090,2447,1.471034284e-05
1777873792.346871,2448,1.466392678e-05
1777873793.111741,2449,1.461755892e-05
1777873793.937520,2450,1.457124017e-05
1777873794.764194,2451,1.452496872e-05
1777873795.544184,2452,1.447874729e-05
1777873796.307536,2453,1.443257497e-05
1777873797.254459,2454,1.438645177e-05
1777873798.140134,2455,1.434037767e-05
1777873799.302315,2456,1.42943536e-05
1777873800.476516,2457,1.424837956e-05
1777873801.723516,2458,1.420245553e-05
1777873802.988272,2459,1.415658244e-05
1777873804.290886,2460,1.411075937e-05
1777873805.440833,2461,1.406498723e-05
1777873806.705744,2462,1.401926602e-05
1777873807.756856,2463,1.397359574e-05
1777873808.845782,2464,1.392797731e-05
1777873809.988774,2465,1.38824098e-05
1777873811.040867,2466,1.383689505e-05
1777873812.116850,2467,1.379143123e-05
1777873813.345014,2468,1.374602016e-05
1777873814.397626,2469,1.370066184e-05
1777873815.648988,2470,1.365535536e-05
1777873816.891679,2471,1.361010163e-05
1777873818.064347,2472,1.356490156e-05
1777873819.319453,2473,1.351975425e-05
1777873820.516256,2474,1.347466059e-05
1777873821.819942,2475,1.342962059e-05
1777873823.002861,2476,1.338463426e-05
1777873824.077735,2477,1.333970158e-05
1777873825.097250,2478,1.329482348e-05
1777873826.178272,2479,1.324999994e-05
1777873827.216512,2480,1.320523097e-05
1777873828.403460,2481,1.316051657e-05
1777873829.588980,2482,1.311585766e-05
1777873830.730374,2483,1.307125331e-05
1777873831.929837,2484,1.302670444e-05
1777873833.116139,2485,1.298221105e-05
1777873834.390218,2486,1.293777404e-05
1777873835.537704,2487,1.289339252e-05
1777873836.653878,2488,1.284906739e-05
1777873837.721857,2489,1.280479864e-05
1777873838.941133,2490,1.276058629e-05
1777873840.113568,2491,1.271643123e-05
1777873841.256333,2492,1.267233256e-05
1777873842.301908,2493,1.26282921e-05
1777873843.420048,2494,1.258430802e-05
1777873844.517272,2495,1.254038216e-05
1777873845.592308,2496,1.249651359e-05
1777873846.737220,2497,1.245270232e-05
1777873847.827022,2498,1.240895017e-05
1777873848.910072,2499,1.236525623e-05
1777873850.016490,2500,1.23216214e-05
1777873851.081653,2501,1.227804387e-05
1777873852.104862,2502,1.223452637e-05
1777873853.171611,2503,1.219106798e-05
1777873854.312953,2504,1.214766871e-05
1777873855.445001,2505,1.210432856e-05
1777873856.502589,2506,1.206104844e-05
1777873857.683322,2507,1.201782834e-05
1777873858.898329,2508,1.197466827e-05
1777873859.999069,2509,1.193156822e-05
1777873861.085438,2510,1.188852912e-05
1777873862.140641,2511,1.184555094e-05
1777873863.253134,2512,1.18026328e-05
1777873864.244896,2513,1.17597765e-05
1777873865.384729,2514,1.171698113e-05
1777873866.513090,2515,1.167424671e-05
1777873867.572097,2516,1.163157413e-05
1777873868.611123,2517,1.158896339e-05
1777873869.632618,2518,1.154641541e-05
1777873870.705437,2519,1.150392836e-05
1777873871.746805,2520,1.146150498e-05
1777873872.935534,2521,1.141914345e-05
1777873874.106060,2522,1.137684467e-05
1777873875.272130,2523,1.133460864e-05
1777873876.398573,2524,1.129243628e-05
1777873877.395456,2525,1.125032759e-05
1777873878.577201,2526,1.120828165e-05
1777873879.635334,2527,1.116629937e-05
1777873880.667718,2528,1.112438167e-05
1777873881.815346,2529,1.108252764e-05
1777873882.977839,2530,1.104073726e-05
1777873884.133373,2531,1.099901237e-05
1777873885.263177,2532,1.095735206e-05
1777873886.269368,2533,1.091575541e-05
1777873887.352378,2534,1.087422515e-05
1777873888.489557,2535,1.083275947e-05
1777873889.715638,2536,1.079135927e-05
1777873890.870991,2537,1.075002456e-05
1777873891.909125,2538,1.070875533e-05
1777873893.239965,2539,1.066755249e-05
1777873894.536707,2540,1.062641513e-05
1777873895.732280,2541,1.058534508e-05
1777873896.938306,2542,1.054434051e-05
1777873898.244629,2543,1.050340325e-05
1777873899.471338,2544,1.046253237e-05
1777873900.685699,2545,1.04217288e-05
1777873901.669392,2546,1.038099253e-05
1777873902.837805,2547,1.034032357e-05
1777873904.061024,2548,1.029972282e-05
1777873905.210369,2549,1.025918846e-05
1777873906.439294,2550,1.021872322e-05
1777873907.741252,2551,1.017832528e-05
1777873908.905230,2552,1.013799647e-05
1777873910.185726,2553,1.009773587e-05
1777873911.370224,2554,1.005754348e-05
1777873912.641173,2555,1.001742021e-05
1777873913.814914,2556,9.977366062e-06
1777873914.985753,2557,9.937381037e-06
1777873916.301383,2558,9.897465134e-06
1777873917.511196,2559,9.857618352e-06
1777873918.734190,2560,9.817842511e-06
1777873920.067318,2561,9.778135791e-06
1777873921.098821,2562,9.738499102e-06
1777873922.299388,2563,9.698933354e-06
1777873923.472180,2564,9.659437637e-06
1777873924.490279,2565,9.620011951e-06
1777873925.732427,2566,9.580657206e-06
1777873926.982432,2567,9.541374311e-06
1777873928.115839,2568,9.502161447e-06
1777873929.234693,2569,9.463020433e-06
1777873930.371144,2570,9.423951269e-06
1777873931.604138,2571,9.384953955e-06
1777873932.735693,2572,9.346027582e-06
1777873933.882596,2573,9.307173968e-06
1777873935.157068,2574,9.268391295e-06
1777873936.370712,2575,9.229682291e-06
1777873937.551243,2576,9.191045137e-06
1777873938.831982,2577,9.152480743e-06
1777873940.053602,2578,9.113990018e-06
1777873941.128073,2579,9.075571143e-06
1777873942.266344,2580,9.037225936e-06
1777873943.427052,2581,8.998954399e-06
1777873944.662924,2582,8.960756531e-06
1777873945.862657,2583,8.922631423e-06
1777873947.065113,2584,8.884580893e-06
1777873948.149766,2585,8.846604942e-06
1777873949.309045,2586,8.80870266e-06
1777873950.548188,2587,8.770874956e-06
1777873951.812886,2588,8.733120922e-06
1777873952.960181,2589,8.695442375e-06
1777873954.156391,2590,8.657839317e-06
1777873955.300092,2591,8.620310837e-06
1777873956.492620,2592,8.582856935e-06
1777873957.632324,2593,8.545479432e-06
1777873958.852320,2594,8.508176506e-06
1777873960.091436,2595,8.470949979e-06
1777873961.306289,2596,8.433799849e-06
1777873962.415375,2597,8.396725207e-06
1777873963.427462,2598,8.359726053e-06
1777873964.564404,2599,8.322804206e-06
1777873965.818717,2600,8.285958756e-06
1777873966.976314,2601,8.249190614e-06
1777873968.111465,2602,8.212498869e-06
1777873969.245663,2603,8.175883522e-06
1777873970.291893,2604,8.139346392e-06
1777873971.458154,2605,8.102886568e-06
1777873972.649143,2606,8.066504051e-06
1777873973.815393,2607,8.030198842e-06
1777873974.965175,2608,7.993971849e-06
1777873976.155451,2609,7.957823073e-06
1777873977.280099,2610,7.921751603e-06
1777873978.429893,2611,7.88575926e-06
1777873979.541670,2612,7.849846043e-06
1777873980.481549,2613,7.814010132e-06
1777873981.338975,2614,7.778254258e-06
1777873982.381943,2615,7.742576599e-06
1777873983.527982,2616,7.706978067e-06
1777873984.785795,2617,7.671459571e-06
1777873986.042410,2618,7.6360202e-06
1777873987.277317,2619,7.60066041e-06
1777873988.383371,2620,7.565380201e-06
1777873989.501502,2621,7.530180028e-06
1777873990.632026,2622,7.495060345e-06
1777874000.326705,2623,7.460020242e-06
1777874001.605202,2624,7.425061085e-06
1777874002.602733,2625,7.390182418e-06
1777874003.471957,2626,7.355384241e-06
1777874004.569175,2627,7.320667009e-06
1777874005.470803,2628,7.286031178e-06
1777874006.564087,2629,7.251476291e-06
1777874007.707952,2630,7.217002349e-06
1777874008.778759,2631,7.182610261e-06
1777874009.993792,2632,7.148300028e-06
1777874011.163895,2633,7.114071195e-06
1777874012.419651,2634,7.079924671e-06
1777874013.581891,2635,7.045860002e-06
1777874014.773215,2636,7.011877642e-06
1777874015.847772,2637,6.977978046e-06
1777874017.023244,2638,6.944160759e-06
1777874018.034302,2639,6.910425782e-06
1777874019.240492,2640,6.876774023e-06
1777874024.051193,2641,6.843205483e-06
1777874028.828203,2642,6.809719707e-06
1777874030.017453,2643,6.776317605e-06
1777874030.799451,2644,6.742998721e-06
1777874031.659180,2645,6.709763511e-06
1777874032.804581,2646,6.676612429e-06
1777874033.900755,2647,6.643544566e-06
1777874035.086752,2648,6.610561286e-06
1777874036.215696,2649,6.577662134e-06
1777874037.445941,2650,6.54484711e-06
1777874038.652117,2651,6.51211667e-06
1777874039.860218,2652,6.479470812e-06
1777874041.064858,2653,6.446909538e-06
1777874042.311668,2654,6.414433756e-06
1777874043.442228,2655,6.382042557e-06
1777874044.568129,2656,6.34973685e-06
1777874045.649681,2657,6.317516181e-06
1777874046.766798,2658,6.28538146e-06
1777874048.118291,2659,6.253332231e-06
1777874049.102773,2660,6.221368494e-06
1777874050.163003,2661,6.18949116e-06
1777874051.509921,2662,6.157699772e-06
1777874052.702299,2663,6.125994332e-06
1777874053.778241,2664,6.094375749e-06
1777874054.969376,2665,6.062843113e-06
1777874056.182809,2666,6.031397334e-06
1777874057.481272,2667,6.000038411e-06
1777874058.738078,2668,5.968766345e-06
1777874060.025244,2669,5.937581591e-06
1777874061.184227,2670,5.906483693e-06
1777874062.431817,2671,5.875473107e-06
1777874063.712888,2672,5.844550287e-06
1777874064.639153,2673,5.813714779e-06
1777874065.464090,2674,5.782967037e-06
1777874066.454859,2675,5.752307516e-06
1777874067.583894,2676,5.721735761e-06
1777874068.768026,2677,5.691252227e-06
1777874069.941312,2678,5.660856914e-06
1777874070.786341,2679,5.630550277e-06
1777874071.625414,2680,5.60033186e-06
1777874072.550845,2681,5.570202575e-06
1777874073.609779,2682,5.540161965e-06
1777874074.651806,2683,5.51021003e-06
1777874075.729322,2684,5.480347681e-06
1777874076.613042,2685,5.450574008e-06
1777874077.434647,2686,5.420890375e-06
1777874078.258094,2687,5.391295872e-06
1777874079.185583,2688,5.361790954e-06
1777874080.035430,2689,5.332375622e-06
1777874080.873329,2690,5.30305033e-06
1777874081.704328,2691,5.273815532e-06
1777874082.535444,2692,5.244670319e-06
1777874083.455266,2693,5.215615602e-06
1777874084.353252,2694,5.186651379e-06
1777874085.289686,2695,5.15777765e-06
1777874086.122311,2696,5.128994417e-06
1777874086.899428,2697,5.100302133e-06
1777874087.720598,2698,5.071700798e-06
1777874088.760817,2699,5.043190413e-06
1777874089.816938,2700,5.014771432e-06
1777874091.001376,2701,4.986443855e-06
1777874092.290447,2702,4.958207228e-06
1777874093.413587,2703,4.93006246e-06
1777874094.545443,2704,4.90200955e-06
1777874095.733702,2705,4.874048045e-06
1777874096.943967,2706,4.846178854e-06
1777874098.125761,2707,4.818401521e-06
1777874099.443246,2708,4.790716503e-06
1777874100.659631,2709,4.763123798e-06
1777874101.866730,2710,4.735623406e-06
1777874103.003590,2711,4.708215783e-06
1777874104.169209,2712,4.680900474e-06
1777874105.387729,2713,4.653678388e-06
1777874106.232121,2714,4.626549071e-06
1777874107.346461,2715,4.599512522e-06
1777874108.380881,2716,4.572569651e-06
1777874109.478602,2717,4.545719548e-06
1777874110.662609,2718,4.518963124e-06
1777874111.825384,2719,4.492300377e-06
1777874112.984353,2720,4.465730854e-06
1777874113.988095,2721,4.439255463e-06
1777874114.880949,2722,4.41287375e-06
1777874115.655037,2723,4.38658617e-06
1777874116.701563,2724,4.360392268e-06
1777874117.862260,2725,4.334292953e-06
1777874118.723548,2726,4.308288226e-06
1777874119.611229,2727,4.282377631e-06
1777874120.480546,2728,4.256561624e-06
1777874121.526246,2729,4.230840204e-06
1777874122.668651,2730,4.205213827e-06
1777874123.924562,2731,4.179682492e-06
1777874125.094182,2732,4.154246199e-06
